customer_id,age,gender,tenure_months,contract_type,internet_service,online_security,tech_support,streaming_tv,monthly_charges,total_charges,num_support_calls,payment_method,churn
CUST_00000,52,Female,16,Two Year,DSL,No,Yes,Yes,20.0,385.23,2,Electronic Check,0
CUST_00001,42,Male,21,Two Year,DSL,No,No,Yes,59.3,1270.72,3,Mailed Check,0
CUST_00002,54,Female,60,Month-to-Month,No,No,No,No,124.03,7379.82,4,Bank Transfer,0
CUST_00003,67,Female,1,One Year,DSL,No,Yes,No,61.23,118.0,5,Electronic Check,1
CUST_00004,41,Female,20,Month-to-Month,No,No,Yes,Yes,35.05,717.98,4,Electronic Check,0
CUST_00005,41,Male,46,One Year,No,Yes,No,Yes,20.0,899.19,1,Electronic Check,0
CUST_00006,68,Female,6,Month-to-Month,No,No,Yes,No,20.0,42.9,2,Electronic Check,0
CUST_00007,56,Female,50,Month-to-Month,Fiber Optic,No,No,No,81.07,4075.11,0,Mailed Check,0
CUST_00008,37,Female,1,Month-to-Month,Fiber Optic,No,No,Yes,51.98,43.81,1,Electronic Check,1
CUST_00009,53,Male,31,Month-to-Month,No,Yes,No,Yes,54.47,1696.39,3,Bank Transfer,0
CUST_00010,38,Male,64,One Year,Fiber Optic,No,No,Yes,52.11,3255.63,0,Bank Transfer,0
CUST_00011,38,Female,25,Month-to-Month,Fiber Optic,No,No,Yes,60.79,1498.89,1,Electronic Check,1
CUST_00012,48,Male,13,One Year,No,No,Yes,No,28.19,390.42,3,Electronic Check,0
CUST_00013,18,Female,1,Month-to-Month,Fiber Optic,No,No,No,74.48,168.31,2,Mailed Check,1
CUST_00014,19,Male,60,Month-to-Month,No,No,No,No,22.32,1328.86,1,Electronic Check,1
CUST_00015,36,Male,15,One Year,DSL,Yes,No,No,42.32,707.04,1,Bank Transfer,0
CUST_00016,29,Female,1,Two Year,DSL,No,No,No,95.32,134.69,1,Electronic Check,1
CUST_00017,49,Female,28,Month-to-Month,Fiber Optic,No,No,No,76.29,2147.7,0,Credit Card,0
CUST_00018,31,Female,15,Month-to-Month,DSL,Yes,Yes,Yes,85.57,1232.94,1,Electronic Check,0
CUST_00019,23,Male,3,Two Year,Fiber Optic,No,No,Yes,129.51,340.01,2,Bank Transfer,0
CUST_00020,66,Female,5,Month-to-Month,DSL,No,No,No,63.21,346.93,0,Credit Card,1
CUST_00021,41,Male,1,Two Year,No,No,No,Yes,65.64,39.32,2,Credit Card,0
CUST_00022,46,Male,20,One Year,DSL,Yes,No,Yes,57.07,1110.64,2,Mailed Check,0
CUST_00023,23,Female,23,Month-to-Month,Fiber Optic,Yes,No,No,51.7,1180.01,1,Electronic Check,0
CUST_00024,36,Male,16,Month-to-Month,DSL,Yes,Yes,Yes,34.68,546.72,2,Bank Transfer,0
CUST_00025,46,Female,40,Month-to-Month,Fiber Optic,No,Yes,No,67.52,2745.92,4,Electronic Check,0
CUST_00026,27,Male,47,Month-to-Month,DSL,No,Yes,Yes,75.65,3530.34,0,Bank Transfer,0
CUST_00027,50,Female,22,Two Year,DSL,Yes,No,No,77.32,1741.17,3,Bank Transfer,0
CUST_00028,35,Male,1,One Year,Fiber Optic,No,No,Yes,66.93,88.92,2,Bank Transfer,0
CUST_00029,40,Male,28,One Year,DSL,Yes,No,No,92.79,2514.28,2,Mailed Check,0
CUST_00030,35,Female,12,One Year,DSL,Yes,No,Yes,65.88,805.32,4,Bank Transfer,0
CUST_00031,72,Male,20,Month-to-Month,Fiber Optic,No,No,No,52.72,921.03,3,Electronic Check,0
CUST_00032,44,Female,25,One Year,DSL,Yes,No,No,37.19,885.0,2,Bank Transfer,0
CUST_00033,29,Male,10,Month-to-Month,Fiber Optic,Yes,No,Yes,20.0,223.15,5,Mailed Check,0
CUST_00034,57,Male,59,One Year,DSL,No,No,Yes,108.81,6419.4,1,Mailed Check,0
CUST_00035,26,Male,3,Month-to-Month,DSL,No,No,Yes,44.03,43.69,0,Credit Card,0
CUST_00036,48,Female,26,One Year,Fiber Optic,No,No,No,37.23,912.02,1,Bank Transfer,0
CUST_00037,18,Female,1,Two Year,DSL,No,Yes,No,52.47,-77.97,3,Mailed Check,0
CUST_00038,25,Female,62,Month-to-Month,No,No,No,Yes,56.65,3445.07,0,Electronic Check,1
CUST_00039,47,Female,2,Month-to-Month,No,No,No,No,114.16,257.26,0,Mailed Check,1
CUST_00040,56,Female,2,One Year,DSL,No,No,No,55.16,82.44,1,Electronic Check,1
CUST_00041,47,Male,9,Month-to-Month,No,No,No,Yes,144.0,1304.51,1,Electronic Check,0
CUST_00042,43,Male,11,One Year,DSL,No,No,No,66.91,736.7,1,Bank Transfer,0
CUST_00043,40,Female,5,Two Year,DSL,No,No,No,126.71,635.18,0,Bank Transfer,0
CUST_00044,22,Male,21,Month-to-Month,DSL,No,No,No,91.82,1979.33,1,Credit Card,1
CUST_00045,34,Male,14,Month-to-Month,Fiber Optic,No,No,Yes,75.83,1051.49,1,Mailed Check,1
CUST_00046,38,Male,1,One Year,Fiber Optic,No,No,Yes,112.34,157.87,3,Credit Card,0
CUST_00047,60,Male,9,Month-to-Month,DSL,No,No,Yes,98.67,764.13,1,Electronic Check,0
CUST_00048,50,Female,39,Month-to-Month,No,Yes,No,No,84.04,3333.15,3,Bank Transfer,0
CUST_00049,18,Male,28,Two Year,Fiber Optic,No,Yes,No,134.53,3702.28,1,Credit Card,0
CUST_00050,49,Female,30,One Year,DSL,No,No,Yes,50.05,1447.8,0,Bank Transfer,0
CUST_00051,39,Female,28,Month-to-Month,Fiber Optic,Yes,Yes,Yes,35.15,949.04,0,Mailed Check,0
CUST_00052,34,Male,8,Month-to-Month,No,No,No,Yes,44.71,411.9,3,Mailed Check,0
CUST_00053,54,Female,2,One Year,DSL,No,Yes,No,117.57,190.67,1,Credit Card,0
CUST_00054,60,Male,7,One Year,DSL,No,No,Yes,108.52,726.87,3,Credit Card,0
CUST_00055,58,Male,42,Two Year,Fiber Optic,No,No,No,49.24,2020.09,2,Mailed Check,0
CUST_00056,32,Male,72,Month-to-Month,Fiber Optic,No,No,No,20.0,1452.77,3,Bank Transfer,1
CUST_00057,40,Female,16,Two Year,Fiber Optic,No,No,No,58.82,978.37,2,Credit Card,0
CUST_00058,49,Female,1,One Year,DSL,Yes,No,No,34.6,119.82,1,Electronic Check,0
CUST_00059,59,Female,3,One Year,Fiber Optic,No,No,Yes,50.18,270.54,1,Mailed Check,0
CUST_00060,37,Male,9,One Year,Fiber Optic,No,Yes,No,33.37,332.82,4,Credit Card,0
CUST_00061,42,Male,20,Month-to-Month,Fiber Optic,No,No,No,20.0,418.28,2,Electronic Check,0
CUST_00062,28,Male,1,Two Year,DSL,No,Yes,No,121.5,60.63,6,Bank Transfer,0
CUST_00063,27,Female,68,Month-to-Month,Fiber Optic,No,No,Yes,44.49,3120.78,3,Bank Transfer,0
CUST_00064,57,Male,10,Month-to-Month,DSL,No,Yes,Yes,107.38,1084.57,4,Electronic Check,1
CUST_00065,65,Male,58,Two Year,Fiber Optic,No,No,No,58.36,3370.36,2,Credit Card,0
CUST_00066,43,Female,36,One Year,No,Yes,No,No,31.08,1138.11,5,Mailed Check,0
CUST_00067,60,Female,33,Two Year,Fiber Optic,Yes,No,No,80.27,2617.16,2,Mailed Check,0
CUST_00068,50,Female,22,One Year,DSL,No,No,No,53.27,1055.02,3,Bank Transfer,0
CUST_00069,35,Male,23,Month-to-Month,Fiber Optic,Yes,No,No,58.79,1380.69,4,Mailed Check,0
CUST_00070,50,Male,24,Two Year,No,No,No,Yes,69.35,1731.46,2,Electronic Check,0
CUST_00071,68,Male,23,Month-to-Month,Fiber Optic,No,No,No,40.63,962.42,0,Mailed Check,0
CUST_00072,44,Female,19,Two Year,Fiber Optic,No,No,No,20.0,379.65,0,Electronic Check,0
CUST_00073,68,Female,72,Month-to-Month,DSL,No,No,No,63.46,4569.92,2,Mailed Check,1
CUST_00074,18,Female,31,Two Year,Fiber Optic,No,No,No,93.92,2920.06,2,Electronic Check,0
CUST_00075,57,Female,36,Month-to-Month,Fiber Optic,No,Yes,Yes,37.95,1373.36,1,Credit Card,1
CUST_00076,46,Male,49,One Year,No,Yes,No,Yes,69.62,3408.29,3,Mailed Check,0
CUST_00077,40,Male,5,Two Year,Fiber Optic,No,No,No,110.17,552.09,2,Electronic Check,1
CUST_00078,46,Male,2,Month-to-Month,Fiber Optic,Yes,No,Yes,62.31,202.36,1,Bank Transfer,1
CUST_00079,18,Male,15,One Year,Fiber Optic,Yes,No,No,67.58,1037.36,4,Electronic Check,0
CUST_00080,41,Male,17,Two Year,DSL,No,Yes,No,66.66,1138.42,0,Bank Transfer,0
CUST_00081,50,Male,42,One Year,No,No,Yes,Yes,44.53,1903.21,0,Bank Transfer,0
CUST_00082,67,Male,14,Two Year,Fiber Optic,Yes,Yes,No,35.2,525.76,1,Electronic Check,0
CUST_00083,37,Male,20,Month-to-Month,No,No,No,Yes,35.32,753.74,4,Electronic Check,1
CUST_00084,32,Female,17,Month-to-Month,Fiber Optic,No,No,No,76.05,1254.93,1,Electronic Check,0
CUST_00085,37,Female,1,Month-to-Month,DSL,Yes,No,Yes,87.74,63.71,3,Credit Card,0
CUST_00086,58,Male,22,Month-to-Month,Fiber Optic,No,No,No,89.15,1920.68,0,Bank Transfer,0
CUST_00087,49,Female,42,Month-to-Month,DSL,No,No,No,53.64,2291.37,4,Electronic Check,0
CUST_00088,37,Male,4,One Year,DSL,No,No,No,97.8,427.09,0,Electronic Check,0
CUST_00089,52,Male,21,Month-to-Month,DSL,No,No,No,74.22,1494.98,3,Bank Transfer,0
CUST_00090,46,Female,21,Month-to-Month,Fiber Optic,Yes,No,No,67.12,1429.11,2,Mailed Check,1
CUST_00091,59,Male,4,Month-to-Month,Fiber Optic,Yes,No,No,20.0,148.61,1,Electronic Check,1
CUST_00092,34,Male,3,Two Year,DSL,Yes,No,No,40.48,109.67,0,Electronic Check,0
CUST_00093,40,Male,72,One Year,Fiber Optic,No,Yes,No,20.0,1455.7,1,Bank Transfer,0
CUST_00094,39,Male,12,Month-to-Month,Fiber Optic,Yes,Yes,No,83.81,1042.27,2,Credit Card,0
CUST_00095,23,Male,6,Two Year,No,Yes,No,Yes,67.85,341.08,2,Electronic Check,0
CUST_00096,49,Male,4,Month-to-Month,Fiber Optic,Yes,No,No,32.84,138.96,5,Electronic Check,1
CUST_00097,48,Male,26,Two Year,Fiber Optic,No,Yes,Yes,74.13,1991.01,3,Electronic Check,0
CUST_00098,45,Female,22,One Year,DSL,Yes,No,Yes,22.3,460.83,3,Mailed Check,0
CUST_00099,41,Female,24,Month-to-Month,Fiber Optic,No,No,Yes,33.69,850.11,1,Electronic Check,1
CUST_00100,23,Male,2,One Year,Fiber Optic,No,No,Yes,43.69,88.74,1,Electronic Check,0
CUST_00101,38,Female,53,One Year,No,No,No,No,81.2,4270.09,0,Mailed Check,0
CUST_00102,39,Male,11,Month-to-Month,DSL,Yes,No,Yes,106.98,1171.99,5,Electronic Check,1
CUST_00103,32,Male,9,Two Year,Fiber Optic,Yes,Yes,No,47.42,400.47,2,Electronic Check,0
CUST_00104,42,Male,14,Month-to-Month,Fiber Optic,No,Yes,No,104.67,1421.02,1,Bank Transfer,0
CUST_00105,51,Male,11,Month-to-Month,DSL,No,Yes,No,66.42,717.93,1,Bank Transfer,0
CUST_00106,73,Female,47,Month-to-Month,Fiber Optic,No,No,No,72.08,3391.38,5,Credit Card,0
CUST_00107,47,Female,63,Month-to-Month,No,Yes,No,Yes,63.09,3966.11,2,Electronic Check,1
CUST_00108,48,Female,8,Month-to-Month,Fiber Optic,Yes,No,No,59.08,459.38,3,Electronic Check,0
CUST_00109,43,Female,47,Two Year,No,No,No,No,78.18,3685.71,1,Electronic Check,0
CUST_00110,18,Male,36,Month-to-Month,DSL,No,No,Yes,87.21,3166.12,3,Bank Transfer,0
CUST_00111,44,Female,64,Month-to-Month,Fiber Optic,No,No,Yes,38.46,2404.34,6,Electronic Check,1
CUST_00112,45,Male,6,One Year,Fiber Optic,No,Yes,Yes,59.32,343.31,5,Electronic Check,0
CUST_00113,80,Male,20,Two Year,Fiber Optic,No,No,Yes,115.08,2202.89,2,Electronic Check,1
CUST_00114,42,Female,7,Two Year,No,No,No,No,70.32,484.1,3,Credit Card,1
CUST_00115,49,Male,41,One Year,DSL,No,No,Yes,73.6,3025.16,1,Credit Card,0
CUST_00116,44,Female,1,Two Year,No,No,No,No,100.02,128.51,3,Bank Transfer,1
CUST_00117,27,Female,19,One Year,Fiber Optic,No,No,No,49.96,957.0,4,Electronic Check,0
CUST_00118,62,Female,9,Two Year,DSL,No,No,Yes,63.98,603.24,2,Bank Transfer,0
CUST_00119,56,Female,9,One Year,No,No,Yes,No,89.51,808.81,0,Bank Transfer,0
CUST_00120,56,Female,24,Month-to-Month,Fiber Optic,No,No,Yes,102.17,2418.23,2,Bank Transfer,0
CUST_00121,31,Male,45,Month-to-Month,No,Yes,No,Yes,20.0,844.2,0,Credit Card,0
CUST_00122,66,Female,22,One Year,DSL,No,Yes,No,42.9,930.65,2,Electronic Check,0
CUST_00123,23,Female,46,Month-to-Month,No,No,Yes,Yes,35.05,1573.94,1,Credit Card,0
CUST_00124,53,Male,7,Month-to-Month,Fiber Optic,No,No,Yes,61.29,423.01,3,Credit Card,0
CUST_00125,77,Female,17,One Year,DSL,Yes,No,Yes,37.32,609.84,1,Mailed Check,0
CUST_00126,30,Female,14,Two Year,Fiber Optic,No,No,No,84.92,1209.88,6,Bank Transfer,0
CUST_00127,36,Male,1,Month-to-Month,DSL,Yes,No,No,70.17,72.62,1,Mailed Check,0
CUST_00128,46,Male,19,One Year,Fiber Optic,No,No,No,91.68,1764.21,3,Bank Transfer,0
CUST_00129,37,Female,25,One Year,DSL,No,No,No,93.59,2361.88,5,Mailed Check,0
CUST_00130,21,Male,21,Two Year,DSL,Yes,No,Yes,85.37,1783.84,1,Electronic Check,0
CUST_00131,46,Female,31,Two Year,DSL,Yes,No,Yes,54.93,1696.8,0,Electronic Check,0
CUST_00132,29,Male,20,One Year,Fiber Optic,No,No,Yes,68.13,1387.65,1,Bank Transfer,0
CUST_00133,52,Female,1,One Year,Fiber Optic,Yes,No,No,51.17,173.47,1,Credit Card,0
CUST_00134,31,Female,2,Month-to-Month,Fiber Optic,No,Yes,No,24.06,-1.34,2,Electronic Check,0
CUST_00135,68,Female,21,One Year,DSL,No,No,Yes,93.61,1967.97,0,Electronic Check,0
CUST_00136,33,Male,7,One Year,Fiber Optic,Yes,No,Yes,62.48,377.56,2,Credit Card,0
CUST_00137,40,Female,1,Two Year,Fiber Optic,No,No,Yes,20.0,18.95,1,Electronic Check,1
CUST_00138,57,Male,13,One Year,DSL,Yes,Yes,No,81.11,1020.71,1,Credit Card,0
CUST_00139,26,Female,19,Month-to-Month,No,No,Yes,No,58.28,1101.35,3,Bank Transfer,0
CUST_00140,48,Female,9,One Year,Fiber Optic,No,Yes,Yes,20.0,187.77,1,Credit Card,0
CUST_00141,64,Female,30,Month-to-Month,Fiber Optic,No,No,Yes,23.79,689.17,1,Credit Card,0
CUST_00142,20,Female,24,Month-to-Month,DSL,No,No,Yes,43.98,966.37,2,Bank Transfer,1
CUST_00143,47,Female,9,Month-to-Month,DSL,No,No,No,71.32,713.12,1,Electronic Check,0
CUST_00144,48,Male,33,Month-to-Month,No,Yes,No,No,88.64,2967.1,1,Mailed Check,1
CUST_00145,56,Male,25,Two Year,No,No,Yes,Yes,87.61,2183.8,3,Electronic Check,0
CUST_00146,26,Male,24,Month-to-Month,DSL,No,Yes,Yes,83.09,1949.32,3,Credit Card,0
CUST_00147,25,Female,19,Month-to-Month,DSL,No,Yes,Yes,63.97,1219.66,2,Bank Transfer,0
CUST_00148,52,Female,1,Two Year,Fiber Optic,Yes,No,No,116.67,134.72,1,Electronic Check,0
CUST_00149,49,Male,28,Month-to-Month,Fiber Optic,No,No,No,86.0,2446.39,0,Electronic Check,0
CUST_00150,48,Female,11,Month-to-Month,No,Yes,No,No,71.66,831.41,2,Electronic Check,1
CUST_00151,50,Female,68,Month-to-Month,DSL,No,No,No,82.0,5628.37,1,Bank Transfer,0
CUST_00152,34,Female,40,Month-to-Month,Fiber Optic,No,Yes,Yes,53.03,2034.12,2,Mailed Check,1
CUST_00153,48,Male,21,Month-to-Month,DSL,No,Yes,No,63.28,1313.7,3,Electronic Check,0
CUST_00154,49,Male,6,Month-to-Month,DSL,Yes,No,Yes,20.0,169.66,6,Mailed Check,0
CUST_00155,34,Male,5,One Year,DSL,No,No,Yes,53.4,220.81,0,Electronic Check,0
CUST_00156,72,Male,9,Month-to-Month,No,Yes,Yes,No,117.8,1121.13,1,Electronic Check,1
CUST_00157,52,Male,15,Month-to-Month,Fiber Optic,No,Yes,No,69.45,1132.29,2,Electronic Check,1
CUST_00158,27,Female,8,Two Year,No,Yes,No,No,68.2,605.18,1,Credit Card,0
CUST_00159,54,Female,17,Month-to-Month,DSL,No,No,No,94.96,1647.37,1,Electronic Check,1
CUST_00160,30,Female,4,Two Year,DSL,No,Yes,No,75.73,280.56,5,Bank Transfer,1
CUST_00161,56,Female,72,Month-to-Month,DSL,No,No,Yes,41.41,2995.28,1,Mailed Check,0
CUST_00162,62,Male,2,Month-to-Month,DSL,Yes,Yes,No,65.71,64.11,3,Bank Transfer,1
CUST_00163,32,Male,64,One Year,No,No,No,No,30.94,1941.32,2,Electronic Check,0
CUST_00164,59,Female,58,Month-to-Month,DSL,No,Yes,No,70.51,4053.95,2,Electronic Check,0
CUST_00165,51,Male,17,Month-to-Month,DSL,No,Yes,No,39.87,680.85,1,Electronic Check,1
CUST_00166,57,Female,30,One Year,DSL,Yes,No,No,92.85,2765.86,2,Electronic Check,0
CUST_00167,73,Female,13,Month-to-Month,DSL,No,Yes,No,49.69,659.09,0,Mailed Check,1
CUST_00168,41,Female,23,One Year,Fiber Optic,No,No,Yes,40.26,969.85,0,Electronic Check,0
CUST_00169,33,Female,9,Two Year,Fiber Optic,No,No,No,61.62,519.05,2,Mailed Check,0
CUST_00170,31,Male,8,Month-to-Month,Fiber Optic,No,No,No,75.96,615.12,2,Electronic Check,1
CUST_00171,32,Female,20,One Year,Fiber Optic,No,No,Yes,28.78,554.8,2,Bank Transfer,0
CUST_00172,43,Male,16,One Year,DSL,No,No,No,49.36,799.3,2,Credit Card,0
CUST_00173,50,Female,20,Two Year,DSL,Yes,Yes,Yes,68.15,1397.41,0,Electronic Check,0
CUST_00174,49,Female,8,Two Year,Fiber Optic,No,No,Yes,105.15,887.27,2,Electronic Check,0
CUST_00175,57,Female,10,Two Year,Fiber Optic,No,No,No,20.0,233.52,2,Electronic Check,1
CUST_00176,45,Female,2,Month-to-Month,DSL,Yes,Yes,No,83.45,187.61,1,Electronic Check,0
CUST_00177,66,Male,1,One Year,DSL,No,No,Yes,53.49,-17.52,2,Electronic Check,0
CUST_00178,41,Female,7,Month-to-Month,DSL,No,No,No,50.16,297.07,3,Electronic Check,1
CUST_00179,80,Male,1,Month-to-Month,DSL,Yes,Yes,No,44.57,3.36,5,Credit Card,0
CUST_00180,54,Female,2,Two Year,DSL,Yes,No,No,54.08,126.1,5,Bank Transfer,1
CUST_00181,32,Female,40,Month-to-Month,DSL,No,No,No,83.62,3280.43,3,Credit Card,1
CUST_00182,28,Female,1,Two Year,Fiber Optic,Yes,Yes,No,48.9,65.77,1,Mailed Check,0
CUST_00183,52,Male,25,Month-to-Month,DSL,Yes,Yes,No,114.76,2882.17,2,Credit Card,0
CUST_00184,41,Female,7,Two Year,DSL,No,No,No,83.72,489.23,1,Credit Card,0
CUST_00185,55,Female,49,Month-to-Month,No,No,No,Yes,70.94,3421.64,3,Credit Card,0
CUST_00186,52,Female,15,Month-to-Month,Fiber Optic,No,Yes,Yes,60.02,952.47,1,Electronic Check,0
CUST_00187,43,Female,8,Month-to-Month,No,No,No,Yes,100.7,840.44,2,Bank Transfer,0
CUST_00188,32,Female,17,One Year,DSL,No,No,No,105.08,1743.85,0,Bank Transfer,0
CUST_00189,22,Male,11,Month-to-Month,Fiber Optic,No,Yes,Yes,30.16,280.0,3,Mailed Check,0
CUST_00190,38,Male,19,One Year,DSL,No,No,Yes,43.94,712.4,1,Mailed Check,0
CUST_00191,57,Female,2,Month-to-Month,Fiber Optic,Yes,No,No,84.04,241.64,1,Bank Transfer,0
CUST_00192,48,Female,72,Month-to-Month,DSL,Yes,No,No,93.1,6705.28,1,Credit Card,1
CUST_00193,26,Male,13,Month-to-Month,DSL,No,No,No,55.99,822.05,1,Credit Card,0
CUST_00194,47,Female,10,Month-to-Month,No,No,No,Yes,42.73,417.68,1,Credit Card,0
CUST_00195,50,Male,29,Two Year,Fiber Optic,Yes,Yes,Yes,67.36,1967.52,3,Mailed Check,0
CUST_00196,31,Female,10,Two Year,No,Yes,No,Yes,109.3,1137.57,3,Bank Transfer,0
CUST_00197,47,Female,42,Month-to-Month,DSL,No,No,Yes,66.23,2863.65,3,Mailed Check,0
CUST_00198,45,Male,14,One Year,DSL,Yes,No,Yes,27.08,404.2,1,Electronic Check,0
CUST_00199,27,Female,30,One Year,Fiber Optic,No,No,Yes,68.29,2048.75,0,Credit Card,0
CUST_00200,50,Male,2,Month-to-Month,Fiber Optic,Yes,No,Yes,88.48,178.36,4,Credit Card,1
CUST_00201,53,Male,44,Month-to-Month,Fiber Optic,Yes,Yes,No,61.96,2673.89,1,Bank Transfer,0
CUST_00202,61,Male,31,One Year,No,No,No,Yes,102.75,3166.0,4,Credit Card,0
CUST_00203,60,Female,5,Month-to-Month,DSL,No,No,Yes,90.98,457.44,2,Electronic Check,0
CUST_00204,24,Male,3,Month-to-Month,Fiber Optic,No,No,No,63.15,258.54,1,Mailed Check,1
CUST_00205,30,Male,9,Month-to-Month,DSL,No,No,No,66.29,575.15,4,Credit Card,1
CUST_00206,52,Female,72,One Year,DSL,No,No,No,20.0,1493.13,4,Electronic Check,1
CUST_00207,52,Female,7,Month-to-Month,Fiber Optic,No,No,No,101.31,705.06,4,Electronic Check,1
CUST_00208,52,Female,14,Month-to-Month,Fiber Optic,No,Yes,No,55.11,833.78,4,Electronic Check,0
CUST_00209,80,Female,1,Month-to-Month,DSL,No,Yes,No,53.0,86.84,1,Electronic Check,1
CUST_00210,53,Female,12,Month-to-Month,DSL,Yes,No,No,48.5,612.51,1,Electronic Check,1
CUST_00211,62,Female,20,Month-to-Month,Fiber Optic,No,Yes,No,78.7,1622.96,4,Electronic Check,1
CUST_00212,59,Male,72,Two Year,Fiber Optic,No,No,Yes,31.14,2283.68,1,Credit Card,0
CUST_00213,54,Female,17,Month-to-Month,DSL,Yes,Yes,No,35.47,656.26,1,Credit Card,0
CUST_00214,40,Male,41,One Year,DSL,Yes,Yes,No,63.42,2706.98,1,Mailed Check,0
CUST_00215,56,Female,19,Month-to-Month,DSL,No,Yes,No,46.2,958.73,1,Bank Transfer,0
CUST_00216,33,Male,1,One Year,No,No,No,No,75.06,98.38,4,Electronic Check,0
CUST_00217,41,Male,9,One Year,No,Yes,No,No,47.3,403.64,2,Bank Transfer,0
CUST_00218,37,Female,20,Month-to-Month,Fiber Optic,Yes,No,No,112.85,2275.34,2,Mailed Check,0
CUST_00219,46,Female,72,Two Year,No,No,Yes,No,85.8,6081.56,0,Bank Transfer,0
CUST_00220,79,Male,47,Month-to-Month,Fiber Optic,No,No,Yes,85.43,4056.5,6,Bank Transfer,0
CUST_00221,18,Female,6,Two Year,DSL,Yes,Yes,Yes,46.85,228.11,2,Electronic Check,0
CUST_00222,55,Female,5,Month-to-Month,DSL,No,No,No,137.17,741.98,3,Credit Card,0
CUST_00223,20,Male,5,Two Year,No,Yes,No,No,51.83,358.16,2,Bank Transfer,0
CUST_00224,37,Male,61,One Year,Fiber Optic,No,No,Yes,43.59,2586.18,2,Bank Transfer,0
CUST_00225,61,Male,45,Two Year,No,No,Yes,No,86.2,3876.59,3,Electronic Check,0
CUST_00226,45,Female,35,One Year,No,No,No,No,70.86,2426.77,4,Bank Transfer,0
CUST_00227,28,Female,11,Month-to-Month,Fiber Optic,No,Yes,Yes,40.45,358.52,1,Electronic Check,1
CUST_00228,34,Female,16,One Year,DSL,Yes,No,No,130.88,2088.69,2,Credit Card,0
CUST_00229,55,Female,14,Two Year,DSL,No,No,No,94.27,1351.51,1,Credit Card,0
CUST_00230,34,Male,7,Two Year,DSL,Yes,No,No,65.12,493.56,2,Electronic Check,0
CUST_00231,48,Female,16,Month-to-Month,DSL,No,No,No,137.03,2200.23,1,Bank Transfer,1
CUST_00232,45,Male,1,One Year,Fiber Optic,No,No,Yes,89.32,6.11,3,Electronic Check,1
CUST_00233,35,Female,3,Month-to-Month,DSL,No,No,No,64.64,200.1,3,Credit Card,1
CUST_00234,77,Female,52,One Year,DSL,No,No,No,133.44,6864.42,2,Electronic Check,0
CUST_00235,54,Male,33,Month-to-Month,Fiber Optic,Yes,No,No,84.77,2726.05,3,Electronic Check,1
CUST_00236,18,Female,13,Month-to-Month,DSL,No,No,Yes,83.46,1035.1,2,Electronic Check,0
CUST_00237,47,Female,17,Two Year,Fiber Optic,Yes,Yes,No,53.41,960.45,2,Bank Transfer,0
CUST_00238,35,Male,11,Month-to-Month,Fiber Optic,No,No,No,66.48,758.57,1,Electronic Check,0
CUST_00239,57,Female,32,One Year,Fiber Optic,Yes,No,Yes,52.68,1701.86,3,Bank Transfer,0
CUST_00240,33,Male,36,One Year,No,Yes,Yes,No,108.19,3851.78,1,Bank Transfer,0
CUST_00241,43,Male,34,Month-to-Month,DSL,Yes,No,Yes,20.0,660.61,3,Mailed Check,0
CUST_00242,52,Male,30,Month-to-Month,DSL,No,No,No,105.98,3110.78,0,Mailed Check,1
CUST_00243,57,Male,5,One Year,No,Yes,No,No,38.68,261.61,3,Electronic Check,0
CUST_00244,26,Female,9,Month-to-Month,Fiber Optic,No,No,No,63.26,679.22,4,Credit Card,1
CUST_00245,39,Female,15,Two Year,Fiber Optic,Yes,No,No,56.14,869.98,1,Electronic Check,0
CUST_00246,37,Female,9,Two Year,DSL,Yes,No,No,49.4,481.15,0,Credit Card,0
CUST_00247,35,Male,33,Month-to-Month,No,No,No,No,85.69,2819.94,1,Mailed Check,1
CUST_00248,71,Female,9,Month-to-Month,No,No,Yes,Yes,64.84,502.63,3,Bank Transfer,0
CUST_00249,51,Female,3,Month-to-Month,Fiber Optic,Yes,Yes,No,44.97,92.71,4,Electronic Check,0
CUST_00250,26,Female,12,One Year,DSL,Yes,No,No,69.62,812.17,2,Electronic Check,0
CUST_00251,58,Female,72,Month-to-Month,No,No,Yes,Yes,44.12,3157.19,0,Mailed Check,0
CUST_00252,76,Male,6,Month-to-Month,Fiber Optic,No,No,Yes,48.87,262.43,4,Electronic Check,1
CUST_00253,60,Male,22,One Year,Fiber Optic,No,No,No,20.08,444.19,3,Mailed Check,0
CUST_00254,22,Female,13,Two Year,DSL,Yes,No,Yes,51.49,626.87,2,Mailed Check,0
CUST_00255,37,Male,1,Month-to-Month,Fiber Optic,No,No,Yes,79.83,188.21,3,Electronic Check,1
CUST_00256,64,Female,16,Month-to-Month,DSL,Yes,No,No,66.11,989.55,1,Electronic Check,1
CUST_00257,34,Female,29,Two Year,DSL,No,No,No,119.45,3508.47,1,Credit Card,0
CUST_00258,51,Female,17,One Year,Fiber Optic,No,Yes,No,143.38,2424.44,1,Bank Transfer,0
CUST_00259,56,Male,49,One Year,DSL,No,Yes,Yes,51.07,2525.74,2,Credit Card,0
CUST_00260,31,Female,8,One Year,Fiber Optic,No,No,No,40.0,345.41,3,Electronic Check,0
CUST_00261,44,Male,2,Two Year,Fiber Optic,No,No,No,98.89,205.64,2,Electronic Check,0
CUST_00262,18,Male,66,One Year,DSL,Yes,Yes,No,75.06,4897.04,2,Mailed Check,0
CUST_00263,29,Female,11,Two Year,Fiber Optic,Yes,No,Yes,99.08,1073.24,3,Credit Card,0
CUST_00264,41,Male,20,One Year,No,No,No,No,76.96,1547.75,3,Bank Transfer,0
CUST_00265,26,Male,37,One Year,DSL,No,No,No,59.17,2194.58,3,Bank Transfer,0
CUST_00266,69,Female,9,Month-to-Month,Fiber Optic,Yes,No,No,59.34,482.9,4,Electronic Check,1
CUST_00267,23,Male,30,Month-to-Month,DSL,No,No,No,77.98,2404.06,1,Credit Card,0
CUST_00268,38,Male,3,One Year,Fiber Optic,No,No,Yes,58.67,51.32,1,Mailed Check,0
CUST_00269,46,Female,8,Month-to-Month,DSL,No,No,No,101.59,800.17,2,Electronic Check,1
CUST_00270,66,Female,3,One Year,DSL,No,No,No,25.93,31.72,1,Mailed Check,0
CUST_00271,23,Male,40,Month-to-Month,DSL,No,No,No,101.42,4066.08,0,Electronic Check,1
CUST_00272,62,Female,6,Two Year,No,Yes,No,Yes,20.0,170.84,0,Mailed Check,0
CUST_00273,45,Female,30,Month-to-Month,Fiber Optic,No,Yes,No,69.35,2010.24,3,Bank Transfer,1
CUST_00274,30,Male,68,Two Year,Fiber Optic,No,No,No,55.07,3862.35,0,Electronic Check,0
CUST_00275,51,Male,18,One Year,DSL,Yes,No,No,20.0,370.09,1,Electronic Check,0
CUST_00276,47,Female,18,Month-to-Month,Fiber Optic,No,Yes,No,20.0,379.09,2,Mailed Check,0
CUST_00277,35,Male,14,One Year,DSL,No,Yes,Yes,32.07,377.06,2,Mailed Check,0
CUST_00278,46,Female,9,Month-to-Month,DSL,Yes,Yes,No,66.37,595.01,2,Mailed Check,0
CUST_00279,39,Female,15,Month-to-Month,Fiber Optic,Yes,Yes,No,46.93,752.6,2,Mailed Check,0
CUST_00280,46,Male,22,Month-to-Month,DSL,Yes,No,No,33.77,753.47,1,Electronic Check,1
CUST_00281,54,Male,72,Month-to-Month,DSL,No,Yes,Yes,105.57,7607.94,1,Mailed Check,0
CUST_00282,68,Female,66,Two Year,Fiber Optic,No,Yes,Yes,28.03,1847.68,5,Credit Card,0
CUST_00283,26,Female,47,Month-to-Month,No,No,No,No,85.37,3943.66,2,Bank Transfer,0
CUST_00284,76,Female,52,One Year,DSL,No,No,Yes,38.33,1923.98,2,Electronic Check,1
CUST_00285,18,Female,15,Month-to-Month,DSL,No,Yes,No,31.32,528.2,4,Bank Transfer,0
CUST_00286,42,Male,25,One Year,DSL,No,Yes,Yes,46.88,1216.24,2,Electronic Check,0
CUST_00287,53,Female,54,Month-to-Month,No,No,No,No,83.6,4565.78,0,Electronic Check,0
CUST_00288,49,Male,11,One Year,No,Yes,No,No,23.86,221.28,1,Bank Transfer,0
CUST_00289,35,Male,72,One Year,Fiber Optic,No,No,No,73.62,5293.02,1,Electronic Check,0
CUST_00290,41,Female,12,One Year,No,No,Yes,No,36.18,495.72,1,Credit Card,0
CUST_00291,37,Male,22,Month-to-Month,Fiber Optic,Yes,Yes,Yes,41.58,853.26,0,Electronic Check,0
CUST_00292,36,Male,29,One Year,No,No,Yes,Yes,77.02,2290.05,3,Bank Transfer,0
CUST_00293,57,Female,72,Month-to-Month,DSL,No,Yes,No,130.2,9345.4,2,Electronic Check,1
CUST_00294,50,Male,6,Month-to-Month,DSL,No,No,No,37.67,183.26,2,Bank Transfer,0
CUST_00295,34,Male,32,Month-to-Month,Fiber Optic,No,No,No,86.6,2769.49,2,Electronic Check,1
CUST_00296,58,Female,17,Month-to-Month,DSL,Yes,No,Yes,55.62,889.67,3,Electronic Check,0
CUST_00297,49,Female,7,Month-to-Month,Fiber Optic,No,No,No,50.76,260.46,1,Credit Card,0
CUST_00298,57,Female,35,One Year,DSL,Yes,No,No,97.14,3403.75,6,Credit Card,0
CUST_00299,54,Female,19,Month-to-Month,Fiber Optic,Yes,No,Yes,39.69,780.91,2,Credit Card,0
CUST_00300,32,Female,25,Month-to-Month,DSL,No,No,No,30.38,820.18,2,Electronic Check,0
CUST_00301,36,Female,9,Month-to-Month,DSL,No,Yes,Yes,78.81,739.6,0,Bank Transfer,0
CUST_00302,56,Female,15,One Year,No,No,No,Yes,112.84,1790.92,3,Credit Card,0
CUST_00303,54,Male,23,One Year,No,No,No,Yes,87.5,2080.55,1,Electronic Check,0
CUST_00304,44,Male,12,Month-to-Month,No,No,No,Yes,22.79,310.38,2,Mailed Check,1
CUST_00305,46,Female,5,One Year,Fiber Optic,No,No,Yes,46.54,256.13,2,Mailed Check,1
CUST_00306,64,Male,72,One Year,Fiber Optic,No,No,No,94.39,6857.44,1,Mailed Check,0
CUST_00307,36,Male,17,Month-to-Month,Fiber Optic,Yes,No,No,112.43,1800.72,1,Credit Card,0
CUST_00308,53,Female,31,One Year,DSL,Yes,No,No,71.86,2203.7,4,Mailed Check,0
CUST_00309,41,Male,12,One Year,DSL,No,No,Yes,47.62,478.57,4,Electronic Check,0
CUST_00310,41,Female,10,One Year,DSL,No,Yes,No,114.38,1176.96,5,Electronic Check,1
CUST_00311,61,Male,12,Month-to-Month,No,Yes,No,No,62.76,716.01,5,Bank Transfer,0
CUST_00312,57,Female,12,Month-to-Month,DSL,Yes,No,No,46.83,712.89,0,Electronic Check,1
CUST_00313,57,Male,18,Month-to-Month,No,Yes,No,Yes,41.75,725.64,2,Electronic Check,0
CUST_00314,64,Male,18,One Year,Fiber Optic,No,No,No,29.15,530.01,1,Bank Transfer,0
CUST_00315,45,Male,16,Two Year,Fiber Optic,Yes,No,Yes,150.0,2379.89,2,Bank Transfer,0
CUST_00316,55,Female,3,Month-to-Month,DSL,Yes,No,No,107.63,298.44,3,Electronic Check,1
CUST_00317,40,Male,16,Month-to-Month,DSL,No,No,Yes,45.31,662.65,2,Credit Card,0
CUST_00318,49,Male,4,One Year,No,No,Yes,Yes,116.95,403.81,4,Bank Transfer,1
CUST_00319,43,Female,3,Two Year,DSL,No,No,No,81.0,134.02,1,Bank Transfer,0
CUST_00320,46,Female,64,Two Year,DSL,No,Yes,No,79.22,5097.56,1,Bank Transfer,0
CUST_00321,53,Male,22,One Year,DSL,Yes,No,No,43.46,934.94,1,Mailed Check,0
CUST_00322,32,Male,25,Two Year,DSL,No,Yes,Yes,49.58,1336.09,4,Mailed Check,0
CUST_00323,76,Male,12,Month-to-Month,DSL,No,No,No,63.73,702.52,2,Credit Card,1
CUST_00324,29,Male,57,Month-to-Month,Fiber Optic,No,No,No,20.0,1213.82,2,Electronic Check,0
CUST_00325,26,Female,24,Month-to-Month,Fiber Optic,No,No,No,50.4,1288.1,4,Credit Card,1
CUST_00326,62,Male,35,One Year,Fiber Optic,No,No,No,65.13,2343.57,3,Mailed Check,0
CUST_00327,56,Male,11,Month-to-Month,DSL,Yes,No,No,104.29,1158.88,1,Mailed Check,1
CUST_00328,54,Female,72,Month-to-Month,No,No,Yes,Yes,46.5,3331.35,0,Electronic Check,0
CUST_00329,54,Male,41,Month-to-Month,Fiber Optic,Yes,No,Yes,89.36,3727.73,3,Bank Transfer,0
CUST_00330,44,Male,46,Month-to-Month,DSL,No,Yes,Yes,20.0,880.43,1,Bank Transfer,0
CUST_00331,31,Male,4,Two Year,DSL,No,No,No,100.01,413.58,4,Electronic Check,0
CUST_00332,46,Female,7,Month-to-Month,DSL,No,No,No,37.99,263.74,0,Bank Transfer,0
CUST_00333,34,Female,8,Month-to-Month,Fiber Optic,No,No,No,68.91,506.69,3,Mailed Check,0
CUST_00334,59,Male,7,One Year,Fiber Optic,No,No,Yes,77.19,554.23,2,Bank Transfer,0
CUST_00335,42,Male,46,Month-to-Month,No,No,No,No,71.31,3317.14,3,Mailed Check,1
CUST_00336,32,Female,1,One Year,DSL,No,No,Yes,61.8,15.26,1,Mailed Check,1
CUST_00337,40,Male,1,Two Year,Fiber Optic,No,No,No,27.75,50.76,3,Mailed Check,0
CUST_00338,51,Male,7,Two Year,DSL,No,Yes,Yes,38.31,156.74,2,Mailed Check,0
CUST_00339,36,Female,5,Two Year,DSL,No,No,No,94.89,422.01,2,Credit Card,0
CUST_00340,32,Female,6,Month-to-Month,Fiber Optic,No,Yes,No,47.08,259.6,1,Electronic Check,0
CUST_00341,48,Female,38,One Year,DSL,No,Yes,Yes,61.9,2370.11,1,Electronic Check,0
CUST_00342,48,Male,19,Month-to-Month,Fiber Optic,No,No,Yes,20.24,427.98,2,Bank Transfer,1
CUST_00343,37,Male,1,Month-to-Month,Fiber Optic,No,Yes,No,90.76,94.9,0,Bank Transfer,0
CUST_00344,37,Male,13,Month-to-Month,No,No,Yes,Yes,25.42,358.73,1,Credit Card,0
CUST_00345,48,Male,12,Month-to-Month,DSL,No,No,No,92.48,1101.72,1,Electronic Check,0
CUST_00346,23,Female,2,Two Year,No,No,No,No,33.12,86.47,2,Mailed Check,0
CUST_00347,23,Male,27,Month-to-Month,No,Yes,Yes,Yes,95.44,2594.35,3,Electronic Check,0
CUST_00348,34,Male,29,One Year,No,No,Yes,No,65.31,1868.42,1,Mailed Check,0
CUST_00349,41,Female,30,Month-to-Month,Fiber Optic,No,Yes,No,48.24,1429.35,1,Bank Transfer,1
CUST_00350,49,Female,31,Month-to-Month,No,Yes,No,No,113.01,3533.38,1,Credit Card,0
CUST_00351,67,Male,1,Two Year,Fiber Optic,No,No,No,62.93,153.54,2,Credit Card,0
CUST_00352,57,Female,72,Month-to-Month,DSL,No,No,Yes,54.15,3958.83,2,Mailed Check,0
CUST_00353,42,Female,40,One Year,Fiber Optic,No,Yes,No,92.27,3634.49,1,Bank Transfer,0
CUST_00354,44,Male,56,Month-to-Month,Fiber Optic,No,No,No,20.59,1096.55,5,Bank Transfer,1
CUST_00355,29,Male,1,Month-to-Month,No,No,No,No,20.0,-6.78,2,Bank Transfer,1
CUST_00356,44,Male,65,Month-to-Month,Fiber Optic,No,No,Yes,99.74,6488.01,2,Credit Card,0
CUST_00357,40,Male,39,Two Year,DSL,Yes,No,Yes,39.91,1558.94,4,Electronic Check,0
CUST_00358,49,Female,43,Month-to-Month,Fiber Optic,No,No,Yes,90.94,3972.38,1,Mailed Check,1
CUST_00359,32,Female,2,Month-to-Month,No,No,Yes,No,66.38,197.53,4,Bank Transfer,0
CUST_00360,52,Male,32,Month-to-Month,DSL,No,No,No,30.08,962.85,0,Bank Transfer,1
CUST_00361,67,Male,72,One Year,DSL,No,Yes,No,83.22,5980.35,4,Bank Transfer,0
CUST_00362,43,Female,27,One Year,Fiber Optic,Yes,Yes,Yes,52.69,1448.6,2,Electronic Check,0
CUST_00363,51,Male,20,One Year,DSL,No,No,Yes,32.68,706.76,1,Electronic Check,0
CUST_00364,55,Male,69,Month-to-Month,DSL,No,No,Yes,33.46,2336.44,3,Credit Card,0
CUST_00365,38,Male,14,Two Year,DSL,Yes,No,No,20.0,258.42,1,Electronic Check,0
CUST_00366,48,Male,21,One Year,No,No,Yes,No,77.09,1588.29,1,Electronic Check,0
CUST_00367,45,Female,15,Two Year,DSL,No,No,Yes,36.94,498.54,1,Electronic Check,0
CUST_00368,46,Male,64,Two Year,Fiber Optic,No,Yes,No,63.96,4103.01,0,Credit Card,0
CUST_00369,33,Female,1,One Year,Fiber Optic,No,No,Yes,59.55,90.7,2,Electronic Check,1
CUST_00370,45,Male,16,Month-to-Month,No,Yes,Yes,No,36.75,624.8,2,Bank Transfer,0
CUST_00371,52,Male,27,Two Year,No,No,No,No,20.0,597.59,0,Bank Transfer,0
CUST_00372,66,Female,37,Two Year,Fiber Optic,Yes,Yes,Yes,141.01,5291.43,2,Bank Transfer,0
CUST_00373,59,Male,20,Month-to-Month,No,No,Yes,Yes,63.54,1202.13,0,Electronic Check,1
CUST_00374,77,Female,57,Month-to-Month,DSL,No,No,Yes,119.7,6843.22,4,Mailed Check,1
CUST_00375,33,Male,68,Two Year,Fiber Optic,No,No,Yes,99.95,6818.43,3,Credit Card,0
CUST_00376,58,Male,1,Month-to-Month,Fiber Optic,No,No,No,55.37,51.67,2,Bank Transfer,0
CUST_00377,47,Male,12,Two Year,DSL,Yes,No,No,70.43,803.73,2,Electronic Check,0
CUST_00378,77,Male,1,Month-to-Month,Fiber Optic,No,No,No,69.56,141.79,1,Electronic Check,1
CUST_00379,32,Male,9,Month-to-Month,DSL,No,Yes,No,120.33,1053.5,2,Electronic Check,1
CUST_00380,32,Female,18,Month-to-Month,No,No,No,Yes,89.9,1508.48,0,Electronic Check,0
CUST_00381,36,Female,58,Month-to-Month,DSL,Yes,No,Yes,40.78,2366.35,1,Bank Transfer,1
CUST_00382,18,Male,44,Month-to-Month,Fiber Optic,No,Yes,No,75.55,3312.24,1,Electronic Check,0
CUST_00383,37,Male,3,Month-to-Month,DSL,No,Yes,No,89.13,360.27,2,Credit Card,1
CUST_00384,33,Female,2,One Year,DSL,No,Yes,No,29.74,83.97,2,Mailed Check,0
CUST_00385,47,Female,21,Two Year,No,No,No,No,79.82,1661.05,2,Mailed Check,0
CUST_00386,50,Male,18,Month-to-Month,Fiber Optic,No,Yes,No,105.36,1886.72,5,Mailed Check,0
CUST_00387,73,Male,7,One Year,No,No,Yes,Yes,39.28,264.51,0,Electronic Check,0
CUST_00388,59,Female,55,One Year,DSL,No,No,No,43.42,2498.98,3,Bank Transfer,0
CUST_00389,36,Male,62,One Year,DSL,Yes,No,No,99.81,6222.25,1,Electronic Check,0
CUST_00390,31,Female,12,One Year,Fiber Optic,No,No,No,54.37,582.12,1,Bank Transfer,0
CUST_00391,52,Male,53,Month-to-Month,Fiber Optic,No,No,No,35.54,1871.38,0,Mailed Check,0
CUST_00392,25,Female,11,Month-to-Month,DSL,Yes,Yes,Yes,91.47,1004.97,2,Electronic Check,0
CUST_00393,72,Female,32,Month-to-Month,Fiber Optic,Yes,No,Yes,82.31,2578.4,0,Electronic Check,0
CUST_00394,62,Male,15,Month-to-Month,DSL,Yes,Yes,No,67.83,928.33,4,Electronic Check,0
CUST_00395,37,Female,3,One Year,DSL,No,No,No,98.74,325.99,1,Bank Transfer,0
CUST_00396,19,Male,63,Month-to-Month,DSL,Yes,No,No,100.87,6314.52,2,Electronic Check,0
CUST_00397,65,Male,14,Two Year,Fiber Optic,Yes,No,No,62.52,937.65,4,Credit Card,0
CUST_00398,43,Male,31,Two Year,Fiber Optic,No,No,No,124.23,3851.53,2,Mailed Check,0
CUST_00399,63,Male,10,Two Year,Fiber Optic,No,Yes,Yes,112.5,1101.3,1,Electronic Check,0
CUST_00400,21,Female,1,Two Year,Fiber Optic,No,No,Yes,20.0,-100.84,2,Credit Card,0
CUST_00401,36,Male,2,Month-to-Month,DSL,No,No,Yes,34.1,129.31,0,Credit Card,1
CUST_00402,45,Male,16,One Year,No,No,No,Yes,20.0,334.68,0,Electronic Check,0
CUST_00403,45,Male,28,Month-to-Month,No,No,Yes,No,55.26,1524.83,3,Electronic Check,0
CUST_00404,38,Male,9,Two Year,Fiber Optic,No,No,Yes,28.66,213.46,1,Bank Transfer,0
CUST_00405,54,Female,28,Two Year,DSL,No,Yes,Yes,40.57,1215.93,1,Credit Card,0
CUST_00406,28,Male,28,Two Year,Fiber Optic,No,No,Yes,97.72,2682.87,3,Credit Card,0
CUST_00407,42,Female,29,Month-to-Month,Fiber Optic,Yes,No,Yes,20.0,561.57,1,Electronic Check,1
CUST_00408,46,Female,16,One Year,No,No,Yes,No,68.89,1130.76,2,Bank Transfer,0
CUST_00409,52,Female,59,Month-to-Month,No,No,No,Yes,68.71,4126.45,0,Bank Transfer,1
CUST_00410,55,Male,16,Month-to-Month,No,No,No,No,62.53,989.64,2,Bank Transfer,0
CUST_00411,28,Male,14,One Year,DSL,No,No,Yes,68.92,928.19,3,Bank Transfer,0
CUST_00412,21,Male,5,Month-to-Month,No,No,Yes,No,20.0,94.66,2,Electronic Check,1
CUST_00413,64,Male,8,Two Year,Fiber Optic,No,No,No,40.71,370.93,1,Bank Transfer,0
CUST_00414,49,Female,1,Month-to-Month,No,No,No,No,111.29,167.76,4,Bank Transfer,0
CUST_00415,33,Female,24,Two Year,Fiber Optic,No,No,No,29.09,629.49,1,Bank Transfer,0
CUST_00416,68,Male,6,Month-to-Month,DSL,No,Yes,Yes,115.0,695.74,1,Mailed Check,0
CUST_00417,46,Male,8,Two Year,Fiber Optic,No,Yes,Yes,22.8,110.65,4,Electronic Check,0
CUST_00418,62,Male,35,Two Year,DSL,No,No,Yes,20.0,744.21,1,Mailed Check,0
CUST_00419,46,Male,9,Two Year,DSL,No,No,Yes,36.45,349.14,1,Electronic Check,1
CUST_00420,75,Male,6,Month-to-Month,No,No,Yes,Yes,98.87,547.18,1,Electronic Check,0
CUST_00421,71,Male,4,Two Year,DSL,Yes,No,Yes,48.62,271.17,0,Bank Transfer,0
CUST_00422,41,Male,35,Month-to-Month,DSL,No,Yes,No,75.36,2654.43,3,Bank Transfer,0
CUST_00423,59,Female,3,Month-to-Month,DSL,Yes,No,No,67.21,212.89,0,Bank Transfer,0
CUST_00424,54,Female,14,Month-to-Month,Fiber Optic,No,No,Yes,63.37,878.17,3,Credit Card,0
CUST_00425,65,Female,16,Two Year,No,No,Yes,Yes,103.22,1651.17,1,Electronic Check,0
CUST_00426,30,Female,27,Month-to-Month,DSL,No,Yes,No,88.15,2360.86,4,Electronic Check,0
CUST_00427,55,Male,24,Two Year,DSL,No,Yes,No,30.71,700.05,2,Mailed Check,0
CUST_00428,60,Male,39,One Year,No,No,Yes,Yes,56.73,2274.04,0,Mailed Check,0
CUST_00429,18,Male,1,Month-to-Month,No,No,Yes,Yes,117.3,92.67,0,Mailed Check,1
CUST_00430,27,Male,8,Two Year,DSL,No,No,No,74.59,570.37,0,Bank Transfer,0
CUST_00431,18,Male,7,Month-to-Month,Fiber Optic,No,Yes,Yes,20.0,133.54,2,Electronic Check,0
CUST_00432,40,Female,3,Two Year,Fiber Optic,Yes,No,No,21.89,136.89,2,Mailed Check,0
CUST_00433,55,Male,8,Month-to-Month,Fiber Optic,Yes,No,Yes,91.7,790.19,0,Mailed Check,0
CUST_00434,67,Female,8,One Year,Fiber Optic,No,No,Yes,86.07,668.84,0,Electronic Check,0
CUST_00435,46,Male,17,Month-to-Month,No,Yes,No,No,37.36,696.44,3,Bank Transfer,0
CUST_00436,69,Female,26,Month-to-Month,DSL,No,Yes,No,87.43,2278.56,3,Electronic Check,1
CUST_00437,24,Male,11,Month-to-Month,DSL,Yes,No,No,112.98,1200.63,2,Bank Transfer,1
CUST_00438,19,Female,30,Month-to-Month,DSL,No,Yes,Yes,108.74,3238.27,3,Electronic Check,0
CUST_00439,44,Male,9,Month-to-Month,Fiber Optic,No,No,Yes,113.13,1086.82,1,Electronic Check,0
CUST_00440,50,Male,8,Month-to-Month,No,No,Yes,No,81.66,757.46,3,Electronic Check,1
CUST_00441,44,Male,18,Month-to-Month,Fiber Optic,Yes,No,Yes,59.67,1090.05,3,Mailed Check,0
CUST_00442,18,Male,1,One Year,DSL,Yes,No,No,52.93,24.6,1,Credit Card,0
CUST_00443,43,Female,1,One Year,Fiber Optic,No,No,No,64.48,58.23,4,Mailed Check,0
CUST_00444,25,Male,12,Two Year,Fiber Optic,Yes,Yes,Yes,38.72,426.51,0,Credit Card,0
CUST_00445,55,Female,68,One Year,No,No,Yes,Yes,54.22,3656.19,3,Credit Card,0
CUST_00446,50,Male,30,One Year,Fiber Optic,No,No,No,103.25,3061.86,1,Electronic Check,0
CUST_00447,30,Female,2,One Year,Fiber Optic,Yes,Yes,No,20.0,36.03,2,Electronic Check,0
CUST_00448,37,Male,44,Month-to-Month,Fiber Optic,No,Yes,No,20.0,886.03,2,Electronic Check,0
CUST_00449,29,Male,31,One Year,Fiber Optic,No,No,Yes,89.92,2779.99,3,Electronic Check,0
CUST_00450,44,Female,22,Month-to-Month,Fiber Optic,No,No,No,54.49,1187.82,2,Bank Transfer,1
CUST_00451,59,Male,41,Two Year,DSL,No,No,Yes,20.0,858.02,2,Electronic Check,0
CUST_00452,30,Male,12,One Year,No,No,No,Yes,63.16,746.46,3,Mailed Check,0
CUST_00453,52,Female,6,Month-to-Month,Fiber Optic,No,No,No,58.88,345.01,1,Bank Transfer,0
CUST_00454,37,Male,17,One Year,Fiber Optic,No,Yes,No,52.07,876.32,2,Bank Transfer,0
CUST_00455,33,Female,19,Month-to-Month,No,Yes,No,Yes,85.57,1703.02,2,Bank Transfer,0
CUST_00456,43,Male,18,Month-to-Month,No,No,No,No,25.0,425.51,0,Credit Card,0
CUST_00457,29,Female,19,Month-to-Month,No,No,No,No,65.39,1272.22,3,Bank Transfer,1
CUST_00458,36,Female,71,One Year,No,No,Yes,Yes,58.67,4128.21,1,Credit Card,0
CUST_00459,27,Female,55,One Year,DSL,No,No,No,66.13,3654.91,1,Bank Transfer,0
CUST_00460,74,Female,50,Two Year,Fiber Optic,No,No,No,20.0,1027.31,1,Mailed Check,0
CUST_00461,45,Male,38,Month-to-Month,Fiber Optic,No,Yes,No,49.32,1928.39,2,Electronic Check,1
CUST_00462,34,Male,68,One Year,DSL,No,No,No,65.59,4441.12,4,Electronic Check,0
CUST_00463,48,Female,2,One Year,No,No,Yes,No,81.23,106.77,5,Electronic Check,1
CUST_00464,43,Male,7,Month-to-Month,Fiber Optic,No,No,No,120.39,803.54,1,Electronic Check,1
CUST_00465,41,Male,16,One Year,Fiber Optic,No,Yes,Yes,89.18,1475.08,1,Electronic Check,0
CUST_00466,54,Male,44,Month-to-Month,No,No,No,Yes,78.83,3572.81,1,Bank Transfer,1
CUST_00467,56,Female,16,Month-to-Month,DSL,Yes,No,No,103.14,1692.03,3,Electronic Check,0
CUST_00468,37,Male,33,Month-to-Month,Fiber Optic,No,No,No,55.89,1781.11,4,Electronic Check,0
CUST_00469,36,Male,3,One Year,Fiber Optic,Yes,No,Yes,111.62,374.89,2,Electronic Check,1
CUST_00470,40,Female,6,Month-to-Month,DSL,Yes,Yes,Yes,98.58,544.28,1,Mailed Check,0
CUST_00471,18,Male,31,Month-to-Month,DSL,No,No,No,51.62,1582.88,3,Bank Transfer,1
CUST_00472,22,Female,4,Month-to-Month,No,No,No,Yes,122.72,500.24,1,Credit Card,1
CUST_00473,65,Female,10,Month-to-Month,Fiber Optic,No,Yes,No,78.41,801.85,1,Mailed Check,0
CUST_00474,69,Female,7,Month-to-Month,No,No,No,Yes,130.79,918.8,3,Electronic Check,1
CUST_00475,41,Male,10,Month-to-Month,Fiber Optic,No,No,No,74.1,710.9,1,Electronic Check,1
CUST_00476,53,Male,29,One Year,DSL,No,No,Yes,48.14,1449.12,4,Electronic Check,0
CUST_00477,49,Female,11,Month-to-Month,DSL,Yes,No,No,41.97,435.33,0,Electronic Check,0
CUST_00478,80,Female,19,One Year,DSL,No,No,No,54.33,1094.95,3,Bank Transfer,0
CUST_00479,61,Female,2,One Year,No,No,Yes,No,47.86,27.75,3,Electronic Check,0
CUST_00480,43,Female,39,Month-to-Month,DSL,No,No,Yes,103.14,4033.3,0,Electronic Check,1
CUST_00481,30,Female,11,Month-to-Month,No,Yes,No,Yes,64.13,644.13,4,Bank Transfer,1
CUST_00482,20,Female,25,Two Year,No,Yes,Yes,Yes,20.0,458.3,2,Electronic Check,0
CUST_00483,48,Male,31,Month-to-Month,No,No,No,No,71.39,2187.44,4,Credit Card,0
CUST_00484,33,Female,5,Month-to-Month,Fiber Optic,No,No,No,68.77,419.86,4,Credit Card,1
CUST_00485,23,Female,51,Month-to-Month,No,No,No,Yes,50.94,2663.43,0,Bank Transfer,0
CUST_00486,35,Female,22,One Year,DSL,Yes,Yes,No,73.03,1650.32,3,Electronic Check,0
CUST_00487,28,Male,13,One Year,DSL,No,No,No,63.68,829.46,1,Electronic Check,0
CUST_00488,70,Male,4,Two Year,DSL,No,No,No,84.01,345.45,3,Electronic Check,1
CUST_00489,58,Male,68,Two Year,No,No,No,Yes,82.25,5656.28,4,Electronic Check,0
CUST_00490,44,Male,33,Month-to-Month,DSL,No,Yes,No,75.95,2541.32,0,Electronic Check,0
CUST_00491,67,Female,5,Month-to-Month,Fiber Optic,Yes,No,No,26.03,131.07,2,Electronic Check,0
CUST_00492,46,Male,9,Month-to-Month,DSL,No,No,No,128.57,1231.47,3,Bank Transfer,0
CUST_00493,32,Female,39,Month-to-Month,DSL,Yes,No,Yes,20.0,820.73,1,Electronic Check,1
CUST_00494,67,Female,28,Month-to-Month,DSL,No,No,No,61.14,1724.01,0,Bank Transfer,0
CUST_00495,53,Female,34,Month-to-Month,No,Yes,No,Yes,32.17,1070.73,3,Mailed Check,0
CUST_00496,29,Female,13,Month-to-Month,Fiber Optic,No,No,No,76.89,972.11,1,Credit Card,0
CUST_00497,42,Female,30,Month-to-Month,No,No,Yes,No,69.15,2057.76,3,Bank Transfer,1
CUST_00498,31,Female,11,Month-to-Month,Fiber Optic,No,No,No,59.94,682.16,3,Electronic Check,1
CUST_00499,24,Male,5,Two Year,No,No,No,No,110.53,594.46,1,Bank Transfer,0
CUST_00500,58,Male,24,One Year,Fiber Optic,Yes,Yes,Yes,98.25,2285.9,0,Bank Transfer,0
CUST_00501,73,Male,72,Two Year,Fiber Optic,No,No,No,55.19,3876.1,2,Credit Card,0
CUST_00502,24,Male,8,Month-to-Month,Fiber Optic,No,No,No,89.12,665.42,4,Bank Transfer,1
CUST_00503,53,Male,14,Month-to-Month,Fiber Optic,No,No,No,111.94,1546.78,2,Electronic Check,0
CUST_00504,35,Female,26,Month-to-Month,No,No,No,Yes,98.04,2608.85,3,Electronic Check,1
CUST_00505,37,Male,18,Month-to-Month,Fiber Optic,Yes,No,No,60.91,1082.42,1,Bank Transfer,1
CUST_00506,36,Male,44,Month-to-Month,No,No,Yes,No,20.0,892.74,1,Credit Card,1
CUST_00507,32,Male,34,Two Year,Fiber Optic,No,Yes,No,74.74,2562.04,1,Credit Card,0
CUST_00508,45,Female,1,Two Year,DSL,No,Yes,No,85.06,33.88,1,Electronic Check,1
CUST_00509,32,Female,72,Month-to-Month,Fiber Optic,No,Yes,Yes,41.91,3090.62,1,Credit Card,0
CUST_00510,49,Female,33,Month-to-Month,DSL,No,Yes,Yes,65.68,2134.08,2,Mailed Check,0
CUST_00511,44,Male,47,Month-to-Month,Fiber Optic,Yes,No,No,62.51,3016.12,3,Mailed Check,0
CUST_00512,41,Male,25,Month-to-Month,Fiber Optic,No,No,No,106.63,2659.47,4,Electronic Check,0
CUST_00513,31,Male,46,Month-to-Month,No,No,No,Yes,120.61,5531.39,3,Bank Transfer,0
CUST_00514,36,Male,2,Month-to-Month,DSL,Yes,No,No,100.26,144.97,2,Bank Transfer,0
CUST_00515,56,Male,10,Month-to-Month,DSL,Yes,No,No,62.43,634.2,4,Electronic Check,0
CUST_00516,52,Female,50,Month-to-Month,DSL,No,Yes,No,99.43,5084.29,0,Bank Transfer,0
CUST_00517,30,Male,5,Month-to-Month,DSL,Yes,No,Yes,84.46,443.0,1,Electronic Check,1
CUST_00518,46,Female,1,Month-to-Month,No,Yes,No,No,62.75,76.27,2,Bank Transfer,1
CUST_00519,56,Male,37,Month-to-Month,No,No,No,No,127.77,4694.22,3,Electronic Check,0
CUST_00520,19,Female,43,Two Year,Fiber Optic,No,Yes,No,42.86,1872.56,3,Electronic Check,0
CUST_00521,53,Female,4,Month-to-Month,No,Yes,Yes,No,83.12,340.35,1,Electronic Check,1
CUST_00522,35,Female,46,Two Year,DSL,No,No,No,90.19,4145.45,2,Bank Transfer,0
CUST_00523,53,Female,27,Two Year,DSL,No,No,Yes,56.38,1546.87,2,Credit Card,0
CUST_00524,33,Male,17,Two Year,DSL,No,Yes,Yes,81.77,1299.37,3,Mailed Check,0
CUST_00525,18,Male,42,One Year,No,No,No,Yes,93.36,3916.3,0,Electronic Check,0
CUST_00526,20,Male,13,One Year,Fiber Optic,No,Yes,Yes,72.34,880.56,0,Electronic Check,0
CUST_00527,45,Female,5,Two Year,Fiber Optic,Yes,No,No,79.17,397.32,3,Bank Transfer,0
CUST_00528,48,Male,8,Month-to-Month,DSL,No,Yes,No,68.16,509.09,3,Mailed Check,1
CUST_00529,31,Male,16,Month-to-Month,DSL,Yes,Yes,No,88.93,1390.02,3,Electronic Check,0
CUST_00530,54,Male,18,Two Year,No,Yes,Yes,Yes,58.13,979.68,2,Bank Transfer,0
CUST_00531,20,Male,39,One Year,DSL,No,No,Yes,55.65,2225.98,3,Electronic Check,0
CUST_00532,44,Female,37,Two Year,Fiber Optic,Yes,Yes,No,65.62,2393.93,2,Bank Transfer,0
CUST_00533,26,Female,20,One Year,DSL,No,No,No,100.51,1978.99,1,Electronic Check,0
CUST_00534,35,Male,36,Two Year,DSL,No,No,Yes,20.0,796.53,2,Bank Transfer,0
CUST_00535,45,Male,5,One Year,Fiber Optic,No,Yes,No,37.72,216.99,1,Credit Card,0
CUST_00536,32,Male,1,One Year,DSL,Yes,No,Yes,133.27,31.54,1,Electronic Check,0
CUST_00537,39,Female,49,One Year,Fiber Optic,No,Yes,Yes,73.26,3658.79,5,Bank Transfer,1
CUST_00538,60,Female,1,Two Year,Fiber Optic,No,No,Yes,52.79,135.18,0,Electronic Check,1
CUST_00539,36,Female,6,Two Year,Fiber Optic,No,Yes,No,88.85,610.79,2,Credit Card,0
CUST_00540,57,Male,28,Two Year,Fiber Optic,No,Yes,Yes,41.45,1193.99,2,Electronic Check,0
CUST_00541,28,Female,12,One Year,Fiber Optic,Yes,No,Yes,20.0,184.91,0,Bank Transfer,0
CUST_00542,52,Female,50,Month-to-Month,DSL,Yes,Yes,Yes,75.64,3779.74,1,Electronic Check,1
CUST_00543,66,Female,8,Month-to-Month,Fiber Optic,No,No,Yes,43.08,272.19,3,Electronic Check,1
CUST_00544,18,Female,1,Two Year,Fiber Optic,Yes,No,No,68.04,24.74,2,Bank Transfer,0
CUST_00545,33,Female,8,One Year,DSL,No,No,Yes,74.88,543.51,2,Bank Transfer,0
CUST_00546,53,Male,20,Month-to-Month,No,No,No,No,69.26,1353.92,0,Bank Transfer,1
CUST_00547,41,Male,11,Month-to-Month,Fiber Optic,No,No,Yes,20.0,228.2,2,Electronic Check,1
CUST_00548,50,Male,18,Two Year,No,No,No,Yes,65.79,1161.95,2,Bank Transfer,0
CUST_00549,35,Male,50,Two Year,No,No,No,Yes,78.34,3892.51,0,Mailed Check,0
CUST_00550,46,Female,58,Two Year,Fiber Optic,No,No,Yes,23.0,1319.35,2,Bank Transfer,0
CUST_00551,42,Male,7,One Year,Fiber Optic,No,No,Yes,20.0,214.97,1,Mailed Check,0
CUST_00552,62,Male,14,Month-to-Month,Fiber Optic,No,No,Yes,32.93,569.2,3,Electronic Check,0
CUST_00553,48,Male,19,Month-to-Month,Fiber Optic,No,No,No,87.4,1638.12,2,Credit Card,0
CUST_00554,50,Female,71,Month-to-Month,No,No,Yes,No,20.0,1436.8,0,Credit Card,1
CUST_00555,38,Male,72,Two Year,Fiber Optic,No,No,No,89.89,6430.25,2,Electronic Check,0
CUST_00556,37,Female,6,Month-to-Month,DSL,No,No,Yes,76.76,498.95,1,Mailed Check,1
CUST_00557,38,Female,31,One Year,Fiber Optic,Yes,No,No,57.27,1751.7,4,Mailed Check,0
CUST_00558,50,Female,11,One Year,No,Yes,Yes,Yes,20.58,190.84,2,Mailed Check,0
CUST_00559,38,Male,1,One Year,Fiber Optic,Yes,No,No,41.11,141.19,2,Electronic Check,1
CUST_00560,49,Female,1,Two Year,Fiber Optic,Yes,No,No,88.46,20.65,3,Bank Transfer,0
CUST_00561,76,Male,14,Month-to-Month,Fiber Optic,No,Yes,No,102.7,1315.18,5,Credit Card,0
CUST_00562,58,Male,16,One Year,DSL,Yes,No,Yes,34.06,581.69,0,Electronic Check,0
CUST_00563,40,Male,1,Month-to-Month,DSL,No,No,Yes,99.26,80.87,2,Credit Card,1
CUST_00564,63,Female,27,Month-to-Month,Fiber Optic,No,Yes,Yes,85.58,2278.26,2,Credit Card,1
CUST_00565,38,Female,8,Month-to-Month,Fiber Optic,Yes,No,Yes,64.79,654.94,1,Mailed Check,0
CUST_00566,18,Male,19,Month-to-Month,Fiber Optic,Yes,No,Yes,42.86,850.93,0,Electronic Check,1
CUST_00567,29,Female,8,One Year,Fiber Optic,No,No,Yes,47.56,377.54,4,Electronic Check,1
CUST_00568,18,Female,4,One Year,Fiber Optic,No,No,Yes,119.69,443.35,1,Mailed Check,0
CUST_00569,39,Female,12,Month-to-Month,DSL,No,No,No,70.35,866.53,2,Mailed Check,0
CUST_00570,45,Male,6,Month-to-Month,DSL,No,Yes,No,104.9,542.73,6,Bank Transfer,0
CUST_00571,70,Female,18,One Year,DSL,No,No,No,72.25,1274.64,0,Credit Card,0
CUST_00572,49,Female,5,Two Year,Fiber Optic,No,Yes,Yes,51.42,255.24,0,Credit Card,0
CUST_00573,41,Male,17,Month-to-Month,DSL,Yes,No,Yes,82.52,1413.56,0,Bank Transfer,0
CUST_00574,57,Female,4,One Year,Fiber Optic,No,Yes,No,129.74,511.82,3,Credit Card,0
CUST_00575,18,Male,26,One Year,DSL,Yes,No,No,45.68,1152.93,2,Mailed Check,0
CUST_00576,48,Female,33,One Year,Fiber Optic,No,Yes,Yes,92.42,3095.76,4,Electronic Check,0
CUST_00577,56,Female,2,Month-to-Month,DSL,No,No,No,70.72,58.85,0,Electronic Check,1
CUST_00578,22,Female,15,One Year,Fiber Optic,No,No,Yes,21.51,308.82,3,Electronic Check,0
CUST_00579,62,Female,1,One Year,Fiber Optic,Yes,No,Yes,20.84,-5.05,0,Bank Transfer,1
CUST_00580,50,Female,21,One Year,DSL,No,Yes,No,51.44,1130.84,4,Electronic Check,0
CUST_00581,38,Female,7,One Year,No,No,No,Yes,75.42,505.03,1,Electronic Check,0
CUST_00582,54,Male,17,Two Year,DSL,No,Yes,No,91.35,1574.85,1,Credit Card,0
CUST_00583,79,Female,17,Month-to-Month,Fiber Optic,Yes,No,Yes,20.0,356.65,2,Credit Card,0
CUST_00584,47,Female,61,Two Year,No,No,No,Yes,84.58,5067.68,4,Electronic Check,0
CUST_00585,48,Female,19,One Year,Fiber Optic,No,No,No,61.45,1164.24,2,Electronic Check,0
CUST_00586,38,Male,20,One Year,No,No,Yes,Yes,65.1,1214.85,2,Mailed Check,0
CUST_00587,32,Male,12,Month-to-Month,DSL,No,No,No,82.66,1009.46,5,Electronic Check,1
CUST_00588,57,Male,71,Month-to-Month,Fiber Optic,No,No,Yes,117.38,8297.69,3,Bank Transfer,0
CUST_00589,32,Female,36,One Year,Fiber Optic,Yes,No,No,74.11,2727.27,1,Bank Transfer,0
CUST_00590,46,Female,8,One Year,DSL,Yes,Yes,Yes,24.3,185.34,2,Electronic Check,0
CUST_00591,37,Male,44,Month-to-Month,Fiber Optic,No,No,No,59.39,2574.54,5,Mailed Check,1
CUST_00592,52,Male,13,One Year,DSL,No,Yes,No,90.56,1237.33,3,Electronic Check,0
CUST_00593,50,Male,42,Month-to-Month,Fiber Optic,Yes,Yes,Yes,91.55,3801.56,0,Credit Card,0
CUST_00594,60,Female,41,Two Year,No,No,Yes,Yes,84.97,3528.7,1,Mailed Check,0
CUST_00595,37,Male,5,Two Year,DSL,No,No,No,49.7,271.87,3,Credit Card,1
CUST_00596,40,Female,28,Month-to-Month,DSL,Yes,Yes,No,23.97,652.76,5,Electronic Check,0
CUST_00597,30,Female,8,Two Year,Fiber Optic,No,No,No,82.69,594.68,5,Electronic Check,1
CUST_00598,38,Female,8,Two Year,Fiber Optic,Yes,Yes,No,28.57,290.67,0,Electronic Check,0
CUST_00599,50,Male,8,Month-to-Month,Fiber Optic,Yes,No,No,85.79,711.35,1,Credit Card,0
CUST_00600,56,Female,31,One Year,Fiber Optic,No,No,Yes,85.8,2621.16,4,Mailed Check,0
CUST_00601,31,Male,6,Month-to-Month,DSL,No,Yes,No,50.97,318.05,2,Credit Card,1
CUST_00602,58,Male,1,One Year,Fiber Optic,Yes,No,No,61.63,111.93,2,Electronic Check,0
CUST_00603,65,Male,30,Month-to-Month,No,No,No,No,70.96,2134.41,0,Electronic Check,0
CUST_00604,51,Male,4,Month-to-Month,Fiber Optic,Yes,No,Yes,46.56,198.14,1,Electronic Check,0
CUST_00605,73,Female,2,Month-to-Month,Fiber Optic,Yes,No,No,23.55,98.7,2,Bank Transfer,0
CUST_00606,33,Female,6,Month-to-Month,DSL,Yes,No,No,63.82,459.8,1,Credit Card,0
CUST_00607,26,Female,11,Two Year,DSL,Yes,No,No,66.95,730.48,1,Mailed Check,0
CUST_00608,18,Female,15,Month-to-Month,DSL,Yes,No,No,105.83,1520.6,5,Electronic Check,1
CUST_00609,67,Male,1,Month-to-Month,Fiber Optic,No,No,No,41.54,-23.59,1,Bank Transfer,0
CUST_00610,54,Male,72,Two Year,No,No,No,No,97.05,6953.4,1,Electronic Check,0
CUST_00611,44,Male,30,Month-to-Month,Fiber Optic,Yes,No,No,30.59,870.89,0,Bank Transfer,0
CUST_00612,49,Male,9,One Year,DSL,Yes,Yes,Yes,24.66,137.83,0,Electronic Check,0
CUST_00613,28,Female,9,Two Year,DSL,Yes,Yes,No,55.97,596.16,3,Credit Card,0
CUST_00614,80,Male,14,Two Year,DSL,No,No,No,36.77,541.22,0,Credit Card,0
CUST_00615,46,Female,23,Month-to-Month,Fiber Optic,No,No,Yes,24.24,531.37,3,Mailed Check,0
CUST_00616,46,Male,3,Month-to-Month,Fiber Optic,Yes,Yes,No,123.33,368.36,2,Electronic Check,1
CUST_00617,55,Male,5,Two Year,DSL,No,Yes,Yes,51.45,167.93,1,Electronic Check,0
CUST_00618,52,Male,47,Month-to-Month,Fiber Optic,No,No,Yes,134.34,6371.8,0,Electronic Check,1
CUST_00619,48,Male,7,Month-to-Month,DSL,Yes,No,No,35.16,148.63,3,Mailed Check,0
CUST_00620,33,Female,11,Month-to-Month,DSL,No,Yes,No,20.0,245.5,1,Electronic Check,1
CUST_00621,52,Female,49,Month-to-Month,DSL,No,No,No,103.74,4991.27,1,Credit Card,1
CUST_00622,73,Female,26,One Year,DSL,Yes,No,No,43.2,1102.51,3,Credit Card,0
CUST_00623,65,Female,10,One Year,DSL,No,No,Yes,69.17,753.79,2,Electronic Check,0
CUST_00624,68,Male,27,Two Year,DSL,No,No,Yes,24.33,575.24,1,Bank Transfer,0
CUST_00625,37,Male,1,One Year,Fiber Optic,No,Yes,No,63.86,56.42,1,Bank Transfer,0
CUST_00626,30,Female,31,Month-to-Month,Fiber Optic,No,No,No,23.85,770.78,1,Electronic Check,1
CUST_00627,43,Female,16,Month-to-Month,Fiber Optic,No,Yes,Yes,62.78,1027.73,1,Electronic Check,0
CUST_00628,45,Male,40,Two Year,No,No,Yes,No,50.78,2034.79,0,Electronic Check,0
CUST_00629,61,Male,72,Month-to-Month,DSL,No,No,No,71.91,5202.17,1,Bank Transfer,0
CUST_00630,19,Female,62,Month-to-Month,No,No,Yes,No,83.77,5163.24,2,Electronic Check,0
CUST_00631,67,Female,57,Two Year,DSL,Yes,No,No,72.23,4213.89,1,Bank Transfer,0
CUST_00632,42,Female,17,One Year,Fiber Optic,No,No,Yes,78.53,1254.5,3,Credit Card,0
CUST_00633,38,Male,10,Month-to-Month,Fiber Optic,No,Yes,Yes,61.73,675.39,2,Bank Transfer,0
CUST_00634,29,Female,15,Two Year,DSL,No,Yes,No,51.94,788.58,3,Credit Card,0
CUST_00635,20,Female,28,Two Year,No,No,No,No,79.1,2245.76,1,Bank Transfer,0
CUST_00636,57,Female,51,Month-to-Month,DSL,No,Yes,Yes,61.66,3184.21,1,Electronic Check,0
CUST_00637,46,Female,5,Two Year,DSL,Yes,No,No,62.8,341.78,2,Credit Card,0
CUST_00638,25,Female,60,Month-to-Month,DSL,No,No,No,76.93,4575.39,1,Electronic Check,1
CUST_00639,25,Male,40,One Year,DSL,No,No,Yes,34.0,1345.83,0,Credit Card,0
CUST_00640,39,Female,72,Two Year,DSL,No,No,No,107.89,7695.38,2,Mailed Check,0
CUST_00641,70,Male,50,Two Year,DSL,No,No,Yes,57.52,2861.04,2,Credit Card,0
CUST_00642,41,Female,7,Month-to-Month,DSL,No,Yes,Yes,68.73,497.2,1,Electronic Check,1
CUST_00643,22,Female,2,Month-to-Month,No,No,No,No,63.66,157.69,2,Electronic Check,1
CUST_00644,41,Female,2,Month-to-Month,DSL,No,Yes,Yes,84.58,188.74,3,Electronic Check,1
CUST_00645,40,Male,8,One Year,DSL,Yes,Yes,Yes,75.18,513.65,5,Electronic Check,0
CUST_00646,18,Male,22,Month-to-Month,Fiber Optic,Yes,No,No,63.5,1368.94,1,Bank Transfer,1
CUST_00647,44,Male,39,Month-to-Month,No,No,No,No,108.46,4196.93,3,Electronic Check,0
CUST_00648,41,Female,55,Month-to-Month,DSL,No,Yes,No,20.0,1034.49,3,Bank Transfer,1
CUST_00649,55,Female,23,Month-to-Month,DSL,No,Yes,Yes,102.28,2310.65,0,Bank Transfer,0
CUST_00650,72,Male,1,Month-to-Month,No,Yes,No,Yes,92.61,92.67,1,Bank Transfer,1
CUST_00651,61,Male,4,Two Year,DSL,No,No,No,20.0,150.69,1,Credit Card,0
CUST_00652,40,Female,2,Month-to-Month,Fiber Optic,Yes,No,Yes,92.88,138.1,4,Electronic Check,0
CUST_00653,28,Male,10,Month-to-Month,DSL,No,No,No,96.75,911.1,2,Electronic Check,0
CUST_00654,80,Female,16,Two Year,No,No,No,No,81.85,1279.67,1,Electronic Check,0
CUST_00655,45,Male,1,One Year,No,Yes,No,No,20.0,36.87,1,Electronic Check,0
CUST_00656,45,Male,10,Month-to-Month,No,Yes,No,Yes,85.48,915.98,2,Electronic Check,0
CUST_00657,44,Male,4,Month-to-Month,DSL,Yes,No,Yes,95.22,376.54,2,Credit Card,0
CUST_00658,47,Female,24,One Year,Fiber Optic,Yes,Yes,No,47.83,1075.72,1,Electronic Check,0
CUST_00659,42,Female,14,Month-to-Month,DSL,No,No,No,78.23,1033.62,2,Mailed Check,0
CUST_00660,36,Male,16,One Year,No,Yes,Yes,No,54.4,879.87,5,Credit Card,0
CUST_00661,36,Female,13,Month-to-Month,No,No,No,No,91.56,1240.06,1,Credit Card,1
CUST_00662,44,Female,72,Month-to-Month,Fiber Optic,No,No,No,55.59,4093.61,3,Credit Card,0
CUST_00663,36,Female,5,Month-to-Month,Fiber Optic,No,Yes,Yes,47.6,178.86,1,Credit Card,0
CUST_00664,34,Female,17,One Year,DSL,Yes,No,Yes,63.82,1091.95,1,Mailed Check,0
CUST_00665,46,Male,31,Two Year,Fiber Optic,No,Yes,Yes,24.75,715.77,3,Electronic Check,0
CUST_00666,41,Female,19,Month-to-Month,Fiber Optic,No,No,No,60.84,1111.08,1,Bank Transfer,0
CUST_00667,67,Female,63,One Year,DSL,No,No,No,75.86,4730.19,1,Electronic Check,0
CUST_00668,18,Male,11,Month-to-Month,DSL,No,No,No,91.1,985.37,1,Electronic Check,1
CUST_00669,61,Female,14,Month-to-Month,DSL,Yes,No,No,72.47,970.45,2,Credit Card,0
CUST_00670,63,Female,2,Two Year,No,Yes,No,No,22.02,167.99,1,Mailed Check,0
CUST_00671,18,Female,22,Month-to-Month,No,No,No,No,105.57,2299.52,2,Mailed Check,0
CUST_00672,39,Male,8,Two Year,No,No,No,No,108.08,914.07,3,Bank Transfer,0
CUST_00673,39,Male,4,One Year,Fiber Optic,No,No,Yes,68.38,240.53,1,Mailed Check,1
CUST_00674,23,Female,18,Two Year,Fiber Optic,No,No,Yes,42.44,875.61,1,Mailed Check,0
CUST_00675,33,Female,18,One Year,DSL,No,Yes,No,49.05,899.88,3,Credit Card,0
CUST_00676,28,Male,1,Month-to-Month,No,No,No,No,58.89,100.74,1,Credit Card,1
CUST_00677,71,Male,28,Month-to-Month,Fiber Optic,Yes,No,Yes,73.36,2024.53,2,Electronic Check,0
CUST_00678,59,Male,23,Month-to-Month,Fiber Optic,No,No,No,55.87,1333.73,3,Electronic Check,0
CUST_00679,64,Female,5,Month-to-Month,Fiber Optic,Yes,No,No,39.25,212.99,2,Bank Transfer,0
CUST_00680,55,Female,15,Month-to-Month,No,No,No,No,95.69,1416.41,6,Bank Transfer,1
CUST_00681,28,Male,30,Month-to-Month,DSL,No,Yes,No,72.72,2127.56,1,Bank Transfer,0
CUST_00682,37,Female,18,Two Year,DSL,No,No,No,33.43,589.84,2,Bank Transfer,0
CUST_00683,52,Female,12,Month-to-Month,Fiber Optic,No,No,Yes,73.74,868.71,1,Bank Transfer,0
CUST_00684,26,Female,9,One Year,No,No,No,Yes,69.86,672.16,2,Credit Card,0
CUST_00685,55,Female,22,Two Year,Fiber Optic,No,No,No,43.46,944.47,2,Bank Transfer,0
CUST_00686,41,Female,67,Two Year,Fiber Optic,No,No,No,100.85,6660.97,4,Electronic Check,0
CUST_00687,39,Female,26,Month-to-Month,DSL,No,No,No,69.05,1827.52,2,Credit Card,0
CUST_00688,55,Female,1,Month-to-Month,Fiber Optic,No,Yes,No,58.5,123.16,0,Electronic Check,0
CUST_00689,51,Male,14,Month-to-Month,Fiber Optic,No,No,Yes,62.5,791.63,4,Credit Card,0
CUST_00690,39,Male,53,Month-to-Month,Fiber Optic,Yes,No,No,78.32,4241.06,3,Credit Card,0
CUST_00691,62,Male,2,Month-to-Month,DSL,Yes,No,No,62.83,195.5,3,Electronic Check,0
CUST_00692,28,Male,72,Two Year,No,Yes,No,Yes,62.58,4474.48,4,Bank Transfer,0
CUST_00693,54,Male,71,Month-to-Month,Fiber Optic,No,No,Yes,96.98,6829.65,1,Mailed Check,0
CUST_00694,53,Male,1,One Year,Fiber Optic,No,No,No,22.45,75.1,3,Credit Card,0
CUST_00695,40,Male,65,Two Year,DSL,No,No,Yes,27.45,1715.99,2,Mailed Check,0
CUST_00696,49,Male,10,Month-to-Month,DSL,No,No,Yes,88.31,849.67,1,Electronic Check,0
CUST_00697,26,Male,44,Month-to-Month,No,No,No,No,137.48,5983.17,2,Electronic Check,1
CUST_00698,58,Female,13,One Year,DSL,Yes,No,Yes,91.29,1187.13,3,Mailed Check,0
CUST_00699,42,Female,13,Month-to-Month,Fiber Optic,Yes,No,No,120.93,1645.3,1,Bank Transfer,1
CUST_00700,37,Male,24,One Year,Fiber Optic,No,No,Yes,51.97,1266.0,3,Electronic Check,0
CUST_00701,60,Female,35,Month-to-Month,Fiber Optic,No,No,No,45.89,1656.97,4,Mailed Check,0
CUST_00702,34,Female,1,Two Year,DSL,Yes,No,Yes,78.7,61.11,0,Mailed Check,0
CUST_00703,23,Male,21,Month-to-Month,DSL,No,No,No,93.61,1970.66,2,Credit Card,0
CUST_00704,21,Male,4,Month-to-Month,No,No,No,No,25.65,41.29,2,Electronic Check,1
CUST_00705,54,Male,10,One Year,Fiber Optic,No,No,Yes,58.6,581.19,1,Mailed Check,0
CUST_00706,25,Female,10,Month-to-Month,DSL,Yes,No,No,64.19,604.6,3,Electronic Check,0
CUST_00707,71,Female,15,Month-to-Month,DSL,No,No,Yes,44.63,661.49,1,Bank Transfer,0
CUST_00708,18,Male,9,Month-to-Month,No,Yes,Yes,No,48.13,421.75,1,Credit Card,0
CUST_00709,70,Female,2,Month-to-Month,DSL,No,No,No,90.29,164.86,0,Bank Transfer,1
CUST_00710,48,Female,3,One Year,Fiber Optic,No,Yes,No,79.09,342.65,1,Mailed Check,0
CUST_00711,43,Female,1,One Year,Fiber Optic,No,No,No,88.95,177.33,1,Bank Transfer,0
CUST_00712,36,Male,15,One Year,No,No,Yes,Yes,75.11,1197.4,2,Electronic Check,0
CUST_00713,50,Female,72,One Year,Fiber Optic,Yes,No,Yes,38.8,2883.52,2,Electronic Check,0
CUST_00714,44,Female,2,Month-to-Month,Fiber Optic,Yes,Yes,Yes,77.69,226.35,2,Electronic Check,0
CUST_00715,61,Female,70,Month-to-Month,DSL,No,No,No,36.44,2549.49,2,Mailed Check,1
CUST_00716,46,Female,31,One Year,No,No,Yes,No,55.65,1718.82,1,Mailed Check,0
CUST_00717,47,Female,24,Two Year,Fiber Optic,Yes,No,Yes,33.91,825.67,1,Bank Transfer,0
CUST_00718,39,Female,24,Month-to-Month,No,No,No,Yes,46.67,1109.63,4,Credit Card,0
CUST_00719,44,Female,42,Month-to-Month,Fiber Optic,Yes,No,Yes,67.71,2792.0,5,Electronic Check,0
CUST_00720,49,Male,2,Month-to-Month,Fiber Optic,Yes,No,Yes,51.28,117.38,3,Electronic Check,0
CUST_00721,19,Male,16,One Year,DSL,No,No,Yes,38.51,537.78,3,Electronic Check,1
CUST_00722,24,Female,28,One Year,Fiber Optic,No,No,No,99.13,2782.63,0,Electronic Check,0
CUST_00723,56,Male,21,Month-to-Month,DSL,No,Yes,No,61.41,1239.92,1,Credit Card,0
CUST_00724,47,Female,42,One Year,DSL,No,No,No,49.16,2060.76,3,Credit Card,0
CUST_00725,42,Female,1,Month-to-Month,DSL,No,Yes,No,32.53,42.09,1,Electronic Check,1
CUST_00726,45,Female,28,Month-to-Month,DSL,No,No,No,20.0,542.36,1,Electronic Check,0
CUST_00727,50,Male,18,Two Year,DSL,No,No,No,58.34,968.07,1,Bank Transfer,0
CUST_00728,36,Female,11,Month-to-Month,DSL,No,No,No,23.65,200.79,1,Electronic Check,0
CUST_00729,33,Female,9,Month-to-Month,No,Yes,Yes,Yes,86.36,800.16,2,Bank Transfer,0
CUST_00730,47,Male,23,Two Year,DSL,No,No,Yes,65.88,1487.48,4,Credit Card,0
CUST_00731,30,Male,53,Two Year,Fiber Optic,No,No,No,111.75,5950.84,2,Credit Card,0
CUST_00732,51,Female,16,One Year,DSL,No,Yes,No,71.69,1147.56,1,Bank Transfer,0
CUST_00733,19,Male,41,Month-to-Month,Fiber Optic,Yes,Yes,No,43.2,1761.32,1,Electronic Check,0
CUST_00734,60,Male,12,Month-to-Month,Fiber Optic,Yes,No,No,20.0,257.38,3,Electronic Check,0
CUST_00735,52,Female,2,Two Year,No,Yes,No,Yes,89.2,144.65,2,Credit Card,0
CUST_00736,48,Female,1,One Year,No,No,No,No,26.03,46.05,2,Electronic Check,0
CUST_00737,59,Female,1,Two Year,Fiber Optic,No,No,No,52.76,31.78,4,Mailed Check,1
CUST_00738,69,Male,11,Month-to-Month,Fiber Optic,No,No,No,115.22,1394.26,2,Electronic Check,0
CUST_00739,60,Male,9,Month-to-Month,DSL,No,No,No,83.33,693.27,2,Electronic Check,1
CUST_00740,18,Male,30,Two Year,Fiber Optic,No,No,No,76.7,2283.02,2,Electronic Check,0
CUST_00741,25,Female,32,One Year,DSL,No,No,Yes,93.33,2970.7,1,Electronic Check,1
CUST_00742,35,Male,1,Month-to-Month,DSL,Yes,Yes,Yes,92.21,24.62,1,Credit Card,1
CUST_00743,45,Male,5,Month-to-Month,DSL,Yes,No,No,112.43,598.43,1,Electronic Check,1
CUST_00744,52,Female,7,Month-to-Month,Fiber Optic,No,No,No,46.93,307.11,3,Bank Transfer,0
CUST_00745,34,Female,19,Month-to-Month,Fiber Optic,Yes,No,Yes,53.7,901.3,1,Credit Card,0
CUST_00746,47,Female,3,Month-to-Month,Fiber Optic,No,No,No,37.33,146.74,3,Credit Card,1
CUST_00747,33,Male,3,Month-to-Month,Fiber Optic,No,Yes,No,64.02,160.25,0,Bank Transfer,1
CUST_00748,35,Female,69,One Year,DSL,Yes,Yes,Yes,61.03,4206.03,1,Electronic Check,0
CUST_00749,23,Male,39,Month-to-Month,Fiber Optic,No,No,Yes,20.0,813.84,2,Electronic Check,0
CUST_00750,31,Male,4,Two Year,No,No,No,Yes,45.38,163.3,1,Bank Transfer,1
CUST_00751,24,Female,12,Month-to-Month,No,Yes,No,Yes,108.17,1279.44,3,Credit Card,1
CUST_00752,30,Female,10,One Year,Fiber Optic,No,No,Yes,72.33,846.5,3,Electronic Check,0
CUST_00753,60,Female,37,Month-to-Month,Fiber Optic,No,No,Yes,86.46,3091.41,0,Bank Transfer,1
CUST_00754,30,Female,17,One Year,Fiber Optic,No,Yes,Yes,61.38,979.22,1,Electronic Check,0
CUST_00755,80,Female,3,Two Year,DSL,No,No,No,20.0,5.4,2,Electronic Check,1
CUST_00756,52,Male,32,Two Year,DSL,No,No,No,61.14,2045.96,2,Bank Transfer,0
CUST_00757,47,Male,12,One Year,DSL,No,No,No,96.25,1122.78,2,Electronic Check,0
CUST_00758,32,Male,7,Month-to-Month,DSL,Yes,No,No,29.43,218.02,2,Bank Transfer,0
CUST_00759,55,Female,11,Two Year,Fiber Optic,No,No,No,87.41,937.82,4,Mailed Check,0
CUST_00760,36,Male,16,Two Year,No,No,Yes,No,20.0,350.16,3,Electronic Check,0
CUST_00761,46,Female,10,Two Year,Fiber Optic,No,Yes,No,65.61,655.42,4,Mailed Check,0
CUST_00762,80,Female,6,Month-to-Month,Fiber Optic,No,No,Yes,81.34,500.67,4,Electronic Check,0
CUST_00763,43,Male,12,Two Year,Fiber Optic,Yes,Yes,No,55.64,732.0,2,Bank Transfer,0
CUST_00764,62,Male,1,Month-to-Month,DSL,No,Yes,No,139.17,161.19,0,Mailed Check,0
CUST_00765,34,Female,35,Month-to-Month,DSL,No,Yes,Yes,50.2,1720.4,0,Credit Card,0
CUST_00766,44,Male,4,Month-to-Month,Fiber Optic,No,No,Yes,47.65,206.19,3,Electronic Check,1
CUST_00767,71,Female,1,Month-to-Month,Fiber Optic,No,Yes,No,71.13,192.07,1,Bank Transfer,1
CUST_00768,35,Male,25,One Year,No,No,No,Yes,42.35,1087.02,3,Electronic Check,0
CUST_00769,72,Male,35,Two Year,DSL,No,No,Yes,21.76,769.19,2,Electronic Check,0
CUST_00770,55,Male,40,One Year,No,No,No,No,32.07,1214.27,1,Electronic Check,0
CUST_00771,36,Male,16,One Year,DSL,No,No,No,87.74,1440.05,3,Electronic Check,0
CUST_00772,54,Male,5,One Year,Fiber Optic,No,No,No,55.85,322.87,3,Mailed Check,1
CUST_00773,59,Female,32,One Year,Fiber Optic,No,No,No,116.06,3729.58,4,Electronic Check,0
CUST_00774,54,Male,28,Month-to-Month,DSL,No,No,No,51.76,1455.07,1,Credit Card,0
CUST_00775,21,Male,6,Two Year,DSL,Yes,No,Yes,86.32,659.52,3,Credit Card,0
CUST_00776,34,Male,56,One Year,DSL,No,No,No,80.33,4540.99,2,Electronic Check,0
CUST_00777,41,Female,2,One Year,DSL,No,No,No,51.32,164.63,2,Bank Transfer,0
CUST_00778,43,Female,72,One Year,Fiber Optic,No,No,No,38.64,2785.12,2,Electronic Check,0
CUST_00779,54,Female,47,Two Year,DSL,No,No,Yes,20.0,933.42,4,Credit Card,0
CUST_00780,47,Female,27,Month-to-Month,Fiber Optic,Yes,Yes,No,81.59,2234.63,2,Bank Transfer,0
CUST_00781,24,Female,67,Month-to-Month,DSL,Yes,No,No,100.95,6756.87,2,Electronic Check,1
CUST_00782,50,Male,30,One Year,Fiber Optic,No,No,No,20.0,597.48,4,Bank Transfer,0
CUST_00783,54,Male,5,Month-to-Month,Fiber Optic,No,No,No,53.89,292.59,5,Mailed Check,0
CUST_00784,53,Male,14,Two Year,Fiber Optic,Yes,No,Yes,44.99,604.25,1,Bank Transfer,0
CUST_00785,61,Female,1,Month-to-Month,Fiber Optic,No,No,No,81.54,92.56,1,Mailed Check,1
CUST_00786,57,Female,11,Month-to-Month,DSL,No,Yes,No,55.14,610.55,1,Bank Transfer,0
CUST_00787,51,Male,32,Two Year,No,No,No,No,104.69,3398.41,5,Electronic Check,0
CUST_00788,43,Female,11,Month-to-Month,DSL,Yes,No,No,53.47,557.58,2,Electronic Check,0
CUST_00789,20,Female,9,One Year,DSL,Yes,No,Yes,27.91,151.18,3,Bank Transfer,0
CUST_00790,51,Female,21,Month-to-Month,DSL,No,No,Yes,50.94,1054.12,1,Bank Transfer,1
CUST_00791,48,Male,49,Month-to-Month,Fiber Optic,Yes,No,No,54.24,2677.7,3,Electronic Check,0
CUST_00792,49,Male,1,One Year,Fiber Optic,No,Yes,No,80.78,128.99,3,Electronic Check,0
CUST_00793,25,Female,11,Month-to-Month,Fiber Optic,Yes,No,Yes,53.79,557.1,8,Electronic Check,0
CUST_00794,28,Female,4,Two Year,Fiber Optic,No,No,Yes,78.2,339.92,4,Mailed Check,0
CUST_00795,60,Female,28,One Year,DSL,No,No,No,41.29,1212.75,3,Electronic Check,0
CUST_00796,44,Female,2,Month-to-Month,No,No,No,No,56.16,149.88,3,Bank Transfer,1
CUST_00797,55,Male,26,One Year,Fiber Optic,Yes,No,No,41.45,1038.14,3,Mailed Check,0
CUST_00798,45,Female,8,One Year,Fiber Optic,No,No,No,39.6,282.64,3,Electronic Check,0
CUST_00799,45,Male,5,Month-to-Month,Fiber Optic,No,No,No,103.25,537.98,3,Credit Card,0
CUST_00800,59,Male,66,Month-to-Month,DSL,Yes,Yes,Yes,43.55,2955.31,5,Bank Transfer,1
CUST_00801,37,Male,1,Month-to-Month,DSL,No,Yes,No,54.57,55.28,0,Bank Transfer,1
CUST_00802,46,Female,13,One Year,Fiber Optic,No,Yes,Yes,96.34,1244.13,2,Electronic Check,0
CUST_00803,38,Male,1,One Year,DSL,No,No,No,87.5,19.02,1,Bank Transfer,0
CUST_00804,38,Male,15,One Year,DSL,Yes,Yes,No,114.24,1695.33,2,Electronic Check,0
CUST_00805,40,Female,16,One Year,No,Yes,No,No,79.48,1235.98,4,Mailed Check,0
CUST_00806,48,Female,9,One Year,Fiber Optic,Yes,No,No,46.99,424.25,2,Electronic Check,0
CUST_00807,37,Female,3,One Year,Fiber Optic,No,No,No,126.71,304.5,2,Electronic Check,1
CUST_00808,63,Male,11,One Year,Fiber Optic,No,Yes,No,82.46,890.66,2,Electronic Check,0
CUST_00809,31,Female,26,Month-to-Month,No,No,No,Yes,60.36,1518.89,3,Mailed Check,1
CUST_00810,42,Male,36,Two Year,DSL,No,Yes,No,66.72,2449.07,2,Bank Transfer,0
CUST_00811,38,Male,18,One Year,No,Yes,Yes,Yes,70.38,1223.85,3,Electronic Check,0
CUST_00812,66,Female,21,Two Year,Fiber Optic,No,No,No,57.9,1187.19,3,Electronic Check,0
CUST_00813,47,Male,5,One Year,DSL,Yes,No,Yes,23.72,132.73,1,Bank Transfer,0
CUST_00814,60,Male,8,Month-to-Month,DSL,Yes,No,Yes,113.8,887.73,0,Electronic Check,0
CUST_00815,22,Male,4,One Year,Fiber Optic,Yes,No,No,64.34,375.35,0,Bank Transfer,1
CUST_00816,49,Male,6,Month-to-Month,Fiber Optic,Yes,No,Yes,70.5,469.56,1,Electronic Check,1
CUST_00817,58,Female,6,One Year,DSL,No,Yes,Yes,127.34,764.93,2,Electronic Check,1
CUST_00818,46,Male,17,Month-to-Month,Fiber Optic,No,No,No,44.5,774.93,1,Bank Transfer,1
CUST_00819,60,Female,19,Two Year,Fiber Optic,Yes,Yes,No,84.66,1490.86,2,Credit Card,0
CUST_00820,37,Male,69,One Year,Fiber Optic,No,No,Yes,41.23,2906.53,1,Bank Transfer,0
CUST_00821,66,Male,5,One Year,No,No,No,No,74.63,398.75,0,Mailed Check,0
CUST_00822,79,Female,24,Month-to-Month,No,Yes,No,No,71.05,1701.43,2,Bank Transfer,0
CUST_00823,39,Male,40,Two Year,Fiber Optic,Yes,No,No,88.72,3577.01,1,Mailed Check,0
CUST_00824,38,Male,19,Two Year,No,No,Yes,No,101.25,1958.05,2,Credit Card,0
CUST_00825,66,Male,7,One Year,DSL,No,No,Yes,47.61,312.48,1,Bank Transfer,0
CUST_00826,68,Male,7,Month-to-Month,DSL,No,No,Yes,107.5,771.51,1,Credit Card,1
CUST_00827,37,Male,1,One Year,DSL,No,No,Yes,109.62,162.06,1,Electronic Check,0
CUST_00828,38,Male,8,Month-to-Month,Fiber Optic,No,Yes,Yes,57.5,482.75,4,Electronic Check,1
CUST_00829,40,Female,32,One Year,Fiber Optic,No,Yes,Yes,64.8,2061.05,3,Electronic Check,0
CUST_00830,24,Female,1,Month-to-Month,Fiber Optic,No,No,Yes,50.17,65.0,0,Bank Transfer,0
CUST_00831,31,Female,5,One Year,DSL,No,No,No,55.84,348.3,1,Bank Transfer,1
CUST_00832,29,Male,29,One Year,DSL,No,No,No,28.9,877.17,3,Electronic Check,0
CUST_00833,33,Male,36,Month-to-Month,No,No,No,No,88.33,3121.59,2,Mailed Check,1
CUST_00834,44,Male,14,Month-to-Month,No,Yes,No,Yes,20.0,309.33,2,Bank Transfer,0
CUST_00835,48,Female,28,Two Year,Fiber Optic,No,No,Yes,44.09,1257.15,4,Bank Transfer,0
CUST_00836,68,Male,11,Month-to-Month,Fiber Optic,No,Yes,No,63.62,757.97,0,Electronic Check,1
CUST_00837,30,Female,4,One Year,Fiber Optic,No,No,Yes,103.99,417.62,3,Credit Card,0
CUST_00838,59,Male,12,Month-to-Month,DSL,Yes,Yes,No,48.64,565.24,1,Electronic Check,0
CUST_00839,41,Male,20,Month-to-Month,Fiber Optic,No,No,No,77.84,1488.3,2,Credit Card,0
CUST_00840,44,Male,70,Month-to-Month,Fiber Optic,No,Yes,No,62.57,4345.2,7,Electronic Check,1
CUST_00841,55,Female,1,One Year,Fiber Optic,No,No,Yes,93.35,153.75,2,Electronic Check,0
CUST_00842,28,Male,16,Month-to-Month,DSL,No,No,Yes,76.27,1230.18,3,Mailed Check,1
CUST_00843,50,Female,9,Two Year,No,No,No,No,89.91,804.17,3,Bank Transfer,0
CUST_00844,47,Male,17,One Year,No,No,Yes,Yes,48.48,888.96,1,Electronic Check,0
CUST_00845,52,Male,1,Month-to-Month,DSL,No,Yes,Yes,34.58,89.06,4,Electronic Check,1
CUST_00846,49,Female,9,One Year,Fiber Optic,No,No,No,76.01,647.34,2,Credit Card,0
CUST_00847,80,Male,41,Month-to-Month,No,Yes,No,Yes,50.37,2125.14,1,Credit Card,0
CUST_00848,35,Male,19,One Year,DSL,Yes,No,No,65.91,1169.36,4,Electronic Check,0
CUST_00849,37,Male,14,Month-to-Month,Fiber Optic,No,Yes,Yes,74.52,1066.23,4,Bank Transfer,1
CUST_00850,35,Male,8,Month-to-Month,Fiber Optic,No,No,Yes,102.26,835.12,1,Electronic Check,0
CUST_00851,36,Female,8,One Year,Fiber Optic,No,No,Yes,88.6,766.27,2,Bank Transfer,0
CUST_00852,35,Female,11,Two Year,No,No,No,Yes,44.57,509.32,1,Electronic Check,0
CUST_00853,62,Male,43,Month-to-Month,DSL,No,No,Yes,30.65,1305.69,0,Electronic Check,1
CUST_00854,66,Male,72,Two Year,DSL,Yes,No,Yes,116.22,8359.67,1,Bank Transfer,0
CUST_00855,36,Female,13,Month-to-Month,DSL,No,No,Yes,20.0,394.66,1,Electronic Check,0
CUST_00856,32,Male,11,Two Year,DSL,Yes,No,Yes,51.42,569.81,2,Mailed Check,0
CUST_00857,52,Female,44,One Year,Fiber Optic,Yes,No,No,84.36,3741.58,3,Credit Card,0
CUST_00858,36,Male,13,Month-to-Month,Fiber Optic,No,Yes,No,114.16,1383.06,3,Bank Transfer,0
CUST_00859,54,Female,19,Month-to-Month,DSL,Yes,No,Yes,59.31,1085.53,0,Electronic Check,0
CUST_00860,48,Female,6,Month-to-Month,Fiber Optic,No,No,Yes,65.82,420.86,1,Electronic Check,0
CUST_00861,22,Female,32,Month-to-Month,Fiber Optic,No,Yes,No,38.75,1159.25,1,Bank Transfer,0
CUST_00862,68,Female,18,Month-to-Month,DSL,No,No,No,68.8,1265.84,3,Credit Card,0
CUST_00863,71,Male,39,One Year,Fiber Optic,Yes,No,No,30.5,1153.06,2,Credit Card,0
CUST_00864,35,Male,36,Two Year,Fiber Optic,No,No,Yes,42.49,1478.0,0,Bank Transfer,0
CUST_00865,39,Female,5,Month-to-Month,Fiber Optic,No,No,No,87.92,403.14,0,Mailed Check,0
CUST_00866,49,Female,30,One Year,DSL,No,No,No,51.99,1636.16,2,Bank Transfer,0
CUST_00867,50,Female,38,One Year,Fiber Optic,No,No,No,92.52,3532.33,2,Electronic Check,1
CUST_00868,54,Female,10,Two Year,No,No,No,Yes,60.39,558.43,1,Credit Card,0
CUST_00869,75,Male,4,One Year,Fiber Optic,No,No,No,23.93,134.51,2,Electronic Check,1
CUST_00870,42,Female,1,One Year,DSL,No,No,Yes,100.05,141.54,1,Bank Transfer,0
CUST_00871,33,Female,14,Month-to-Month,Fiber Optic,No,No,Yes,25.54,338.5,0,Bank Transfer,0
CUST_00872,24,Female,10,Month-to-Month,DSL,No,No,No,46.95,517.42,1,Electronic Check,0
CUST_00873,34,Female,19,Month-to-Month,Fiber Optic,No,Yes,Yes,59.01,1171.51,1,Electronic Check,0
CUST_00874,44,Female,4,Month-to-Month,DSL,No,No,No,95.17,423.27,1,Bank Transfer,0
CUST_00875,71,Female,47,Month-to-Month,DSL,Yes,Yes,No,49.21,2278.97,3,Electronic Check,0
CUST_00876,37,Female,7,One Year,Fiber Optic,No,No,No,37.2,201.44,5,Electronic Check,0
CUST_00877,48,Male,6,Month-to-Month,DSL,Yes,No,Yes,69.88,334.64,0,Mailed Check,1
CUST_00878,44,Female,15,One Year,Fiber Optic,No,No,Yes,58.58,845.94,0,Credit Card,0
CUST_00879,62,Female,16,Month-to-Month,DSL,Yes,No,Yes,50.98,797.26,2,Electronic Check,1
CUST_00880,80,Female,5,Two Year,DSL,No,Yes,No,71.49,343.15,2,Bank Transfer,0
CUST_00881,37,Male,7,Two Year,No,No,Yes,No,28.89,199.88,3,Electronic Check,0
CUST_00882,37,Male,4,Month-to-Month,No,No,No,Yes,20.0,166.65,1,Bank Transfer,1
CUST_00883,60,Male,30,Month-to-Month,DSL,Yes,No,No,129.16,3857.88,4,Credit Card,1
CUST_00884,55,Female,35,One Year,Fiber Optic,No,Yes,No,68.13,2381.96,2,Electronic Check,0
CUST_00885,72,Female,14,Month-to-Month,DSL,Yes,Yes,Yes,70.23,892.28,0,Credit Card,0
CUST_00886,53,Female,30,Month-to-Month,Fiber Optic,No,No,No,41.54,1357.61,4,Credit Card,0
CUST_00887,39,Male,31,Month-to-Month,Fiber Optic,No,Yes,No,91.93,2784.06,3,Bank Transfer,0
CUST_00888,53,Female,3,Two Year,DSL,No,No,No,49.0,111.64,3,Bank Transfer,0
CUST_00889,61,Male,72,Two Year,Fiber Optic,Yes,No,No,20.0,1474.79,0,Credit Card,0
CUST_00890,57,Male,41,One Year,DSL,No,No,Yes,47.99,1979.86,4,Credit Card,0
CUST_00891,52,Male,5,One Year,DSL,No,Yes,No,56.56,364.95,5,Electronic Check,0
CUST_00892,61,Male,4,Two Year,Fiber Optic,No,Yes,No,59.9,275.59,2,Credit Card,0
CUST_00893,62,Male,3,Two Year,Fiber Optic,Yes,No,Yes,59.03,173.02,1,Electronic Check,1
CUST_00894,65,Female,3,Two Year,Fiber Optic,No,No,No,45.65,189.16,3,Credit Card,0
CUST_00895,54,Female,33,Month-to-Month,Fiber Optic,Yes,No,Yes,42.75,1468.96,3,Electronic Check,0
CUST_00896,42,Male,15,Month-to-Month,Fiber Optic,No,No,No,56.06,807.9,4,Bank Transfer,1
CUST_00897,47,Female,36,One Year,Fiber Optic,Yes,Yes,No,20.0,768.15,2,Bank Transfer,0
CUST_00898,63,Female,32,One Year,DSL,No,No,No,20.0,628.89,2,Mailed Check,0
CUST_00899,32,Male,22,Month-to-Month,Fiber Optic,Yes,No,No,67.94,1489.54,2,Bank Transfer,0
CUST_00900,50,Male,27,Month-to-Month,Fiber Optic,No,Yes,Yes,68.44,1855.08,0,Credit Card,1
CUST_00901,39,Female,1,Two Year,Fiber Optic,No,No,Yes,91.38,72.34,3,Electronic Check,0
CUST_00902,45,Female,8,Two Year,Fiber Optic,No,No,No,57.33,436.93,5,Electronic Check,0
CUST_00903,64,Female,24,Month-to-Month,DSL,No,No,No,29.19,749.82,2,Bank Transfer,1
CUST_00904,47,Female,1,Two Year,Fiber Optic,Yes,No,Yes,20.0,-56.45,4,Bank Transfer,0
CUST_00905,45,Male,1,One Year,DSL,Yes,No,No,38.29,-14.79,1,Electronic Check,0
CUST_00906,24,Female,45,Two Year,Fiber Optic,Yes,No,Yes,77.68,3529.14,1,Bank Transfer,0
CUST_00907,56,Male,27,Month-to-Month,Fiber Optic,No,No,No,108.24,2918.93,2,Credit Card,0
CUST_00908,54,Male,7,Month-to-Month,No,No,No,No,66.62,515.93,4,Electronic Check,0
CUST_00909,77,Female,27,Month-to-Month,Fiber Optic,No,No,No,28.59,789.89,1,Bank Transfer,0
CUST_00910,40,Female,37,Month-to-Month,No,Yes,No,No,38.6,1361.6,4,Bank Transfer,0
CUST_00911,48,Female,8,One Year,Fiber Optic,No,Yes,Yes,39.54,319.45,3,Electronic Check,0
CUST_00912,48,Male,1,Month-to-Month,No,No,No,No,52.82,79.55,0,Credit Card,0
CUST_00913,68,Male,64,Two Year,Fiber Optic,No,Yes,No,98.63,6323.82,2,Electronic Check,0
CUST_00914,43,Male,10,Month-to-Month,No,No,No,No,100.97,986.26,1,Bank Transfer,0
CUST_00915,49,Male,2,Month-to-Month,DSL,No,Yes,No,59.83,105.97,4,Electronic Check,1
CUST_00916,54,Female,16,One Year,DSL,No,No,Yes,70.49,1099.87,1,Electronic Check,0
CUST_00917,47,Male,35,One Year,Fiber Optic,Yes,No,No,41.07,1371.3,2,Electronic Check,0
CUST_00918,38,Male,6,Month-to-Month,No,No,No,No,20.0,46.86,2,Electronic Check,0
CUST_00919,47,Female,7,One Year,Fiber Optic,No,No,No,118.65,850.05,3,Credit Card,0
CUST_00920,61,Male,6,One Year,DSL,Yes,No,No,20.0,76.43,5,Mailed Check,0
CUST_00921,29,Male,72,One Year,Fiber Optic,Yes,Yes,No,20.0,1468.78,3,Bank Transfer,0
CUST_00922,46,Female,5,One Year,Fiber Optic,Yes,Yes,Yes,118.89,564.71,1,Credit Card,0
CUST_00923,34,Male,20,Month-to-Month,DSL,No,Yes,No,65.5,1244.31,3,Electronic Check,1
CUST_00924,62,Male,62,One Year,Fiber Optic,Yes,No,Yes,31.22,1915.4,1,Credit Card,0
CUST_00925,22,Male,3,Two Year,No,No,No,No,85.48,361.16,1,Electronic Check,1
CUST_00926,36,Male,72,Month-to-Month,No,Yes,No,Yes,88.19,6345.01,3,Electronic Check,0
CUST_00927,50,Female,70,Month-to-Month,DSL,No,No,Yes,25.02,1783.65,1,Bank Transfer,0
CUST_00928,68,Male,51,Two Year,DSL,No,No,Yes,49.01,2508.19,3,Credit Card,0
CUST_00929,44,Female,5,Month-to-Month,DSL,No,No,Yes,91.29,386.18,0,Electronic Check,0
CUST_00930,36,Male,24,Month-to-Month,DSL,Yes,No,Yes,40.49,1044.28,1,Bank Transfer,0
CUST_00931,73,Female,34,Two Year,DSL,No,No,No,73.46,2485.42,3,Electronic Check,0
CUST_00932,23,Female,72,Month-to-Month,Fiber Optic,No,No,Yes,107.74,7692.07,0,Bank Transfer,0
CUST_00933,18,Female,4,Month-to-Month,DSL,No,Yes,No,20.0,54.39,5,Bank Transfer,0
CUST_00934,51,Male,34,Two Year,No,Yes,Yes,Yes,54.76,1851.61,1,Bank Transfer,0
CUST_00935,37,Male,9,Two Year,No,Yes,Yes,Yes,72.85,693.12,4,Credit Card,0
CUST_00936,29,Male,4,Month-to-Month,DSL,No,No,No,20.0,45.96,0,Credit Card,0
CUST_00937,55,Female,13,One Year,No,Yes,No,Yes,49.11,769.47,1,Electronic Check,0
CUST_00938,48,Male,37,Two Year,Fiber Optic,Yes,No,Yes,96.33,3517.54,1,Mailed Check,0
CUST_00939,36,Male,15,One Year,Fiber Optic,No,No,No,43.87,688.66,0,Bank Transfer,0
CUST_00940,25,Male,18,Month-to-Month,DSL,No,No,Yes,20.47,269.77,5,Credit Card,0
CUST_00941,58,Male,72,Month-to-Month,Fiber Optic,No,No,No,98.92,7116.41,3,Mailed Check,0
CUST_00942,54,Female,12,Month-to-Month,DSL,No,No,Yes,78.34,958.38,3,Electronic Check,0
CUST_00943,43,Female,22,Two Year,Fiber Optic,No,Yes,No,62.93,1328.58,3,Credit Card,0
CUST_00944,72,Male,10,Two Year,DSL,No,No,Yes,62.05,695.43,1,Electronic Check,0
CUST_00945,28,Male,11,Two Year,Fiber Optic,No,No,No,95.85,1076.06,1,Mailed Check,0
CUST_00946,22,Male,28,Two Year,DSL,No,Yes,Yes,73.84,2051.52,4,Electronic Check,1
CUST_00947,34,Female,66,One Year,DSL,Yes,No,Yes,84.37,5589.5,2,Mailed Check,0
CUST_00948,44,Male,18,Month-to-Month,Fiber Optic,Yes,Yes,No,44.22,766.35,1,Electronic Check,1
CUST_00949,48,Female,35,One Year,Fiber Optic,No,No,No,20.0,762.57,2,Bank Transfer,1
CUST_00950,41,Female,2,One Year,Fiber Optic,No,No,Yes,83.66,218.08,1,Mailed Check,0
CUST_00951,50,Male,5,One Year,DSL,No,No,Yes,98.03,508.81,2,Bank Transfer,0
CUST_00952,26,Male,16,Month-to-Month,No,No,No,No,58.26,962.79,2,Electronic Check,0
CUST_00953,66,Male,1,Two Year,Fiber Optic,Yes,No,Yes,91.63,17.77,1,Electronic Check,1
CUST_00954,43,Female,6,Month-to-Month,DSL,Yes,No,No,54.94,403.01,2,Bank Transfer,0
CUST_00955,61,Female,17,Month-to-Month,Fiber Optic,Yes,No,No,62.28,1053.78,1,Electronic Check,0
CUST_00956,50,Male,1,One Year,Fiber Optic,No,No,No,117.57,168.83,2,Bank Transfer,0
CUST_00957,51,Female,7,One Year,DSL,No,No,Yes,56.25,431.27,5,Credit Card,0
CUST_00958,53,Male,17,Month-to-Month,Fiber Optic,No,No,No,54.48,976.7,1,Mailed Check,0
CUST_00959,51,Male,20,Two Year,No,No,No,Yes,20.0,347.61,1,Electronic Check,0
CUST_00960,54,Female,62,Month-to-Month,Fiber Optic,No,No,Yes,85.7,5267.51,3,Mailed Check,0
CUST_00961,64,Female,24,Month-to-Month,DSL,No,Yes,No,43.7,1161.33,4,Mailed Check,0
CUST_00962,47,Female,12,Month-to-Month,No,No,No,No,69.42,757.03,2,Bank Transfer,1
CUST_00963,55,Female,63,One Year,DSL,No,No,Yes,55.55,3444.7,1,Electronic Check,0
CUST_00964,43,Male,36,Two Year,No,No,No,Yes,51.63,1860.71,3,Electronic Check,0
CUST_00965,66,Male,5,Two Year,DSL,No,No,No,61.47,309.59,0,Electronic Check,0
CUST_00966,34,Male,3,Two Year,Fiber Optic,No,Yes,Yes,63.77,164.32,3,Bank Transfer,1
CUST_00967,72,Female,27,Month-to-Month,Fiber Optic,No,Yes,No,100.28,2738.43,4,Bank Transfer,1
CUST_00968,44,Male,19,Month-to-Month,DSL,No,No,No,110.61,2146.62,1,Mailed Check,1
CUST_00969,23,Female,37,One Year,Fiber Optic,No,No,No,84.52,3126.39,3,Mailed Check,0
CUST_00970,46,Female,32,Month-to-Month,Fiber Optic,No,No,Yes,103.15,3287.27,4,Bank Transfer,1
CUST_00971,34,Female,23,Two Year,DSL,Yes,Yes,No,90.62,2083.25,3,Electronic Check,0
CUST_00972,57,Male,72,One Year,Fiber Optic,No,No,No,79.84,5723.5,2,Bank Transfer,0
CUST_00973,35,Female,18,Two Year,Fiber Optic,No,Yes,Yes,108.65,1870.87,2,Credit Card,0
CUST_00974,38,Female,2,Month-to-Month,DSL,Yes,No,No,25.75,66.54,0,Bank Transfer,1
CUST_00975,18,Female,42,Month-to-Month,No,No,Yes,Yes,44.47,1905.87,2,Electronic Check,0
CUST_00976,38,Female,6,One Year,No,No,No,Yes,40.37,234.54,2,Electronic Check,0
CUST_00977,18,Female,36,Month-to-Month,DSL,No,No,No,55.96,1901.25,2,Mailed Check,1
CUST_00978,21,Female,72,One Year,Fiber Optic,No,No,No,85.58,6132.96,3,Electronic Check,0
CUST_00979,56,Female,28,Month-to-Month,DSL,No,No,Yes,31.55,928.6,2,Bank Transfer,1
CUST_00980,56,Female,21,Month-to-Month,Fiber Optic,No,Yes,No,80.08,1609.85,5,Bank Transfer,0
CUST_00981,51,Female,14,Month-to-Month,No,Yes,No,No,47.39,698.23,5,Credit Card,1
CUST_00982,30,Female,10,Month-to-Month,DSL,No,No,No,54.59,523.61,1,Mailed Check,1
CUST_00983,44,Female,10,One Year,No,No,Yes,Yes,71.01,709.19,3,Bank Transfer,0
CUST_00984,44,Female,24,Month-to-Month,Fiber Optic,No,No,Yes,115.44,2736.2,1,Electronic Check,0
CUST_00985,27,Male,33,Month-to-Month,DSL,Yes,No,Yes,43.63,1383.0,2,Electronic Check,1
CUST_00986,67,Male,27,Month-to-Month,No,No,Yes,No,62.6,1761.84,3,Electronic Check,0
CUST_00987,58,Female,5,Month-to-Month,Fiber Optic,No,Yes,Yes,32.65,204.06,1,Electronic Check,1
CUST_00988,41,Female,16,Month-to-Month,Fiber Optic,No,Yes,Yes,43.34,725.7,2,Mailed Check,1
CUST_00989,45,Female,37,Month-to-Month,Fiber Optic,No,No,No,32.38,1243.48,0,Mailed Check,1
CUST_00990,48,Male,15,One Year,DSL,No,No,No,72.34,1110.29,2,Bank Transfer,1
CUST_00991,18,Male,18,One Year,DSL,Yes,Yes,No,77.76,1446.87,2,Electronic Check,0
CUST_00992,41,Male,35,One Year,No,No,No,No,85.61,2963.21,1,Electronic Check,0
CUST_00993,34,Female,25,Two Year,Fiber Optic,No,No,No,42.39,1128.65,1,Bank Transfer,0
CUST_00994,29,Female,12,Month-to-Month,No,Yes,No,No,80.24,1027.28,3,Bank Transfer,0
CUST_00995,40,Female,54,One Year,DSL,No,No,No,68.39,3712.25,1,Electronic Check,0
CUST_00996,71,Female,4,Two Year,Fiber Optic,No,Yes,No,63.27,238.67,3,Credit Card,0
CUST_00997,54,Male,72,Month-to-Month,No,No,No,No,27.76,1937.35,2,Bank Transfer,1
CUST_00998,36,Female,3,One Year,DSL,No,No,Yes,69.6,220.23,2,Electronic Check,0
CUST_00999,53,Male,1,Month-to-Month,DSL,Yes,Yes,Yes,70.55,154.79,1,Electronic Check,1
CUST_01000,65,Male,52,Month-to-Month,Fiber Optic,No,Yes,No,68.05,3480.65,2,Bank Transfer,0
CUST_01001,58,Female,6,One Year,DSL,No,No,No,77.0,512.91,0,Bank Transfer,0
CUST_01002,45,Male,31,Month-to-Month,DSL,No,No,No,85.84,2637.4,1,Credit Card,0
CUST_01003,35,Male,39,Month-to-Month,No,No,No,No,32.06,1231.01,0,Electronic Check,0
CUST_01004,55,Male,47,Month-to-Month,No,Yes,No,No,58.5,2690.69,0,Mailed Check,0
CUST_01005,50,Male,72,Month-to-Month,Fiber Optic,Yes,No,Yes,80.47,5756.43,1,Bank Transfer,1
CUST_01006,58,Female,8,Month-to-Month,Fiber Optic,No,No,No,56.95,487.92,2,Bank Transfer,0
CUST_01007,54,Female,29,One Year,No,No,Yes,Yes,93.78,2758.25,0,Electronic Check,0
CUST_01008,60,Male,2,One Year,Fiber Optic,Yes,Yes,No,67.71,147.2,3,Mailed Check,0
CUST_01009,36,Female,12,One Year,DSL,No,No,No,20.0,214.96,2,Electronic Check,0
CUST_01010,64,Male,45,Month-to-Month,DSL,No,No,No,90.18,4003.05,3,Credit Card,0
CUST_01011,47,Female,10,Two Year,DSL,Yes,Yes,No,61.49,617.96,0,Mailed Check,0
CUST_01012,76,Female,21,One Year,DSL,Yes,Yes,Yes,20.0,401.75,2,Mailed Check,0
CUST_01013,34,Female,16,Month-to-Month,DSL,Yes,Yes,No,57.43,929.46,1,Mailed Check,0
CUST_01014,71,Female,24,Two Year,DSL,No,No,Yes,26.95,630.72,3,Credit Card,0
CUST_01015,47,Female,72,One Year,DSL,No,No,No,87.59,6291.98,1,Bank Transfer,0
CUST_01016,35,Male,1,One Year,DSL,No,Yes,No,63.92,71.87,2,Electronic Check,0
CUST_01017,37,Female,20,Month-to-Month,Fiber Optic,No,Yes,No,37.29,763.36,3,Credit Card,1
CUST_01018,40,Male,47,Month-to-Month,DSL,No,Yes,Yes,89.33,4259.49,4,Credit Card,0
CUST_01019,51,Male,15,Two Year,Fiber Optic,Yes,Yes,Yes,78.76,1164.49,1,Electronic Check,0
CUST_01020,52,Female,1,One Year,DSL,No,No,No,57.93,85.2,0,Electronic Check,1
CUST_01021,36,Male,19,One Year,No,Yes,Yes,No,27.63,615.19,2,Credit Card,0
CUST_01022,44,Female,9,One Year,No,No,No,No,39.73,386.14,2,Mailed Check,0
CUST_01023,77,Male,4,Two Year,Fiber Optic,No,No,No,39.28,215.32,1,Mailed Check,0
CUST_01024,70,Male,45,Month-to-Month,Fiber Optic,Yes,No,No,87.39,3901.74,0,Electronic Check,1
CUST_01025,51,Female,17,One Year,No,No,Yes,No,20.0,303.98,5,Electronic Check,0
CUST_01026,45,Female,64,Month-to-Month,DSL,No,Yes,Yes,63.58,4061.34,3,Bank Transfer,0
CUST_01027,46,Female,39,One Year,No,No,Yes,Yes,57.49,2239.52,0,Electronic Check,1
CUST_01028,54,Female,28,One Year,Fiber Optic,Yes,No,No,96.07,2743.39,5,Electronic Check,0
CUST_01029,29,Male,1,Month-to-Month,Fiber Optic,Yes,No,Yes,71.98,35.5,3,Electronic Check,0
CUST_01030,41,Female,13,One Year,DSL,No,Yes,Yes,81.06,1049.3,1,Electronic Check,0
CUST_01031,19,Male,5,Month-to-Month,Fiber Optic,No,No,Yes,49.24,299.94,1,Electronic Check,1
CUST_01032,50,Male,58,Month-to-Month,Fiber Optic,Yes,Yes,Yes,28.07,1638.84,2,Credit Card,0
CUST_01033,54,Male,4,Month-to-Month,Fiber Optic,No,Yes,No,55.24,220.4,4,Electronic Check,1
CUST_01034,37,Male,8,Month-to-Month,Fiber Optic,No,No,Yes,88.31,718.44,1,Bank Transfer,1
CUST_01035,68,Male,17,Month-to-Month,DSL,No,Yes,Yes,88.25,1443.82,0,Electronic Check,0
CUST_01036,26,Male,7,Month-to-Month,DSL,Yes,No,No,52.08,307.39,0,Bank Transfer,0
CUST_01037,23,Female,5,One Year,Fiber Optic,No,No,No,39.18,116.48,3,Mailed Check,0
CUST_01038,48,Male,21,One Year,DSL,Yes,No,No,33.3,709.63,1,Mailed Check,0
CUST_01039,60,Male,2,One Year,DSL,No,No,Yes,60.9,167.75,4,Credit Card,0
CUST_01040,70,Male,1,Month-to-Month,DSL,No,No,Yes,69.1,107.38,1,Electronic Check,1
CUST_01041,38,Female,11,Two Year,DSL,Yes,No,Yes,109.2,1258.33,3,Bank Transfer,0
CUST_01042,61,Female,30,One Year,Fiber Optic,No,No,Yes,68.7,2133.71,2,Credit Card,0
CUST_01043,44,Male,19,Month-to-Month,DSL,Yes,Yes,Yes,83.41,1592.08,1,Bank Transfer,0
CUST_01044,42,Female,13,Two Year,No,No,No,No,41.59,537.39,0,Credit Card,0
CUST_01045,58,Male,20,Month-to-Month,Fiber Optic,Yes,No,No,66.25,1398.82,1,Electronic Check,1
CUST_01046,54,Female,10,One Year,Fiber Optic,Yes,No,No,69.2,656.97,0,Credit Card,0
CUST_01047,21,Male,66,Month-to-Month,DSL,No,No,No,60.78,3952.82,3,Bank Transfer,1
CUST_01048,67,Female,1,Month-to-Month,Fiber Optic,No,Yes,No,64.35,47.4,1,Electronic Check,1
CUST_01049,65,Female,26,Two Year,Fiber Optic,Yes,Yes,No,68.79,1765.66,1,Mailed Check,0
CUST_01050,35,Female,53,Month-to-Month,No,Yes,Yes,No,79.43,4212.26,1,Bank Transfer,1
CUST_01051,50,Male,39,Month-to-Month,Fiber Optic,Yes,No,No,100.07,3860.37,0,Electronic Check,0
CUST_01052,52,Male,4,Two Year,Fiber Optic,No,No,Yes,20.0,98.49,2,Bank Transfer,0
CUST_01053,48,Male,8,Two Year,No,No,No,Yes,98.41,758.84,2,Electronic Check,0
CUST_01054,36,Female,30,One Year,DSL,No,No,No,20.0,661.41,2,Credit Card,0
CUST_01055,34,Female,2,Month-to-Month,DSL,No,No,Yes,74.26,88.8,0,Bank Transfer,1
CUST_01056,44,Male,40,Month-to-Month,Fiber Optic,Yes,No,No,135.67,5419.78,4,Electronic Check,1
CUST_01057,62,Female,30,One Year,DSL,No,No,No,63.72,1894.97,4,Electronic Check,1
CUST_01058,53,Male,31,Month-to-Month,DSL,Yes,Yes,No,70.4,2193.96,2,Credit Card,0
CUST_01059,39,Male,2,Month-to-Month,Fiber Optic,No,No,Yes,55.69,157.72,2,Electronic Check,0
CUST_01060,56,Male,30,One Year,DSL,No,Yes,No,85.02,2563.85,3,Electronic Check,0
CUST_01061,18,Male,27,Month-to-Month,Fiber Optic,No,Yes,No,75.87,2041.96,2,Bank Transfer,0
CUST_01062,62,Female,42,Month-to-Month,No,Yes,No,No,44.72,1912.74,1,Electronic Check,0
CUST_01063,18,Female,1,Month-to-Month,DSL,Yes,No,Yes,61.57,103.72,0,Electronic Check,1
CUST_01064,39,Female,1,Month-to-Month,DSL,No,No,No,31.45,44.91,4,Bank Transfer,1
CUST_01065,28,Male,11,Month-to-Month,DSL,No,No,No,61.43,695.13,1,Electronic Check,1
CUST_01066,25,Female,3,Month-to-Month,DSL,Yes,No,No,52.42,189.59,2,Electronic Check,1
CUST_01067,62,Male,19,Month-to-Month,DSL,Yes,Yes,No,69.1,1230.63,2,Bank Transfer,0
CUST_01068,37,Male,59,One Year,DSL,No,No,No,43.7,2560.91,2,Credit Card,0
CUST_01069,50,Male,11,Two Year,Fiber Optic,No,No,Yes,58.57,663.05,2,Credit Card,0
CUST_01070,44,Male,44,Month-to-Month,DSL,No,Yes,No,65.26,2857.0,2,Mailed Check,1
CUST_01071,52,Male,1,One Year,Fiber Optic,Yes,No,Yes,67.35,52.95,3,Mailed Check,0
CUST_01072,46,Male,4,Month-to-Month,No,No,Yes,No,73.23,311.66,2,Credit Card,0
CUST_01073,25,Female,1,Month-to-Month,Fiber Optic,Yes,Yes,Yes,59.77,79.66,1,Bank Transfer,0
CUST_01074,59,Female,9,Month-to-Month,Fiber Optic,No,Yes,No,41.4,395.95,4,Bank Transfer,0
CUST_01075,37,Female,57,One Year,DSL,Yes,Yes,No,67.46,3805.73,4,Credit Card,0
CUST_01076,21,Female,2,One Year,Fiber Optic,Yes,No,No,59.63,48.38,1,Bank Transfer,0
CUST_01077,38,Male,22,One Year,DSL,Yes,No,No,95.74,2146.49,1,Credit Card,0
CUST_01078,67,Male,14,Month-to-Month,DSL,No,No,No,99.52,1356.19,3,Credit Card,1
CUST_01079,57,Female,66,Month-to-Month,No,No,No,Yes,23.84,1532.7,5,Bank Transfer,1
CUST_01080,39,Female,3,One Year,DSL,No,No,No,83.51,205.46,3,Credit Card,0
CUST_01081,39,Female,5,Month-to-Month,DSL,No,Yes,No,89.53,505.21,2,Electronic Check,1
CUST_01082,40,Female,1,One Year,No,No,No,No,24.63,35.23,2,Bank Transfer,1
CUST_01083,76,Female,13,One Year,No,No,Yes,No,82.38,1088.12,4,Electronic Check,1
CUST_01084,50,Female,7,One Year,DSL,No,No,Yes,91.88,677.63,1,Credit Card,0
CUST_01085,51,Female,48,Two Year,DSL,No,No,No,36.51,1750.39,1,Electronic Check,1
CUST_01086,60,Female,22,Two Year,Fiber Optic,Yes,No,No,57.91,1324.65,2,Credit Card,0
CUST_01087,48,Male,22,One Year,Fiber Optic,No,No,Yes,70.59,1493.13,4,Electronic Check,0
CUST_01088,41,Male,18,One Year,DSL,Yes,No,Yes,82.11,1423.77,0,Bank Transfer,0
CUST_01089,42,Male,2,Month-to-Month,Fiber Optic,No,Yes,No,35.35,13.66,2,Electronic Check,0
CUST_01090,43,Male,14,Two Year,No,No,Yes,Yes,99.71,1417.03,2,Bank Transfer,0
CUST_01091,44,Female,72,Month-to-Month,DSL,No,No,No,20.0,1465.32,3,Mailed Check,0
CUST_01092,55,Male,43,Month-to-Month,No,No,No,No,104.71,4479.0,3,Credit Card,1
CUST_01093,45,Female,53,Month-to-Month,No,Yes,No,No,81.51,4308.3,2,Bank Transfer,0
CUST_01094,55,Male,41,Month-to-Month,DSL,No,No,No,46.35,1963.62,0,Bank Transfer,0
CUST_01095,43,Female,2,One Year,Fiber Optic,No,No,No,90.93,147.14,3,Electronic Check,0
CUST_01096,46,Female,6,One Year,DSL,Yes,No,Yes,33.57,216.17,4,Electronic Check,0
CUST_01097,18,Male,1,Month-to-Month,Fiber Optic,No,No,No,68.45,34.16,4,Credit Card,1
CUST_01098,58,Male,8,Month-to-Month,Fiber Optic,Yes,Yes,No,72.16,632.04,4,Electronic Check,1
CUST_01099,50,Female,2,Two Year,DSL,No,No,Yes,72.08,175.59,0,Credit Card,0
CUST_01100,59,Female,15,One Year,Fiber Optic,No,No,No,39.81,527.18,2,Electronic Check,0
CUST_01101,18,Female,27,Two Year,No,No,No,No,50.12,1340.14,1,Electronic Check,0
CUST_01102,76,Male,49,Month-to-Month,DSL,Yes,Yes,Yes,68.8,3267.36,3,Credit Card,0
CUST_01103,42,Male,33,One Year,DSL,Yes,No,No,43.2,1470.55,5,Credit Card,0
CUST_01104,61,Female,66,Month-to-Month,DSL,Yes,No,No,73.14,4929.84,0,Electronic Check,0
CUST_01105,29,Male,1,Month-to-Month,Fiber Optic,Yes,No,No,46.58,-62.45,1,Mailed Check,0
CUST_01106,54,Female,1,Month-to-Month,No,No,No,No,95.0,23.65,2,Credit Card,0
CUST_01107,29,Male,25,Month-to-Month,No,No,No,No,111.88,2805.38,3,Electronic Check,0
CUST_01108,35,Male,8,Month-to-Month,Fiber Optic,No,No,No,56.08,447.69,1,Electronic Check,0
CUST_01109,73,Male,7,Two Year,Fiber Optic,No,Yes,Yes,92.61,627.71,3,Bank Transfer,0
CUST_01110,42,Male,9,Month-to-Month,DSL,Yes,Yes,No,58.63,440.8,2,Electronic Check,1
CUST_01111,48,Male,7,Month-to-Month,DSL,No,Yes,No,36.91,274.52,3,Mailed Check,0
CUST_01112,58,Female,17,Month-to-Month,Fiber Optic,Yes,No,No,52.23,932.26,2,Mailed Check,0
CUST_01113,52,Female,13,Month-to-Month,Fiber Optic,No,No,No,67.57,1020.72,2,Credit Card,1
CUST_01114,47,Male,17,One Year,Fiber Optic,Yes,Yes,Yes,20.0,405.36,5,Credit Card,0
CUST_01115,50,Female,26,Month-to-Month,No,No,No,Yes,83.77,2113.08,1,Mailed Check,0
CUST_01116,80,Female,11,One Year,Fiber Optic,Yes,No,No,67.58,742.79,2,Mailed Check,0
CUST_01117,44,Male,6,Month-to-Month,Fiber Optic,No,No,No,95.02,599.7,1,Bank Transfer,0
CUST_01118,48,Female,4,One Year,DSL,No,No,No,83.24,298.56,3,Electronic Check,0
CUST_01119,60,Male,10,One Year,No,No,No,No,68.6,724.99,1,Credit Card,0
CUST_01120,61,Female,32,Two Year,Fiber Optic,No,Yes,Yes,54.32,1773.57,3,Electronic Check,0
CUST_01121,62,Female,33,Two Year,No,No,No,Yes,110.69,3714.5,4,Electronic Check,0
CUST_01122,54,Female,26,One Year,Fiber Optic,No,Yes,Yes,130.1,3422.61,5,Bank Transfer,0
CUST_01123,27,Female,6,Month-to-Month,Fiber Optic,No,No,No,54.83,343.21,3,Electronic Check,1
CUST_01124,69,Female,21,One Year,Fiber Optic,Yes,Yes,Yes,96.27,1989.75,2,Electronic Check,0
CUST_01125,27,Female,20,One Year,DSL,No,Yes,No,43.8,811.3,1,Electronic Check,0
CUST_01126,49,Female,15,Two Year,Fiber Optic,No,Yes,No,47.37,721.49,1,Mailed Check,0
CUST_01127,33,Male,19,Month-to-Month,No,No,No,No,53.41,994.65,2,Credit Card,0
CUST_01128,44,Male,16,Month-to-Month,DSL,No,No,No,85.54,1353.29,2,Bank Transfer,0
CUST_01129,49,Male,20,One Year,DSL,No,Yes,No,32.75,711.14,3,Electronic Check,0
CUST_01130,49,Male,30,Month-to-Month,Fiber Optic,Yes,Yes,No,111.5,3413.41,1,Electronic Check,1
CUST_01131,51,Female,2,Month-to-Month,DSL,Yes,No,No,93.14,124.5,1,Mailed Check,0
CUST_01132,69,Female,33,Month-to-Month,Fiber Optic,No,Yes,No,84.85,2789.38,2,Bank Transfer,0
CUST_01133,51,Female,3,One Year,Fiber Optic,No,Yes,No,56.19,146.9,0,Bank Transfer,1
CUST_01134,41,Male,1,Two Year,DSL,Yes,No,No,89.88,105.63,1,Credit Card,0
CUST_01135,59,Male,72,Month-to-Month,No,Yes,No,No,20.0,1326.69,2,Electronic Check,1
CUST_01136,62,Male,72,Month-to-Month,Fiber Optic,No,Yes,No,78.23,5559.31,2,Bank Transfer,1
CUST_01137,26,Female,1,Month-to-Month,No,Yes,No,No,69.8,63.93,4,Bank Transfer,1
CUST_01138,53,Male,14,Month-to-Month,Fiber Optic,No,No,No,20.0,319.31,1,Credit Card,0
CUST_01139,55,Female,4,One Year,No,Yes,No,No,77.19,312.51,4,Electronic Check,0
CUST_01140,40,Male,15,One Year,DSL,Yes,Yes,No,82.73,1274.48,1,Electronic Check,0
CUST_01141,65,Female,42,Month-to-Month,DSL,No,No,No,20.0,849.87,2,Electronic Check,0
CUST_01142,42,Male,72,One Year,DSL,No,Yes,Yes,29.4,2180.39,3,Mailed Check,0
CUST_01143,46,Female,24,One Year,Fiber Optic,No,No,No,126.93,3120.65,4,Mailed Check,0
CUST_01144,42,Male,10,Month-to-Month,No,No,Yes,Yes,59.41,556.07,0,Credit Card,0
CUST_01145,45,Male,22,Month-to-Month,Fiber Optic,Yes,No,Yes,94.27,2118.1,4,Credit Card,0
CUST_01146,28,Female,8,Two Year,No,No,No,No,98.8,815.84,3,Electronic Check,0
CUST_01147,23,Female,57,Month-to-Month,DSL,No,No,Yes,76.82,4503.87,5,Bank Transfer,0
CUST_01148,68,Male,49,One Year,DSL,No,Yes,Yes,95.52,4640.45,2,Electronic Check,1
CUST_01149,32,Female,19,Month-to-Month,No,No,No,Yes,20.0,374.16,3,Credit Card,0
CUST_01150,30,Male,9,One Year,Fiber Optic,No,No,Yes,58.08,471.14,2,Electronic Check,0
CUST_01151,18,Female,8,One Year,Fiber Optic,No,Yes,No,20.0,111.35,2,Credit Card,0
CUST_01152,35,Male,1,One Year,DSL,No,No,Yes,20.0,39.28,1,Mailed Check,0
CUST_01153,25,Female,40,Two Year,No,No,Yes,No,48.62,1955.06,2,Electronic Check,0
CUST_01154,69,Male,14,Two Year,Fiber Optic,No,No,Yes,45.04,657.61,0,Bank Transfer,0
CUST_01155,60,Male,9,One Year,Fiber Optic,Yes,No,No,66.24,622.17,1,Electronic Check,0
CUST_01156,34,Male,15,Month-to-Month,DSL,No,Yes,Yes,64.38,953.93,2,Electronic Check,0
CUST_01157,78,Female,40,Month-to-Month,Fiber Optic,Yes,Yes,Yes,69.01,2748.36,0,Bank Transfer,0
CUST_01158,59,Male,3,One Year,No,Yes,Yes,Yes,70.24,162.18,3,Bank Transfer,0
CUST_01159,40,Female,46,One Year,No,No,No,No,74.99,3414.38,0,Credit Card,0
CUST_01160,18,Female,54,Month-to-Month,DSL,No,No,No,36.23,1953.51,2,Mailed Check,0
CUST_01161,79,Female,70,Month-to-Month,DSL,No,Yes,No,43.26,3037.79,4,Bank Transfer,1
CUST_01162,24,Male,12,One Year,Fiber Optic,No,No,No,63.89,802.26,2,Credit Card,0
CUST_01163,20,Female,5,Month-to-Month,DSL,No,Yes,No,64.36,352.24,0,Credit Card,1
CUST_01164,60,Female,11,Month-to-Month,Fiber Optic,Yes,No,No,32.54,435.82,0,Electronic Check,0
CUST_01165,80,Female,9,One Year,DSL,Yes,No,Yes,97.45,828.39,2,Electronic Check,0
CUST_01166,65,Male,4,One Year,DSL,No,No,No,86.74,335.35,2,Electronic Check,0
CUST_01167,53,Female,22,Month-to-Month,Fiber Optic,No,Yes,Yes,39.21,818.32,1,Bank Transfer,0
CUST_01168,53,Female,15,Month-to-Month,Fiber Optic,No,No,No,58.75,945.1,0,Credit Card,0
CUST_01169,57,Female,48,Month-to-Month,Fiber Optic,Yes,No,Yes,125.29,5988.61,5,Credit Card,0
CUST_01170,56,Female,1,Month-to-Month,No,Yes,No,No,69.82,127.57,3,Credit Card,0
CUST_01171,49,Male,24,One Year,DSL,Yes,No,No,76.87,1917.53,0,Electronic Check,0
CUST_01172,46,Male,34,One Year,Fiber Optic,No,No,No,46.73,1609.56,2,Electronic Check,0
CUST_01173,44,Female,34,Month-to-Month,DSL,Yes,No,No,55.61,1905.28,2,Electronic Check,0
CUST_01174,33,Female,52,Month-to-Month,Fiber Optic,No,No,No,110.34,5739.6,0,Bank Transfer,0
CUST_01175,40,Female,31,Month-to-Month,DSL,No,No,Yes,68.4,2104.51,2,Electronic Check,1
CUST_01176,19,Female,63,Two Year,DSL,No,No,No,62.87,3939.08,4,Electronic Check,1
CUST_01177,43,Male,9,Month-to-Month,DSL,Yes,No,No,65.23,579.69,6,Electronic Check,1
CUST_01178,30,Male,16,Two Year,DSL,Yes,No,Yes,141.36,2353.0,2,Electronic Check,0
CUST_01179,28,Male,1,Two Year,No,No,No,No,66.19,14.1,1,Electronic Check,1
CUST_01180,47,Male,1,One Year,Fiber Optic,No,Yes,Yes,40.1,50.33,3,Credit Card,0
CUST_01181,65,Female,6,One Year,No,No,Yes,Yes,45.34,307.6,3,Electronic Check,0
CUST_01182,58,Female,2,Month-to-Month,Fiber Optic,No,No,No,88.42,162.63,2,Credit Card,1
CUST_01183,21,Male,7,One Year,DSL,No,Yes,No,22.15,175.82,0,Credit Card,0
CUST_01184,30,Male,4,Month-to-Month,DSL,Yes,No,No,78.52,238.84,3,Mailed Check,0
CUST_01185,59,Female,1,Two Year,DSL,Yes,No,No,43.29,109.54,1,Credit Card,0
CUST_01186,30,Female,57,Month-to-Month,DSL,No,No,Yes,20.0,1196.56,0,Electronic Check,0
CUST_01187,41,Female,1,One Year,Fiber Optic,No,No,No,35.6,30.68,1,Credit Card,0
CUST_01188,53,Female,31,Month-to-Month,Fiber Optic,Yes,No,Yes,65.83,1996.61,2,Credit Card,1
CUST_01189,30,Female,3,Two Year,DSL,No,No,No,106.86,360.21,3,Credit Card,0
CUST_01190,46,Male,58,Month-to-Month,DSL,No,Yes,Yes,92.4,5301.79,4,Electronic Check,0
CUST_01191,24,Male,53,One Year,DSL,No,No,Yes,56.19,2927.8,2,Credit Card,0
CUST_01192,35,Female,25,Month-to-Month,DSL,Yes,No,No,94.17,2351.46,1,Credit Card,1
CUST_01193,49,Female,26,Month-to-Month,DSL,Yes,Yes,No,54.3,1487.61,5,Credit Card,0
CUST_01194,21,Male,1,One Year,Fiber Optic,No,No,No,21.0,53.03,1,Electronic Check,0
CUST_01195,51,Female,72,Two Year,DSL,No,Yes,Yes,65.63,4693.2,3,Electronic Check,0
CUST_01196,44,Male,50,Month-to-Month,Fiber Optic,No,No,No,20.0,915.9,2,Electronic Check,0
CUST_01197,53,Male,54,Two Year,DSL,No,No,No,88.74,4794.16,2,Bank Transfer,0
CUST_01198,48,Male,25,One Year,DSL,No,No,No,89.18,2241.98,4,Electronic Check,0
CUST_01199,65,Male,10,Two Year,No,No,No,Yes,38.6,382.37,1,Credit Card,0
CUST_01200,46,Female,53,Month-to-Month,Fiber Optic,Yes,No,Yes,69.37,3766.82,1,Mailed Check,0
CUST_01201,38,Female,8,Month-to-Month,DSL,No,Yes,No,69.08,546.06,2,Electronic Check,1
CUST_01202,46,Male,19,Two Year,No,No,Yes,Yes,91.16,1617.91,1,Bank Transfer,0
CUST_01203,53,Female,2,Month-to-Month,DSL,No,Yes,No,27.65,34.94,1,Bank Transfer,0
CUST_01204,45,Female,61,One Year,DSL,No,No,No,82.98,5084.79,4,Electronic Check,0
CUST_01205,45,Female,3,Month-to-Month,Fiber Optic,No,Yes,No,25.5,95.84,0,Electronic Check,1
CUST_01206,34,Female,6,Month-to-Month,Fiber Optic,No,No,No,88.32,521.06,4,Mailed Check,1
CUST_01207,35,Male,19,One Year,DSL,Yes,No,No,96.88,1823.63,1,Bank Transfer,0
CUST_01208,23,Female,34,One Year,DSL,Yes,No,Yes,44.91,1427.04,1,Bank Transfer,0
CUST_01209,71,Male,23,One Year,No,Yes,No,Yes,101.57,2340.49,1,Electronic Check,0
CUST_01210,26,Male,6,Month-to-Month,DSL,Yes,Yes,No,20.0,103.07,1,Electronic Check,1
CUST_01211,34,Female,1,Month-to-Month,DSL,No,No,Yes,97.99,110.45,2,Mailed Check,1
CUST_01212,34,Male,33,Month-to-Month,Fiber Optic,No,No,Yes,108.15,3593.64,3,Mailed Check,0
CUST_01213,58,Female,72,Month-to-Month,No,No,No,Yes,75.37,5489.01,3,Bank Transfer,1
CUST_01214,40,Female,39,Two Year,DSL,No,No,No,59.13,2258.46,1,Bank Transfer,1
CUST_01215,63,Male,14,One Year,Fiber Optic,No,No,No,74.37,976.52,4,Electronic Check,1
CUST_01216,34,Female,56,Month-to-Month,Fiber Optic,No,No,No,46.89,2596.99,4,Electronic Check,1
CUST_01217,49,Male,12,Two Year,Fiber Optic,Yes,No,Yes,143.74,1688.09,2,Electronic Check,0
CUST_01218,32,Male,17,Month-to-Month,Fiber Optic,No,Yes,Yes,47.4,764.6,3,Bank Transfer,0
CUST_01219,77,Female,15,One Year,No,Yes,No,Yes,104.52,1640.08,2,Mailed Check,0
CUST_01220,27,Female,14,Month-to-Month,DSL,No,No,Yes,42.76,606.11,5,Electronic Check,1
CUST_01221,49,Female,35,One Year,DSL,No,Yes,Yes,112.9,4050.27,1,Electronic Check,0
CUST_01222,54,Male,17,Month-to-Month,No,No,No,No,125.37,2131.13,1,Electronic Check,0
CUST_01223,51,Female,9,Month-to-Month,Fiber Optic,Yes,No,No,76.58,630.62,3,Credit Card,1
CUST_01224,42,Male,7,Month-to-Month,Fiber Optic,Yes,No,Yes,73.6,474.79,2,Mailed Check,0
CUST_01225,43,Male,1,Month-to-Month,Fiber Optic,No,Yes,No,36.3,87.53,1,Bank Transfer,1
CUST_01226,45,Female,21,Month-to-Month,Fiber Optic,No,No,No,32.73,630.64,0,Credit Card,1
CUST_01227,42,Female,6,Month-to-Month,Fiber Optic,Yes,Yes,No,73.94,471.52,2,Electronic Check,0
CUST_01228,59,Female,3,Month-to-Month,No,No,No,Yes,108.75,308.4,2,Mailed Check,1
CUST_01229,78,Male,25,One Year,Fiber Optic,Yes,Yes,No,48.55,1167.36,5,Mailed Check,0
CUST_01230,36,Female,27,Month-to-Month,DSL,No,Yes,No,131.24,3612.75,4,Credit Card,0
CUST_01231,24,Male,33,One Year,Fiber Optic,No,Yes,Yes,46.7,1511.53,3,Credit Card,0
CUST_01232,43,Female,16,Month-to-Month,Fiber Optic,No,No,No,71.88,1108.73,3,Bank Transfer,0
CUST_01233,80,Female,53,Two Year,Fiber Optic,No,No,No,71.96,3809.96,5,Bank Transfer,0
CUST_01234,32,Male,66,Two Year,Fiber Optic,Yes,Yes,No,61.95,4063.55,1,Credit Card,0
CUST_01235,69,Male,39,Month-to-Month,DSL,Yes,Yes,No,20.0,890.75,3,Credit Card,0
CUST_01236,70,Female,24,One Year,Fiber Optic,No,No,No,46.43,1167.29,1,Credit Card,0
CUST_01237,36,Female,8,Month-to-Month,Fiber Optic,Yes,No,No,70.99,538.38,4,Electronic Check,1
CUST_01238,53,Female,72,Two Year,Fiber Optic,No,No,No,62.12,4448.91,5,Mailed Check,0
CUST_01239,69,Female,7,One Year,Fiber Optic,No,No,Yes,84.09,487.63,2,Bank Transfer,0
CUST_01240,39,Female,5,Month-to-Month,DSL,No,No,Yes,87.71,445.4,2,Electronic Check,1
CUST_01241,41,Male,14,Month-to-Month,Fiber Optic,No,Yes,Yes,57.8,771.81,3,Bank Transfer,0
CUST_01242,36,Male,1,Month-to-Month,Fiber Optic,No,No,No,36.13,40.53,2,Electronic Check,1
CUST_01243,29,Male,72,Month-to-Month,Fiber Optic,No,No,Yes,111.45,7926.05,3,Bank Transfer,0
CUST_01244,35,Male,21,One Year,Fiber Optic,No,No,No,24.34,509.72,1,Credit Card,0
CUST_01245,26,Female,19,Month-to-Month,Fiber Optic,No,No,Yes,47.14,980.61,1,Mailed Check,0
CUST_01246,45,Male,25,Month-to-Month,DSL,No,No,No,39.5,990.24,1,Bank Transfer,0
CUST_01247,33,Male,16,Month-to-Month,Fiber Optic,No,No,No,87.39,1359.57,3,Mailed Check,1
CUST_01248,48,Male,1,Month-to-Month,DSL,No,No,Yes,104.51,103.49,0,Bank Transfer,0
CUST_01249,21,Female,22,Month-to-Month,Fiber Optic,No,Yes,No,59.79,1312.15,4,Mailed Check,1
CUST_01250,49,Male,30,Two Year,DSL,No,No,No,71.89,2266.39,2,Mailed Check,0
CUST_01251,57,Female,12,Month-to-Month,DSL,No,No,Yes,77.86,917.72,2,Credit Card,0
CUST_01252,18,Male,33,One Year,Fiber Optic,No,No,No,119.12,3870.8,3,Electronic Check,0
CUST_01253,50,Female,6,Month-to-Month,Fiber Optic,No,Yes,No,20.0,121.07,0,Bank Transfer,0
CUST_01254,63,Male,6,Month-to-Month,Fiber Optic,No,No,No,87.33,533.74,3,Electronic Check,0
CUST_01255,26,Female,4,One Year,Fiber Optic,No,No,Yes,76.3,333.3,2,Bank Transfer,0
CUST_01256,70,Male,11,Month-to-Month,Fiber Optic,No,Yes,No,53.87,630.41,1,Credit Card,0
CUST_01257,51,Female,45,Month-to-Month,Fiber Optic,Yes,No,No,74.79,3463.18,3,Electronic Check,0
CUST_01258,34,Female,42,One Year,Fiber Optic,No,No,No,87.22,3633.66,3,Mailed Check,0
CUST_01259,44,Male,11,Month-to-Month,Fiber Optic,Yes,No,No,82.49,873.12,3,Credit Card,0
CUST_01260,53,Female,21,Month-to-Month,Fiber Optic,No,No,No,129.76,2632.15,2,Electronic Check,0
CUST_01261,46,Female,30,One Year,Fiber Optic,No,Yes,Yes,68.82,2097.82,3,Mailed Check,0
CUST_01262,53,Male,6,One Year,No,No,No,Yes,65.81,350.48,1,Electronic Check,0
CUST_01263,31,Male,4,Month-to-Month,DSL,No,No,Yes,59.56,282.83,1,Electronic Check,1
CUST_01264,47,Female,72,Month-to-Month,No,Yes,No,No,81.59,5849.85,3,Bank Transfer,0
CUST_01265,23,Male,23,Month-to-Month,DSL,No,Yes,Yes,64.04,1559.18,0,Credit Card,0
CUST_01266,43,Male,72,Month-to-Month,DSL,No,Yes,Yes,65.4,4636.86,1,Bank Transfer,1
CUST_01267,31,Male,9,One Year,DSL,Yes,Yes,Yes,65.53,640.96,1,Credit Card,0
CUST_01268,33,Female,29,Two Year,Fiber Optic,No,No,No,60.96,1813.08,2,Bank Transfer,0
CUST_01269,63,Female,6,Two Year,DSL,No,Yes,No,46.74,306.77,3,Credit Card,0
CUST_01270,61,Female,7,Month-to-Month,No,Yes,Yes,No,77.54,486.94,3,Credit Card,0
CUST_01271,54,Female,17,Month-to-Month,No,No,No,No,56.45,986.18,4,Electronic Check,1
CUST_01272,28,Female,9,One Year,Fiber Optic,No,No,No,83.41,757.04,2,Mailed Check,0
CUST_01273,40,Female,4,Month-to-Month,Fiber Optic,Yes,Yes,Yes,68.32,181.78,3,Electronic Check,0
CUST_01274,63,Female,7,One Year,No,No,Yes,Yes,53.4,451.73,2,Mailed Check,0
CUST_01275,47,Male,1,One Year,No,No,Yes,Yes,111.94,94.66,6,Mailed Check,0
CUST_01276,79,Female,29,Two Year,Fiber Optic,No,No,No,61.93,1870.05,5,Bank Transfer,0
CUST_01277,50,Female,16,Month-to-Month,Fiber Optic,No,Yes,No,83.68,1335.57,0,Mailed Check,1
CUST_01278,47,Male,2,Month-to-Month,Fiber Optic,Yes,No,Yes,44.0,137.12,1,Electronic Check,0
CUST_01279,40,Male,4,Two Year,Fiber Optic,No,Yes,Yes,20.0,37.02,0,Electronic Check,0
CUST_01280,47,Male,2,One Year,DSL,Yes,Yes,No,47.99,106.7,0,Electronic Check,0
CUST_01281,42,Female,22,Two Year,Fiber Optic,No,No,Yes,20.0,447.2,2,Electronic Check,0
CUST_01282,55,Male,2,Month-to-Month,DSL,No,Yes,No,57.89,99.61,1,Mailed Check,1
CUST_01283,59,Female,33,One Year,DSL,No,Yes,Yes,109.06,3555.5,1,Mailed Check,0
CUST_01284,33,Female,1,One Year,Fiber Optic,No,No,No,37.84,-115.5,0,Electronic Check,1
CUST_01285,25,Female,6,Month-to-Month,No,No,No,No,20.0,77.71,4,Credit Card,1
CUST_01286,18,Male,53,One Year,No,No,No,No,110.01,5865.43,3,Bank Transfer,0
CUST_01287,52,Male,30,One Year,Fiber Optic,No,Yes,Yes,50.74,1452.42,1,Electronic Check,0
CUST_01288,28,Female,1,Month-to-Month,Fiber Optic,No,No,Yes,64.53,5.12,2,Bank Transfer,0
CUST_01289,18,Female,41,Month-to-Month,DSL,No,No,No,88.65,3562.84,2,Credit Card,1
CUST_01290,50,Female,16,One Year,Fiber Optic,No,No,No,80.7,1301.57,3,Electronic Check,0
CUST_01291,80,Male,45,Month-to-Month,DSL,No,No,No,87.52,3893.52,1,Electronic Check,1
CUST_01292,44,Female,22,Two Year,DSL,Yes,No,No,92.01,2085.3,0,Credit Card,0
CUST_01293,57,Male,27,Month-to-Month,Fiber Optic,Yes,Yes,Yes,20.0,576.73,1,Electronic Check,0
CUST_01294,46,Female,72,Month-to-Month,DSL,No,Yes,No,22.57,1635.02,1,Electronic Check,0
CUST_01295,43,Male,6,Two Year,DSL,No,Yes,No,100.14,616.01,0,Mailed Check,0
CUST_01296,58,Female,23,Two Year,No,No,No,No,41.55,917.45,3,Mailed Check,0
CUST_01297,40,Male,14,Month-to-Month,DSL,No,No,No,44.82,589.35,4,Electronic Check,0
CUST_01298,49,Male,1,One Year,DSL,Yes,No,Yes,27.11,62.67,2,Electronic Check,0
CUST_01299,49,Male,1,Month-to-Month,DSL,Yes,Yes,No,52.85,98.52,1,Mailed Check,0
CUST_01300,34,Male,3,Month-to-Month,DSL,No,No,No,54.52,198.67,1,Credit Card,1
CUST_01301,59,Male,25,Month-to-Month,DSL,No,No,Yes,36.88,898.38,4,Bank Transfer,0
CUST_01302,42,Male,20,Month-to-Month,Fiber Optic,No,No,Yes,33.41,648.58,1,Credit Card,0
CUST_01303,33,Female,19,Two Year,DSL,No,No,No,74.56,1370.05,2,Electronic Check,0
CUST_01304,53,Female,1,One Year,No,Yes,No,Yes,40.77,79.18,1,Electronic Check,0
CUST_01305,31,Female,15,Two Year,DSL,No,No,No,46.81,604.09,3,Mailed Check,0
CUST_01306,45,Female,62,One Year,Fiber Optic,No,No,Yes,20.0,1129.79,2,Electronic Check,0
CUST_01307,44,Male,12,Month-to-Month,Fiber Optic,No,No,No,123.15,1377.51,1,Electronic Check,1
CUST_01308,61,Female,23,One Year,Fiber Optic,Yes,No,Yes,93.25,2037.72,2,Electronic Check,0
CUST_01309,52,Male,36,Two Year,Fiber Optic,Yes,No,Yes,50.16,1873.47,0,Electronic Check,0
CUST_01310,44,Male,36,One Year,No,Yes,No,No,38.03,1408.33,4,Mailed Check,0
CUST_01311,57,Male,17,One Year,DSL,No,Yes,No,65.33,1050.62,1,Credit Card,0
CUST_01312,65,Female,46,Two Year,Fiber Optic,Yes,No,Yes,64.5,2961.89,1,Electronic Check,0
CUST_01313,53,Male,11,Month-to-Month,No,Yes,Yes,Yes,26.72,367.22,3,Bank Transfer,0
CUST_01314,45,Female,52,One Year,DSL,No,Yes,No,20.0,1065.01,1,Credit Card,0
CUST_01315,25,Female,6,Two Year,DSL,No,Yes,No,49.22,401.03,2,Electronic Check,0
CUST_01316,29,Female,7,Two Year,DSL,No,No,No,20.0,134.29,3,Credit Card,0
CUST_01317,40,Female,1,Month-to-Month,Fiber Optic,No,Yes,No,70.14,37.38,3,Credit Card,1
CUST_01318,35,Female,38,One Year,DSL,No,No,Yes,70.34,2618.96,1,Electronic Check,0
CUST_01319,42,Male,12,One Year,DSL,No,No,No,35.8,430.83,1,Credit Card,0
CUST_01320,45,Male,6,Month-to-Month,Fiber Optic,No,No,No,48.96,340.58,0,Credit Card,0
CUST_01321,52,Female,6,One Year,Fiber Optic,Yes,Yes,No,117.89,712.3,0,Electronic Check,0
CUST_01322,43,Male,55,Month-to-Month,DSL,No,Yes,No,88.25,4836.05,2,Credit Card,1
CUST_01323,52,Female,43,Month-to-Month,DSL,No,No,No,51.43,2274.42,3,Mailed Check,0
CUST_01324,45,Male,19,Month-to-Month,Fiber Optic,No,Yes,No,133.76,2567.86,2,Credit Card,0
CUST_01325,18,Male,22,One Year,No,No,No,No,29.09,634.35,2,Bank Transfer,0
CUST_01326,30,Male,15,Month-to-Month,Fiber Optic,No,No,No,40.62,570.96,2,Electronic Check,1
CUST_01327,42,Male,11,Month-to-Month,Fiber Optic,Yes,Yes,No,61.68,665.81,5,Bank Transfer,0
CUST_01328,26,Male,59,Month-to-Month,DSL,No,No,No,20.0,1203.64,4,Bank Transfer,1
CUST_01329,53,Male,3,Month-to-Month,DSL,No,No,No,118.71,317.11,2,Bank Transfer,0
CUST_01330,67,Male,13,Month-to-Month,Fiber Optic,No,No,Yes,70.49,854.75,0,Credit Card,0
CUST_01331,63,Male,10,Month-to-Month,No,Yes,No,No,41.3,389.01,2,Bank Transfer,0
CUST_01332,41,Male,16,One Year,Fiber Optic,No,No,No,78.43,1252.48,2,Credit Card,0
CUST_01333,67,Male,14,One Year,No,Yes,No,No,69.38,1039.51,2,Bank Transfer,0
CUST_01334,47,Male,17,Month-to-Month,No,No,No,Yes,55.86,891.63,3,Credit Card,0
CUST_01335,39,Male,3,Month-to-Month,DSL,Yes,No,Yes,28.74,97.57,3,Electronic Check,0
CUST_01336,35,Male,17,One Year,DSL,Yes,No,Yes,21.91,358.65,1,Electronic Check,0
CUST_01337,40,Female,6,Month-to-Month,DSL,No,No,Yes,130.6,772.23,2,Electronic Check,0
CUST_01338,39,Male,4,Two Year,DSL,No,No,Yes,24.42,174.64,2,Mailed Check,0
CUST_01339,47,Male,1,One Year,DSL,No,No,No,115.94,120.0,1,Credit Card,1
CUST_01340,47,Male,34,Month-to-Month,No,No,Yes,No,39.66,1302.67,3,Electronic Check,0
CUST_01341,45,Male,13,Month-to-Month,DSL,No,No,No,88.7,1197.55,0,Mailed Check,1
CUST_01342,51,Male,23,One Year,DSL,No,No,Yes,78.96,1856.91,0,Electronic Check,0
CUST_01343,62,Male,31,Month-to-Month,DSL,No,No,No,84.96,2583.78,0,Credit Card,0
CUST_01344,59,Female,27,Month-to-Month,No,No,Yes,No,86.96,2288.28,0,Electronic Check,0
CUST_01345,22,Female,15,Month-to-Month,Fiber Optic,No,No,Yes,20.0,320.53,2,Mailed Check,0
CUST_01346,18,Female,11,One Year,No,No,Yes,Yes,44.71,490.16,0,Electronic Check,0
CUST_01347,59,Male,11,One Year,No,No,Yes,No,23.96,240.02,5,Electronic Check,0
CUST_01348,24,Male,24,Month-to-Month,Fiber Optic,No,No,No,70.68,1749.11,2,Electronic Check,1
CUST_01349,41,Male,16,One Year,DSL,No,No,No,25.3,375.18,1,Credit Card,0
CUST_01350,27,Female,45,Month-to-Month,DSL,No,Yes,Yes,20.0,921.08,0,Electronic Check,0
CUST_01351,18,Male,49,One Year,DSL,No,No,No,57.88,2894.64,2,Credit Card,0
CUST_01352,53,Male,4,Month-to-Month,Fiber Optic,No,No,Yes,20.0,63.04,0,Electronic Check,0
CUST_01353,56,Female,3,One Year,DSL,No,No,No,72.76,126.83,4,Electronic Check,0
CUST_01354,36,Female,23,Two Year,DSL,No,No,No,27.27,607.08,3,Bank Transfer,0
CUST_01355,18,Male,8,Month-to-Month,Fiber Optic,No,Yes,Yes,39.78,327.73,3,Electronic Check,1
CUST_01356,36,Male,1,Month-to-Month,Fiber Optic,Yes,No,Yes,20.0,70.15,1,Mailed Check,1
CUST_01357,50,Male,52,Month-to-Month,Fiber Optic,Yes,No,Yes,114.5,5928.1,1,Electronic Check,0
CUST_01358,22,Male,6,Month-to-Month,DSL,No,No,Yes,21.11,212.83,2,Bank Transfer,0
CUST_01359,47,Female,63,Month-to-Month,No,No,No,Yes,54.08,3342.1,1,Electronic Check,0
CUST_01360,44,Male,30,Two Year,Fiber Optic,Yes,No,No,20.0,608.21,2,Credit Card,0
CUST_01361,53,Male,34,Two Year,DSL,No,No,No,39.93,1345.66,1,Mailed Check,0
CUST_01362,46,Female,5,Month-to-Month,Fiber Optic,No,No,No,117.55,655.13,1,Mailed Check,0
CUST_01363,30,Male,6,One Year,No,No,No,No,73.92,369.86,0,Credit Card,0
CUST_01364,62,Male,17,One Year,DSL,No,No,No,43.29,757.23,2,Bank Transfer,0
CUST_01365,42,Female,4,One Year,DSL,No,No,No,63.97,243.69,3,Bank Transfer,0
CUST_01366,44,Female,8,Month-to-Month,Fiber Optic,No,No,Yes,48.18,461.92,0,Credit Card,0
CUST_01367,31,Male,9,Month-to-Month,DSL,Yes,No,No,62.23,518.62,2,Electronic Check,0
CUST_01368,38,Female,4,Month-to-Month,No,No,No,Yes,87.32,370.03,1,Bank Transfer,0
CUST_01369,31,Female,5,Month-to-Month,DSL,Yes,Yes,Yes,55.07,233.43,3,Electronic Check,0
CUST_01370,42,Male,37,One Year,Fiber Optic,No,No,No,71.6,2658.59,3,Electronic Check,0
CUST_01371,70,Female,4,One Year,Fiber Optic,No,No,No,72.09,269.91,0,Electronic Check,1
CUST_01372,24,Male,1,Month-to-Month,Fiber Optic,No,Yes,No,55.22,35.95,1,Credit Card,1
CUST_01373,20,Male,23,Month-to-Month,DSL,No,No,No,42.92,887.84,3,Bank Transfer,0
CUST_01374,67,Male,72,Two Year,DSL,No,No,Yes,49.24,3566.33,2,Electronic Check,0
CUST_01375,41,Male,9,One Year,DSL,Yes,Yes,No,85.98,719.67,2,Electronic Check,0
CUST_01376,34,Female,3,Two Year,DSL,Yes,No,Yes,88.47,209.58,0,Mailed Check,0
CUST_01377,60,Male,20,Month-to-Month,DSL,No,No,Yes,30.87,539.56,1,Mailed Check,0
CUST_01378,35,Male,56,One Year,No,Yes,No,Yes,57.17,3148.74,1,Bank Transfer,0
CUST_01379,72,Male,36,One Year,DSL,Yes,Yes,No,42.41,1551.87,3,Mailed Check,0
CUST_01380,55,Male,23,Two Year,Fiber Optic,No,Yes,No,89.0,2069.53,1,Bank Transfer,0
CUST_01381,37,Female,9,Month-to-Month,Fiber Optic,No,Yes,No,50.86,490.96,0,Credit Card,0
CUST_01382,77,Female,18,Month-to-Month,Fiber Optic,No,Yes,No,131.03,2307.15,2,Electronic Check,1
CUST_01383,35,Female,2,Month-to-Month,No,No,Yes,No,71.54,153.81,3,Credit Card,1
CUST_01384,56,Male,27,Two Year,DSL,No,No,No,100.46,2681.65,2,Electronic Check,0
CUST_01385,49,Female,30,Two Year,No,No,No,No,34.56,1084.59,2,Electronic Check,0
CUST_01386,64,Female,72,Two Year,Fiber Optic,No,No,No,65.35,4726.62,2,Electronic Check,0
CUST_01387,68,Male,7,Two Year,No,No,Yes,No,83.49,551.57,2,Electronic Check,0
CUST_01388,45,Female,1,Month-to-Month,Fiber Optic,No,No,No,34.0,86.03,3,Credit Card,0
CUST_01389,33,Male,18,Month-to-Month,Fiber Optic,No,No,Yes,65.61,1206.35,3,Electronic Check,1
CUST_01390,51,Female,29,Month-to-Month,DSL,No,No,No,96.56,2730.77,3,Bank Transfer,0
CUST_01391,34,Female,37,Month-to-Month,DSL,No,No,No,55.18,1957.95,5,Bank Transfer,1
CUST_01392,75,Female,5,Two Year,Fiber Optic,No,No,No,39.45,129.85,1,Mailed Check,0
CUST_01393,47,Female,7,Two Year,No,No,Yes,No,119.09,916.08,2,Electronic Check,0
CUST_01394,39,Male,17,Month-to-Month,Fiber Optic,No,No,No,29.85,456.64,1,Mailed Check,0
CUST_01395,47,Male,9,One Year,DSL,Yes,No,Yes,69.68,720.9,1,Mailed Check,0
CUST_01396,24,Female,47,Two Year,No,Yes,No,Yes,43.75,2002.96,2,Credit Card,0
CUST_01397,30,Male,15,Month-to-Month,Fiber Optic,No,No,No,36.89,494.73,3,Bank Transfer,0
CUST_01398,63,Female,38,Month-to-Month,DSL,No,No,Yes,87.25,3359.49,5,Credit Card,1
CUST_01399,35,Female,20,Month-to-Month,DSL,No,Yes,No,58.83,1222.95,3,Bank Transfer,0
CUST_01400,29,Female,35,Month-to-Month,DSL,No,No,No,77.18,2728.97,1,Electronic Check,0
CUST_01401,53,Female,9,One Year,No,No,Yes,Yes,20.0,213.81,4,Electronic Check,0
CUST_01402,62,Female,42,Month-to-Month,No,Yes,Yes,Yes,80.09,3323.85,1,Bank Transfer,0
CUST_01403,55,Female,7,Month-to-Month,DSL,No,Yes,No,43.38,345.33,1,Mailed Check,0
CUST_01404,59,Male,18,Two Year,DSL,No,No,No,20.0,372.0,2,Electronic Check,0
CUST_01405,33,Male,5,One Year,Fiber Optic,No,No,Yes,121.54,589.45,0,Electronic Check,1
CUST_01406,23,Female,15,Month-to-Month,No,Yes,No,No,83.03,1250.19,3,Electronic Check,0
CUST_01407,67,Male,9,Two Year,Fiber Optic,No,No,No,71.82,699.4,2,Bank Transfer,0
CUST_01408,40,Female,7,Month-to-Month,Fiber Optic,Yes,No,Yes,102.48,736.97,1,Credit Card,0
CUST_01409,41,Male,72,Month-to-Month,DSL,Yes,No,Yes,72.43,5106.86,3,Mailed Check,1
CUST_01410,64,Male,4,Two Year,Fiber Optic,No,No,Yes,41.04,208.73,2,Bank Transfer,1
CUST_01411,53,Male,37,Month-to-Month,DSL,No,Yes,No,59.75,2251.52,0,Bank Transfer,0
CUST_01412,51,Female,72,One Year,No,Yes,Yes,No,44.65,3195.78,1,Mailed Check,0
CUST_01413,77,Male,1,Month-to-Month,DSL,Yes,No,No,49.99,55.83,3,Electronic Check,0
CUST_01414,35,Female,28,Month-to-Month,No,No,No,No,27.27,769.17,2,Credit Card,0
CUST_01415,58,Female,6,One Year,DSL,No,Yes,Yes,35.9,116.42,1,Electronic Check,0
CUST_01416,45,Female,1,Month-to-Month,No,No,No,Yes,91.84,71.75,2,Electronic Check,0
CUST_01417,49,Male,12,One Year,DSL,No,No,Yes,74.96,881.4,3,Electronic Check,0
CUST_01418,67,Male,65,One Year,Fiber Optic,Yes,No,Yes,49.91,3236.19,3,Electronic Check,0
CUST_01419,52,Male,1,Two Year,Fiber Optic,No,No,No,34.16,7.87,1,Mailed Check,0
CUST_01420,53,Female,21,One Year,DSL,No,No,No,52.84,1142.74,1,Electronic Check,0
CUST_01421,61,Female,16,Month-to-Month,No,No,No,Yes,20.0,279.54,3,Mailed Check,0
CUST_01422,39,Male,49,Two Year,Fiber Optic,Yes,No,Yes,68.8,3416.65,4,Mailed Check,0
CUST_01423,32,Female,2,One Year,Fiber Optic,No,No,Yes,93.36,217.52,0,Mailed Check,1
CUST_01424,29,Male,27,One Year,No,No,Yes,No,136.01,3740.27,5,Electronic Check,0
CUST_01425,18,Male,27,Two Year,No,Yes,No,No,31.9,948.05,6,Credit Card,0
CUST_01426,75,Male,26,One Year,Fiber Optic,Yes,No,No,92.11,2481.99,0,Mailed Check,0
CUST_01427,28,Male,68,Month-to-Month,No,No,No,Yes,43.78,2918.01,3,Electronic Check,0
CUST_01428,41,Female,41,One Year,DSL,No,Yes,No,31.15,1294.21,0,Credit Card,0
CUST_01429,40,Male,1,Month-to-Month,DSL,Yes,Yes,Yes,31.13,-4.76,3,Electronic Check,1
CUST_01430,49,Male,15,Month-to-Month,Fiber Optic,No,Yes,No,69.22,1202.35,4,Bank Transfer,0
CUST_01431,57,Male,12,One Year,DSL,Yes,No,No,37.08,475.62,1,Bank Transfer,0
CUST_01432,57,Male,8,Month-to-Month,Fiber Optic,Yes,No,No,46.79,445.17,3,Electronic Check,0
CUST_01433,36,Male,14,Month-to-Month,DSL,No,No,No,51.79,746.8,5,Credit Card,1
CUST_01434,42,Male,11,Month-to-Month,Fiber Optic,No,Yes,No,42.8,339.04,3,Electronic Check,0
CUST_01435,49,Male,13,One Year,No,No,No,Yes,40.62,488.91,4,Bank Transfer,0
CUST_01436,41,Female,72,Month-to-Month,Fiber Optic,No,Yes,Yes,20.0,1405.72,2,Electronic Check,0
CUST_01437,69,Female,2,One Year,No,No,No,No,67.61,115.71,2,Mailed Check,1
CUST_01438,52,Female,61,Month-to-Month,Fiber Optic,No,No,Yes,67.03,4106.82,3,Credit Card,0
CUST_01439,56,Female,15,Month-to-Month,DSL,No,No,Yes,41.08,641.26,2,Bank Transfer,0
CUST_01440,54,Male,23,Month-to-Month,DSL,No,No,No,75.81,1612.3,4,Electronic Check,0
CUST_01441,62,Female,42,One Year,DSL,No,No,No,106.91,4478.26,3,Mailed Check,0
CUST_01442,47,Female,10,Month-to-Month,No,Yes,Yes,No,65.71,632.78,2,Bank Transfer,0
CUST_01443,25,Female,13,Two Year,DSL,No,Yes,Yes,104.91,1432.85,2,Mailed Check,0
CUST_01444,50,Male,12,Two Year,DSL,No,Yes,Yes,132.14,1615.34,2,Credit Card,0
CUST_01445,35,Female,11,Two Year,No,No,No,No,140.92,1540.92,0,Credit Card,0
CUST_01446,37,Female,62,Two Year,Fiber Optic,No,No,No,29.35,1831.06,1,Electronic Check,0
CUST_01447,53,Male,42,Month-to-Month,DSL,Yes,No,No,29.51,1154.99,2,Bank Transfer,0
CUST_01448,63,Female,2,One Year,DSL,Yes,No,No,51.67,136.4,4,Credit Card,0
CUST_01449,45,Male,2,One Year,No,Yes,Yes,No,68.86,117.95,0,Electronic Check,0
CUST_01450,49,Female,13,One Year,No,No,No,Yes,112.6,1423.43,4,Electronic Check,0
CUST_01451,70,Male,2,Two Year,DSL,No,No,Yes,83.82,233.35,2,Electronic Check,0
CUST_01452,48,Female,23,One Year,Fiber Optic,Yes,No,Yes,28.9,678.41,2,Electronic Check,0
CUST_01453,80,Female,3,Two Year,No,No,No,No,46.65,106.68,2,Credit Card,0
CUST_01454,53,Female,17,Month-to-Month,Fiber Optic,Yes,No,Yes,63.74,1053.36,1,Electronic Check,1
CUST_01455,18,Male,1,Two Year,No,Yes,No,No,20.33,38.62,1,Electronic Check,0
CUST_01456,56,Female,9,One Year,Fiber Optic,No,Yes,No,65.41,603.1,0,Electronic Check,0
CUST_01457,50,Male,27,One Year,No,No,No,Yes,29.35,793.84,3,Electronic Check,0
CUST_01458,64,Male,15,Month-to-Month,DSL,Yes,No,No,20.0,239.83,2,Mailed Check,0
CUST_01459,55,Male,72,One Year,DSL,Yes,No,No,36.59,2581.74,0,Bank Transfer,0
CUST_01460,42,Male,49,Two Year,Fiber Optic,No,No,No,77.33,3751.79,3,Bank Transfer,0
CUST_01461,26,Female,10,Month-to-Month,Fiber Optic,Yes,No,No,77.12,761.43,2,Electronic Check,1
CUST_01462,41,Female,1,One Year,No,No,No,Yes,67.9,65.83,3,Credit Card,0
CUST_01463,32,Female,44,Month-to-Month,DSL,No,No,Yes,94.75,4160.93,4,Credit Card,0
CUST_01464,36,Male,58,Two Year,No,No,No,Yes,91.57,5305.2,2,Mailed Check,0
CUST_01465,53,Female,41,Month-to-Month,DSL,No,Yes,No,71.13,3010.45,0,Electronic Check,1
CUST_01466,70,Male,3,Month-to-Month,Fiber Optic,No,Yes,No,66.99,243.44,1,Electronic Check,1
CUST_01467,50,Male,72,Month-to-Month,DSL,Yes,No,No,68.89,5019.23,4,Electronic Check,0
CUST_01468,27,Male,7,One Year,Fiber Optic,No,No,Yes,60.57,447.21,2,Bank Transfer,0
CUST_01469,51,Female,30,Month-to-Month,Fiber Optic,Yes,No,No,20.0,603.62,2,Bank Transfer,0
CUST_01470,62,Female,57,One Year,DSL,No,No,No,99.06,5667.18,3,Electronic Check,0
CUST_01471,35,Male,6,Two Year,DSL,No,No,No,76.93,472.85,1,Electronic Check,0
CUST_01472,42,Female,57,Two Year,Fiber Optic,No,No,Yes,28.51,1665.48,2,Mailed Check,0
CUST_01473,45,Female,8,Month-to-Month,No,No,Yes,No,107.83,813.92,2,Electronic Check,1
CUST_01474,33,Male,72,Two Year,DSL,No,No,Yes,47.3,3441.88,1,Credit Card,0
CUST_01475,54,Male,7,One Year,DSL,Yes,No,Yes,61.77,440.72,4,Bank Transfer,0
CUST_01476,43,Female,72,Month-to-Month,DSL,No,Yes,Yes,95.71,6800.57,0,Mailed Check,0
CUST_01477,51,Male,1,Month-to-Month,No,No,No,Yes,71.6,75.89,0,Electronic Check,0
CUST_01478,31,Male,29,Month-to-Month,DSL,No,Yes,No,105.06,2981.47,5,Credit Card,0
CUST_01479,38,Female,18,Two Year,DSL,Yes,No,Yes,54.44,953.12,1,Mailed Check,0
CUST_01480,55,Female,15,Month-to-Month,Fiber Optic,Yes,Yes,No,115.74,1728.07,2,Bank Transfer,0
CUST_01481,39,Male,6,Month-to-Month,Fiber Optic,Yes,No,Yes,41.67,174.64,4,Electronic Check,0
CUST_01482,70,Female,29,One Year,DSL,Yes,No,Yes,104.53,3028.64,2,Electronic Check,0
CUST_01483,39,Male,5,One Year,No,No,No,Yes,20.0,103.42,5,Bank Transfer,0
CUST_01484,48,Male,19,One Year,Fiber Optic,Yes,No,Yes,31.99,645.64,1,Mailed Check,0
CUST_01485,58,Female,7,One Year,Fiber Optic,Yes,No,Yes,73.94,494.88,1,Electronic Check,0
CUST_01486,23,Male,72,Month-to-Month,DSL,No,No,No,52.99,3828.76,1,Electronic Check,1
CUST_01487,18,Male,1,Two Year,No,No,Yes,No,62.76,57.99,3,Electronic Check,0
CUST_01488,22,Male,5,Month-to-Month,DSL,No,Yes,Yes,66.25,310.33,2,Bank Transfer,1
CUST_01489,63,Female,6,One Year,DSL,No,No,Yes,29.27,92.11,2,Electronic Check,0
CUST_01490,36,Female,12,One Year,DSL,Yes,No,Yes,31.52,372.69,1,Bank Transfer,0
CUST_01491,80,Female,6,Month-to-Month,Fiber Optic,Yes,No,No,71.96,469.01,2,Mailed Check,1
CUST_01492,36,Male,16,Two Year,Fiber Optic,Yes,Yes,No,45.01,673.47,2,Bank Transfer,0
CUST_01493,47,Male,49,Month-to-Month,Fiber Optic,No,Yes,No,105.23,5145.43,1,Electronic Check,0
CUST_01494,68,Female,29,Month-to-Month,DSL,Yes,No,Yes,59.24,1714.48,2,Electronic Check,1
CUST_01495,75,Female,20,Two Year,Fiber Optic,No,No,Yes,86.56,1786.37,0,Electronic Check,0
CUST_01496,75,Female,2,One Year,Fiber Optic,Yes,Yes,Yes,78.29,158.08,1,Electronic Check,0
CUST_01497,63,Male,28,One Year,DSL,No,No,No,46.97,1329.43,1,Mailed Check,0
CUST_01498,60,Female,4,One Year,No,No,No,Yes,20.0,79.57,1,Mailed Check,0
CUST_01499,53,Male,37,Two Year,DSL,No,No,No,100.55,3695.67,4,Credit Card,0
CUST_01500,56,Female,6,Month-to-Month,Fiber Optic,No,Yes,No,35.63,157.07,1,Bank Transfer,0
CUST_01501,36,Male,12,Month-to-Month,DSL,No,No,No,52.89,620.39,3,Electronic Check,0
CUST_01502,32,Male,10,Month-to-Month,Fiber Optic,No,No,Yes,60.47,624.42,2,Mailed Check,1
CUST_01503,44,Female,46,Month-to-Month,No,No,No,No,63.47,2925.76,2,Credit Card,1
CUST_01504,42,Male,3,One Year,No,No,No,Yes,93.86,355.55,1,Credit Card,0
CUST_01505,38,Female,20,Month-to-Month,DSL,No,No,No,65.17,1350.79,3,Credit Card,0
CUST_01506,55,Male,3,Month-to-Month,Fiber Optic,No,No,Yes,61.18,245.57,2,Credit Card,1
CUST_01507,59,Male,29,Month-to-Month,DSL,No,No,Yes,95.55,2669.44,3,Electronic Check,0
CUST_01508,46,Female,56,One Year,No,Yes,No,Yes,83.02,4728.06,1,Electronic Check,0
CUST_01509,67,Male,13,Two Year,Fiber Optic,Yes,Yes,No,42.93,571.47,2,Bank Transfer,0
CUST_01510,27,Female,16,Month-to-Month,DSL,No,No,Yes,30.59,509.81,2,Bank Transfer,1
CUST_01511,42,Female,62,One Year,DSL,Yes,No,No,40.29,2542.72,2,Electronic Check,0
CUST_01512,34,Female,17,Month-to-Month,No,Yes,No,Yes,63.52,1080.96,2,Electronic Check,0
CUST_01513,18,Male,16,One Year,Fiber Optic,No,No,Yes,27.62,388.38,3,Credit Card,0
CUST_01514,43,Male,20,Month-to-Month,DSL,No,Yes,No,67.72,1426.82,1,Credit Card,0
CUST_01515,43,Male,28,Month-to-Month,DSL,No,No,Yes,61.12,1673.06,3,Electronic Check,1
CUST_01516,67,Female,2,One Year,DSL,No,No,No,20.0,-9.29,0,Electronic Check,0
CUST_01517,54,Female,41,Two Year,Fiber Optic,No,No,No,22.81,923.69,7,Credit Card,0
CUST_01518,29,Male,13,Month-to-Month,No,No,No,No,20.0,240.7,4,Mailed Check,0
CUST_01519,72,Male,1,One Year,No,Yes,No,Yes,54.68,54.87,3,Bank Transfer,0
CUST_01520,63,Female,37,One Year,Fiber Optic,Yes,No,No,97.22,3592.24,1,Electronic Check,0
CUST_01521,53,Male,11,Two Year,No,No,Yes,No,20.0,287.36,1,Bank Transfer,0
CUST_01522,41,Female,2,Month-to-Month,Fiber Optic,No,No,No,25.33,73.63,2,Electronic Check,0
CUST_01523,30,Male,24,Month-to-Month,DSL,Yes,Yes,Yes,60.09,1399.22,1,Credit Card,0
CUST_01524,39,Female,50,Two Year,No,No,No,No,33.09,1618.35,1,Electronic Check,0
CUST_01525,61,Male,52,Month-to-Month,DSL,No,Yes,No,32.94,1693.46,7,Mailed Check,0
CUST_01526,73,Male,72,Month-to-Month,DSL,No,Yes,No,81.25,5830.63,2,Mailed Check,0
CUST_01527,68,Female,48,Month-to-Month,No,No,Yes,No,50.15,2381.61,2,Bank Transfer,0
CUST_01528,37,Female,1,Two Year,DSL,No,No,No,20.4,-34.69,1,Electronic Check,0
CUST_01529,28,Female,11,Month-to-Month,Fiber Optic,No,Yes,Yes,20.0,234.52,2,Bank Transfer,0
CUST_01530,47,Male,40,Two Year,No,No,Yes,Yes,131.25,5227.31,3,Electronic Check,0
CUST_01531,18,Female,10,Month-to-Month,Fiber Optic,Yes,No,Yes,98.85,940.9,2,Credit Card,1
CUST_01532,49,Female,22,Month-to-Month,DSL,No,No,Yes,51.45,1156.2,3,Electronic Check,1
CUST_01533,42,Male,22,Month-to-Month,DSL,No,No,No,67.64,1530.38,1,Credit Card,0
CUST_01534,38,Female,10,Month-to-Month,DSL,No,No,No,50.34,491.16,1,Bank Transfer,0
CUST_01535,21,Female,56,One Year,Fiber Optic,No,No,No,80.31,4586.64,3,Electronic Check,1
CUST_01536,52,Female,16,One Year,Fiber Optic,No,No,No,39.37,740.75,2,Electronic Check,1
CUST_01537,37,Male,15,Month-to-Month,Fiber Optic,No,No,Yes,48.7,755.42,2,Credit Card,1
CUST_01538,27,Male,72,Month-to-Month,Fiber Optic,Yes,No,Yes,78.66,5640.23,5,Electronic Check,0
CUST_01539,18,Male,16,One Year,Fiber Optic,No,No,No,108.62,1751.3,2,Bank Transfer,0
CUST_01540,44,Female,4,Two Year,Fiber Optic,No,Yes,No,87.24,287.75,1,Electronic Check,1
CUST_01541,71,Male,17,One Year,No,No,No,No,102.02,1690.7,1,Credit Card,0
CUST_01542,69,Female,40,Two Year,DSL,No,No,No,55.63,2140.96,3,Bank Transfer,0
CUST_01543,38,Female,35,Month-to-Month,No,Yes,Yes,Yes,46.31,1589.42,3,Credit Card,0
CUST_01544,35,Female,37,Two Year,Fiber Optic,Yes,Yes,No,20.0,678.37,1,Credit Card,0
CUST_01545,52,Male,29,Month-to-Month,DSL,No,Yes,No,67.17,1979.02,1,Mailed Check,1
CUST_01546,30,Male,7,Month-to-Month,DSL,No,No,Yes,76.37,497.14,1,Electronic Check,0
CUST_01547,49,Female,47,Two Year,DSL,Yes,No,Yes,56.0,2645.82,1,Electronic Check,0
CUST_01548,56,Female,53,Two Year,Fiber Optic,No,No,No,41.7,2247.44,2,Electronic Check,0
CUST_01549,63,Male,5,One Year,DSL,No,Yes,No,102.3,570.08,3,Electronic Check,1
CUST_01550,43,Male,3,Month-to-Month,No,No,Yes,Yes,83.95,234.19,1,Mailed Check,0
CUST_01551,41,Male,72,Month-to-Month,Fiber Optic,No,No,No,104.38,7531.23,4,Credit Card,0
CUST_01552,31,Female,48,Month-to-Month,No,No,Yes,No,36.39,1763.97,0,Electronic Check,1
CUST_01553,32,Male,53,Two Year,DSL,No,No,No,43.75,2382.51,4,Electronic Check,0
CUST_01554,41,Male,52,Month-to-Month,DSL,Yes,No,No,101.1,5296.13,2,Bank Transfer,0
CUST_01555,50,Male,18,Two Year,DSL,No,No,No,63.58,1209.6,3,Credit Card,0
CUST_01556,58,Female,24,Month-to-Month,DSL,No,No,No,47.93,1067.01,5,Electronic Check,1
CUST_01557,32,Male,18,Two Year,No,No,No,Yes,50.01,867.05,2,Electronic Check,0
CUST_01558,67,Female,1,Two Year,DSL,No,No,No,64.67,116.26,0,Electronic Check,0
CUST_01559,40,Female,32,Month-to-Month,Fiber Optic,No,No,Yes,95.09,3071.87,1,Electronic Check,1
CUST_01560,44,Female,16,Month-to-Month,DSL,No,No,Yes,60.18,956.7,1,Bank Transfer,1
CUST_01561,33,Male,25,Two Year,Fiber Optic,No,No,No,88.72,2194.2,3,Bank Transfer,0
CUST_01562,18,Male,16,One Year,No,No,No,No,79.02,1303.78,2,Credit Card,0
CUST_01563,58,Male,16,One Year,Fiber Optic,No,No,No,38.65,519.42,0,Credit Card,0
CUST_01564,56,Female,4,One Year,Fiber Optic,No,No,Yes,38.63,194.11,5,Credit Card,0
CUST_01565,40,Male,7,Month-to-Month,DSL,No,No,No,51.49,364.98,1,Mailed Check,0
CUST_01566,46,Female,4,Two Year,No,Yes,Yes,Yes,24.89,75.14,2,Electronic Check,0
CUST_01567,52,Male,5,Month-to-Month,Fiber Optic,No,Yes,Yes,49.58,273.0,1,Electronic Check,0
CUST_01568,21,Male,72,Two Year,Fiber Optic,No,No,No,110.4,7929.71,4,Bank Transfer,0
CUST_01569,37,Male,3,Month-to-Month,Fiber Optic,No,Yes,Yes,64.06,193.63,4,Credit Card,0
CUST_01570,56,Male,7,One Year,No,Yes,Yes,No,42.01,291.73,5,Mailed Check,0
CUST_01571,26,Female,21,Month-to-Month,Fiber Optic,No,Yes,No,122.47,2609.15,3,Credit Card,0
CUST_01572,49,Female,22,Month-to-Month,Fiber Optic,No,No,No,37.08,823.75,0,Electronic Check,0
CUST_01573,24,Female,4,Month-to-Month,Fiber Optic,No,No,Yes,36.14,49.12,2,Electronic Check,1
CUST_01574,51,Female,37,One Year,DSL,Yes,Yes,Yes,101.88,3700.12,0,Bank Transfer,0
CUST_01575,44,Male,36,One Year,Fiber Optic,No,Yes,No,84.84,3000.02,3,Credit Card,0
CUST_01576,20,Female,6,Two Year,Fiber Optic,No,No,No,61.1,389.42,3,Mailed Check,0
CUST_01577,62,Female,8,Month-to-Month,Fiber Optic,No,No,No,89.96,747.5,1,Electronic Check,1
CUST_01578,33,Female,66,One Year,Fiber Optic,No,Yes,Yes,74.02,4968.71,3,Electronic Check,0
CUST_01579,32,Male,41,One Year,DSL,Yes,Yes,No,29.41,1155.26,4,Electronic Check,0
CUST_01580,48,Female,28,Month-to-Month,Fiber Optic,No,No,Yes,20.0,625.46,3,Mailed Check,0
CUST_01581,62,Female,2,Month-to-Month,No,No,No,No,47.98,-0.93,1,Electronic Check,0
CUST_01582,29,Male,13,Month-to-Month,No,No,No,No,97.55,1269.01,2,Mailed Check,0
CUST_01583,45,Male,19,Month-to-Month,DSL,No,No,Yes,52.15,1003.03,3,Mailed Check,0
CUST_01584,51,Female,4,Month-to-Month,Fiber Optic,No,No,No,78.8,327.29,2,Mailed Check,0
CUST_01585,55,Female,14,One Year,No,No,Yes,No,70.53,972.0,3,Bank Transfer,0
CUST_01586,47,Male,22,Month-to-Month,Fiber Optic,No,Yes,No,20.0,445.89,2,Bank Transfer,1
CUST_01587,39,Female,9,One Year,Fiber Optic,Yes,No,No,52.81,413.51,2,Electronic Check,0
CUST_01588,32,Male,36,Two Year,No,No,No,No,75.77,2770.85,3,Electronic Check,0
CUST_01589,46,Female,44,One Year,Fiber Optic,Yes,No,No,41.39,1833.46,1,Electronic Check,0
CUST_01590,28,Female,9,One Year,Fiber Optic,Yes,No,Yes,54.12,505.23,4,Electronic Check,0
CUST_01591,18,Female,43,Month-to-Month,DSL,Yes,No,Yes,76.75,3286.4,2,Electronic Check,1
CUST_01592,51,Female,2,Two Year,DSL,No,No,Yes,67.18,117.96,3,Electronic Check,0
CUST_01593,58,Female,43,Month-to-Month,DSL,No,Yes,Yes,96.41,4171.75,2,Electronic Check,0
CUST_01594,18,Male,3,One Year,No,No,Yes,No,76.51,309.03,3,Bank Transfer,0
CUST_01595,29,Male,2,Two Year,Fiber Optic,Yes,No,No,36.32,2.97,3,Credit Card,0
CUST_01596,54,Female,24,One Year,Fiber Optic,No,Yes,No,50.67,1143.96,3,Credit Card,0
CUST_01597,75,Female,15,One Year,No,No,Yes,Yes,65.61,997.44,4,Credit Card,0
CUST_01598,45,Female,57,Month-to-Month,Fiber Optic,No,No,No,105.15,5977.08,1,Bank Transfer,0
CUST_01599,34,Male,10,Month-to-Month,Fiber Optic,Yes,No,No,50.79,514.15,2,Credit Card,0
CUST_01600,42,Male,8,One Year,DSL,Yes,Yes,Yes,20.0,158.81,1,Bank Transfer,0
CUST_01601,65,Male,16,Month-to-Month,No,Yes,No,No,78.22,1282.57,1,Mailed Check,0
CUST_01602,35,Male,14,One Year,DSL,No,Yes,No,42.33,578.34,2,Bank Transfer,0
CUST_01603,33,Male,10,Month-to-Month,DSL,No,Yes,No,26.44,204.0,2,Electronic Check,1
CUST_01604,37,Male,28,Two Year,DSL,No,No,No,65.56,1796.3,1,Electronic Check,0
CUST_01605,30,Male,34,Month-to-Month,DSL,No,No,No,94.19,3194.3,1,Electronic Check,1
CUST_01606,46,Male,46,One Year,DSL,No,Yes,No,47.78,2135.3,3,Mailed Check,0
CUST_01607,69,Female,72,One Year,Fiber Optic,No,No,Yes,79.9,5750.76,3,Bank Transfer,0
CUST_01608,49,Male,7,Month-to-Month,DSL,No,Yes,No,85.46,601.24,2,Credit Card,1
CUST_01609,41,Male,30,Month-to-Month,Fiber Optic,Yes,No,No,88.75,2644.73,5,Credit Card,0
CUST_01610,40,Male,12,Month-to-Month,DSL,No,No,No,43.03,526.84,2,Electronic Check,1
CUST_01611,21,Male,27,Month-to-Month,DSL,No,No,Yes,31.37,766.21,1,Credit Card,0
CUST_01612,58,Female,15,Month-to-Month,Fiber Optic,Yes,Yes,No,35.46,484.2,0,Bank Transfer,1
CUST_01613,43,Male,72,Month-to-Month,No,No,No,No,88.73,6331.37,1,Electronic Check,1
CUST_01614,42,Female,31,One Year,No,No,No,Yes,85.02,2679.67,5,Bank Transfer,0
CUST_01615,80,Female,72,Month-to-Month,No,No,No,No,36.29,2727.86,3,Electronic Check,1
CUST_01616,49,Female,43,Two Year,Fiber Optic,No,Yes,No,128.98,5502.07,0,Electronic Check,1
CUST_01617,33,Male,55,One Year,Fiber Optic,No,No,No,32.71,1787.24,0,Mailed Check,0
CUST_01618,38,Male,40,Month-to-Month,Fiber Optic,Yes,No,Yes,94.98,3764.69,2,Bank Transfer,0
CUST_01619,62,Male,14,Month-to-Month,Fiber Optic,Yes,Yes,Yes,110.59,1559.32,2,Electronic Check,0
CUST_01620,46,Female,6,Two Year,DSL,No,No,No,68.29,379.34,0,Credit Card,0
CUST_01621,23,Female,11,Month-to-Month,Fiber Optic,No,No,No,41.91,475.13,0,Bank Transfer,0
CUST_01622,58,Female,1,One Year,DSL,Yes,No,Yes,42.56,75.81,3,Electronic Check,0
CUST_01623,34,Female,17,One Year,Fiber Optic,No,No,Yes,57.14,910.14,4,Bank Transfer,0
CUST_01624,73,Male,16,Month-to-Month,Fiber Optic,No,No,Yes,97.43,1572.39,3,Mailed Check,0
CUST_01625,61,Male,17,Two Year,DSL,Yes,Yes,No,29.0,403.36,0,Mailed Check,0
CUST_01626,38,Male,72,Month-to-Month,DSL,No,Yes,No,20.0,1427.17,1,Credit Card,0
CUST_01627,64,Female,58,Month-to-Month,DSL,No,No,No,75.86,4383.79,2,Electronic Check,0
CUST_01628,46,Female,4,Two Year,No,No,No,No,82.45,318.34,4,Mailed Check,0
CUST_01629,57,Male,11,One Year,DSL,No,No,No,124.04,1348.83,2,Bank Transfer,0
CUST_01630,52,Male,13,Two Year,DSL,Yes,Yes,No,23.53,281.15,2,Bank Transfer,0
CUST_01631,32,Female,10,One Year,No,No,Yes,Yes,60.96,596.27,1,Electronic Check,0
CUST_01632,35,Male,38,One Year,Fiber Optic,No,No,No,99.86,3806.4,1,Bank Transfer,0
CUST_01633,60,Male,17,Two Year,DSL,No,No,No,68.63,1179.95,6,Credit Card,0
CUST_01634,39,Female,20,Month-to-Month,DSL,Yes,No,No,59.14,1188.5,2,Bank Transfer,1
CUST_01635,38,Female,46,One Year,DSL,No,No,No,88.7,4051.39,2,Credit Card,1
CUST_01636,30,Female,39,One Year,DSL,No,No,Yes,47.02,1887.73,6,Electronic Check,0
CUST_01637,51,Male,3,Month-to-Month,DSL,No,Yes,Yes,90.54,347.89,1,Electronic Check,1
CUST_01638,75,Female,30,One Year,Fiber Optic,No,No,No,27.39,757.37,2,Electronic Check,0
CUST_01639,28,Male,13,Month-to-Month,No,No,No,Yes,20.0,268.21,2,Bank Transfer,0
CUST_01640,45,Male,8,One Year,Fiber Optic,Yes,No,Yes,56.79,430.93,1,Credit Card,0
CUST_01641,66,Female,1,One Year,Fiber Optic,No,No,No,20.0,66.28,2,Credit Card,1
CUST_01642,43,Male,16,Two Year,DSL,No,Yes,No,67.54,1080.03,1,Electronic Check,0
CUST_01643,51,Female,10,Month-to-Month,DSL,Yes,No,Yes,20.0,202.66,3,Bank Transfer,0
CUST_01644,29,Female,6,One Year,No,Yes,No,Yes,73.47,465.58,1,Credit Card,0
CUST_01645,51,Male,28,Month-to-Month,DSL,Yes,Yes,Yes,70.56,1960.91,2,Electronic Check,0
CUST_01646,42,Male,35,One Year,No,Yes,No,No,62.96,2287.51,1,Bank Transfer,0
CUST_01647,59,Female,6,One Year,Fiber Optic,No,No,No,78.09,494.04,3,Credit Card,0
CUST_01648,62,Female,1,One Year,No,Yes,No,Yes,71.13,117.71,1,Credit Card,0
CUST_01649,80,Female,45,Two Year,DSL,No,No,No,56.21,2518.42,2,Electronic Check,0
CUST_01650,53,Female,1,Two Year,DSL,No,No,Yes,119.93,113.79,1,Electronic Check,0
CUST_01651,49,Female,66,Month-to-Month,Fiber Optic,No,No,Yes,76.8,5109.34,2,Bank Transfer,1
CUST_01652,47,Female,23,Month-to-Month,Fiber Optic,No,Yes,No,88.16,2063.18,3,Credit Card,0
CUST_01653,39,Male,9,One Year,DSL,No,Yes,Yes,97.19,812.3,3,Mailed Check,0
CUST_01654,50,Male,6,Month-to-Month,No,No,Yes,No,85.04,516.65,4,Mailed Check,1
CUST_01655,40,Male,1,Month-to-Month,DSL,Yes,No,No,126.88,150.58,1,Credit Card,0
CUST_01656,47,Male,6,One Year,DSL,No,No,Yes,69.98,413.37,2,Mailed Check,0
CUST_01657,64,Female,3,Month-to-Month,Fiber Optic,No,No,No,64.79,213.32,2,Bank Transfer,1
CUST_01658,29,Male,22,Month-to-Month,Fiber Optic,Yes,No,No,45.51,996.88,4,Electronic Check,0
CUST_01659,62,Male,4,Two Year,No,No,No,No,57.31,116.91,1,Electronic Check,1
CUST_01660,64,Female,18,Month-to-Month,Fiber Optic,No,No,No,43.06,709.59,3,Electronic Check,1
CUST_01661,43,Male,21,Month-to-Month,DSL,Yes,No,No,85.32,1840.39,1,Electronic Check,0
CUST_01662,18,Female,8,Month-to-Month,Fiber Optic,No,No,Yes,37.63,288.83,4,Credit Card,0
CUST_01663,35,Female,1,Two Year,DSL,No,No,No,67.21,76.7,1,Electronic Check,0
CUST_01664,64,Female,1,Two Year,Fiber Optic,No,No,Yes,81.79,81.6,3,Electronic Check,0
CUST_01665,44,Female,1,One Year,Fiber Optic,No,No,Yes,69.51,28.24,5,Bank Transfer,0
CUST_01666,30,Female,32,Month-to-Month,DSL,No,Yes,No,38.12,1196.57,1,Mailed Check,1
CUST_01667,37,Male,9,Two Year,Fiber Optic,Yes,No,Yes,85.97,790.16,5,Bank Transfer,0
CUST_01668,57,Male,38,One Year,Fiber Optic,No,No,Yes,62.44,2394.26,1,Mailed Check,0
CUST_01669,53,Male,13,Two Year,Fiber Optic,No,Yes,No,20.0,369.42,0,Electronic Check,0
CUST_01670,41,Female,14,One Year,Fiber Optic,No,Yes,No,35.5,473.11,2,Electronic Check,0
CUST_01671,39,Male,17,Month-to-Month,DSL,Yes,No,Yes,107.03,1903.11,2,Electronic Check,0
CUST_01672,39,Male,29,Month-to-Month,DSL,Yes,No,Yes,109.53,3133.34,4,Credit Card,0
CUST_01673,31,Male,7,Month-to-Month,DSL,No,No,Yes,80.78,589.91,1,Mailed Check,0
CUST_01674,69,Male,3,Month-to-Month,DSL,No,Yes,Yes,88.52,274.46,6,Electronic Check,1
CUST_01675,40,Female,19,One Year,Fiber Optic,No,No,No,41.65,785.08,1,Mailed Check,0
CUST_01676,63,Male,9,Two Year,No,No,Yes,No,57.2,514.48,1,Bank Transfer,0
CUST_01677,67,Female,14,One Year,Fiber Optic,No,Yes,No,102.06,1397.72,3,Electronic Check,0
CUST_01678,59,Female,24,Month-to-Month,Fiber Optic,Yes,No,No,77.78,1911.85,3,Bank Transfer,0
CUST_01679,38,Male,16,Month-to-Month,Fiber Optic,Yes,No,No,66.95,1029.04,3,Electronic Check,1
CUST_01680,51,Female,23,Month-to-Month,DSL,No,No,No,59.4,1381.98,3,Electronic Check,1
CUST_01681,44,Female,18,Month-to-Month,No,No,No,No,100.23,1842.01,1,Credit Card,1
CUST_01682,31,Female,32,Month-to-Month,No,No,Yes,No,98.66,3226.36,3,Electronic Check,1
CUST_01683,49,Female,29,One Year,Fiber Optic,No,Yes,No,84.49,2498.8,1,Bank Transfer,0
CUST_01684,27,Female,18,Month-to-Month,DSL,No,Yes,No,66.99,1234.41,4,Electronic Check,0
CUST_01685,62,Female,27,Two Year,Fiber Optic,Yes,No,No,54.3,1434.14,0,Mailed Check,0
CUST_01686,38,Female,49,Month-to-Month,DSL,Yes,No,No,85.79,4164.44,1,Electronic Check,0
CUST_01687,48,Male,13,Two Year,Fiber Optic,No,No,Yes,31.94,358.33,1,Electronic Check,0
CUST_01688,49,Male,12,One Year,No,No,No,No,38.16,396.24,0,Electronic Check,0
CUST_01689,41,Female,34,Month-to-Month,DSL,Yes,No,No,21.47,729.82,2,Credit Card,0
CUST_01690,53,Female,20,One Year,No,Yes,No,No,102.06,2004.77,1,Credit Card,0
CUST_01691,37,Male,1,One Year,No,No,No,No,43.38,103.34,4,Electronic Check,1
CUST_01692,58,Male,53,One Year,No,Yes,No,No,77.12,4058.42,0,Electronic Check,0
CUST_01693,24,Male,1,One Year,Fiber Optic,No,Yes,Yes,61.23,65.95,3,Bank Transfer,0
CUST_01694,46,Male,33,Month-to-Month,DSL,Yes,No,No,150.0,4936.77,9,Mailed Check,1
CUST_01695,74,Female,34,One Year,Fiber Optic,No,No,Yes,78.26,2590.55,3,Bank Transfer,0
CUST_01696,29,Female,72,Two Year,Fiber Optic,No,Yes,No,20.0,1494.47,0,Bank Transfer,0
CUST_01697,34,Male,1,Month-to-Month,DSL,Yes,No,Yes,100.26,135.04,3,Bank Transfer,1
CUST_01698,52,Male,21,Month-to-Month,Fiber Optic,No,No,Yes,53.39,1161.62,0,Electronic Check,1
CUST_01699,47,Male,13,Two Year,Fiber Optic,No,Yes,Yes,58.97,796.39,2,Electronic Check,0
CUST_01700,50,Male,9,Month-to-Month,DSL,No,Yes,No,44.82,365.45,4,Credit Card,1
CUST_01701,52,Female,2,One Year,DSL,No,No,Yes,70.87,104.73,3,Mailed Check,1
CUST_01702,54,Male,19,One Year,DSL,No,No,Yes,70.48,1361.63,4,Credit Card,0
CUST_01703,61,Male,15,One Year,Fiber Optic,No,Yes,Yes,45.64,761.68,1,Mailed Check,0
CUST_01704,51,Male,2,Month-to-Month,Fiber Optic,No,No,Yes,49.76,118.81,2,Mailed Check,1
CUST_01705,41,Female,22,Month-to-Month,DSL,No,No,Yes,68.04,1545.77,5,Bank Transfer,0
CUST_01706,55,Female,32,Month-to-Month,No,No,No,Yes,20.0,613.71,1,Electronic Check,1
CUST_01707,73,Female,34,One Year,DSL,No,No,No,21.76,794.57,2,Electronic Check,0
CUST_01708,43,Male,56,One Year,Fiber Optic,Yes,No,No,115.1,6424.61,0,Credit Card,0
CUST_01709,30,Male,12,One Year,Fiber Optic,Yes,No,No,74.83,910.02,1,Electronic Check,0
CUST_01710,61,Male,72,One Year,Fiber Optic,Yes,Yes,No,49.25,3527.89,2,Electronic Check,0
CUST_01711,43,Female,48,Month-to-Month,DSL,No,No,No,20.0,1004.46,2,Mailed Check,0
CUST_01712,18,Female,8,Month-to-Month,No,No,Yes,No,63.31,551.62,4,Bank Transfer,1
CUST_01713,57,Male,4,Two Year,No,No,No,Yes,94.56,304.38,0,Electronic Check,0
CUST_01714,36,Male,13,Month-to-Month,Fiber Optic,Yes,No,No,144.18,1940.56,5,Mailed Check,0
CUST_01715,43,Female,12,Month-to-Month,Fiber Optic,Yes,No,Yes,121.76,1579.96,1,Electronic Check,0
CUST_01716,49,Male,20,Month-to-Month,DSL,No,No,No,38.39,750.07,0,Credit Card,0
CUST_01717,47,Male,21,Month-to-Month,Fiber Optic,No,No,No,50.13,1046.31,1,Credit Card,1
CUST_01718,55,Male,33,Month-to-Month,Fiber Optic,Yes,Yes,Yes,20.86,750.19,0,Credit Card,0
CUST_01719,38,Female,17,Two Year,Fiber Optic,No,No,No,39.75,679.09,1,Credit Card,0
CUST_01720,52,Male,2,Two Year,Fiber Optic,No,No,No,58.61,117.03,1,Bank Transfer,0
CUST_01721,41,Male,46,Two Year,Fiber Optic,No,No,Yes,53.99,2578.2,5,Credit Card,0
CUST_01722,56,Male,8,Two Year,DSL,No,Yes,No,126.64,945.38,2,Electronic Check,0
CUST_01723,54,Male,72,Two Year,DSL,No,No,No,25.54,1799.38,2,Electronic Check,0
CUST_01724,30,Female,3,One Year,DSL,No,No,Yes,63.65,211.83,0,Bank Transfer,0
CUST_01725,61,Female,72,Month-to-Month,DSL,Yes,Yes,Yes,20.0,1359.02,2,Credit Card,0
CUST_01726,36,Female,2,One Year,Fiber Optic,No,No,No,74.93,131.2,1,Bank Transfer,0
CUST_01727,57,Male,6,Month-to-Month,Fiber Optic,No,No,No,24.75,129.38,1,Electronic Check,1
CUST_01728,50,Female,1,Month-to-Month,Fiber Optic,No,No,Yes,98.08,146.17,5,Credit Card,1
CUST_01729,72,Male,29,Month-to-Month,Fiber Optic,No,No,No,56.27,1666.45,3,Bank Transfer,1
CUST_01730,41,Female,45,One Year,Fiber Optic,Yes,No,Yes,22.94,948.16,2,Bank Transfer,0
CUST_01731,39,Male,13,Month-to-Month,DSL,No,Yes,No,20.0,225.34,4,Bank Transfer,0
CUST_01732,44,Female,63,Month-to-Month,DSL,No,No,No,35.64,2210.87,0,Bank Transfer,1
CUST_01733,40,Female,21,Month-to-Month,DSL,No,No,No,72.18,1504.98,3,Electronic Check,1
CUST_01734,56,Female,23,Two Year,Fiber Optic,No,No,No,77.65,1730.97,1,Electronic Check,0
CUST_01735,20,Male,44,One Year,DSL,No,No,Yes,50.05,2224.64,4,Credit Card,0
CUST_01736,29,Male,8,Two Year,DSL,Yes,No,Yes,92.77,707.48,1,Electronic Check,0
CUST_01737,28,Male,10,Month-to-Month,Fiber Optic,No,Yes,No,30.93,338.71,4,Bank Transfer,0
CUST_01738,59,Female,56,Month-to-Month,No,Yes,No,Yes,20.0,1119.86,2,Mailed Check,0
CUST_01739,70,Male,55,One Year,Fiber Optic,Yes,No,No,73.48,3992.56,3,Credit Card,0
CUST_01740,43,Male,72,Month-to-Month,Fiber Optic,Yes,Yes,No,103.7,7536.02,2,Bank Transfer,0
CUST_01741,42,Male,55,One Year,Fiber Optic,Yes,Yes,Yes,103.98,5789.79,1,Bank Transfer,0
CUST_01742,46,Male,3,One Year,Fiber Optic,No,No,No,26.01,92.53,1,Electronic Check,0
CUST_01743,62,Male,41,One Year,Fiber Optic,No,No,Yes,48.66,1983.07,2,Electronic Check,0
CUST_01744,31,Male,12,Two Year,No,Yes,No,No,86.71,987.76,0,Bank Transfer,0
CUST_01745,48,Female,72,Month-to-Month,DSL,No,No,Yes,46.19,3379.01,1,Electronic Check,0
CUST_01746,59,Female,15,Month-to-Month,DSL,Yes,No,Yes,68.16,1063.56,0,Bank Transfer,0
CUST_01747,52,Male,19,One Year,DSL,No,No,No,43.51,785.93,1,Bank Transfer,0
CUST_01748,47,Female,18,Month-to-Month,Fiber Optic,No,No,No,32.32,547.39,4,Credit Card,1
CUST_01749,60,Female,9,Month-to-Month,No,No,No,No,38.11,365.83,3,Electronic Check,0
CUST_01750,18,Male,1,Month-to-Month,DSL,Yes,No,No,93.67,34.9,0,Mailed Check,1
CUST_01751,55,Male,54,Month-to-Month,DSL,No,No,No,65.41,3501.04,2,Bank Transfer,0
CUST_01752,35,Female,38,Month-to-Month,No,Yes,No,No,103.16,3867.92,3,Electronic Check,0
CUST_01753,18,Male,3,Month-to-Month,Fiber Optic,No,No,Yes,80.61,191.42,1,Bank Transfer,0
CUST_01754,52,Female,35,One Year,Fiber Optic,No,Yes,Yes,113.19,3925.79,0,Electronic Check,0
CUST_01755,65,Female,23,One Year,No,No,Yes,Yes,89.54,2104.77,3,Electronic Check,0
CUST_01756,42,Female,12,One Year,Fiber Optic,No,Yes,Yes,87.78,965.64,1,Electronic Check,0
CUST_01757,59,Male,7,One Year,Fiber Optic,No,No,Yes,61.39,451.37,1,Electronic Check,0
CUST_01758,69,Female,47,Month-to-Month,DSL,No,No,Yes,150.0,7062.9,3,Credit Card,0
CUST_01759,64,Male,28,Month-to-Month,DSL,No,No,No,68.38,1963.08,0,Mailed Check,0
CUST_01760,69,Male,19,Month-to-Month,Fiber Optic,Yes,No,Yes,20.0,392.85,4,Electronic Check,1
CUST_01761,56,Male,22,Two Year,Fiber Optic,No,No,No,73.04,1587.96,1,Electronic Check,1
CUST_01762,46,Male,2,One Year,No,Yes,No,No,35.53,30.3,4,Bank Transfer,1
CUST_01763,20,Male,15,Month-to-Month,No,Yes,Yes,No,95.51,1482.18,3,Bank Transfer,0
CUST_01764,41,Female,5,Month-to-Month,No,Yes,No,Yes,86.77,458.72,2,Electronic Check,0
CUST_01765,32,Male,5,Two Year,DSL,No,No,No,59.25,271.62,2,Electronic Check,1
CUST_01766,77,Male,25,One Year,No,No,No,No,38.36,1004.53,1,Credit Card,0
CUST_01767,42,Male,58,Two Year,Fiber Optic,Yes,No,No,69.39,4002.49,0,Electronic Check,0
CUST_01768,46,Male,12,Month-to-Month,DSL,No,Yes,Yes,45.76,549.11,1,Electronic Check,1
CUST_01769,53,Male,5,Month-to-Month,Fiber Optic,No,No,Yes,88.63,412.95,1,Electronic Check,1
CUST_01770,45,Female,25,One Year,DSL,No,No,Yes,81.68,2068.7,3,Mailed Check,0
CUST_01771,70,Male,49,One Year,DSL,No,No,Yes,150.0,7300.29,0,Bank Transfer,0
CUST_01772,35,Male,33,One Year,No,No,No,No,51.65,1689.41,2,Mailed Check,0
CUST_01773,47,Female,48,One Year,Fiber Optic,No,Yes,No,55.9,2650.34,2,Electronic Check,0
CUST_01774,33,Male,18,One Year,DSL,Yes,No,Yes,60.36,1099.61,4,Mailed Check,0
CUST_01775,25,Female,33,One Year,Fiber Optic,No,Yes,Yes,61.67,2054.55,2,Electronic Check,0
CUST_01776,35,Female,3,Month-to-Month,No,No,Yes,Yes,95.81,232.23,0,Bank Transfer,0
CUST_01777,44,Female,10,Month-to-Month,Fiber Optic,Yes,No,Yes,56.71,587.42,2,Mailed Check,0
CUST_01778,38,Female,11,Two Year,DSL,Yes,No,No,124.17,1292.05,2,Credit Card,0
CUST_01779,34,Male,17,Month-to-Month,DSL,No,No,No,82.47,1511.56,4,Bank Transfer,1
CUST_01780,23,Male,63,One Year,DSL,Yes,No,Yes,50.43,3151.39,2,Bank Transfer,0
CUST_01781,43,Female,49,One Year,No,Yes,No,Yes,42.76,2147.83,1,Mailed Check,0
CUST_01782,22,Female,3,Two Year,Fiber Optic,No,Yes,No,96.23,298.74,4,Electronic Check,0
CUST_01783,56,Male,4,Month-to-Month,Fiber Optic,No,Yes,Yes,65.86,275.51,4,Bank Transfer,1
CUST_01784,46,Female,10,Month-to-Month,Fiber Optic,No,No,No,65.27,594.41,2,Electronic Check,0
CUST_01785,23,Female,8,Two Year,No,No,Yes,No,47.05,418.54,0,Bank Transfer,0
CUST_01786,40,Female,22,Two Year,Fiber Optic,No,No,No,63.16,1391.88,3,Electronic Check,0
CUST_01787,33,Male,55,One Year,Fiber Optic,No,Yes,Yes,45.83,2544.23,2,Electronic Check,0
CUST_01788,49,Female,72,Month-to-Month,DSL,Yes,No,Yes,105.85,7616.76,1,Bank Transfer,0
CUST_01789,65,Male,25,Month-to-Month,DSL,Yes,No,No,86.51,2169.3,2,Bank Transfer,1
CUST_01790,18,Male,43,One Year,No,No,No,Yes,59.76,2525.19,1,Bank Transfer,0
CUST_01791,46,Male,17,Two Year,No,No,No,Yes,59.32,1000.73,3,Bank Transfer,0
CUST_01792,42,Female,5,Two Year,No,No,No,No,67.77,317.83,1,Electronic Check,1
CUST_01793,55,Female,17,Month-to-Month,No,No,No,No,64.83,1066.9,1,Credit Card,0
CUST_01794,48,Male,19,Month-to-Month,No,Yes,No,No,36.29,696.27,4,Electronic Check,1
CUST_01795,33,Male,32,Month-to-Month,Fiber Optic,No,No,Yes,20.0,658.17,0,Electronic Check,0
CUST_01796,40,Male,5,Two Year,No,No,Yes,No,41.07,217.88,5,Electronic Check,0
CUST_01797,33,Female,11,One Year,Fiber Optic,No,No,Yes,61.14,667.48,4,Bank Transfer,0
CUST_01798,61,Female,10,Month-to-Month,DSL,No,No,Yes,42.87,449.21,1,Electronic Check,0
CUST_01799,45,Male,72,Month-to-Month,DSL,No,No,No,89.58,6461.88,4,Electronic Check,1
CUST_01800,73,Male,14,One Year,No,No,No,Yes,58.13,818.63,0,Mailed Check,0
CUST_01801,44,Female,33,Month-to-Month,DSL,No,Yes,Yes,121.21,4008.15,1,Bank Transfer,0
CUST_01802,34,Male,33,Two Year,No,Yes,Yes,Yes,48.16,1648.27,1,Bank Transfer,0
CUST_01803,22,Female,7,One Year,DSL,Yes,Yes,No,69.22,424.3,2,Bank Transfer,0
CUST_01804,18,Female,20,Month-to-Month,DSL,Yes,No,No,56.33,1110.75,0,Credit Card,0
CUST_01805,21,Male,53,Month-to-Month,DSL,Yes,Yes,No,78.19,4161.16,5,Credit Card,0
CUST_01806,49,Male,15,Two Year,DSL,No,No,No,96.97,1375.45,4,Electronic Check,0
CUST_01807,52,Female,69,Month-to-Month,DSL,No,No,No,83.25,5813.27,0,Bank Transfer,1
CUST_01808,21,Female,5,Month-to-Month,DSL,No,No,No,20.0,112.74,1,Bank Transfer,1
CUST_01809,58,Female,1,Two Year,No,No,Yes,Yes,80.0,127.84,0,Electronic Check,0
CUST_01810,37,Female,53,Two Year,DSL,No,Yes,Yes,34.67,1893.69,1,Electronic Check,0
CUST_01811,47,Female,45,Two Year,DSL,Yes,No,No,55.71,2527.43,3,Bank Transfer,0
CUST_01812,69,Male,72,Month-to-Month,DSL,No,Yes,Yes,85.68,6057.32,3,Mailed Check,0
CUST_01813,58,Female,27,Month-to-Month,Fiber Optic,No,Yes,Yes,31.41,855.38,2,Bank Transfer,1
CUST_01814,40,Female,66,Month-to-Month,Fiber Optic,No,Yes,No,99.68,6589.37,3,Electronic Check,1
CUST_01815,31,Female,42,Month-to-Month,Fiber Optic,No,No,No,54.4,2230.39,2,Credit Card,1
CUST_01816,18,Male,44,One Year,DSL,Yes,No,No,130.13,5636.15,0,Bank Transfer,0
CUST_01817,34,Male,20,Month-to-Month,DSL,No,Yes,No,67.06,1364.29,2,Credit Card,0
CUST_01818,41,Female,11,One Year,Fiber Optic,No,No,No,116.16,1215.3,0,Electronic Check,0
CUST_01819,30,Female,65,Month-to-Month,No,No,Yes,No,100.93,6663.55,2,Bank Transfer,1
CUST_01820,43,Male,13,Month-to-Month,DSL,No,No,Yes,46.67,619.83,2,Bank Transfer,0
CUST_01821,46,Male,18,Two Year,Fiber Optic,No,Yes,No,25.95,534.66,1,Electronic Check,0
CUST_01822,41,Male,14,Month-to-Month,DSL,Yes,No,Yes,68.41,959.28,3,Electronic Check,0
CUST_01823,35,Male,19,Month-to-Month,DSL,Yes,Yes,Yes,47.52,940.47,1,Electronic Check,0
CUST_01824,47,Female,15,Month-to-Month,Fiber Optic,No,No,No,112.39,1688.54,1,Credit Card,1
CUST_01825,51,Male,1,Month-to-Month,Fiber Optic,Yes,Yes,Yes,57.59,107.87,2,Mailed Check,0
CUST_01826,28,Female,51,Month-to-Month,DSL,No,No,Yes,55.99,2753.47,0,Electronic Check,1
CUST_01827,66,Female,14,Month-to-Month,DSL,Yes,No,No,23.12,368.13,1,Bank Transfer,0
CUST_01828,43,Male,21,One Year,No,No,No,Yes,77.58,1662.54,2,Bank Transfer,0
CUST_01829,45,Male,3,Two Year,No,No,No,No,29.77,81.61,1,Electronic Check,0
CUST_01830,55,Male,1,One Year,No,Yes,Yes,Yes,78.27,57.81,1,Credit Card,0
CUST_01831,48,Male,6,Month-to-Month,Fiber Optic,No,Yes,Yes,82.4,479.46,2,Credit Card,0
CUST_01832,59,Female,29,One Year,Fiber Optic,No,Yes,No,42.51,1246.92,4,Mailed Check,0
CUST_01833,49,Female,2,Month-to-Month,DSL,No,Yes,No,93.7,248.1,3,Bank Transfer,0
CUST_01834,35,Female,57,One Year,DSL,No,No,No,56.75,3208.25,1,Bank Transfer,0
CUST_01835,50,Male,5,One Year,Fiber Optic,Yes,No,No,20.86,19.23,1,Electronic Check,0
CUST_01836,27,Female,5,Month-to-Month,Fiber Optic,No,Yes,No,111.36,681.02,4,Credit Card,0
CUST_01837,46,Male,4,Two Year,DSL,No,No,No,37.3,182.76,1,Credit Card,0
CUST_01838,44,Female,1,Two Year,No,No,Yes,Yes,80.21,60.65,3,Bank Transfer,1
CUST_01839,41,Male,35,Two Year,DSL,No,No,Yes,77.77,2781.53,1,Electronic Check,1
CUST_01840,43,Female,49,Month-to-Month,DSL,Yes,No,Yes,76.68,3803.79,0,Electronic Check,0
CUST_01841,18,Female,22,One Year,DSL,Yes,No,Yes,76.16,1700.04,4,Electronic Check,0
CUST_01842,36,Male,5,Two Year,Fiber Optic,No,No,Yes,35.89,155.62,1,Electronic Check,0
CUST_01843,46,Female,8,Month-to-Month,DSL,No,No,Yes,115.74,959.29,2,Credit Card,0
CUST_01844,47,Female,15,Two Year,DSL,No,No,No,93.69,1459.79,0,Credit Card,0
CUST_01845,29,Male,72,Month-to-Month,Fiber Optic,Yes,Yes,No,79.25,5620.12,3,Electronic Check,1
CUST_01846,63,Male,6,Month-to-Month,Fiber Optic,Yes,No,Yes,25.01,161.29,3,Bank Transfer,0
CUST_01847,32,Male,31,One Year,Fiber Optic,Yes,No,No,35.65,1120.03,1,Electronic Check,0
CUST_01848,59,Male,13,One Year,DSL,No,No,No,84.72,1114.71,0,Electronic Check,0
CUST_01849,51,Male,8,One Year,Fiber Optic,No,No,Yes,20.0,162.31,0,Electronic Check,0
CUST_01850,35,Female,14,Two Year,Fiber Optic,No,No,No,75.16,1111.56,1,Mailed Check,0
CUST_01851,71,Male,1,Month-to-Month,DSL,Yes,No,Yes,25.06,14.5,4,Electronic Check,1
CUST_01852,27,Female,38,Month-to-Month,No,Yes,Yes,No,38.96,1480.3,1,Electronic Check,0
CUST_01853,58,Female,6,Two Year,Fiber Optic,No,No,Yes,22.67,151.79,4,Bank Transfer,0
CUST_01854,60,Male,31,Month-to-Month,DSL,No,No,No,72.38,2234.98,2,Electronic Check,1
CUST_01855,34,Female,1,One Year,No,No,No,No,98.49,29.19,1,Mailed Check,1
CUST_01856,65,Female,72,One Year,No,No,Yes,No,75.44,5442.42,1,Credit Card,0
CUST_01857,41,Male,5,Month-to-Month,No,No,No,No,78.73,404.95,5,Electronic Check,1
CUST_01858,49,Female,51,Month-to-Month,Fiber Optic,Yes,No,No,70.04,3553.72,1,Bank Transfer,1
CUST_01859,48,Male,39,One Year,DSL,Yes,Yes,Yes,85.48,3327.14,4,Electronic Check,0
CUST_01860,42,Male,72,Two Year,DSL,No,No,No,79.01,5529.91,1,Mailed Check,0
CUST_01861,57,Male,15,One Year,Fiber Optic,No,Yes,No,20.0,360.42,0,Electronic Check,0
CUST_01862,56,Female,31,One Year,No,No,Yes,No,92.19,2902.92,1,Bank Transfer,0
CUST_01863,18,Female,11,Month-to-Month,Fiber Optic,No,No,No,89.03,912.49,5,Bank Transfer,0
CUST_01864,64,Female,4,Month-to-Month,No,No,No,Yes,54.13,182.75,3,Electronic Check,1
CUST_01865,20,Female,14,Month-to-Month,DSL,Yes,No,Yes,20.0,352.43,2,Electronic Check,0
CUST_01866,60,Male,4,Month-to-Month,Fiber Optic,No,No,No,72.27,231.35,0,Bank Transfer,1
CUST_01867,61,Female,72,Month-to-Month,No,No,Yes,Yes,74.8,5409.51,1,Mailed Check,0
CUST_01868,28,Male,2,Month-to-Month,Fiber Optic,No,No,Yes,51.79,78.97,4,Electronic Check,1
CUST_01869,38,Female,21,Month-to-Month,No,No,No,No,70.6,1503.13,1,Mailed Check,1
CUST_01870,28,Female,23,Month-to-Month,Fiber Optic,No,Yes,Yes,97.16,2237.08,2,Electronic Check,0
CUST_01871,41,Female,18,Month-to-Month,Fiber Optic,Yes,No,Yes,136.93,2450.5,1,Electronic Check,1
CUST_01872,40,Female,26,One Year,Fiber Optic,No,No,No,69.41,1824.01,0,Bank Transfer,0
CUST_01873,56,Female,2,One Year,No,No,No,Yes,75.02,125.38,0,Mailed Check,0
CUST_01874,64,Male,19,Month-to-Month,Fiber Optic,No,No,Yes,40.29,676.23,1,Bank Transfer,1
CUST_01875,65,Female,8,Two Year,DSL,Yes,Yes,Yes,49.96,353.28,0,Credit Card,0
CUST_01876,36,Female,67,Month-to-Month,Fiber Optic,Yes,No,No,60.92,4029.16,6,Credit Card,0
CUST_01877,41,Female,34,Two Year,Fiber Optic,Yes,Yes,No,100.33,3331.07,2,Electronic Check,0
CUST_01878,19,Female,72,Month-to-Month,DSL,No,No,Yes,89.57,6467.42,2,Bank Transfer,0
CUST_01879,32,Male,1,Two Year,Fiber Optic,No,No,Yes,122.88,114.24,0,Bank Transfer,0
CUST_01880,59,Female,8,Month-to-Month,DSL,Yes,Yes,No,20.29,180.04,5,Credit Card,0
CUST_01881,69,Male,5,One Year,Fiber Optic,No,No,Yes,25.29,152.48,1,Credit Card,0
CUST_01882,26,Female,1,Month-to-Month,No,No,No,No,98.06,135.89,3,Bank Transfer,0
CUST_01883,36,Male,6,One Year,Fiber Optic,No,No,No,108.47,671.14,3,Bank Transfer,0
CUST_01884,44,Male,27,Month-to-Month,No,Yes,No,Yes,65.99,1732.85,3,Electronic Check,0
CUST_01885,49,Male,6,Month-to-Month,DSL,Yes,Yes,No,20.0,148.98,3,Electronic Check,1
CUST_01886,32,Male,17,One Year,No,Yes,No,Yes,42.69,736.89,1,Bank Transfer,0
CUST_01887,51,Male,52,Month-to-Month,DSL,No,No,Yes,75.06,4012.88,3,Electronic Check,0
CUST_01888,37,Female,28,Two Year,DSL,No,No,Yes,38.02,1064.89,1,Electronic Check,0
CUST_01889,44,Male,12,Month-to-Month,No,Yes,Yes,No,70.55,865.79,1,Credit Card,0
CUST_01890,53,Female,11,Month-to-Month,Fiber Optic,Yes,No,Yes,121.96,1336.78,2,Credit Card,0
CUST_01891,45,Male,14,One Year,DSL,Yes,Yes,Yes,107.78,1511.42,5,Electronic Check,0
CUST_01892,38,Male,4,Month-to-Month,No,Yes,Yes,Yes,89.27,356.14,1,Credit Card,0
CUST_01893,43,Female,24,Month-to-Month,Fiber Optic,No,No,No,63.07,1491.87,0,Credit Card,0
CUST_01894,43,Male,10,One Year,No,No,Yes,Yes,50.16,510.47,1,Mailed Check,0
CUST_01895,39,Male,45,One Year,Fiber Optic,No,Yes,Yes,87.73,3979.05,1,Mailed Check,0
CUST_01896,41,Male,33,Two Year,Fiber Optic,No,No,No,65.76,2149.17,6,Credit Card,0
CUST_01897,68,Male,22,Month-to-Month,Fiber Optic,No,No,No,66.79,1511.18,2,Electronic Check,1
CUST_01898,53,Female,10,One Year,DSL,Yes,No,No,20.0,235.72,2,Credit Card,0
CUST_01899,40,Male,5,Month-to-Month,Fiber Optic,No,No,Yes,43.56,173.81,0,Electronic Check,1
CUST_01900,55,Male,35,Month-to-Month,Fiber Optic,No,No,No,87.56,3016.27,4,Bank Transfer,1
CUST_01901,39,Female,15,One Year,DSL,Yes,No,No,31.97,501.93,4,Electronic Check,0
CUST_01902,62,Female,6,Month-to-Month,DSL,No,Yes,Yes,72.97,408.45,4,Mailed Check,0
CUST_01903,50,Male,5,Month-to-Month,DSL,No,No,No,77.38,334.59,3,Credit Card,1
CUST_01904,43,Male,4,Month-to-Month,No,Yes,Yes,No,79.13,402.35,4,Electronic Check,1
CUST_01905,51,Female,36,One Year,Fiber Optic,No,No,No,81.81,2896.77,1,Bank Transfer,0
CUST_01906,21,Male,6,Two Year,Fiber Optic,Yes,No,No,83.83,426.81,3,Credit Card,0
CUST_01907,28,Female,17,One Year,No,No,Yes,No,46.29,747.68,4,Credit Card,0
CUST_01908,27,Male,14,Month-to-Month,Fiber Optic,No,No,Yes,20.97,305.17,1,Credit Card,1
CUST_01909,47,Female,20,One Year,No,No,No,No,38.79,779.56,1,Mailed Check,0
CUST_01910,70,Female,50,One Year,DSL,Yes,Yes,Yes,86.9,4439.24,2,Bank Transfer,0
CUST_01911,78,Female,48,Month-to-Month,DSL,No,Yes,No,28.97,1352.36,2,Mailed Check,0
CUST_01912,54,Male,14,Month-to-Month,Fiber Optic,No,No,Yes,33.78,484.75,2,Mailed Check,0
CUST_01913,52,Male,1,Month-to-Month,Fiber Optic,Yes,Yes,Yes,33.62,90.04,1,Electronic Check,1
CUST_01914,18,Male,13,Month-to-Month,No,No,Yes,No,20.0,227.05,2,Electronic Check,0
CUST_01915,36,Male,22,Two Year,Fiber Optic,No,No,No,30.59,708.16,1,Electronic Check,0
CUST_01916,33,Female,19,Month-to-Month,DSL,No,No,No,95.01,1713.62,2,Mailed Check,0
CUST_01917,35,Female,25,Month-to-Month,Fiber Optic,Yes,No,No,43.5,1175.36,2,Electronic Check,0
CUST_01918,42,Female,4,Two Year,Fiber Optic,No,No,Yes,20.0,129.74,2,Electronic Check,1
CUST_01919,37,Male,24,Two Year,DSL,Yes,No,No,49.65,1157.58,4,Electronic Check,0
CUST_01920,18,Male,4,One Year,Fiber Optic,No,No,No,80.32,362.76,3,Electronic Check,1
CUST_01921,56,Male,33,Month-to-Month,No,No,No,No,20.0,725.66,1,Credit Card,1
CUST_01922,28,Female,9,Month-to-Month,No,No,No,No,93.6,777.96,4,Mailed Check,0
CUST_01923,48,Male,29,Month-to-Month,Fiber Optic,Yes,Yes,Yes,21.77,601.35,0,Bank Transfer,0
CUST_01924,76,Male,1,Month-to-Month,DSL,No,No,No,53.14,120.44,1,Electronic Check,1
CUST_01925,31,Female,12,Month-to-Month,DSL,No,Yes,No,52.75,636.4,2,Mailed Check,0
CUST_01926,18,Female,29,One Year,Fiber Optic,No,No,Yes,48.16,1418.36,2,Bank Transfer,0
CUST_01927,40,Male,6,Month-to-Month,Fiber Optic,No,Yes,No,63.06,381.85,4,Electronic Check,0
CUST_01928,61,Female,38,Month-to-Month,DSL,No,No,Yes,88.36,3402.13,1,Credit Card,1
CUST_01929,74,Male,23,Month-to-Month,DSL,No,No,No,63.78,1492.49,1,Credit Card,1
CUST_01930,26,Female,21,One Year,No,Yes,No,No,46.83,988.74,1,Credit Card,0
CUST_01931,52,Female,10,One Year,No,No,Yes,Yes,78.72,682.12,3,Electronic Check,0
CUST_01932,38,Female,15,One Year,Fiber Optic,No,Yes,Yes,71.22,1100.27,6,Credit Card,0
CUST_01933,43,Male,21,Month-to-Month,DSL,No,No,No,44.91,979.67,3,Electronic Check,1
CUST_01934,80,Male,15,Month-to-Month,DSL,Yes,Yes,No,66.27,932.06,2,Bank Transfer,0
CUST_01935,22,Male,28,Month-to-Month,DSL,No,No,No,42.43,1129.45,3,Credit Card,0
CUST_01936,48,Female,13,Month-to-Month,Fiber Optic,Yes,No,Yes,39.03,533.24,2,Electronic Check,0
CUST_01937,52,Female,5,Two Year,DSL,No,No,Yes,89.17,455.59,1,Electronic Check,0
CUST_01938,61,Female,5,Two Year,No,No,No,No,78.41,293.3,2,Electronic Check,1
CUST_01939,46,Female,1,One Year,No,Yes,No,Yes,88.11,47.01,0,Bank Transfer,0
CUST_01940,49,Male,8,Two Year,DSL,No,Yes,No,84.05,688.12,2,Bank Transfer,0
CUST_01941,39,Male,33,One Year,Fiber Optic,No,No,Yes,38.38,1300.49,1,Mailed Check,0
CUST_01942,49,Male,37,Month-to-Month,Fiber Optic,No,No,No,95.04,3487.21,1,Bank Transfer,0
CUST_01943,39,Female,5,Two Year,No,No,Yes,Yes,56.07,272.99,1,Credit Card,1
CUST_01944,54,Female,72,Month-to-Month,No,No,Yes,No,92.88,6643.14,1,Credit Card,1
CUST_01945,39,Male,16,One Year,DSL,Yes,No,No,61.25,1046.14,0,Electronic Check,0
CUST_01946,50,Female,59,Month-to-Month,DSL,Yes,Yes,No,74.39,4398.03,2,Mailed Check,0
CUST_01947,44,Male,29,Month-to-Month,Fiber Optic,No,Yes,Yes,75.3,2150.22,2,Credit Card,0
CUST_01948,61,Female,30,One Year,Fiber Optic,Yes,No,Yes,89.4,2624.07,3,Mailed Check,0
CUST_01949,44,Female,2,Month-to-Month,DSL,No,Yes,Yes,20.0,-23.34,3,Mailed Check,1
CUST_01950,18,Male,5,Month-to-Month,Fiber Optic,Yes,Yes,No,20.0,190.58,3,Credit Card,0
CUST_01951,63,Male,1,Month-to-Month,Fiber Optic,No,No,No,85.15,76.48,3,Bank Transfer,0
CUST_01952,31,Female,30,Month-to-Month,DSL,No,Yes,No,75.69,2250.75,3,Bank Transfer,1
CUST_01953,35,Male,10,Two Year,No,Yes,No,Yes,41.73,406.64,3,Electronic Check,0
CUST_01954,36,Male,37,One Year,DSL,No,Yes,No,75.93,2777.87,3,Credit Card,0
CUST_01955,65,Female,9,Month-to-Month,Fiber Optic,No,No,Yes,22.76,199.5,4,Electronic Check,1
CUST_01956,18,Female,41,Month-to-Month,Fiber Optic,No,No,Yes,150.0,6151.75,0,Electronic Check,1
CUST_01957,80,Female,3,Two Year,DSL,No,Yes,No,104.35,313.79,0,Credit Card,0
CUST_01958,60,Male,4,Month-to-Month,Fiber Optic,No,No,Yes,83.67,271.55,1,Mailed Check,1
CUST_01959,48,Female,10,Month-to-Month,Fiber Optic,No,No,No,67.27,717.31,1,Bank Transfer,1
CUST_01960,44,Female,12,Month-to-Month,No,No,Yes,No,46.44,529.61,3,Mailed Check,1
CUST_01961,49,Female,10,Two Year,DSL,No,No,No,25.69,224.01,2,Electronic Check,0
CUST_01962,52,Female,34,Month-to-Month,Fiber Optic,Yes,No,No,61.59,2058.71,5,Bank Transfer,0
CUST_01963,54,Female,2,Month-to-Month,Fiber Optic,No,No,Yes,39.21,25.79,3,Bank Transfer,1
CUST_01964,53,Male,10,Month-to-Month,Fiber Optic,No,No,No,40.96,422.96,1,Electronic Check,0
CUST_01965,46,Female,43,Month-to-Month,No,No,Yes,Yes,22.5,1012.13,0,Bank Transfer,0
CUST_01966,42,Female,1,One Year,DSL,No,Yes,Yes,72.49,36.34,2,Electronic Check,0
CUST_01967,42,Male,68,Month-to-Month,DSL,No,No,No,53.69,3558.78,0,Mailed Check,0
CUST_01968,42,Female,72,Month-to-Month,Fiber Optic,No,No,No,81.05,5784.4,6,Bank Transfer,1
CUST_01969,62,Female,2,Month-to-Month,DSL,No,No,Yes,78.71,135.01,5,Bank Transfer,1
CUST_01970,53,Male,8,Month-to-Month,No,No,No,Yes,71.88,513.5,3,Credit Card,0
CUST_01971,18,Female,11,Two Year,Fiber Optic,Yes,Yes,No,144.78,1562.68,2,Electronic Check,0
CUST_01972,54,Male,35,Two Year,Fiber Optic,No,No,Yes,89.71,3112.31,4,Mailed Check,0
CUST_01973,47,Female,21,Month-to-Month,No,No,No,No,27.18,570.07,4,Electronic Check,1
CUST_01974,44,Male,24,Month-to-Month,Fiber Optic,No,No,Yes,78.76,1817.54,0,Bank Transfer,0
CUST_01975,39,Male,34,Month-to-Month,Fiber Optic,No,No,Yes,63.38,2183.91,1,Mailed Check,0
CUST_01976,61,Female,3,One Year,DSL,No,Yes,No,24.75,157.31,2,Mailed Check,0
CUST_01977,59,Male,42,One Year,DSL,Yes,Yes,No,22.35,1010.2,1,Electronic Check,0
CUST_01978,33,Male,29,Month-to-Month,DSL,No,No,No,78.6,2250.08,1,Credit Card,1
CUST_01979,51,Female,20,One Year,Fiber Optic,No,Yes,No,85.93,1751.96,2,Bank Transfer,0
CUST_01980,30,Female,52,One Year,Fiber Optic,No,No,Yes,33.61,1775.35,3,Mailed Check,0
CUST_01981,24,Male,28,Two Year,DSL,Yes,No,No,94.11,2632.76,1,Bank Transfer,0
CUST_01982,35,Female,5,Month-to-Month,Fiber Optic,No,No,Yes,73.55,376.59,2,Bank Transfer,1
CUST_01983,57,Male,13,Month-to-Month,DSL,No,Yes,No,100.88,1345.54,1,Credit Card,1
CUST_01984,59,Male,16,Month-to-Month,No,Yes,Yes,No,97.69,1607.19,4,Bank Transfer,0
CUST_01985,52,Female,1,Two Year,DSL,No,No,Yes,60.25,19.66,1,Electronic Check,0
CUST_01986,55,Female,72,One Year,No,No,Yes,Yes,114.07,8250.28,2,Credit Card,0
CUST_01987,52,Male,3,One Year,Fiber Optic,Yes,No,No,31.28,177.15,1,Electronic Check,0
CUST_01988,35,Female,28,Month-to-Month,Fiber Optic,No,No,Yes,136.71,3871.96,0,Bank Transfer,0
CUST_01989,51,Female,16,Month-to-Month,DSL,No,No,No,38.64,695.01,1,Bank Transfer,0
CUST_01990,57,Male,1,Month-to-Month,No,Yes,No,Yes,63.56,-65.62,0,Electronic Check,0
CUST_01991,56,Male,62,One Year,DSL,No,No,Yes,47.98,3004.82,1,Credit Card,0
CUST_01992,62,Male,45,Month-to-Month,Fiber Optic,No,No,Yes,53.7,2429.54,4,Electronic Check,0
CUST_01993,55,Male,17,Month-to-Month,No,Yes,No,Yes,150.0,2601.35,0,Mailed Check,1
CUST_01994,50,Male,6,One Year,No,No,No,No,51.12,250.43,2,Electronic Check,1
CUST_01995,61,Male,3,Month-to-Month,Fiber Optic,No,No,No,90.53,246.29,3,Credit Card,0
CUST_01996,44,Female,10,Month-to-Month,No,No,No,No,57.94,624.41,2,Electronic Check,0
CUST_01997,31,Male,7,Month-to-Month,Fiber Optic,Yes,Yes,Yes,93.1,598.69,1,Electronic Check,0
CUST_01998,42,Female,16,Two Year,DSL,No,No,No,48.68,790.92,2,Electronic Check,1
CUST_01999,33,Female,72,One Year,Fiber Optic,Yes,No,Yes,72.68,5232.4,3,Mailed Check,0
CUST_02000,34,Male,20,Two Year,DSL,No,No,No,83.86,1667.42,1,Mailed Check,0
CUST_02001,42,Female,52,Month-to-Month,DSL,No,No,Yes,43.35,2282.61,2,Electronic Check,0
CUST_02002,33,Male,25,Two Year,Fiber Optic,No,Yes,No,147.73,3637.52,4,Electronic Check,1
CUST_02003,40,Female,15,Two Year,Fiber Optic,No,No,No,85.43,1242.42,1,Electronic Check,0
CUST_02004,18,Male,46,One Year,DSL,No,No,Yes,58.22,2671.2,0,Bank Transfer,0
CUST_02005,48,Male,15,Two Year,No,No,Yes,Yes,44.08,601.19,7,Electronic Check,0
CUST_02006,45,Male,48,Month-to-Month,DSL,No,No,No,67.75,3313.63,2,Bank Transfer,0
CUST_02007,32,Male,8,Month-to-Month,No,Yes,Yes,Yes,28.52,188.22,1,Electronic Check,0
CUST_02008,54,Female,3,Month-to-Month,No,No,No,No,118.47,394.72,1,Credit Card,0
CUST_02009,59,Female,46,One Year,No,No,Yes,No,77.94,3541.36,2,Electronic Check,0
CUST_02010,20,Female,21,One Year,No,No,No,No,62.36,1344.78,3,Bank Transfer,0
CUST_02011,33,Female,52,One Year,DSL,Yes,Yes,No,96.38,4931.28,4,Credit Card,0
CUST_02012,33,Female,66,Month-to-Month,Fiber Optic,No,Yes,Yes,43.35,2931.83,3,Credit Card,0
CUST_02013,30,Male,1,Month-to-Month,DSL,Yes,No,Yes,30.32,87.08,2,Bank Transfer,0
CUST_02014,57,Male,16,Month-to-Month,DSL,Yes,No,Yes,61.1,949.91,6,Mailed Check,0
CUST_02015,42,Male,11,One Year,Fiber Optic,No,Yes,No,68.83,715.81,4,Electronic Check,1
CUST_02016,41,Male,23,Month-to-Month,DSL,No,No,No,80.92,1883.99,1,Electronic Check,0
CUST_02017,18,Male,37,Two Year,No,No,Yes,No,20.71,690.03,3,Credit Card,0
CUST_02018,54,Female,7,Month-to-Month,No,No,No,No,51.31,360.91,1,Mailed Check,0
CUST_02019,26,Male,19,Month-to-Month,DSL,No,No,No,20.0,339.62,1,Bank Transfer,0
CUST_02020,45,Male,29,Two Year,Fiber Optic,No,No,No,29.53,843.64,3,Mailed Check,0
CUST_02021,49,Female,3,Month-to-Month,Fiber Optic,No,Yes,Yes,86.46,227.18,2,Credit Card,1
CUST_02022,65,Female,40,Month-to-Month,No,No,No,No,93.83,3713.31,1,Bank Transfer,0
CUST_02023,25,Male,22,Month-to-Month,Fiber Optic,No,No,No,30.74,761.52,2,Electronic Check,1
CUST_02024,18,Male,71,Month-to-Month,DSL,No,Yes,Yes,55.26,3962.62,6,Bank Transfer,0
CUST_02025,47,Female,9,Two Year,Fiber Optic,Yes,Yes,Yes,65.77,517.92,1,Electronic Check,0
CUST_02026,72,Male,2,One Year,Fiber Optic,No,Yes,Yes,97.34,150.9,3,Bank Transfer,1
CUST_02027,63,Male,16,Month-to-Month,No,Yes,Yes,No,110.87,1816.84,1,Credit Card,0
CUST_02028,48,Male,2,One Year,DSL,Yes,Yes,No,69.59,187.62,2,Credit Card,0
CUST_02029,37,Female,72,Month-to-Month,DSL,Yes,Yes,Yes,57.18,4047.81,0,Electronic Check,0
CUST_02030,57,Male,1,One Year,No,Yes,No,No,21.69,56.62,1,Electronic Check,0
CUST_02031,30,Male,33,Two Year,No,No,No,Yes,68.24,2265.24,2,Bank Transfer,0
CUST_02032,52,Female,17,Two Year,No,No,No,No,127.25,2066.13,2,Bank Transfer,0
CUST_02033,52,Female,11,Month-to-Month,Fiber Optic,No,Yes,No,103.71,1120.6,2,Electronic Check,1
CUST_02034,60,Female,1,Month-to-Month,Fiber Optic,Yes,No,No,70.25,63.44,1,Bank Transfer,1
CUST_02035,80,Male,23,Month-to-Month,Fiber Optic,No,No,Yes,74.1,1706.76,2,Electronic Check,0
CUST_02036,50,Female,21,One Year,DSL,No,No,No,44.34,865.21,2,Bank Transfer,0
CUST_02037,37,Male,7,One Year,Fiber Optic,No,No,Yes,54.29,341.85,2,Credit Card,0
CUST_02038,44,Female,57,Month-to-Month,DSL,No,No,No,69.43,3926.25,0,Bank Transfer,0
CUST_02039,18,Male,8,Two Year,DSL,Yes,Yes,No,69.52,529.37,3,Electronic Check,0
CUST_02040,34,Female,14,Month-to-Month,No,No,No,No,95.32,1308.57,2,Credit Card,0
CUST_02041,38,Male,18,Month-to-Month,DSL,No,Yes,No,93.86,1682.89,2,Electronic Check,0
CUST_02042,37,Male,2,Month-to-Month,No,No,No,No,80.62,176.72,3,Electronic Check,1
CUST_02043,47,Female,64,Month-to-Month,DSL,No,No,No,35.03,2330.35,1,Electronic Check,0
CUST_02044,32,Female,11,Month-to-Month,DSL,No,No,Yes,36.16,441.28,1,Electronic Check,0
CUST_02045,61,Male,2,One Year,Fiber Optic,No,No,Yes,38.36,142.57,2,Electronic Check,1
CUST_02046,45,Female,11,Month-to-Month,Fiber Optic,No,No,No,72.07,768.68,3,Bank Transfer,0
CUST_02047,44,Male,22,Month-to-Month,Fiber Optic,Yes,No,Yes,20.0,389.8,1,Bank Transfer,0
CUST_02048,40,Female,17,One Year,No,No,Yes,No,64.81,1141.87,3,Bank Transfer,0
CUST_02049,47,Female,28,Month-to-Month,DSL,No,No,No,107.26,3002.45,3,Credit Card,1
CUST_02050,57,Male,1,One Year,No,Yes,No,No,85.0,121.52,1,Credit Card,0
CUST_02051,31,Female,8,Month-to-Month,DSL,No,No,No,54.48,391.71,1,Electronic Check,0
CUST_02052,35,Female,41,One Year,No,Yes,No,No,44.05,1838.57,2,Electronic Check,0
CUST_02053,40,Male,1,Two Year,Fiber Optic,No,No,Yes,89.17,80.41,0,Bank Transfer,1
CUST_02054,24,Male,46,Month-to-Month,No,No,No,No,74.18,3389.31,3,Bank Transfer,1
CUST_02055,32,Female,2,One Year,Fiber Optic,Yes,No,No,57.61,96.88,1,Electronic Check,0
CUST_02056,37,Male,43,Two Year,DSL,No,No,No,47.33,2059.67,3,Bank Transfer,0
CUST_02057,58,Female,10,One Year,No,No,No,Yes,67.29,711.62,2,Bank Transfer,0
CUST_02058,48,Female,22,Month-to-Month,DSL,Yes,No,No,55.91,1211.68,1,Credit Card,0
CUST_02059,47,Male,3,Month-to-Month,DSL,No,No,Yes,88.53,282.81,4,Bank Transfer,0
CUST_02060,57,Male,1,One Year,No,No,No,Yes,102.24,119.28,2,Bank Transfer,1
CUST_02061,42,Male,5,Two Year,DSL,No,Yes,No,23.98,156.83,2,Bank Transfer,0
CUST_02062,50,Male,3,Month-to-Month,DSL,Yes,Yes,Yes,28.23,134.02,2,Electronic Check,0
CUST_02063,43,Male,8,Month-to-Month,Fiber Optic,Yes,No,No,105.44,934.09,2,Bank Transfer,1
CUST_02064,48,Male,17,Month-to-Month,No,No,No,No,69.97,1166.31,3,Mailed Check,0
CUST_02065,36,Female,21,Month-to-Month,DSL,No,No,Yes,31.05,725.06,4,Electronic Check,1
CUST_02066,18,Female,37,Month-to-Month,Fiber Optic,No,No,No,94.5,3502.26,2,Bank Transfer,0
CUST_02067,42,Male,25,Month-to-Month,Fiber Optic,Yes,No,Yes,75.25,1826.52,2,Electronic Check,1
CUST_02068,66,Female,22,Month-to-Month,No,No,No,No,131.1,2851.62,4,Mailed Check,0
CUST_02069,58,Female,12,Month-to-Month,No,Yes,No,Yes,57.94,718.59,2,Electronic Check,0
CUST_02070,59,Female,15,Two Year,Fiber Optic,No,Yes,Yes,98.26,1510.1,1,Electronic Check,0
CUST_02071,63,Female,12,Month-to-Month,Fiber Optic,No,No,No,21.53,207.61,1,Electronic Check,1
CUST_02072,46,Male,44,Month-to-Month,Fiber Optic,No,Yes,No,106.88,4664.56,1,Mailed Check,0
CUST_02073,47,Female,6,Month-to-Month,DSL,Yes,No,No,93.32,533.29,2,Mailed Check,0
CUST_02074,35,Female,1,Two Year,Fiber Optic,No,Yes,Yes,113.13,69.96,0,Electronic Check,0
CUST_02075,40,Male,25,One Year,No,Yes,No,Yes,98.32,2363.93,0,Electronic Check,0
CUST_02076,54,Male,5,One Year,Fiber Optic,Yes,No,No,62.03,199.18,2,Credit Card,0
CUST_02077,63,Male,52,Month-to-Month,DSL,No,No,No,29.87,1533.95,4,Credit Card,1
CUST_02078,42,Male,47,Two Year,Fiber Optic,No,No,Yes,46.94,2218.71,4,Mailed Check,0
CUST_02079,38,Female,1,Month-to-Month,Fiber Optic,No,Yes,No,20.0,52.78,1,Mailed Check,0
CUST_02080,45,Male,2,Month-to-Month,Fiber Optic,No,No,Yes,37.37,6.63,2,Bank Transfer,1
CUST_02081,54,Female,16,One Year,Fiber Optic,No,No,Yes,77.78,1177.15,1,Electronic Check,1
CUST_02082,23,Female,22,Two Year,Fiber Optic,No,No,No,63.57,1372.09,2,Credit Card,0
CUST_02083,18,Male,7,One Year,DSL,No,No,Yes,58.29,408.21,2,Bank Transfer,0
CUST_02084,36,Male,30,Two Year,No,No,No,Yes,41.21,1286.65,5,Electronic Check,0
CUST_02085,26,Male,21,Two Year,Fiber Optic,No,No,Yes,20.0,455.89,0,Electronic Check,0
CUST_02086,37,Male,9,Month-to-Month,DSL,Yes,No,No,70.46,615.77,3,Bank Transfer,0
CUST_02087,42,Male,1,Month-to-Month,DSL,Yes,No,Yes,76.37,94.38,6,Electronic Check,0
CUST_02088,38,Male,33,Month-to-Month,No,No,No,No,35.25,1121.18,2,Electronic Check,1
CUST_02089,66,Female,5,Two Year,No,Yes,No,No,49.0,248.7,2,Bank Transfer,0
CUST_02090,49,Female,43,Month-to-Month,Fiber Optic,No,No,Yes,111.26,4781.23,3,Electronic Check,1
CUST_02091,49,Female,13,Two Year,DSL,No,No,No,99.78,1367.42,0,Bank Transfer,0
CUST_02092,54,Female,20,Month-to-Month,DSL,No,No,No,20.47,434.02,1,Credit Card,0
CUST_02093,27,Male,49,Month-to-Month,DSL,No,No,Yes,62.46,3022.05,1,Electronic Check,1
CUST_02094,60,Male,47,Month-to-Month,Fiber Optic,Yes,No,Yes,108.65,5068.46,1,Electronic Check,0
CUST_02095,43,Female,11,Month-to-Month,Fiber Optic,No,No,Yes,58.51,626.93,3,Credit Card,0
CUST_02096,55,Female,5,Two Year,Fiber Optic,Yes,No,No,56.93,206.44,2,Electronic Check,0
CUST_02097,28,Female,35,Month-to-Month,Fiber Optic,No,Yes,No,97.78,3410.87,3,Electronic Check,0
CUST_02098,21,Male,13,Month-to-Month,DSL,No,No,Yes,94.61,1222.77,1,Credit Card,0
CUST_02099,57,Male,5,Month-to-Month,DSL,No,No,No,93.06,488.62,1,Electronic Check,1
CUST_02100,50,Male,56,Month-to-Month,DSL,Yes,Yes,No,57.14,3230.47,5,Electronic Check,1
CUST_02101,31,Female,5,Month-to-Month,DSL,No,No,Yes,84.89,429.38,2,Electronic Check,1
CUST_02102,31,Female,1,Month-to-Month,DSL,No,Yes,No,109.84,28.34,2,Credit Card,0
CUST_02103,61,Male,1,Two Year,Fiber Optic,Yes,Yes,Yes,63.5,2.45,2,Bank Transfer,0
CUST_02104,27,Male,23,Month-to-Month,No,No,No,No,52.9,1186.39,3,Bank Transfer,0
CUST_02105,69,Female,26,Month-to-Month,Fiber Optic,No,Yes,Yes,101.9,2682.07,5,Mailed Check,0
CUST_02106,31,Female,8,One Year,No,No,No,No,126.36,1041.83,3,Electronic Check,0
CUST_02107,54,Male,9,Month-to-Month,Fiber Optic,No,No,Yes,128.45,1143.58,0,Credit Card,0
CUST_02108,40,Female,9,Month-to-Month,Fiber Optic,No,No,No,53.76,601.87,2,Bank Transfer,0
CUST_02109,54,Male,27,One Year,DSL,No,No,Yes,56.78,1611.11,1,Electronic Check,0
CUST_02110,36,Male,1,Month-to-Month,No,No,Yes,No,34.13,96.12,3,Credit Card,0
CUST_02111,42,Female,63,One Year,DSL,No,Yes,Yes,68.54,4353.15,2,Credit Card,0
CUST_02112,45,Female,6,Month-to-Month,DSL,Yes,No,Yes,32.78,219.59,0,Bank Transfer,1
CUST_02113,29,Female,72,One Year,DSL,No,Yes,Yes,49.2,3561.75,2,Credit Card,0
CUST_02114,56,Male,4,Two Year,No,No,No,Yes,86.03,253.88,1,Electronic Check,1
CUST_02115,37,Female,35,Month-to-Month,No,No,No,No,76.7,2631.91,2,Bank Transfer,0
CUST_02116,41,Female,6,Month-to-Month,Fiber Optic,Yes,No,No,20.0,108.89,0,Electronic Check,1
CUST_02117,30,Male,2,Month-to-Month,Fiber Optic,No,Yes,No,112.11,230.61,1,Bank Transfer,0
CUST_02118,18,Male,49,Month-to-Month,Fiber Optic,No,No,No,32.39,1580.89,1,Credit Card,0
CUST_02119,42,Female,46,Two Year,No,Yes,No,Yes,36.17,1677.53,1,Mailed Check,0
CUST_02120,80,Male,12,One Year,Fiber Optic,No,Yes,Yes,27.83,228.82,0,Bank Transfer,0
CUST_02121,56,Male,29,Month-to-Month,No,No,No,No,45.16,1334.97,3,Electronic Check,0
CUST_02122,44,Male,19,One Year,DSL,No,No,No,38.1,726.93,2,Bank Transfer,0
CUST_02123,41,Female,46,Month-to-Month,DSL,No,No,No,38.83,1776.67,2,Electronic Check,0
CUST_02124,45,Female,9,One Year,No,No,No,Yes,20.0,226.37,3,Electronic Check,1
CUST_02125,53,Male,17,One Year,DSL,No,No,Yes,68.9,1118.99,2,Bank Transfer,0
CUST_02126,27,Male,15,One Year,No,No,No,Yes,71.96,1067.58,3,Bank Transfer,0
CUST_02127,61,Male,10,Month-to-Month,Fiber Optic,No,Yes,Yes,132.33,1337.54,1,Electronic Check,0
CUST_02128,55,Female,53,One Year,No,Yes,Yes,No,79.59,4175.63,1,Mailed Check,0
CUST_02129,55,Male,4,Month-to-Month,DSL,No,No,Yes,50.1,100.24,2,Bank Transfer,1
CUST_02130,51,Male,3,One Year,Fiber Optic,Yes,Yes,No,28.98,29.28,3,Bank Transfer,0
CUST_02131,45,Female,20,Month-to-Month,Fiber Optic,No,No,No,62.11,1239.0,0,Electronic Check,0
CUST_02132,55,Male,25,Month-to-Month,Fiber Optic,No,Yes,No,78.46,1949.09,2,Bank Transfer,1
CUST_02133,53,Female,5,One Year,Fiber Optic,No,Yes,No,49.9,248.58,1,Bank Transfer,0
CUST_02134,39,Female,11,Two Year,No,No,No,Yes,66.83,702.17,1,Bank Transfer,0
CUST_02135,36,Female,70,Month-to-Month,Fiber Optic,No,Yes,No,121.92,8468.83,1,Credit Card,0
CUST_02136,46,Male,6,Two Year,DSL,Yes,No,Yes,53.48,327.71,3,Bank Transfer,0
CUST_02137,68,Male,26,One Year,No,Yes,Yes,No,20.0,511.67,1,Credit Card,0
CUST_02138,26,Female,32,One Year,DSL,No,No,Yes,91.2,2950.44,1,Credit Card,0
CUST_02139,22,Male,14,Two Year,DSL,No,No,No,74.43,1004.63,1,Bank Transfer,0
CUST_02140,47,Female,66,Month-to-Month,DSL,No,No,Yes,20.0,1218.96,2,Electronic Check,0
CUST_02141,45,Male,32,Two Year,No,No,No,Yes,77.83,2360.31,0,Electronic Check,0
CUST_02142,47,Female,14,Month-to-Month,DSL,No,Yes,No,35.06,470.82,2,Credit Card,0
CUST_02143,48,Female,20,Month-to-Month,DSL,No,No,No,78.24,1571.19,5,Electronic Check,0
CUST_02144,41,Male,28,One Year,No,No,No,No,122.22,3410.49,1,Electronic Check,0
CUST_02145,67,Male,21,Two Year,No,No,No,No,59.69,1225.25,2,Credit Card,0
CUST_02146,20,Male,50,Two Year,DSL,Yes,Yes,No,97.5,4795.34,4,Bank Transfer,0
CUST_02147,32,Male,10,One Year,Fiber Optic,No,Yes,Yes,28.15,186.99,0,Electronic Check,0
CUST_02148,43,Female,8,One Year,No,No,Yes,No,20.0,178.36,4,Credit Card,1
CUST_02149,20,Female,5,Month-to-Month,DSL,No,Yes,No,125.52,616.23,2,Bank Transfer,0
CUST_02150,42,Male,1,Two Year,No,Yes,Yes,No,74.23,56.06,2,Mailed Check,0
CUST_02151,69,Male,1,Month-to-Month,Fiber Optic,Yes,No,No,84.1,7.01,0,Electronic Check,1
CUST_02152,45,Female,48,One Year,Fiber Optic,No,No,No,99.56,4730.6,1,Bank Transfer,0
CUST_02153,48,Male,27,One Year,Fiber Optic,Yes,No,No,49.17,1329.73,3,Bank Transfer,0
CUST_02154,26,Male,25,One Year,Fiber Optic,No,Yes,No,89.75,2258.07,3,Bank Transfer,0
CUST_02155,35,Male,22,Month-to-Month,DSL,No,No,No,85.21,1866.33,2,Electronic Check,1
CUST_02156,39,Male,45,Two Year,Fiber Optic,No,No,No,26.16,1245.98,0,Bank Transfer,0
CUST_02157,40,Female,15,One Year,DSL,No,No,No,110.39,1627.07,4,Bank Transfer,1
CUST_02158,64,Female,49,Two Year,Fiber Optic,Yes,No,Yes,104.21,5170.43,1,Credit Card,0
CUST_02159,53,Male,10,Month-to-Month,DSL,No,No,Yes,26.49,275.73,4,Bank Transfer,0
CUST_02160,28,Female,62,One Year,No,No,No,Yes,71.01,4407.94,2,Electronic Check,0
CUST_02161,48,Male,28,One Year,DSL,No,No,No,58.07,1672.52,0,Electronic Check,0
CUST_02162,52,Male,7,One Year,Fiber Optic,No,No,Yes,107.55,721.64,2,Bank Transfer,0
CUST_02163,62,Male,19,Two Year,Fiber Optic,No,No,No,22.68,414.49,3,Bank Transfer,0
CUST_02164,68,Female,18,Month-to-Month,Fiber Optic,Yes,No,No,150.0,2638.82,0,Electronic Check,0
CUST_02165,29,Female,3,Month-to-Month,Fiber Optic,Yes,Yes,No,59.77,226.06,3,Electronic Check,1
CUST_02166,32,Female,21,Month-to-Month,Fiber Optic,No,No,Yes,87.15,1847.0,2,Electronic Check,0
CUST_02167,26,Female,9,Month-to-Month,DSL,No,No,Yes,106.62,1014.51,2,Electronic Check,1
CUST_02168,41,Female,1,Two Year,DSL,No,No,No,59.12,69.36,1,Electronic Check,0
CUST_02169,51,Male,71,Month-to-Month,Fiber Optic,No,Yes,No,61.55,4425.33,5,Credit Card,0
CUST_02170,59,Male,24,Month-to-Month,No,Yes,No,No,49.92,1160.6,2,Bank Transfer,1
CUST_02171,43,Female,50,Month-to-Month,DSL,No,Yes,No,38.44,1971.16,0,Credit Card,1
CUST_02172,40,Female,27,One Year,DSL,Yes,No,No,73.16,1955.32,4,Credit Card,0
CUST_02173,47,Female,10,Month-to-Month,DSL,Yes,Yes,Yes,60.94,609.55,2,Bank Transfer,0
CUST_02174,32,Male,17,Month-to-Month,Fiber Optic,No,No,No,49.72,881.64,6,Mailed Check,0
CUST_02175,76,Female,27,Month-to-Month,DSL,No,Yes,No,51.47,1506.11,2,Credit Card,0
CUST_02176,20,Male,72,Month-to-Month,No,Yes,Yes,Yes,82.29,5965.67,2,Electronic Check,0
CUST_02177,47,Male,7,Two Year,DSL,No,Yes,No,41.07,333.23,4,Electronic Check,1
CUST_02178,75,Female,49,Month-to-Month,DSL,No,No,No,57.59,2794.69,0,Mailed Check,1
CUST_02179,45,Male,61,One Year,DSL,Yes,No,Yes,91.96,5617.41,2,Electronic Check,0
CUST_02180,42,Male,26,Two Year,Fiber Optic,No,Yes,No,72.42,1878.04,1,Electronic Check,0
CUST_02181,39,Female,64,One Year,Fiber Optic,No,No,No,33.51,2215.23,1,Electronic Check,0
CUST_02182,42,Male,12,Two Year,DSL,No,Yes,No,64.28,764.11,1,Electronic Check,0
CUST_02183,65,Female,72,Two Year,No,Yes,No,Yes,78.11,5690.39,4,Bank Transfer,0
CUST_02184,18,Male,29,Month-to-Month,DSL,No,Yes,Yes,94.68,2680.58,3,Bank Transfer,0
CUST_02185,68,Female,1,One Year,Fiber Optic,No,No,Yes,42.34,112.28,1,Mailed Check,0
CUST_02186,23,Female,56,Month-to-Month,Fiber Optic,Yes,No,Yes,48.24,2658.6,1,Electronic Check,0
CUST_02187,41,Male,15,Month-to-Month,DSL,Yes,No,Yes,44.15,704.87,3,Electronic Check,0
CUST_02188,38,Female,14,Two Year,No,Yes,No,No,45.63,595.66,2,Electronic Check,0
CUST_02189,53,Male,20,One Year,No,Yes,No,No,77.15,1573.92,1,Bank Transfer,0
CUST_02190,21,Male,3,One Year,DSL,Yes,Yes,No,82.83,200.37,1,Credit Card,0
CUST_02191,51,Female,15,One Year,Fiber Optic,No,No,No,96.53,1499.73,3,Electronic Check,0
CUST_02192,75,Male,42,Month-to-Month,DSL,No,No,Yes,62.26,2657.38,2,Electronic Check,0
CUST_02193,24,Female,1,Two Year,Fiber Optic,No,No,No,22.84,-7.19,2,Mailed Check,0
CUST_02194,47,Male,7,Month-to-Month,DSL,No,No,No,85.08,624.49,1,Electronic Check,1
CUST_02195,35,Male,1,Month-to-Month,No,No,No,No,69.77,117.15,5,Electronic Check,1
CUST_02196,51,Female,12,Two Year,DSL,No,No,Yes,66.8,755.42,4,Electronic Check,0
CUST_02197,45,Male,31,Month-to-Month,DSL,Yes,No,No,26.5,769.73,1,Electronic Check,1
CUST_02198,35,Male,38,One Year,DSL,No,No,Yes,59.12,2193.18,2,Credit Card,0
CUST_02199,52,Male,69,One Year,DSL,No,No,No,29.19,1953.48,3,Credit Card,0
CUST_02200,72,Male,22,Month-to-Month,Fiber Optic,Yes,No,No,79.46,1694.29,6,Bank Transfer,0
CUST_02201,42,Male,7,Two Year,DSL,Yes,No,Yes,52.1,410.96,2,Credit Card,0
CUST_02202,55,Male,61,One Year,Fiber Optic,No,No,Yes,49.41,3042.14,2,Electronic Check,0
CUST_02203,25,Male,35,Month-to-Month,DSL,No,No,No,20.0,615.2,4,Electronic Check,0
CUST_02204,30,Male,20,Month-to-Month,Fiber Optic,No,No,No,95.81,1890.75,2,Electronic Check,0
CUST_02205,52,Female,28,Two Year,Fiber Optic,Yes,Yes,No,57.24,1544.91,2,Bank Transfer,0
CUST_02206,67,Male,61,Month-to-Month,No,Yes,No,Yes,67.61,4167.25,4,Credit Card,0
CUST_02207,50,Male,29,Two Year,No,No,No,Yes,42.94,1222.64,1,Electronic Check,0
CUST_02208,40,Female,11,Month-to-Month,No,No,Yes,Yes,20.0,142.78,3,Electronic Check,0
CUST_02209,44,Female,29,One Year,Fiber Optic,No,No,No,49.05,1430.99,1,Credit Card,0
CUST_02210,26,Female,1,Two Year,DSL,No,Yes,Yes,53.85,84.18,0,Mailed Check,0
CUST_02211,54,Male,11,Month-to-Month,Fiber Optic,No,Yes,Yes,73.78,763.93,1,Bank Transfer,0
CUST_02212,58,Female,12,One Year,No,Yes,No,No,54.35,638.94,4,Mailed Check,0
CUST_02213,38,Female,4,One Year,DSL,No,No,No,43.45,128.68,5,Electronic Check,1
CUST_02214,37,Male,1,One Year,Fiber Optic,Yes,Yes,No,20.0,82.2,2,Bank Transfer,0
CUST_02215,48,Male,3,One Year,DSL,No,No,No,66.45,177.79,3,Mailed Check,1
CUST_02216,38,Female,25,One Year,Fiber Optic,No,No,No,41.1,991.49,1,Electronic Check,0
CUST_02217,44,Female,38,One Year,Fiber Optic,Yes,Yes,Yes,104.62,3973.15,1,Credit Card,0
CUST_02218,76,Male,72,Two Year,Fiber Optic,Yes,Yes,No,69.5,4993.94,1,Electronic Check,0
CUST_02219,41,Male,10,One Year,Fiber Optic,Yes,No,No,81.86,853.06,1,Mailed Check,0
CUST_02220,39,Male,21,Month-to-Month,No,Yes,No,No,57.54,1269.07,0,Electronic Check,1
CUST_02221,35,Male,66,Two Year,Fiber Optic,No,No,No,71.04,4749.72,2,Electronic Check,0
CUST_02222,56,Male,4,Month-to-Month,No,No,Yes,No,38.28,134.02,2,Electronic Check,0
CUST_02223,42,Female,30,Month-to-Month,DSL,No,No,No,29.65,904.86,2,Electronic Check,1
CUST_02224,35,Male,33,Month-to-Month,Fiber Optic,No,No,No,65.45,2234.4,1,Mailed Check,0
CUST_02225,64,Male,2,Month-to-Month,Fiber Optic,No,No,No,82.11,240.57,2,Electronic Check,0
CUST_02226,66,Male,47,Month-to-Month,DSL,No,No,No,20.0,896.2,0,Credit Card,0
CUST_02227,35,Male,40,Month-to-Month,DSL,No,No,Yes,50.03,2030.69,2,Electronic Check,1
CUST_02228,18,Male,1,Month-to-Month,Fiber Optic,No,No,No,120.26,141.42,2,Bank Transfer,1
CUST_02229,60,Female,2,One Year,Fiber Optic,No,No,No,79.38,205.07,2,Electronic Check,1
CUST_02230,34,Male,1,Month-to-Month,Fiber Optic,No,Yes,Yes,111.13,173.31,2,Electronic Check,1
CUST_02231,56,Female,9,Month-to-Month,DSL,Yes,No,Yes,45.98,361.76,2,Electronic Check,0
CUST_02232,18,Male,17,Month-to-Month,DSL,No,No,No,51.26,836.93,1,Credit Card,0
CUST_02233,58,Female,18,Month-to-Month,Fiber Optic,No,No,Yes,94.0,1737.42,0,Electronic Check,0
CUST_02234,26,Female,7,Month-to-Month,DSL,No,No,No,83.71,593.34,0,Electronic Check,1
CUST_02235,55,Male,58,One Year,DSL,No,No,Yes,62.17,3494.41,1,Electronic Check,0
CUST_02236,45,Male,11,Two Year,DSL,Yes,Yes,No,27.12,215.06,1,Bank Transfer,0
CUST_02237,30,Male,1,Two Year,DSL,No,No,No,99.71,132.83,2,Credit Card,0
CUST_02238,38,Male,8,Two Year,DSL,No,No,No,140.31,1164.41,2,Electronic Check,0
CUST_02239,55,Male,18,Month-to-Month,DSL,No,Yes,Yes,20.0,292.53,3,Bank Transfer,0
CUST_02240,46,Female,12,Month-to-Month,DSL,No,No,Yes,107.11,1340.26,1,Mailed Check,0
CUST_02241,53,Male,7,Month-to-Month,Fiber Optic,Yes,No,Yes,50.95,346.8,2,Credit Card,0
CUST_02242,74,Male,3,One Year,DSL,No,No,No,55.0,113.86,1,Bank Transfer,1
CUST_02243,21,Female,41,Month-to-Month,Fiber Optic,No,No,Yes,73.09,2968.64,4,Electronic Check,0
CUST_02244,69,Male,72,One Year,No,No,No,No,28.83,2014.93,1,Electronic Check,0
CUST_02245,46,Female,9,Month-to-Month,Fiber Optic,Yes,No,No,63.89,544.18,0,Mailed Check,0
CUST_02246,31,Male,11,Month-to-Month,DSL,Yes,Yes,Yes,20.0,126.56,0,Bank Transfer,0
CUST_02247,25,Female,23,Two Year,No,No,No,Yes,79.28,1819.81,2,Electronic Check,1
CUST_02248,42,Male,30,One Year,DSL,No,Yes,Yes,132.01,3989.71,1,Bank Transfer,0
CUST_02249,58,Female,11,Two Year,DSL,Yes,No,No,45.81,436.58,2,Bank Transfer,0
CUST_02250,43,Female,56,One Year,No,Yes,No,Yes,59.94,3357.36,2,Mailed Check,0
CUST_02251,67,Male,19,Two Year,No,No,No,Yes,61.42,1126.66,1,Bank Transfer,0
CUST_02252,23,Male,14,One Year,Fiber Optic,No,No,Yes,94.59,1357.76,3,Credit Card,0
CUST_02253,44,Male,24,Two Year,Fiber Optic,Yes,No,No,77.17,1736.29,0,Electronic Check,0
CUST_02254,26,Female,72,Month-to-Month,Fiber Optic,No,Yes,No,92.61,6703.54,1,Bank Transfer,1
CUST_02255,50,Female,37,One Year,DSL,No,No,No,49.81,1752.19,1,Electronic Check,0
CUST_02256,58,Female,1,One Year,DSL,No,No,Yes,78.01,67.51,4,Electronic Check,1
CUST_02257,38,Male,9,Month-to-Month,Fiber Optic,No,Yes,Yes,20.0,144.55,3,Credit Card,1
CUST_02258,18,Male,15,Two Year,No,No,No,Yes,85.02,1257.32,0,Bank Transfer,0
CUST_02259,47,Female,9,Two Year,DSL,No,Yes,No,28.47,179.73,3,Bank Transfer,0
CUST_02260,51,Male,28,Month-to-Month,Fiber Optic,No,No,Yes,55.17,1627.83,2,Electronic Check,0
CUST_02261,51,Female,42,Month-to-Month,DSL,No,No,No,87.36,3604.69,1,Electronic Check,1
CUST_02262,63,Male,31,Month-to-Month,Fiber Optic,No,No,Yes,20.0,559.62,0,Electronic Check,1
CUST_02263,28,Male,72,Two Year,Fiber Optic,Yes,Yes,No,97.68,7122.92,5,Bank Transfer,0
CUST_02264,55,Female,7,One Year,Fiber Optic,No,No,Yes,61.27,445.03,2,Bank Transfer,0
CUST_02265,62,Male,49,Month-to-Month,DSL,No,No,No,108.59,5258.37,2,Electronic Check,1
CUST_02266,18,Male,34,One Year,Fiber Optic,No,No,No,37.91,1282.66,1,Mailed Check,1
CUST_02267,49,Male,10,Month-to-Month,Fiber Optic,No,No,No,20.0,188.21,3,Bank Transfer,0
CUST_02268,37,Male,31,One Year,DSL,No,No,No,64.13,1903.7,2,Credit Card,0
CUST_02269,43,Male,2,Month-to-Month,DSL,Yes,No,No,82.61,127.31,1,Mailed Check,0
CUST_02270,50,Female,37,Month-to-Month,Fiber Optic,Yes,No,No,85.13,3148.42,2,Bank Transfer,0
CUST_02271,37,Male,18,One Year,Fiber Optic,Yes,No,Yes,30.94,620.16,2,Bank Transfer,0
CUST_02272,34,Female,8,Month-to-Month,DSL,No,No,Yes,20.0,150.56,2,Mailed Check,1
CUST_02273,45,Male,25,Month-to-Month,Fiber Optic,No,No,No,55.63,1385.07,0,Electronic Check,0
CUST_02274,28,Male,24,Month-to-Month,No,No,Yes,No,80.49,1891.08,3,Bank Transfer,0
CUST_02275,28,Female,5,Month-to-Month,DSL,No,No,No,78.97,449.66,3,Bank Transfer,0
CUST_02276,55,Female,1,Month-to-Month,Fiber Optic,No,No,No,112.16,157.28,2,Bank Transfer,1
CUST_02277,27,Male,13,Two Year,DSL,No,No,No,53.8,738.82,2,Electronic Check,0
CUST_02278,54,Male,20,Two Year,DSL,Yes,Yes,Yes,20.0,405.59,5,Electronic Check,0
CUST_02279,51,Female,50,Two Year,DSL,Yes,No,No,100.9,4965.07,1,Mailed Check,0
CUST_02280,19,Female,63,Two Year,Fiber Optic,Yes,No,No,70.86,4518.25,1,Mailed Check,0
CUST_02281,34,Female,18,Month-to-Month,No,No,No,No,73.47,1325.25,5,Electronic Check,1
CUST_02282,62,Female,33,Month-to-Month,DSL,Yes,No,Yes,88.01,2888.99,1,Mailed Check,0
CUST_02283,30,Male,13,Month-to-Month,Fiber Optic,Yes,Yes,No,102.91,1360.24,1,Bank Transfer,0
CUST_02284,38,Male,32,Two Year,Fiber Optic,No,No,Yes,64.31,2069.11,4,Mailed Check,0
CUST_02285,51,Male,5,One Year,DSL,No,No,Yes,100.3,448.02,0,Mailed Check,0
CUST_02286,56,Male,11,Month-to-Month,Fiber Optic,No,No,No,81.56,881.17,2,Credit Card,1
CUST_02287,41,Male,24,Month-to-Month,Fiber Optic,No,No,No,45.33,992.78,2,Bank Transfer,0
CUST_02288,36,Female,1,One Year,No,Yes,No,No,58.0,62.3,4,Mailed Check,0
CUST_02289,66,Female,30,One Year,No,Yes,No,No,83.5,2571.58,1,Credit Card,0
CUST_02290,71,Female,43,Two Year,DSL,Yes,No,Yes,43.74,1790.84,4,Electronic Check,1
CUST_02291,59,Male,12,Month-to-Month,Fiber Optic,Yes,Yes,Yes,91.59,1105.56,0,Electronic Check,0
CUST_02292,46,Female,14,Two Year,DSL,No,Yes,No,69.75,1009.86,0,Electronic Check,0
CUST_02293,32,Male,45,Month-to-Month,Fiber Optic,No,No,Yes,76.45,3481.0,2,Credit Card,1
CUST_02294,32,Male,35,One Year,No,No,No,No,108.22,3750.22,3,Bank Transfer,0
CUST_02295,52,Male,8,Two Year,DSL,No,No,No,75.7,550.46,4,Bank Transfer,0
CUST_02296,51,Female,9,Two Year,Fiber Optic,No,Yes,Yes,67.14,574.93,4,Electronic Check,1
CUST_02297,66,Male,27,Month-to-Month,Fiber Optic,Yes,No,No,62.52,1747.65,2,Bank Transfer,0
CUST_02298,54,Male,19,Month-to-Month,Fiber Optic,Yes,No,Yes,60.96,1072.77,2,Electronic Check,0
CUST_02299,22,Female,4,Month-to-Month,DSL,No,No,No,74.37,236.68,1,Credit Card,0
CUST_02300,60,Male,8,Month-to-Month,No,No,No,No,105.9,824.26,1,Electronic Check,1
CUST_02301,30,Female,55,One Year,Fiber Optic,No,No,No,46.65,2516.79,2,Electronic Check,0
CUST_02302,39,Male,27,Two Year,DSL,No,No,Yes,44.38,1196.08,6,Credit Card,0
CUST_02303,48,Female,72,Month-to-Month,DSL,Yes,No,Yes,103.55,7526.41,2,Mailed Check,0
CUST_02304,74,Male,34,Month-to-Month,Fiber Optic,No,Yes,Yes,48.02,1572.34,3,Mailed Check,1
CUST_02305,80,Male,68,Month-to-Month,DSL,Yes,No,No,71.48,4853.52,1,Electronic Check,0
CUST_02306,54,Female,5,Two Year,DSL,No,No,No,47.25,235.82,3,Credit Card,1
CUST_02307,42,Male,35,Two Year,Fiber Optic,No,Yes,Yes,20.0,683.27,1,Electronic Check,0
CUST_02308,53,Female,1,Month-to-Month,Fiber Optic,Yes,No,No,70.95,-7.97,1,Electronic Check,1
CUST_02309,58,Male,26,Month-to-Month,Fiber Optic,Yes,Yes,No,98.46,2527.94,2,Electronic Check,0
CUST_02310,40,Female,15,One Year,DSL,Yes,No,No,63.14,915.33,3,Mailed Check,0
CUST_02311,71,Male,10,One Year,Fiber Optic,Yes,No,Yes,20.55,237.18,1,Credit Card,0
CUST_02312,48,Male,47,Month-to-Month,No,No,No,No,68.27,3229.77,4,Credit Card,0
CUST_02313,52,Male,46,Two Year,DSL,No,Yes,Yes,42.32,1869.19,4,Credit Card,0
CUST_02314,54,Female,1,Two Year,Fiber Optic,No,No,No,20.0,0.64,3,Mailed Check,0
CUST_02315,51,Female,22,One Year,No,No,Yes,Yes,62.57,1351.6,2,Bank Transfer,0
CUST_02316,57,Female,11,One Year,Fiber Optic,Yes,No,No,80.53,983.57,0,Bank Transfer,0
CUST_02317,35,Female,12,Month-to-Month,Fiber Optic,Yes,Yes,No,100.33,1218.59,2,Mailed Check,1
CUST_02318,36,Female,42,One Year,DSL,Yes,No,No,117.71,4889.77,3,Credit Card,0
CUST_02319,28,Male,8,Month-to-Month,Fiber Optic,Yes,Yes,No,84.53,637.38,3,Credit Card,0
CUST_02320,51,Male,68,Month-to-Month,Fiber Optic,No,Yes,Yes,93.01,6305.55,0,Electronic Check,1
CUST_02321,56,Male,4,Month-to-Month,Fiber Optic,Yes,Yes,No,26.46,123.97,1,Credit Card,0
CUST_02322,51,Male,26,Month-to-Month,No,No,No,No,113.65,2979.27,2,Credit Card,0
CUST_02323,70,Male,26,Month-to-Month,DSL,No,No,Yes,103.02,2688.57,1,Bank Transfer,1
CUST_02324,44,Female,6,One Year,DSL,No,Yes,No,53.99,313.43,0,Credit Card,0
CUST_02325,55,Male,9,One Year,DSL,No,No,No,85.45,762.25,2,Mailed Check,0
CUST_02326,28,Female,43,One Year,Fiber Optic,No,No,No,82.43,3538.13,3,Bank Transfer,1
CUST_02327,39,Male,34,Month-to-Month,DSL,No,Yes,No,109.11,3620.47,7,Bank Transfer,1
CUST_02328,55,Female,9,Month-to-Month,Fiber Optic,No,No,Yes,60.47,541.14,2,Mailed Check,0
CUST_02329,57,Female,18,Two Year,DSL,Yes,No,No,42.61,738.17,2,Electronic Check,0
CUST_02330,40,Female,1,Month-to-Month,Fiber Optic,No,Yes,No,50.3,-32.34,1,Credit Card,0
CUST_02331,43,Male,5,Two Year,DSL,Yes,No,Yes,91.9,580.41,2,Credit Card,0
CUST_02332,22,Male,15,Month-to-Month,No,No,No,No,20.0,315.57,2,Credit Card,0
CUST_02333,39,Male,2,One Year,Fiber Optic,No,No,Yes,20.0,40.66,3,Electronic Check,0
CUST_02334,58,Male,44,Month-to-Month,No,Yes,Yes,Yes,91.83,4021.85,1,Electronic Check,0
CUST_02335,53,Female,30,One Year,Fiber Optic,Yes,No,Yes,73.24,2233.84,2,Bank Transfer,0
CUST_02336,52,Female,69,Two Year,DSL,Yes,No,No,65.55,4465.1,1,Credit Card,0
CUST_02337,45,Female,28,Two Year,DSL,No,No,No,25.83,707.71,3,Bank Transfer,0
CUST_02338,45,Female,67,Two Year,No,No,Yes,Yes,20.0,1292.39,1,Mailed Check,0
CUST_02339,35,Male,19,Month-to-Month,Fiber Optic,No,Yes,No,45.96,909.4,1,Bank Transfer,0
CUST_02340,55,Female,22,One Year,DSL,No,No,Yes,75.85,1627.38,2,Electronic Check,0
CUST_02341,51,Male,72,Month-to-Month,Fiber Optic,Yes,No,No,47.43,3469.83,4,Bank Transfer,1
CUST_02342,52,Female,24,One Year,Fiber Optic,No,No,No,92.0,2203.11,2,Electronic Check,0
CUST_02343,37,Female,1,Month-to-Month,DSL,No,No,No,36.38,75.1,4,Electronic Check,1
CUST_02344,18,Female,30,Two Year,DSL,No,Yes,No,49.42,1502.58,4,Bank Transfer,0
CUST_02345,61,Male,56,Two Year,No,No,No,No,86.1,4874.34,3,Mailed Check,0
CUST_02346,37,Male,38,Month-to-Month,DSL,No,Yes,No,53.69,1993.56,3,Electronic Check,1
CUST_02347,32,Female,21,Month-to-Month,DSL,Yes,No,No,55.18,1204.05,1,Mailed Check,0
CUST_02348,55,Female,26,Month-to-Month,DSL,No,No,No,45.7,1094.95,0,Electronic Check,0
CUST_02349,39,Female,72,One Year,DSL,Yes,No,No,40.13,2891.64,1,Electronic Check,0
CUST_02350,60,Male,2,Month-to-Month,Fiber Optic,No,No,No,75.63,123.95,4,Electronic Check,1
CUST_02351,54,Male,26,Two Year,DSL,Yes,No,No,79.51,1997.06,1,Electronic Check,0
CUST_02352,55,Male,7,One Year,DSL,No,No,No,71.81,458.03,2,Electronic Check,0
CUST_02353,24,Female,24,One Year,No,No,Yes,No,46.51,1084.32,1,Electronic Check,0
CUST_02354,63,Male,22,One Year,DSL,No,No,Yes,58.96,1287.19,4,Electronic Check,0
CUST_02355,48,Female,3,Month-to-Month,DSL,No,Yes,No,112.88,312.39,3,Mailed Check,0
CUST_02356,39,Male,5,Two Year,Fiber Optic,No,No,No,22.37,115.84,4,Mailed Check,0
CUST_02357,47,Female,23,One Year,Fiber Optic,No,No,No,121.58,2754.76,6,Credit Card,0
CUST_02358,18,Female,3,Two Year,No,Yes,No,No,67.99,180.13,1,Credit Card,0
CUST_02359,51,Male,7,One Year,DSL,No,No,Yes,59.6,402.72,2,Credit Card,0
CUST_02360,29,Female,43,One Year,No,No,No,Yes,93.6,4033.96,3,Mailed Check,0
CUST_02361,24,Female,9,Month-to-Month,Fiber Optic,No,No,No,20.0,222.44,0,Electronic Check,0
CUST_02362,22,Female,16,One Year,Fiber Optic,No,Yes,Yes,106.41,1745.24,3,Mailed Check,0
CUST_02363,61,Male,67,One Year,DSL,Yes,No,Yes,120.73,8100.9,2,Bank Transfer,0
CUST_02364,35,Female,6,One Year,DSL,Yes,No,Yes,97.64,607.35,4,Mailed Check,0
CUST_02365,68,Male,11,One Year,Fiber Optic,No,Yes,No,20.0,235.59,4,Bank Transfer,1
CUST_02366,36,Male,22,Month-to-Month,No,No,No,No,87.93,1918.62,2,Bank Transfer,0
CUST_02367,19,Female,33,Two Year,Fiber Optic,No,No,No,114.38,3819.57,2,Credit Card,0
CUST_02368,28,Male,55,Two Year,DSL,No,No,Yes,111.28,6074.81,1,Credit Card,0
CUST_02369,63,Female,59,Month-to-Month,DSL,No,No,No,22.76,1240.27,0,Credit Card,0
CUST_02370,42,Male,35,Two Year,Fiber Optic,No,Yes,Yes,95.49,3290.1,0,Electronic Check,0
CUST_02371,36,Female,6,Month-to-Month,Fiber Optic,No,No,Yes,118.87,783.36,0,Credit Card,0
CUST_02372,47,Male,1,One Year,DSL,Yes,Yes,No,65.88,51.11,0,Bank Transfer,0
CUST_02373,52,Female,11,Month-to-Month,DSL,No,No,Yes,21.42,249.32,1,Bank Transfer,1
CUST_02374,61,Female,3,Two Year,Fiber Optic,No,No,Yes,89.86,255.88,2,Electronic Check,0
CUST_02375,66,Female,29,Month-to-Month,Fiber Optic,No,Yes,Yes,96.62,2829.94,3,Mailed Check,0
CUST_02376,39,Female,25,Month-to-Month,Fiber Optic,No,No,Yes,60.82,1524.13,0,Bank Transfer,0
CUST_02377,25,Male,1,Month-to-Month,No,Yes,Yes,No,29.28,25.85,2,Electronic Check,0
CUST_02378,38,Male,43,Month-to-Month,Fiber Optic,No,Yes,Yes,94.46,4092.3,3,Electronic Check,0
CUST_02379,48,Female,6,One Year,DSL,No,No,No,41.94,228.33,3,Mailed Check,1
CUST_02380,30,Male,13,Month-to-Month,Fiber Optic,No,No,No,76.92,1018.57,4,Mailed Check,0
CUST_02381,30,Female,26,One Year,No,No,No,Yes,111.74,2896.63,3,Electronic Check,0
CUST_02382,50,Female,13,Two Year,No,No,Yes,No,20.0,254.63,2,Mailed Check,0
CUST_02383,44,Male,13,Two Year,No,No,No,No,92.23,1158.1,2,Electronic Check,0
CUST_02384,45,Male,1,Two Year,DSL,No,Yes,No,58.8,48.0,2,Mailed Check,0
CUST_02385,33,Female,12,Month-to-Month,Fiber Optic,No,No,No,59.58,687.9,4,Electronic Check,1
CUST_02386,41,Male,34,Month-to-Month,No,No,No,No,80.43,2791.1,0,Credit Card,0
CUST_02387,31,Female,59,One Year,Fiber Optic,No,Yes,Yes,41.86,2385.45,2,Electronic Check,0
CUST_02388,58,Male,12,Month-to-Month,DSL,Yes,No,No,29.75,401.46,2,Bank Transfer,0
CUST_02389,60,Male,13,Two Year,No,Yes,Yes,No,20.0,172.79,2,Electronic Check,0
CUST_02390,18,Male,29,Month-to-Month,Fiber Optic,No,No,No,101.95,2983.49,2,Electronic Check,1
CUST_02391,31,Male,68,Two Year,DSL,No,No,No,53.85,3619.9,1,Electronic Check,0
CUST_02392,22,Male,7,Month-to-Month,DSL,No,No,No,82.1,603.0,2,Credit Card,0
CUST_02393,35,Female,13,Two Year,Fiber Optic,Yes,No,Yes,50.45,649.77,1,Electronic Check,0
CUST_02394,43,Male,38,Month-to-Month,Fiber Optic,No,No,No,30.15,1073.98,0,Mailed Check,1
CUST_02395,23,Male,22,Month-to-Month,DSL,No,No,No,84.57,1928.46,2,Bank Transfer,0
CUST_02396,31,Female,2,One Year,Fiber Optic,No,Yes,Yes,74.84,188.51,0,Bank Transfer,0
CUST_02397,29,Female,23,Month-to-Month,Fiber Optic,No,No,Yes,57.89,1356.7,3,Bank Transfer,1
CUST_02398,48,Female,4,One Year,Fiber Optic,No,No,No,74.06,264.21,2,Electronic Check,1
CUST_02399,46,Male,17,One Year,DSL,No,Yes,No,36.19,655.71,3,Bank Transfer,0
CUST_02400,34,Male,18,Month-to-Month,Fiber Optic,Yes,No,Yes,96.82,1678.56,1,Credit Card,0
CUST_02401,47,Female,50,Two Year,DSL,No,No,Yes,103.77,5077.21,3,Credit Card,0
CUST_02402,36,Female,14,Month-to-Month,DSL,Yes,Yes,No,87.78,1150.79,2,Mailed Check,0
CUST_02403,40,Female,7,One Year,DSL,No,No,Yes,53.84,330.78,1,Mailed Check,0
CUST_02404,70,Female,6,One Year,No,Yes,No,Yes,66.78,362.94,2,Electronic Check,0
CUST_02405,65,Male,49,One Year,DSL,No,No,No,112.07,5469.45,3,Bank Transfer,0
CUST_02406,25,Male,4,Month-to-Month,DSL,Yes,Yes,No,103.43,394.22,0,Electronic Check,0
CUST_02407,57,Male,13,Month-to-Month,DSL,No,No,No,124.82,1590.12,1,Electronic Check,0
CUST_02408,57,Male,4,One Year,Fiber Optic,Yes,Yes,No,41.58,60.52,3,Mailed Check,0
CUST_02409,27,Male,35,Month-to-Month,No,No,No,No,38.89,1370.88,4,Electronic Check,1
CUST_02410,57,Female,15,Month-to-Month,No,No,No,No,69.03,1022.23,1,Electronic Check,0
CUST_02411,68,Male,10,One Year,DSL,No,Yes,Yes,77.21,737.25,1,Electronic Check,0
CUST_02412,28,Female,10,One Year,DSL,Yes,Yes,Yes,60.73,677.21,3,Credit Card,0
CUST_02413,31,Female,45,Month-to-Month,DSL,No,Yes,Yes,53.31,2386.82,4,Credit Card,0
CUST_02414,60,Female,19,Month-to-Month,Fiber Optic,Yes,Yes,No,103.02,1960.34,3,Mailed Check,0
CUST_02415,49,Male,30,Month-to-Month,DSL,No,Yes,No,62.28,1908.13,2,Electronic Check,1
CUST_02416,53,Female,54,Month-to-Month,DSL,No,No,No,28.54,1466.86,2,Mailed Check,1
CUST_02417,50,Male,55,Month-to-Month,Fiber Optic,No,No,No,32.01,1759.38,2,Bank Transfer,1
CUST_02418,50,Female,9,Month-to-Month,DSL,Yes,No,No,72.41,691.33,3,Electronic Check,0
CUST_02419,25,Male,72,Two Year,DSL,No,Yes,No,150.0,10795.43,3,Credit Card,0
CUST_02420,60,Female,1,One Year,DSL,No,No,Yes,35.72,-29.45,1,Bank Transfer,0
CUST_02421,62,Male,11,Month-to-Month,DSL,Yes,Yes,No,55.55,586.97,0,Credit Card,1
CUST_02422,41,Female,54,Month-to-Month,Fiber Optic,No,No,No,137.14,7415.23,2,Mailed Check,0
CUST_02423,44,Female,7,One Year,No,No,Yes,No,50.47,247.96,5,Bank Transfer,0
CUST_02424,22,Female,7,Month-to-Month,DSL,No,Yes,Yes,78.66,483.01,2,Mailed Check,0
CUST_02425,52,Female,8,One Year,DSL,No,No,No,121.28,1068.9,0,Electronic Check,0
CUST_02426,53,Male,22,Two Year,No,No,No,No,36.46,826.25,1,Credit Card,0
CUST_02427,44,Male,13,One Year,No,No,No,No,55.72,798.56,2,Mailed Check,0
CUST_02428,61,Male,31,Month-to-Month,DSL,No,No,No,50.47,1607.86,1,Mailed Check,0
CUST_02429,39,Female,54,One Year,Fiber Optic,Yes,No,Yes,20.0,1099.7,1,Electronic Check,0
CUST_02430,53,Female,26,Two Year,DSL,Yes,No,Yes,112.08,2898.65,1,Mailed Check,0
CUST_02431,29,Female,5,One Year,Fiber Optic,No,No,No,47.44,256.25,3,Bank Transfer,1
CUST_02432,44,Female,64,One Year,No,Yes,Yes,No,38.71,2550.11,2,Bank Transfer,0
CUST_02433,42,Female,7,Month-to-Month,Fiber Optic,No,Yes,No,51.67,402.95,2,Credit Card,0
CUST_02434,48,Female,3,Month-to-Month,Fiber Optic,Yes,No,No,92.86,286.94,0,Credit Card,1
CUST_02435,39,Male,2,One Year,DSL,Yes,No,No,68.39,128.16,2,Electronic Check,0
CUST_02436,43,Male,19,Two Year,Fiber Optic,No,No,Yes,41.25,808.67,5,Electronic Check,0
CUST_02437,57,Male,2,One Year,Fiber Optic,Yes,Yes,No,77.27,127.95,1,Mailed Check,0
CUST_02438,38,Male,3,One Year,Fiber Optic,No,No,No,89.38,293.06,2,Electronic Check,1
CUST_02439,20,Male,8,Month-to-Month,DSL,No,No,No,64.29,479.4,5,Bank Transfer,1
CUST_02440,71,Male,7,Month-to-Month,Fiber Optic,No,No,Yes,57.96,388.0,7,Bank Transfer,1
CUST_02441,65,Male,22,One Year,Fiber Optic,No,No,Yes,95.48,2049.09,0,Electronic Check,0
CUST_02442,25,Male,40,Month-to-Month,DSL,No,No,Yes,59.62,2362.99,0,Credit Card,1
CUST_02443,55,Female,34,One Year,DSL,Yes,No,No,113.25,3816.17,5,Bank Transfer,0
CUST_02444,37,Female,7,Month-to-Month,DSL,No,No,No,42.27,380.49,1,Electronic Check,1
CUST_02445,48,Female,6,One Year,Fiber Optic,No,No,No,41.57,204.71,3,Electronic Check,1
CUST_02446,49,Female,72,Two Year,Fiber Optic,No,Yes,Yes,37.89,2747.04,1,Credit Card,0
CUST_02447,41,Female,1,Month-to-Month,No,No,No,Yes,57.83,10.49,3,Electronic Check,1
CUST_02448,33,Female,50,Month-to-Month,DSL,Yes,No,No,65.08,3256.1,4,Credit Card,0
CUST_02449,34,Female,5,One Year,No,No,No,No,25.23,140.65,3,Mailed Check,1
CUST_02450,31,Male,70,Two Year,Fiber Optic,No,Yes,No,67.9,4660.64,3,Electronic Check,1
CUST_02451,32,Male,10,One Year,DSL,No,No,Yes,81.96,749.72,3,Bank Transfer,0
CUST_02452,43,Female,13,Month-to-Month,DSL,Yes,No,Yes,21.04,225.72,2,Electronic Check,0
CUST_02453,34,Male,29,Month-to-Month,DSL,No,Yes,No,49.36,1366.42,1,Credit Card,0
CUST_02454,55,Male,21,Month-to-Month,No,No,No,Yes,82.02,1726.72,6,Bank Transfer,0
CUST_02455,67,Male,9,Month-to-Month,DSL,Yes,No,No,32.32,302.99,4,Credit Card,0
CUST_02456,36,Male,19,Two Year,DSL,No,No,Yes,55.52,1001.74,4,Bank Transfer,0
CUST_02457,48,Male,31,Two Year,DSL,No,No,Yes,97.65,3033.22,3,Electronic Check,0
CUST_02458,52,Female,1,Month-to-Month,No,No,Yes,No,118.86,97.65,1,Mailed Check,0
CUST_02459,52,Male,1,Month-to-Month,DSL,No,Yes,No,78.2,73.22,2,Mailed Check,1
CUST_02460,46,Female,14,Month-to-Month,DSL,No,Yes,Yes,59.92,807.49,4,Credit Card,0
CUST_02461,56,Female,3,Two Year,Fiber Optic,Yes,Yes,No,49.96,174.26,2,Mailed Check,0
CUST_02462,52,Female,26,One Year,Fiber Optic,No,No,No,92.32,2482.13,2,Bank Transfer,0
CUST_02463,26,Male,5,One Year,Fiber Optic,No,No,Yes,99.0,533.73,1,Electronic Check,0
CUST_02464,58,Female,13,Month-to-Month,Fiber Optic,No,Yes,Yes,30.31,463.66,2,Electronic Check,1
CUST_02465,58,Female,5,One Year,No,No,No,No,92.31,391.42,3,Mailed Check,0
CUST_02466,33,Female,19,Month-to-Month,No,Yes,No,Yes,46.79,855.2,3,Bank Transfer,0
CUST_02467,45,Female,2,Month-to-Month,Fiber Optic,Yes,No,No,39.21,106.69,0,Mailed Check,1
CUST_02468,55,Male,1,One Year,DSL,Yes,No,No,60.39,135.81,2,Mailed Check,0
CUST_02469,41,Female,1,One Year,Fiber Optic,Yes,No,Yes,94.75,127.27,1,Electronic Check,0
CUST_02470,61,Female,72,Month-to-Month,DSL,Yes,No,Yes,74.28,5297.0,2,Bank Transfer,0
CUST_02471,80,Female,3,Month-to-Month,DSL,No,No,Yes,73.47,198.68,0,Electronic Check,0
CUST_02472,33,Female,29,Month-to-Month,No,Yes,No,Yes,75.57,2208.29,3,Mailed Check,1
CUST_02473,24,Male,1,Month-to-Month,No,No,No,Yes,79.03,70.8,1,Electronic Check,0
CUST_02474,49,Female,2,One Year,Fiber Optic,Yes,No,No,61.58,83.21,1,Bank Transfer,1
CUST_02475,55,Female,17,Two Year,No,No,No,No,83.96,1412.75,6,Electronic Check,0
CUST_02476,41,Female,15,Month-to-Month,No,No,No,No,45.21,677.42,3,Credit Card,1
CUST_02477,66,Female,72,Month-to-Month,Fiber Optic,Yes,Yes,No,84.53,6031.93,1,Mailed Check,0
CUST_02478,24,Female,69,Month-to-Month,Fiber Optic,No,No,Yes,90.71,6308.19,3,Bank Transfer,0
CUST_02479,55,Female,36,One Year,Fiber Optic,No,No,Yes,85.97,3073.09,0,Credit Card,0
CUST_02480,35,Male,22,Month-to-Month,DSL,No,No,Yes,87.53,1922.05,3,Electronic Check,0
CUST_02481,70,Female,14,One Year,DSL,No,No,Yes,78.95,1157.0,1,Mailed Check,0
CUST_02482,74,Male,10,Month-to-Month,Fiber Optic,No,Yes,Yes,100.2,995.78,2,Credit Card,0
CUST_02483,33,Male,70,One Year,DSL,No,Yes,No,20.0,1449.02,2,Mailed Check,0
CUST_02484,36,Female,22,Two Year,DSL,Yes,Yes,No,90.61,1942.01,5,Electronic Check,0
CUST_02485,57,Male,20,Two Year,DSL,No,Yes,No,124.26,2506.92,2,Electronic Check,0
CUST_02486,39,Female,6,Two Year,DSL,No,No,Yes,46.34,320.02,3,Electronic Check,1
CUST_02487,44,Male,1,One Year,No,Yes,Yes,No,42.99,1.49,2,Bank Transfer,0
CUST_02488,45,Female,69,Two Year,Fiber Optic,No,No,No,103.59,7138.76,2,Electronic Check,1
CUST_02489,18,Male,9,Month-to-Month,Fiber Optic,No,No,Yes,37.2,326.9,4,Mailed Check,1
CUST_02490,44,Male,14,Month-to-Month,No,No,No,Yes,45.0,640.46,5,Bank Transfer,0
CUST_02491,34,Female,2,Month-to-Month,No,No,Yes,No,70.1,163.94,1,Bank Transfer,1
CUST_02492,37,Male,43,One Year,Fiber Optic,Yes,No,No,41.03,1718.79,2,Mailed Check,0
CUST_02493,66,Male,1,Two Year,No,Yes,Yes,No,91.25,88.25,1,Credit Card,0
CUST_02494,26,Male,43,Month-to-Month,Fiber Optic,No,No,No,41.28,1854.43,3,Mailed Check,0
CUST_02495,57,Male,3,One Year,DSL,No,No,Yes,75.82,280.15,1,Bank Transfer,0
CUST_02496,40,Male,52,One Year,DSL,Yes,No,Yes,73.53,3863.48,1,Electronic Check,0
CUST_02497,40,Female,31,Two Year,Fiber Optic,Yes,Yes,No,114.92,3552.78,3,Electronic Check,0
CUST_02498,56,Male,4,One Year,Fiber Optic,No,No,Yes,99.96,506.28,0,Credit Card,0
CUST_02499,50,Male,20,Two Year,Fiber Optic,No,No,Yes,49.11,1033.77,1,Bank Transfer,0
CUST_02500,53,Female,8,Month-to-Month,Fiber Optic,No,Yes,No,27.07,218.39,1,Credit Card,0
CUST_02501,59,Female,4,Month-to-Month,DSL,Yes,No,Yes,90.14,371.58,3,Bank Transfer,1
CUST_02502,40,Female,47,One Year,DSL,No,No,Yes,45.4,2110.78,2,Mailed Check,0
CUST_02503,35,Male,12,Month-to-Month,Fiber Optic,No,Yes,No,54.93,678.82,1,Bank Transfer,0
CUST_02504,28,Male,12,Month-to-Month,DSL,No,No,Yes,33.21,428.12,1,Mailed Check,1
CUST_02505,32,Male,4,One Year,Fiber Optic,No,Yes,No,85.37,376.61,2,Electronic Check,1
CUST_02506,80,Male,11,One Year,Fiber Optic,No,Yes,Yes,45.61,492.62,0,Electronic Check,0
CUST_02507,63,Female,49,One Year,Fiber Optic,Yes,No,No,63.95,3059.8,4,Credit Card,0
CUST_02508,24,Female,10,Month-to-Month,DSL,Yes,Yes,Yes,64.41,656.24,3,Mailed Check,0
CUST_02509,25,Male,72,One Year,Fiber Optic,Yes,No,Yes,70.51,5111.83,1,Bank Transfer,0
CUST_02510,52,Male,70,Month-to-Month,No,Yes,Yes,No,84.85,5890.51,1,Electronic Check,0
CUST_02511,53,Male,3,Month-to-Month,No,No,No,Yes,57.72,168.6,1,Credit Card,0
CUST_02512,53,Male,4,One Year,No,No,Yes,Yes,42.76,238.1,1,Credit Card,0
CUST_02513,41,Female,47,Month-to-Month,Fiber Optic,Yes,No,No,20.0,879.83,3,Mailed Check,0
CUST_02514,43,Female,11,Month-to-Month,DSL,No,No,Yes,68.08,734.68,2,Bank Transfer,1
CUST_02515,49,Male,1,One Year,Fiber Optic,No,No,Yes,60.29,134.65,2,Mailed Check,1
CUST_02516,46,Female,7,Month-to-Month,No,No,No,No,43.69,313.69,1,Bank Transfer,1
CUST_02517,18,Male,21,Two Year,DSL,No,No,No,66.88,1378.11,1,Credit Card,0
CUST_02518,41,Male,38,One Year,DSL,No,No,No,90.68,3445.47,2,Credit Card,0
CUST_02519,32,Female,3,Two Year,DSL,Yes,No,No,98.36,336.37,1,Electronic Check,1
CUST_02520,47,Male,2,Month-to-Month,Fiber Optic,Yes,Yes,No,20.0,29.82,1,Electronic Check,1
CUST_02521,80,Female,61,One Year,Fiber Optic,Yes,No,No,54.17,3334.5,1,Electronic Check,0
CUST_02522,50,Male,33,Month-to-Month,DSL,No,No,Yes,93.83,3108.16,4,Bank Transfer,1
CUST_02523,40,Female,21,Two Year,No,No,Yes,Yes,112.88,2386.36,1,Bank Transfer,0
CUST_02524,58,Male,35,Month-to-Month,Fiber Optic,No,No,No,40.48,1449.95,1,Electronic Check,1
CUST_02525,52,Female,13,Month-to-Month,DSL,No,No,No,106.35,1367.8,3,Electronic Check,0
CUST_02526,51,Male,34,Two Year,DSL,No,No,No,24.5,785.68,2,Bank Transfer,0
CUST_02527,54,Male,11,Month-to-Month,DSL,No,No,Yes,99.45,1117.65,3,Electronic Check,0
CUST_02528,75,Female,6,Month-to-Month,Fiber Optic,No,No,Yes,56.55,332.66,2,Electronic Check,0
CUST_02529,28,Male,31,Month-to-Month,DSL,No,No,No,111.88,3446.02,3,Mailed Check,0
CUST_02530,52,Female,13,One Year,Fiber Optic,No,No,No,51.08,690.35,3,Credit Card,0
CUST_02531,31,Female,72,Month-to-Month,Fiber Optic,Yes,No,No,55.7,4074.5,2,Electronic Check,0
CUST_02532,53,Male,10,Month-to-Month,Fiber Optic,No,Yes,Yes,61.0,602.25,4,Bank Transfer,1
CUST_02533,31,Male,61,Month-to-Month,DSL,No,Yes,Yes,20.0,1220.42,3,Credit Card,0
CUST_02534,38,Male,64,One Year,Fiber Optic,Yes,No,Yes,20.0,1220.91,3,Electronic Check,0
CUST_02535,40,Male,6,One Year,No,No,No,No,80.3,470.69,2,Bank Transfer,0
CUST_02536,59,Female,38,Month-to-Month,DSL,No,Yes,No,94.65,3607.91,2,Credit Card,1
CUST_02537,58,Male,13,Month-to-Month,DSL,Yes,Yes,No,83.23,1080.93,1,Electronic Check,0
CUST_02538,26,Male,59,Month-to-Month,Fiber Optic,Yes,Yes,No,27.38,1597.36,4,Credit Card,0
CUST_02539,45,Male,14,Month-to-Month,Fiber Optic,No,No,No,79.41,1147.97,2,Electronic Check,0
CUST_02540,34,Female,32,Month-to-Month,DSL,No,No,No,35.29,1132.3,1,Electronic Check,1
CUST_02541,26,Male,15,Month-to-Month,Fiber Optic,No,Yes,Yes,77.23,1287.88,2,Credit Card,0
CUST_02542,41,Female,6,One Year,Fiber Optic,No,Yes,Yes,98.94,604.02,3,Mailed Check,0
CUST_02543,40,Male,5,Two Year,No,Yes,No,No,76.02,242.79,0,Bank Transfer,0
CUST_02544,80,Female,13,Month-to-Month,DSL,Yes,No,Yes,109.06,1362.13,2,Mailed Check,0
CUST_02545,51,Male,33,One Year,Fiber Optic,No,No,No,60.5,2023.12,4,Bank Transfer,0
CUST_02546,24,Male,22,One Year,DSL,No,No,No,58.5,1254.85,2,Electronic Check,0
CUST_02547,36,Female,28,One Year,Fiber Optic,No,Yes,Yes,67.02,1847.51,0,Electronic Check,0
CUST_02548,60,Male,7,Two Year,Fiber Optic,Yes,No,Yes,24.72,111.08,3,Bank Transfer,0
CUST_02549,76,Male,15,Month-to-Month,DSL,Yes,No,Yes,52.91,769.84,4,Electronic Check,1
CUST_02550,21,Male,1,Month-to-Month,No,No,No,No,55.55,65.24,0,Bank Transfer,1
CUST_02551,18,Female,40,One Year,DSL,Yes,No,Yes,56.48,2278.49,1,Credit Card,0
CUST_02552,73,Male,72,Month-to-Month,Fiber Optic,No,No,No,73.05,5208.51,2,Electronic Check,0
CUST_02553,50,Female,12,Month-to-Month,DSL,Yes,No,Yes,20.59,287.35,3,Credit Card,0
CUST_02554,31,Female,1,Month-to-Month,Fiber Optic,No,No,No,30.63,-28.94,1,Electronic Check,1
CUST_02555,53,Female,4,Month-to-Month,DSL,No,Yes,Yes,98.96,417.75,2,Credit Card,0
CUST_02556,18,Male,25,One Year,No,No,No,No,20.0,516.85,1,Credit Card,0
CUST_02557,45,Female,22,Month-to-Month,No,No,No,No,83.49,1790.09,5,Bank Transfer,1
CUST_02558,49,Female,37,Month-to-Month,No,No,No,No,53.79,1937.68,2,Mailed Check,0
CUST_02559,58,Male,7,Month-to-Month,DSL,Yes,No,No,69.8,507.74,5,Bank Transfer,0
CUST_02560,29,Female,34,Month-to-Month,Fiber Optic,No,No,No,111.74,3771.27,2,Credit Card,0
CUST_02561,46,Female,27,Two Year,DSL,No,Yes,Yes,61.06,1639.22,0,Electronic Check,0
CUST_02562,31,Male,9,Month-to-Month,No,No,Yes,No,83.76,788.22,2,Electronic Check,1
CUST_02563,48,Male,18,Two Year,Fiber Optic,No,No,No,66.76,1225.58,2,Mailed Check,0
CUST_02564,31,Female,3,One Year,Fiber Optic,No,No,No,61.72,139.36,1,Credit Card,0
CUST_02565,38,Male,14,One Year,Fiber Optic,No,Yes,Yes,58.0,809.39,4,Electronic Check,0
CUST_02566,30,Male,51,Month-to-Month,DSL,No,No,Yes,86.03,4340.88,0,Bank Transfer,0
CUST_02567,54,Male,13,Month-to-Month,Fiber Optic,No,No,Yes,43.05,603.17,0,Electronic Check,0
CUST_02568,57,Female,43,Two Year,DSL,No,No,Yes,31.04,1411.52,2,Credit Card,0
CUST_02569,41,Female,21,Two Year,No,No,No,No,67.23,1369.66,1,Electronic Check,0
CUST_02570,45,Male,5,Month-to-Month,No,No,Yes,Yes,70.78,352.36,2,Credit Card,0
CUST_02571,23,Female,20,Month-to-Month,Fiber Optic,No,No,Yes,20.0,445.87,1,Electronic Check,1
CUST_02572,40,Male,16,Month-to-Month,No,No,No,No,64.69,1036.18,1,Electronic Check,1
CUST_02573,44,Male,12,Two Year,DSL,No,Yes,No,28.19,366.4,1,Mailed Check,0
CUST_02574,80,Male,3,Month-to-Month,No,No,No,No,83.81,254.0,2,Electronic Check,1
CUST_02575,28,Male,12,One Year,DSL,Yes,Yes,Yes,20.0,187.16,1,Bank Transfer,0
CUST_02576,66,Male,1,One Year,Fiber Optic,No,No,Yes,122.75,128.7,1,Credit Card,0
CUST_02577,59,Female,2,One Year,Fiber Optic,Yes,No,No,54.85,166.07,4,Bank Transfer,0
CUST_02578,49,Female,12,One Year,DSL,No,No,Yes,39.05,484.33,1,Credit Card,0
CUST_02579,71,Female,8,Month-to-Month,DSL,Yes,No,Yes,56.51,533.27,1,Mailed Check,0
CUST_02580,50,Female,62,Two Year,DSL,Yes,No,Yes,81.69,4976.09,0,Credit Card,0
CUST_02581,50,Male,11,One Year,No,No,No,No,91.71,1027.81,3,Electronic Check,0
CUST_02582,44,Male,34,One Year,DSL,No,Yes,Yes,56.77,1897.8,1,Credit Card,0
CUST_02583,63,Female,18,Month-to-Month,Fiber Optic,No,Yes,No,21.84,349.33,3,Electronic Check,0
CUST_02584,61,Female,29,One Year,Fiber Optic,Yes,Yes,No,28.63,897.02,4,Mailed Check,0
CUST_02585,35,Male,7,Month-to-Month,DSL,Yes,No,No,73.59,502.39,4,Mailed Check,0
CUST_02586,25,Male,68,Month-to-Month,Fiber Optic,Yes,No,Yes,94.62,6416.57,5,Credit Card,1
CUST_02587,41,Male,18,One Year,Fiber Optic,No,No,Yes,98.52,1790.62,3,Bank Transfer,0
CUST_02588,32,Female,42,One Year,DSL,No,No,No,70.04,2834.17,1,Mailed Check,0
CUST_02589,44,Male,10,One Year,Fiber Optic,No,Yes,Yes,94.02,1007.93,1,Credit Card,0
CUST_02590,63,Male,2,Month-to-Month,DSL,No,No,No,122.37,339.96,0,Credit Card,1
CUST_02591,38,Female,26,One Year,DSL,No,Yes,No,100.71,2664.23,4,Electronic Check,0
CUST_02592,44,Female,1,Month-to-Month,Fiber Optic,Yes,No,Yes,92.66,113.26,2,Credit Card,0
CUST_02593,45,Female,15,One Year,Fiber Optic,No,Yes,No,40.8,601.22,2,Mailed Check,0
CUST_02594,57,Male,5,Month-to-Month,No,No,Yes,No,93.88,415.63,3,Credit Card,1
CUST_02595,18,Male,23,One Year,No,Yes,No,No,78.84,1872.95,0,Electronic Check,0
CUST_02596,35,Female,72,Two Year,Fiber Optic,Yes,Yes,No,84.52,6131.21,2,Electronic Check,0
CUST_02597,48,Male,14,Month-to-Month,DSL,Yes,Yes,No,102.83,1462.17,1,Bank Transfer,0
CUST_02598,63,Male,40,Month-to-Month,DSL,No,No,No,75.76,3046.95,1,Electronic Check,0
CUST_02599,37,Male,17,One Year,DSL,No,Yes,No,61.92,1067.73,4,Bank Transfer,0
CUST_02600,18,Female,16,One Year,Fiber Optic,No,Yes,No,32.9,500.17,1,Bank Transfer,0
CUST_02601,54,Female,63,One Year,No,No,Yes,Yes,56.1,3659.64,2,Bank Transfer,0
CUST_02602,35,Male,52,One Year,DSL,No,No,Yes,71.39,3697.77,3,Bank Transfer,0
CUST_02603,27,Male,36,Month-to-Month,DSL,No,No,Yes,73.33,2618.49,0,Bank Transfer,0
CUST_02604,35,Male,8,Month-to-Month,Fiber Optic,No,Yes,Yes,72.32,634.56,2,Electronic Check,0
CUST_02605,42,Male,18,Month-to-Month,DSL,Yes,No,Yes,93.79,1686.68,2,Electronic Check,0
CUST_02606,35,Female,6,Month-to-Month,Fiber Optic,No,No,No,90.96,544.82,2,Credit Card,1
CUST_02607,18,Female,14,One Year,Fiber Optic,No,No,Yes,63.14,954.65,1,Credit Card,0
CUST_02608,58,Male,15,Month-to-Month,Fiber Optic,No,No,No,39.58,627.66,5,Electronic Check,0
CUST_02609,64,Male,42,Two Year,DSL,No,Yes,No,76.5,3249.5,1,Credit Card,0
CUST_02610,54,Female,54,Two Year,No,No,No,No,132.39,7078.18,3,Electronic Check,0
CUST_02611,27,Male,12,Two Year,DSL,Yes,No,No,74.64,915.67,4,Electronic Check,1
CUST_02612,41,Female,1,Two Year,No,Yes,No,Yes,56.12,5.84,2,Mailed Check,0
CUST_02613,44,Male,47,Month-to-Month,DSL,No,Yes,No,81.08,3787.78,3,Bank Transfer,0
CUST_02614,53,Female,4,Two Year,No,No,Yes,No,82.87,340.27,2,Electronic Check,0
CUST_02615,55,Male,23,Month-to-Month,Fiber Optic,Yes,No,No,82.54,1896.6,1,Credit Card,0
CUST_02616,33,Male,1,Month-to-Month,DSL,No,No,Yes,106.19,138.9,4,Credit Card,0
CUST_02617,46,Female,12,One Year,No,Yes,No,No,76.58,957.53,0,Credit Card,0
CUST_02618,51,Female,72,Month-to-Month,Fiber Optic,No,Yes,No,104.76,7585.17,3,Electronic Check,1
CUST_02619,66,Male,2,Two Year,DSL,No,No,No,71.91,76.6,2,Credit Card,0
CUST_02620,55,Male,13,One Year,DSL,Yes,Yes,Yes,110.37,1553.01,2,Bank Transfer,0
CUST_02621,56,Female,8,One Year,Fiber Optic,No,No,No,101.2,808.39,1,Bank Transfer,0
CUST_02622,46,Female,56,Month-to-Month,Fiber Optic,Yes,No,No,92.65,5249.27,0,Credit Card,0
CUST_02623,66,Male,48,One Year,Fiber Optic,No,No,No,88.68,4130.71,2,Bank Transfer,0
CUST_02624,51,Male,6,Month-to-Month,Fiber Optic,No,Yes,No,134.05,791.01,5,Mailed Check,0
CUST_02625,32,Female,2,Two Year,Fiber Optic,Yes,Yes,Yes,97.3,121.56,3,Mailed Check,0
CUST_02626,66,Female,23,Month-to-Month,Fiber Optic,No,No,Yes,39.52,865.9,1,Bank Transfer,1
CUST_02627,55,Female,9,One Year,Fiber Optic,No,No,Yes,72.38,653.92,2,Credit Card,0
CUST_02628,38,Female,26,Month-to-Month,DSL,Yes,No,Yes,57.06,1466.78,2,Credit Card,0
CUST_02629,37,Female,1,Month-to-Month,No,Yes,No,Yes,126.93,192.64,1,Bank Transfer,0
CUST_02630,49,Male,3,Month-to-Month,DSL,Yes,No,Yes,102.54,396.08,4,Electronic Check,1
CUST_02631,51,Male,27,Month-to-Month,DSL,No,No,Yes,125.96,3352.54,1,Electronic Check,1
CUST_02632,47,Female,5,One Year,Fiber Optic,Yes,No,No,42.2,186.61,2,Electronic Check,1
CUST_02633,49,Male,46,Month-to-Month,Fiber Optic,No,No,No,98.05,4458.76,1,Electronic Check,1
CUST_02634,70,Male,1,Month-to-Month,DSL,No,No,Yes,24.06,81.86,1,Bank Transfer,1
CUST_02635,61,Female,5,One Year,DSL,No,No,Yes,20.0,107.95,2,Credit Card,0
CUST_02636,47,Male,72,Month-to-Month,Fiber Optic,No,No,No,53.09,3824.19,3,Electronic Check,0
CUST_02637,59,Male,13,Month-to-Month,No,No,No,No,110.37,1450.45,1,Credit Card,0
CUST_02638,29,Male,29,Two Year,Fiber Optic,No,Yes,Yes,35.22,1005.87,3,Bank Transfer,0
CUST_02639,50,Female,4,Month-to-Month,Fiber Optic,Yes,No,No,64.5,215.16,1,Mailed Check,0
CUST_02640,72,Female,22,Month-to-Month,DSL,No,No,Yes,100.67,2217.19,4,Bank Transfer,0
CUST_02641,41,Male,31,Month-to-Month,DSL,No,Yes,No,90.39,2788.81,1,Bank Transfer,0
CUST_02642,32,Male,9,Month-to-Month,DSL,No,No,No,131.49,1200.72,1,Bank Transfer,1
CUST_02643,35,Male,42,One Year,DSL,No,No,Yes,65.1,2652.65,4,Mailed Check,0
CUST_02644,28,Male,22,Month-to-Month,Fiber Optic,No,No,No,51.75,1147.84,1,Electronic Check,0
CUST_02645,33,Male,11,One Year,DSL,No,No,Yes,32.17,319.36,0,Electronic Check,0
CUST_02646,39,Male,19,Month-to-Month,DSL,Yes,No,No,53.96,1032.81,0,Credit Card,0
CUST_02647,23,Female,20,Month-to-Month,Fiber Optic,Yes,No,No,31.89,683.1,1,Electronic Check,0
CUST_02648,45,Male,4,Month-to-Month,No,No,No,No,20.0,52.19,0,Bank Transfer,1
CUST_02649,58,Male,12,One Year,No,Yes,Yes,Yes,123.9,1546.66,4,Credit Card,0
CUST_02650,31,Female,10,Two Year,Fiber Optic,No,No,No,66.47,577.63,0,Credit Card,0
CUST_02651,67,Male,12,One Year,DSL,No,Yes,No,142.74,1790.12,1,Electronic Check,0
CUST_02652,52,Male,34,Two Year,Fiber Optic,No,No,No,39.82,1415.85,2,Credit Card,0
CUST_02653,60,Male,15,Month-to-Month,DSL,No,Yes,Yes,52.14,737.71,5,Bank Transfer,0
CUST_02654,35,Male,67,Month-to-Month,Fiber Optic,No,Yes,Yes,41.74,2752.6,1,Electronic Check,0
CUST_02655,57,Female,8,Month-to-Month,Fiber Optic,No,No,No,45.78,291.47,1,Bank Transfer,0
CUST_02656,28,Male,12,Month-to-Month,Fiber Optic,Yes,No,No,91.21,1140.57,2,Credit Card,0
CUST_02657,58,Female,37,Month-to-Month,No,No,Yes,No,81.99,3017.1,3,Electronic Check,0
CUST_02658,47,Male,18,Month-to-Month,Fiber Optic,No,Yes,No,91.26,1622.53,4,Credit Card,0
CUST_02659,53,Male,19,Month-to-Month,Fiber Optic,No,No,Yes,105.27,1943.95,0,Electronic Check,1
CUST_02660,27,Female,1,Month-to-Month,DSL,No,No,No,98.22,188.82,0,Mailed Check,0
CUST_02661,31,Male,12,Month-to-Month,No,Yes,Yes,Yes,34.75,368.31,2,Electronic Check,0
CUST_02662,53,Female,7,Month-to-Month,DSL,No,No,No,49.29,346.21,3,Bank Transfer,1
CUST_02663,30,Female,72,Two Year,No,No,Yes,No,68.64,4953.2,0,Electronic Check,0
CUST_02664,51,Female,8,Month-to-Month,DSL,No,Yes,No,150.0,1180.07,1,Electronic Check,0
CUST_02665,24,Male,51,One Year,DSL,No,No,Yes,88.17,4466.73,5,Electronic Check,0
CUST_02666,57,Male,27,One Year,No,No,No,No,68.2,1822.95,3,Credit Card,0
CUST_02667,26,Male,10,Month-to-Month,DSL,No,Yes,Yes,85.2,880.25,0,Electronic Check,0
CUST_02668,53,Male,18,Month-to-Month,No,No,No,Yes,46.91,826.97,3,Bank Transfer,1
CUST_02669,54,Female,44,Month-to-Month,DSL,Yes,No,Yes,72.87,3287.68,1,Bank Transfer,1
CUST_02670,34,Male,51,One Year,No,No,Yes,Yes,93.64,4736.78,5,Electronic Check,1
CUST_02671,53,Male,4,Month-to-Month,Fiber Optic,Yes,No,No,64.13,294.23,3,Bank Transfer,0
CUST_02672,48,Female,9,Month-to-Month,Fiber Optic,No,No,No,42.3,292.91,1,Mailed Check,1
CUST_02673,36,Female,9,Month-to-Month,DSL,No,No,No,62.66,525.13,1,Bank Transfer,0
CUST_02674,29,Male,1,Two Year,DSL,Yes,No,Yes,55.41,14.6,2,Credit Card,0
CUST_02675,18,Female,21,Month-to-Month,No,No,No,Yes,24.29,454.81,1,Electronic Check,0
CUST_02676,50,Female,46,One Year,DSL,Yes,No,Yes,47.85,2215.43,0,Credit Card,0
CUST_02677,21,Female,11,Month-to-Month,DSL,No,No,Yes,23.22,249.86,1,Credit Card,0
CUST_02678,46,Female,32,Two Year,Fiber Optic,Yes,No,No,27.9,778.74,2,Electronic Check,0
CUST_02679,41,Female,23,One Year,Fiber Optic,No,Yes,Yes,30.77,807.53,1,Bank Transfer,0
CUST_02680,55,Male,11,Month-to-Month,DSL,No,No,No,93.6,1038.44,0,Bank Transfer,1
CUST_02681,40,Male,3,Two Year,DSL,No,Yes,Yes,109.67,329.08,2,Mailed Check,0
CUST_02682,40,Male,29,One Year,DSL,No,No,Yes,20.0,645.51,1,Mailed Check,0
CUST_02683,55,Male,46,Month-to-Month,No,Yes,No,Yes,112.41,5220.1,1,Electronic Check,1
CUST_02684,50,Male,27,Month-to-Month,DSL,Yes,No,No,31.2,827.55,3,Bank Transfer,0
CUST_02685,49,Male,1,One Year,No,No,No,Yes,87.41,-10.22,1,Electronic Check,1
CUST_02686,52,Male,5,Two Year,DSL,No,No,No,72.76,392.0,2,Mailed Check,0
CUST_02687,21,Female,1,One Year,DSL,Yes,Yes,No,84.08,35.93,1,Credit Card,0
CUST_02688,56,Male,20,One Year,Fiber Optic,Yes,No,Yes,30.03,662.52,1,Electronic Check,0
CUST_02689,54,Male,33,One Year,DSL,No,No,No,20.0,621.19,4,Mailed Check,1
CUST_02690,29,Male,2,Month-to-Month,Fiber Optic,No,No,Yes,40.91,59.23,1,Mailed Check,0
CUST_02691,41,Female,43,One Year,No,No,No,Yes,77.81,3278.5,0,Electronic Check,1
CUST_02692,44,Male,19,Month-to-Month,DSL,Yes,No,No,123.71,2287.32,3,Bank Transfer,0
CUST_02693,42,Male,28,Two Year,Fiber Optic,No,Yes,No,34.11,949.58,2,Electronic Check,0
CUST_02694,50,Female,72,One Year,DSL,Yes,No,No,62.03,4456.4,1,Mailed Check,0
CUST_02695,66,Male,2,One Year,DSL,No,No,Yes,42.53,61.26,3,Mailed Check,0
CUST_02696,61,Male,55,Month-to-Month,DSL,No,Yes,Yes,64.48,3649.23,1,Mailed Check,0
CUST_02697,25,Female,3,Month-to-Month,No,No,No,Yes,20.0,90.18,1,Electronic Check,1
CUST_02698,54,Male,11,Month-to-Month,DSL,No,No,No,109.94,1209.87,0,Electronic Check,1
CUST_02699,64,Female,45,One Year,No,Yes,Yes,No,65.72,2819.58,3,Bank Transfer,0
CUST_02700,50,Male,56,One Year,Fiber Optic,No,No,No,92.51,5222.13,2,Electronic Check,0
CUST_02701,61,Male,16,Month-to-Month,DSL,No,No,No,58.03,1078.27,3,Electronic Check,0
CUST_02702,75,Male,21,One Year,Fiber Optic,Yes,Yes,Yes,70.72,1475.7,1,Credit Card,0
CUST_02703,60,Female,29,Two Year,No,No,No,Yes,98.87,2826.59,3,Electronic Check,0
CUST_02704,48,Female,42,Month-to-Month,Fiber Optic,No,No,Yes,68.95,2904.13,1,Mailed Check,1
CUST_02705,60,Female,3,Month-to-Month,Fiber Optic,No,Yes,No,70.03,138.52,2,Bank Transfer,0
CUST_02706,47,Male,39,One Year,No,No,No,No,41.18,1629.19,4,Electronic Check,0
CUST_02707,45,Male,15,One Year,DSL,No,No,Yes,48.97,809.52,0,Electronic Check,0
CUST_02708,39,Female,14,One Year,No,No,No,Yes,34.62,451.07,2,Bank Transfer,0
CUST_02709,68,Female,13,One Year,No,No,No,No,42.86,525.24,4,Electronic Check,0
CUST_02710,32,Male,17,Two Year,Fiber Optic,No,No,No,102.54,1739.14,2,Electronic Check,0
CUST_02711,67,Male,69,Month-to-Month,No,No,No,No,119.26,8203.76,3,Electronic Check,1
CUST_02712,52,Male,19,Month-to-Month,Fiber Optic,No,No,Yes,27.58,448.44,1,Electronic Check,0
CUST_02713,24,Male,72,Month-to-Month,Fiber Optic,Yes,Yes,No,76.86,5514.31,3,Credit Card,0
CUST_02714,50,Female,4,Month-to-Month,Fiber Optic,No,No,No,55.47,192.53,2,Electronic Check,1
CUST_02715,18,Male,30,Month-to-Month,DSL,No,Yes,Yes,106.91,3275.6,2,Mailed Check,0
CUST_02716,54,Male,40,Month-to-Month,Fiber Optic,Yes,Yes,No,69.05,2819.6,2,Mailed Check,0
CUST_02717,58,Male,27,Two Year,DSL,Yes,No,Yes,64.78,1818.81,2,Bank Transfer,0
CUST_02718,36,Male,22,Two Year,Fiber Optic,No,No,Yes,42.66,978.54,3,Mailed Check,0
CUST_02719,46,Male,19,Month-to-Month,DSL,No,No,No,20.0,390.29,3,Bank Transfer,0
CUST_02720,74,Male,47,One Year,DSL,No,No,No,87.83,4084.2,1,Credit Card,0
CUST_02721,37,Male,41,One Year,DSL,No,Yes,No,75.59,3165.47,1,Electronic Check,0
CUST_02722,29,Female,3,Two Year,No,Yes,Yes,Yes,76.32,246.36,1,Electronic Check,0
CUST_02723,67,Female,45,One Year,DSL,No,No,No,47.02,2053.51,1,Credit Card,0
CUST_02724,74,Female,12,Month-to-Month,Fiber Optic,Yes,Yes,Yes,60.63,681.83,2,Credit Card,0
CUST_02725,45,Male,7,One Year,DSL,No,Yes,Yes,88.73,557.94,1,Electronic Check,0
CUST_02726,60,Female,48,One Year,Fiber Optic,No,Yes,Yes,94.46,4431.64,2,Credit Card,0
CUST_02727,65,Male,13,One Year,DSL,No,No,No,29.65,404.82,1,Bank Transfer,0
CUST_02728,33,Male,39,Two Year,DSL,No,No,Yes,46.0,1732.09,3,Mailed Check,0
CUST_02729,37,Male,7,Two Year,Fiber Optic,No,Yes,No,23.3,125.33,3,Credit Card,0
CUST_02730,63,Male,1,One Year,Fiber Optic,No,Yes,Yes,71.04,72.98,1,Bank Transfer,0
CUST_02731,70,Female,16,One Year,DSL,No,No,No,91.53,1455.09,3,Credit Card,0
CUST_02732,53,Male,2,Two Year,Fiber Optic,No,No,No,56.64,77.6,2,Mailed Check,1
CUST_02733,31,Male,33,Month-to-Month,No,No,Yes,No,45.11,1564.72,3,Bank Transfer,0
CUST_02734,74,Female,7,Month-to-Month,DSL,Yes,No,No,54.94,308.25,1,Electronic Check,1
CUST_02735,37,Female,14,Month-to-Month,DSL,No,No,Yes,134.19,1804.48,2,Bank Transfer,1
CUST_02736,39,Female,2,Two Year,Fiber Optic,No,No,No,100.76,224.41,3,Mailed Check,0
CUST_02737,50,Male,8,One Year,DSL,Yes,Yes,No,86.93,664.13,1,Mailed Check,0
CUST_02738,68,Female,36,Month-to-Month,No,No,No,Yes,74.6,2652.41,4,Bank Transfer,0
CUST_02739,57,Male,3,Two Year,Fiber Optic,Yes,No,No,64.62,139.9,0,Electronic Check,0
CUST_02740,51,Male,25,One Year,Fiber Optic,No,No,Yes,37.8,961.94,2,Credit Card,0
CUST_02741,51,Female,59,Two Year,Fiber Optic,No,No,Yes,33.15,1967.09,4,Mailed Check,0
CUST_02742,45,Female,27,Month-to-Month,Fiber Optic,No,No,No,47.96,1300.95,4,Bank Transfer,0
CUST_02743,53,Female,39,One Year,DSL,No,No,No,36.39,1389.93,1,Mailed Check,0
CUST_02744,18,Male,2,One Year,No,No,No,Yes,46.77,55.98,3,Bank Transfer,1
CUST_02745,40,Male,6,One Year,Fiber Optic,Yes,No,No,61.94,363.5,2,Bank Transfer,0
CUST_02746,48,Male,53,One Year,DSL,Yes,No,No,64.24,3453.1,2,Credit Card,0
CUST_02747,27,Male,30,Two Year,Fiber Optic,Yes,No,No,46.39,1470.06,2,Credit Card,0
CUST_02748,50,Male,24,Month-to-Month,DSL,No,No,No,79.86,1972.12,1,Electronic Check,1
CUST_02749,41,Male,26,Two Year,DSL,Yes,Yes,Yes,59.33,1567.86,0,Bank Transfer,0
CUST_02750,71,Female,12,Month-to-Month,Fiber Optic,No,No,No,71.44,906.4,1,Bank Transfer,0
CUST_02751,68,Male,1,Month-to-Month,Fiber Optic,No,No,Yes,42.66,-16.43,1,Bank Transfer,0
CUST_02752,38,Female,36,Month-to-Month,Fiber Optic,No,No,No,85.79,3052.61,3,Credit Card,1
CUST_02753,42,Female,27,Month-to-Month,DSL,Yes,No,Yes,48.95,1347.99,1,Credit Card,0
CUST_02754,43,Female,15,Month-to-Month,Fiber Optic,No,No,No,113.26,1692.94,1,Bank Transfer,1
CUST_02755,38,Female,55,Two Year,DSL,Yes,No,Yes,58.25,3220.64,4,Bank Transfer,0
CUST_02756,47,Female,9,One Year,Fiber Optic,No,No,No,62.16,608.41,2,Credit Card,0
CUST_02757,33,Male,8,Month-to-Month,Fiber Optic,No,No,Yes,82.81,703.66,3,Credit Card,0
CUST_02758,28,Male,49,One Year,Fiber Optic,Yes,No,No,89.36,4323.87,2,Electronic Check,0
CUST_02759,54,Male,38,Month-to-Month,No,Yes,No,Yes,92.59,3518.93,2,Bank Transfer,1
CUST_02760,54,Male,17,Month-to-Month,No,No,Yes,No,118.27,1964.51,1,Credit Card,0
CUST_02761,32,Female,3,One Year,No,No,Yes,Yes,84.86,215.7,2,Electronic Check,0
CUST_02762,58,Female,5,One Year,No,No,No,No,62.99,229.41,4,Electronic Check,1
CUST_02763,35,Female,25,One Year,Fiber Optic,No,No,No,49.11,1234.45,2,Electronic Check,0
CUST_02764,48,Male,11,Month-to-Month,No,No,No,No,60.99,581.6,2,Electronic Check,1
CUST_02765,57,Male,43,One Year,No,No,Yes,No,109.52,4729.09,1,Credit Card,0
CUST_02766,44,Male,71,One Year,Fiber Optic,No,No,Yes,23.39,1728.68,0,Electronic Check,0
CUST_02767,51,Male,39,Two Year,DSL,No,No,Yes,40.43,1603.28,1,Bank Transfer,0
CUST_02768,37,Female,11,Month-to-Month,DSL,No,No,No,58.43,645.33,1,Credit Card,1
CUST_02769,42,Female,37,One Year,No,Yes,No,No,40.03,1557.85,3,Credit Card,0
CUST_02770,41,Male,10,One Year,Fiber Optic,No,No,No,52.74,543.74,2,Mailed Check,0
CUST_02771,33,Male,4,Two Year,No,Yes,No,Yes,119.19,433.61,0,Mailed Check,0
CUST_02772,42,Female,1,Month-to-Month,DSL,Yes,No,No,56.06,62.31,1,Electronic Check,1
CUST_02773,21,Female,11,One Year,DSL,No,No,No,77.35,948.83,0,Electronic Check,0
CUST_02774,37,Female,56,Month-to-Month,Fiber Optic,No,No,Yes,20.0,1065.37,1,Electronic Check,0
CUST_02775,40,Female,6,One Year,No,Yes,No,Yes,31.93,122.56,3,Electronic Check,0
CUST_02776,41,Male,5,Month-to-Month,DSL,No,Yes,No,92.98,495.65,2,Mailed Check,1
CUST_02777,41,Female,72,Month-to-Month,No,No,No,Yes,115.04,8271.74,0,Electronic Check,0
CUST_02778,44,Female,1,One Year,Fiber Optic,Yes,Yes,No,71.64,45.04,3,Mailed Check,0
CUST_02779,52,Female,36,Month-to-Month,DSL,No,Yes,No,55.82,1946.54,0,Credit Card,1
CUST_02780,58,Female,9,Month-to-Month,DSL,No,No,No,79.88,621.46,3,Bank Transfer,1
CUST_02781,35,Male,1,Month-to-Month,DSL,Yes,Yes,No,20.0,-52.82,1,Bank Transfer,0
CUST_02782,26,Male,59,Month-to-Month,DSL,No,No,No,71.87,4321.29,4,Credit Card,1
CUST_02783,29,Male,3,Two Year,Fiber Optic,No,Yes,Yes,33.62,100.41,3,Electronic Check,0
CUST_02784,37,Male,19,One Year,DSL,No,No,Yes,88.82,1589.51,1,Bank Transfer,0
CUST_02785,39,Male,7,Two Year,DSL,Yes,No,No,20.0,199.2,2,Electronic Check,0
CUST_02786,33,Male,1,Month-to-Month,No,No,No,No,46.15,107.89,2,Electronic Check,1
CUST_02787,25,Female,1,Two Year,Fiber Optic,Yes,No,No,63.77,125.23,1,Electronic Check,0
CUST_02788,38,Female,2,Month-to-Month,Fiber Optic,No,No,No,42.15,63.17,1,Electronic Check,0
CUST_02789,47,Female,1,One Year,DSL,Yes,No,Yes,53.74,40.29,0,Electronic Check,1
CUST_02790,53,Female,34,Month-to-Month,No,No,Yes,Yes,92.13,3139.4,3,Credit Card,0
CUST_02791,36,Male,15,One Year,No,No,Yes,Yes,64.27,1034.03,1,Bank Transfer,0
CUST_02792,38,Female,10,One Year,Fiber Optic,Yes,No,No,37.08,343.08,2,Mailed Check,0
CUST_02793,31,Male,13,Month-to-Month,No,Yes,No,No,93.21,1174.04,2,Bank Transfer,0
CUST_02794,44,Female,63,Month-to-Month,No,Yes,Yes,Yes,72.53,4604.14,1,Credit Card,0
CUST_02795,32,Female,57,One Year,Fiber Optic,Yes,No,No,73.77,4265.62,1,Electronic Check,0
CUST_02796,53,Female,30,Month-to-Month,Fiber Optic,No,Yes,No,38.22,1144.1,0,Bank Transfer,0
CUST_02797,18,Male,51,Month-to-Month,DSL,No,No,No,20.0,1053.52,4,Credit Card,0
CUST_02798,39,Female,9,Month-to-Month,DSL,No,No,No,37.82,345.97,3,Bank Transfer,0
CUST_02799,49,Male,11,One Year,DSL,No,No,Yes,34.76,369.84,4,Bank Transfer,0
CUST_02800,47,Male,22,Two Year,DSL,No,No,No,46.6,983.76,2,Credit Card,0
CUST_02801,80,Female,23,Month-to-Month,DSL,Yes,Yes,No,39.74,856.43,4,Bank Transfer,0
CUST_02802,50,Male,15,Month-to-Month,No,No,No,No,68.38,994.98,0,Credit Card,0
CUST_02803,29,Male,12,Two Year,DSL,No,Yes,No,91.43,1048.31,4,Electronic Check,0
CUST_02804,43,Female,72,One Year,No,No,No,No,97.28,7018.68,3,Credit Card,0
CUST_02805,18,Female,41,Month-to-Month,Fiber Optic,No,No,No,90.12,3755.65,5,Bank Transfer,1
CUST_02806,43,Female,13,Two Year,DSL,No,No,No,38.07,505.13,1,Electronic Check,1
CUST_02807,32,Female,31,Month-to-Month,Fiber Optic,No,No,Yes,66.77,2023.74,2,Credit Card,0
CUST_02808,58,Female,7,Month-to-Month,DSL,Yes,Yes,Yes,111.95,826.45,2,Credit Card,0
CUST_02809,36,Female,2,Two Year,No,Yes,Yes,Yes,20.0,54.84,4,Electronic Check,0
CUST_02810,43,Male,10,Two Year,No,No,No,Yes,105.45,1079.21,2,Credit Card,1
CUST_02811,35,Female,12,Month-to-Month,DSL,No,No,Yes,35.12,395.43,3,Electronic Check,0
CUST_02812,71,Female,1,Month-to-Month,No,Yes,No,No,73.81,130.48,1,Electronic Check,1
CUST_02813,40,Male,40,Month-to-Month,Fiber Optic,No,No,Yes,77.38,3151.76,2,Electronic Check,0
CUST_02814,72,Female,10,Month-to-Month,DSL,No,No,No,70.7,697.77,3,Credit Card,1
CUST_02815,57,Male,20,Month-to-Month,Fiber Optic,No,Yes,No,131.85,2673.01,1,Bank Transfer,0
CUST_02816,52,Female,1,Month-to-Month,Fiber Optic,Yes,No,No,55.98,111.05,3,Electronic Check,1
CUST_02817,50,Female,4,Two Year,DSL,No,No,No,20.0,56.73,3,Bank Transfer,0
CUST_02818,50,Male,52,Two Year,Fiber Optic,No,No,Yes,75.69,3932.0,0,Electronic Check,0
CUST_02819,18,Female,22,One Year,DSL,Yes,No,No,59.9,1321.76,3,Bank Transfer,0
CUST_02820,40,Male,72,One Year,Fiber Optic,No,Yes,Yes,81.64,5823.48,2,Mailed Check,0
CUST_02821,57,Female,72,Month-to-Month,DSL,No,Yes,No,91.46,6607.41,4,Electronic Check,0
CUST_02822,44,Female,11,Month-to-Month,No,No,Yes,No,63.99,755.01,2,Credit Card,0
CUST_02823,23,Male,8,Month-to-Month,Fiber Optic,Yes,No,Yes,78.09,617.52,1,Bank Transfer,0
CUST_02824,44,Female,46,One Year,DSL,No,Yes,Yes,69.33,3206.04,4,Bank Transfer,0
CUST_02825,70,Female,72,Month-to-Month,DSL,Yes,No,No,118.76,8620.41,2,Bank Transfer,0
CUST_02826,63,Male,23,Two Year,DSL,No,Yes,No,53.88,1219.05,4,Mailed Check,0
CUST_02827,44,Female,38,One Year,Fiber Optic,No,No,No,44.39,1704.75,1,Bank Transfer,0
CUST_02828,59,Male,36,Month-to-Month,DSL,No,No,Yes,91.42,3262.7,0,Electronic Check,1
CUST_02829,39,Female,10,Month-to-Month,No,No,No,No,37.12,341.39,2,Electronic Check,0
CUST_02830,19,Male,20,One Year,No,No,No,Yes,76.76,1552.39,2,Bank Transfer,0
CUST_02831,31,Female,42,Two Year,Fiber Optic,No,No,No,59.91,2528.39,2,Bank Transfer,0
CUST_02832,68,Male,27,One Year,DSL,No,No,No,61.96,1700.68,2,Credit Card,1
CUST_02833,40,Male,1,Month-to-Month,DSL,Yes,No,Yes,138.12,141.93,0,Bank Transfer,1
CUST_02834,41,Female,9,One Year,Fiber Optic,Yes,Yes,Yes,102.02,941.46,1,Credit Card,0
CUST_02835,40,Female,3,Month-to-Month,Fiber Optic,Yes,No,No,95.65,370.22,2,Bank Transfer,0
CUST_02836,73,Male,6,Two Year,Fiber Optic,No,No,Yes,80.92,538.5,1,Mailed Check,0
CUST_02837,69,Female,56,One Year,Fiber Optic,No,Yes,No,44.25,2495.18,3,Electronic Check,0
CUST_02838,78,Male,1,One Year,DSL,No,No,No,72.84,98.09,2,Bank Transfer,0
CUST_02839,42,Female,5,Month-to-Month,No,Yes,No,Yes,82.5,397.55,2,Bank Transfer,1
CUST_02840,49,Female,8,One Year,DSL,No,No,Yes,70.97,559.8,1,Mailed Check,0
CUST_02841,22,Male,23,Month-to-Month,Fiber Optic,Yes,No,No,67.84,1585.0,3,Electronic Check,1
CUST_02842,67,Male,18,Month-to-Month,Fiber Optic,No,Yes,No,53.08,959.76,1,Electronic Check,0
CUST_02843,27,Female,5,Month-to-Month,DSL,No,No,No,73.2,405.67,0,Electronic Check,1
CUST_02844,48,Female,4,Two Year,Fiber Optic,Yes,Yes,Yes,49.23,260.29,7,Electronic Check,1
CUST_02845,28,Female,6,One Year,No,No,Yes,Yes,86.1,511.53,2,Electronic Check,0
CUST_02846,36,Female,16,Month-to-Month,Fiber Optic,Yes,No,No,20.0,219.54,2,Credit Card,0
CUST_02847,32,Female,7,Two Year,DSL,No,No,No,105.76,842.05,0,Credit Card,0
CUST_02848,35,Male,70,Month-to-Month,DSL,No,Yes,Yes,25.65,1762.88,3,Credit Card,1
CUST_02849,36,Female,14,Month-to-Month,DSL,No,No,Yes,32.98,471.51,4,Bank Transfer,0
CUST_02850,36,Female,1,Month-to-Month,DSL,No,Yes,No,77.27,113.64,0,Bank Transfer,0
CUST_02851,57,Male,31,One Year,No,No,No,No,81.2,2587.59,1,Credit Card,0
CUST_02852,28,Male,9,One Year,Fiber Optic,No,Yes,Yes,127.35,1236.44,1,Mailed Check,0
CUST_02853,48,Male,25,Month-to-Month,DSL,No,No,No,73.89,1829.02,0,Electronic Check,0
CUST_02854,63,Female,7,One Year,No,No,Yes,Yes,63.79,505.99,4,Mailed Check,0
CUST_02855,37,Male,20,Month-to-Month,Fiber Optic,Yes,No,Yes,70.74,1424.68,1,Bank Transfer,1
CUST_02856,34,Male,35,One Year,DSL,No,Yes,No,112.71,4082.17,1,Mailed Check,0
CUST_02857,41,Male,63,Month-to-Month,DSL,Yes,No,No,137.73,8732.14,1,Electronic Check,0
CUST_02858,62,Male,7,One Year,DSL,Yes,Yes,Yes,59.46,407.32,3,Bank Transfer,0
CUST_02859,47,Female,9,One Year,No,Yes,No,Yes,81.28,691.89,3,Bank Transfer,0
CUST_02860,37,Female,14,One Year,Fiber Optic,Yes,No,Yes,62.77,747.43,1,Electronic Check,0
CUST_02861,52,Female,62,Month-to-Month,No,Yes,No,No,62.17,3888.4,2,Bank Transfer,0
CUST_02862,28,Male,55,One Year,DSL,Yes,Yes,Yes,121.37,6725.86,3,Bank Transfer,0
CUST_02863,55,Male,2,Month-to-Month,No,No,No,Yes,37.23,111.73,3,Electronic Check,1
CUST_02864,51,Male,3,Two Year,DSL,Yes,Yes,Yes,20.0,-57.67,2,Electronic Check,0
CUST_02865,40,Male,16,Month-to-Month,No,Yes,Yes,No,74.52,1129.47,3,Mailed Check,0
CUST_02866,32,Male,2,Month-to-Month,No,No,Yes,No,101.03,226.1,2,Credit Card,0
CUST_02867,31,Male,10,One Year,DSL,Yes,Yes,Yes,71.6,805.25,0,Bank Transfer,0
CUST_02868,53,Female,3,One Year,Fiber Optic,Yes,No,No,80.07,237.42,0,Electronic Check,0
CUST_02869,63,Female,24,Month-to-Month,Fiber Optic,No,No,Yes,87.57,2156.3,1,Mailed Check,0
CUST_02870,35,Male,71,Two Year,No,No,Yes,No,68.33,4799.52,3,Electronic Check,0
CUST_02871,51,Female,72,Two Year,DSL,No,No,Yes,81.69,5891.98,2,Mailed Check,0
CUST_02872,18,Male,11,One Year,Fiber Optic,No,No,Yes,81.19,879.34,2,Mailed Check,0
CUST_02873,36,Male,21,Month-to-Month,No,No,No,Yes,20.0,479.38,1,Mailed Check,0
CUST_02874,44,Female,46,One Year,Fiber Optic,No,No,No,68.42,3120.14,4,Electronic Check,0
CUST_02875,31,Male,2,Month-to-Month,DSL,No,No,No,20.0,123.85,2,Electronic Check,1
CUST_02876,30,Female,28,Month-to-Month,No,No,Yes,No,63.85,1772.55,3,Electronic Check,0
CUST_02877,34,Male,12,Two Year,DSL,No,No,Yes,50.14,548.21,1,Credit Card,0
CUST_02878,49,Male,5,Two Year,Fiber Optic,Yes,Yes,Yes,96.02,428.29,1,Electronic Check,0
CUST_02879,42,Female,12,Two Year,DSL,No,No,No,72.33,836.87,4,Electronic Check,0
CUST_02880,18,Male,1,Month-to-Month,DSL,Yes,No,No,79.2,97.72,1,Credit Card,1
CUST_02881,18,Male,28,Month-to-Month,Fiber Optic,No,No,No,59.26,1628.68,2,Electronic Check,1
CUST_02882,35,Male,6,Month-to-Month,Fiber Optic,No,Yes,No,96.57,538.37,0,Electronic Check,1
CUST_02883,51,Female,8,Month-to-Month,Fiber Optic,No,Yes,Yes,20.0,204.49,2,Electronic Check,0
CUST_02884,18,Male,3,Month-to-Month,Fiber Optic,No,Yes,No,38.13,-46.16,4,Electronic Check,1
CUST_02885,37,Male,47,Month-to-Month,DSL,No,No,Yes,103.59,4847.2,2,Bank Transfer,0
CUST_02886,37,Male,16,One Year,DSL,Yes,Yes,No,51.93,764.18,3,Electronic Check,0
CUST_02887,65,Female,20,One Year,Fiber Optic,Yes,No,Yes,20.0,356.57,3,Electronic Check,0
CUST_02888,39,Female,20,One Year,DSL,No,Yes,Yes,108.58,2183.77,1,Credit Card,0
CUST_02889,50,Female,12,Two Year,Fiber Optic,No,No,Yes,97.31,1157.44,1,Electronic Check,1
CUST_02890,47,Female,5,Month-to-Month,Fiber Optic,No,No,No,86.33,416.87,2,Bank Transfer,1
CUST_02891,18,Female,32,Month-to-Month,No,No,Yes,No,67.83,2230.11,4,Credit Card,0
CUST_02892,56,Male,3,One Year,Fiber Optic,No,No,No,114.82,343.79,1,Credit Card,0
CUST_02893,48,Female,2,One Year,DSL,No,Yes,No,102.76,295.82,0,Mailed Check,0
CUST_02894,52,Female,29,One Year,No,No,No,No,111.44,3267.24,1,Credit Card,0
CUST_02895,80,Male,5,Month-to-Month,No,No,No,Yes,85.87,380.99,3,Bank Transfer,0
CUST_02896,18,Female,8,Month-to-Month,Fiber Optic,No,No,No,68.68,646.18,1,Bank Transfer,0
CUST_02897,70,Male,15,One Year,No,No,No,No,53.03,809.28,1,Bank Transfer,0
CUST_02898,40,Female,14,Two Year,Fiber Optic,No,No,No,26.93,470.64,1,Electronic Check,1
CUST_02899,49,Male,29,Two Year,Fiber Optic,No,No,Yes,80.06,2308.47,3,Mailed Check,0
CUST_02900,44,Male,23,One Year,DSL,No,No,Yes,82.56,1912.51,2,Bank Transfer,0
CUST_02901,38,Female,24,One Year,Fiber Optic,No,No,Yes,54.51,1329.76,1,Electronic Check,0
CUST_02902,36,Female,30,Two Year,DSL,No,Yes,No,83.41,2493.91,2,Bank Transfer,0
CUST_02903,49,Male,8,One Year,DSL,No,No,No,55.03,503.87,0,Electronic Check,0
CUST_02904,22,Male,9,One Year,DSL,No,No,Yes,91.02,915.83,1,Bank Transfer,0
CUST_02905,56,Male,13,Two Year,DSL,Yes,Yes,No,38.54,386.31,1,Electronic Check,0
CUST_02906,38,Male,8,One Year,DSL,No,No,Yes,33.35,307.51,0,Electronic Check,0
CUST_02907,28,Male,72,Two Year,Fiber Optic,No,No,Yes,57.78,4115.62,3,Bank Transfer,0
CUST_02908,38,Male,40,Month-to-Month,DSL,No,Yes,No,89.86,3464.9,2,Electronic Check,1
CUST_02909,63,Male,4,One Year,No,No,No,Yes,30.24,146.8,3,Bank Transfer,1
CUST_02910,36,Female,1,Two Year,DSL,No,No,Yes,96.49,122.45,2,Bank Transfer,0
CUST_02911,50,Male,1,Month-to-Month,Fiber Optic,No,Yes,No,20.0,54.01,5,Electronic Check,1
CUST_02912,34,Female,6,One Year,DSL,Yes,No,No,57.6,364.14,2,Electronic Check,0
CUST_02913,56,Female,2,Month-to-Month,DSL,Yes,No,No,22.61,88.97,3,Electronic Check,1
CUST_02914,55,Male,18,Two Year,DSL,No,Yes,Yes,20.0,329.85,2,Bank Transfer,0
CUST_02915,72,Male,46,One Year,Fiber Optic,No,No,Yes,75.99,3508.87,3,Credit Card,0
CUST_02916,42,Female,32,Month-to-Month,Fiber Optic,No,No,Yes,59.67,1944.21,0,Electronic Check,1
CUST_02917,55,Male,5,Month-to-Month,DSL,Yes,No,No,23.09,183.08,2,Electronic Check,1
CUST_02918,46,Male,12,One Year,DSL,No,Yes,Yes,49.5,596.21,1,Electronic Check,0
CUST_02919,64,Female,17,One Year,DSL,No,Yes,Yes,78.25,1319.64,3,Electronic Check,0
CUST_02920,34,Female,39,Month-to-Month,No,No,No,Yes,53.96,2101.5,2,Credit Card,1
CUST_02921,56,Female,43,Two Year,Fiber Optic,No,No,No,59.04,2479.02,5,Electronic Check,0
CUST_02922,42,Male,57,One Year,DSL,No,No,Yes,53.05,3062.12,4,Electronic Check,0
CUST_02923,44,Male,17,One Year,DSL,No,No,Yes,47.53,735.16,6,Bank Transfer,0
CUST_02924,46,Female,28,Month-to-Month,No,No,No,No,47.14,1339.46,4,Bank Transfer,0
CUST_02925,48,Male,2,Two Year,DSL,No,No,Yes,46.26,96.75,2,Mailed Check,0
CUST_02926,43,Female,19,Month-to-Month,Fiber Optic,No,Yes,Yes,42.41,728.16,1,Mailed Check,0
CUST_02927,48,Male,6,One Year,DSL,No,No,Yes,34.48,132.19,4,Bank Transfer,0
CUST_02928,68,Female,13,Two Year,Fiber Optic,No,No,No,53.61,654.23,2,Bank Transfer,0
CUST_02929,59,Male,24,Month-to-Month,No,Yes,Yes,Yes,45.8,1082.05,1,Mailed Check,0
CUST_02930,58,Female,7,One Year,No,Yes,No,Yes,32.85,303.97,1,Electronic Check,0
CUST_02931,38,Male,1,Month-to-Month,Fiber Optic,No,Yes,Yes,87.98,82.44,3,Credit Card,1
CUST_02932,31,Male,1,One Year,Fiber Optic,No,No,No,101.98,129.3,2,Electronic Check,0
CUST_02933,59,Female,1,One Year,Fiber Optic,No,No,Yes,65.0,128.33,2,Mailed Check,0
CUST_02934,58,Male,1,Two Year,DSL,No,No,No,66.99,120.65,1,Bank Transfer,0
CUST_02935,67,Male,2,Two Year,No,No,Yes,No,44.22,88.09,5,Bank Transfer,0
CUST_02936,35,Female,6,One Year,Fiber Optic,No,No,Yes,97.01,546.79,2,Bank Transfer,0
CUST_02937,41,Male,6,One Year,Fiber Optic,No,Yes,Yes,117.15,727.82,1,Bank Transfer,0
CUST_02938,20,Male,72,One Year,DSL,Yes,No,No,60.09,4291.93,3,Credit Card,0
CUST_02939,39,Male,8,Month-to-Month,Fiber Optic,No,No,No,49.36,485.59,1,Electronic Check,0
CUST_02940,59,Female,3,One Year,No,No,Yes,No,75.24,269.12,1,Bank Transfer,1
CUST_02941,38,Female,18,Two Year,Fiber Optic,No,Yes,No,68.87,1250.06,1,Bank Transfer,0
CUST_02942,54,Female,46,Month-to-Month,DSL,No,No,Yes,50.0,2325.42,4,Bank Transfer,0
CUST_02943,42,Female,27,Month-to-Month,DSL,No,No,No,79.14,2145.58,0,Credit Card,1
CUST_02944,49,Female,8,Month-to-Month,DSL,No,No,Yes,93.14,726.74,4,Bank Transfer,0
CUST_02945,27,Male,19,Month-to-Month,No,No,Yes,No,41.43,812.01,3,Mailed Check,0
CUST_02946,46,Male,30,Month-to-Month,No,No,No,No,141.26,4225.69,2,Credit Card,0
CUST_02947,18,Female,31,Month-to-Month,No,Yes,Yes,Yes,20.0,716.83,2,Mailed Check,0
CUST_02948,42,Male,26,Month-to-Month,Fiber Optic,No,No,Yes,39.45,991.05,1,Mailed Check,1
CUST_02949,20,Male,49,One Year,Fiber Optic,Yes,No,Yes,72.02,3554.37,2,Bank Transfer,0
CUST_02950,63,Male,48,Month-to-Month,Fiber Optic,No,No,No,132.41,6316.36,2,Electronic Check,0
CUST_02951,56,Male,20,One Year,Fiber Optic,No,Yes,No,48.12,922.79,2,Bank Transfer,0
CUST_02952,52,Female,13,Two Year,Fiber Optic,Yes,No,No,33.03,340.05,3,Electronic Check,0
CUST_02953,67,Female,24,Two Year,Fiber Optic,No,Yes,No,81.48,1976.03,2,Credit Card,0
CUST_02954,30,Male,40,One Year,Fiber Optic,No,No,Yes,57.54,2275.06,3,Bank Transfer,0
CUST_02955,71,Male,1,Month-to-Month,DSL,No,No,Yes,84.96,139.13,1,Electronic Check,0
CUST_02956,58,Female,72,Two Year,DSL,Yes,Yes,Yes,62.88,4547.78,3,Electronic Check,0
CUST_02957,41,Male,4,One Year,No,No,Yes,Yes,39.29,164.55,2,Electronic Check,0
CUST_02958,62,Male,15,Month-to-Month,No,Yes,Yes,No,135.47,1961.47,1,Credit Card,0
CUST_02959,28,Male,49,Month-to-Month,Fiber Optic,Yes,No,No,20.0,1009.25,2,Electronic Check,1
CUST_02960,32,Female,6,Month-to-Month,DSL,No,No,No,119.61,684.54,1,Mailed Check,0
CUST_02961,35,Female,15,Month-to-Month,No,Yes,No,No,93.0,1323.33,2,Electronic Check,1
CUST_02962,37,Male,3,Month-to-Month,Fiber Optic,No,Yes,Yes,42.63,149.42,2,Credit Card,1
CUST_02963,29,Male,12,Two Year,Fiber Optic,Yes,No,Yes,121.17,1391.16,4,Mailed Check,0
CUST_02964,63,Male,4,One Year,Fiber Optic,No,No,Yes,23.86,-9.13,4,Bank Transfer,0
CUST_02965,41,Male,10,One Year,Fiber Optic,No,No,No,95.24,1017.29,0,Electronic Check,0
CUST_02966,50,Male,11,Two Year,Fiber Optic,No,No,No,20.0,191.96,1,Electronic Check,0
CUST_02967,36,Male,72,One Year,No,No,No,Yes,30.62,2117.68,1,Electronic Check,0
CUST_02968,18,Female,72,Two Year,DSL,No,No,No,30.55,2151.41,2,Bank Transfer,0
CUST_02969,49,Female,2,Two Year,DSL,No,No,No,42.48,48.91,0,Credit Card,0
CUST_02970,18,Male,31,Month-to-Month,DSL,Yes,No,Yes,65.35,2082.98,3,Electronic Check,0
CUST_02971,43,Female,1,Two Year,DSL,No,No,No,40.22,-42.93,3,Bank Transfer,0
CUST_02972,24,Male,1,One Year,DSL,Yes,No,No,20.0,-46.95,2,Electronic Check,0
CUST_02973,74,Male,2,Month-to-Month,DSL,No,No,Yes,78.9,206.83,2,Mailed Check,1
CUST_02974,58,Female,72,One Year,DSL,No,Yes,No,66.47,4763.25,4,Mailed Check,0
CUST_02975,46,Female,67,One Year,DSL,Yes,No,Yes,77.27,5188.34,2,Mailed Check,0
CUST_02976,63,Male,5,Two Year,DSL,No,Yes,No,70.16,326.24,0,Mailed Check,0
CUST_02977,32,Male,4,Month-to-Month,DSL,Yes,Yes,No,93.63,475.54,4,Credit Card,0
CUST_02978,53,Female,6,One Year,Fiber Optic,No,No,No,62.74,311.93,1,Electronic Check,1
CUST_02979,47,Female,17,Month-to-Month,Fiber Optic,Yes,Yes,Yes,95.38,1635.49,2,Credit Card,1
CUST_02980,48,Male,20,Month-to-Month,DSL,No,No,Yes,41.73,909.73,2,Mailed Check,0
CUST_02981,64,Male,6,Month-to-Month,Fiber Optic,Yes,No,Yes,43.44,241.89,2,Electronic Check,1
CUST_02982,55,Male,33,One Year,No,Yes,No,Yes,106.28,3469.59,1,Electronic Check,0
CUST_02983,49,Female,8,Two Year,No,No,Yes,No,105.67,883.72,2,Credit Card,0
CUST_02984,20,Male,61,Month-to-Month,DSL,Yes,No,Yes,82.21,5065.15,0,Bank Transfer,0
CUST_02985,30,Female,25,One Year,Fiber Optic,No,No,Yes,38.33,918.17,0,Bank Transfer,0
CUST_02986,43,Male,13,Month-to-Month,DSL,No,No,No,35.91,539.95,4,Electronic Check,0
CUST_02987,46,Female,37,Month-to-Month,DSL,Yes,No,No,104.84,3881.71,4,Electronic Check,0
CUST_02988,28,Female,40,One Year,DSL,No,No,Yes,103.18,4152.64,1,Credit Card,0
CUST_02989,80,Female,8,Month-to-Month,DSL,Yes,No,No,63.09,579.16,1,Credit Card,0
CUST_02990,67,Female,9,One Year,Fiber Optic,Yes,No,No,135.26,1255.75,1,Bank Transfer,0
CUST_02991,54,Male,65,Month-to-Month,Fiber Optic,Yes,No,Yes,78.77,5119.84,3,Bank Transfer,0
CUST_02992,46,Female,4,Month-to-Month,Fiber Optic,No,No,No,31.78,93.56,3,Bank Transfer,1
CUST_02993,41,Female,1,One Year,DSL,Yes,No,No,56.73,192.16,2,Bank Transfer,0
CUST_02994,30,Female,14,One Year,DSL,No,Yes,No,65.16,872.85,3,Bank Transfer,0
CUST_02995,46,Male,38,Month-to-Month,DSL,No,Yes,Yes,67.59,2584.4,4,Credit Card,0
CUST_02996,48,Male,35,One Year,DSL,No,No,Yes,102.5,3613.0,0,Bank Transfer,0
CUST_02997,26,Male,60,Two Year,No,No,No,No,36.31,2206.55,3,Bank Transfer,0
CUST_02998,50,Male,18,One Year,Fiber Optic,No,No,No,25.05,557.38,0,Electronic Check,1
CUST_02999,42,Male,2,Month-to-Month,No,No,No,No,83.07,168.52,4,Credit Card,1
CUST_03000,18,Male,21,One Year,Fiber Optic,Yes,No,No,49.79,1040.85,2,Mailed Check,0
CUST_03001,32,Female,36,One Year,Fiber Optic,No,No,No,137.71,5035.0,4,Credit Card,0
CUST_03002,38,Female,2,Month-to-Month,DSL,No,No,No,93.3,179.8,1,Bank Transfer,1
CUST_03003,73,Female,4,Two Year,Fiber Optic,No,No,No,49.24,240.75,1,Electronic Check,1
CUST_03004,53,Male,1,Two Year,Fiber Optic,Yes,No,No,101.39,111.11,1,Mailed Check,0
CUST_03005,24,Female,21,Two Year,No,Yes,No,Yes,86.91,1871.21,2,Credit Card,0
CUST_03006,52,Female,52,Two Year,Fiber Optic,No,No,No,84.01,4404.84,1,Electronic Check,0
CUST_03007,21,Male,26,One Year,DSL,Yes,Yes,Yes,61.33,1574.49,2,Credit Card,0
CUST_03008,61,Female,72,One Year,Fiber Optic,No,No,Yes,77.61,5495.97,2,Bank Transfer,0
CUST_03009,37,Male,1,One Year,No,Yes,Yes,No,20.0,-63.7,3,Electronic Check,0
CUST_03010,43,Female,55,Two Year,Fiber Optic,No,Yes,Yes,104.51,5656.18,2,Electronic Check,1
CUST_03011,64,Male,40,One Year,Fiber Optic,No,No,Yes,20.0,795.44,2,Electronic Check,0
CUST_03012,25,Male,9,Month-to-Month,DSL,Yes,Yes,No,51.74,348.0,4,Electronic Check,1
CUST_03013,24,Male,72,Month-to-Month,Fiber Optic,Yes,No,No,20.0,1432.0,1,Credit Card,0
CUST_03014,36,Female,8,Two Year,DSL,No,No,No,49.97,406.48,3,Bank Transfer,0
CUST_03015,60,Female,52,Month-to-Month,DSL,Yes,No,No,62.78,3307.19,1,Electronic Check,0
CUST_03016,22,Male,51,One Year,Fiber Optic,No,Yes,Yes,29.1,1509.12,6,Electronic Check,0
CUST_03017,18,Male,34,Two Year,DSL,No,No,Yes,20.0,725.09,3,Electronic Check,0
CUST_03018,38,Female,19,One Year,Fiber Optic,Yes,No,Yes,71.21,1373.72,5,Credit Card,0
CUST_03019,53,Female,3,Two Year,No,No,Yes,No,127.59,366.6,5,Bank Transfer,0
CUST_03020,63,Male,18,One Year,DSL,No,No,No,54.46,975.01,4,Electronic Check,0
CUST_03021,38,Female,10,Month-to-Month,Fiber Optic,No,No,No,93.78,895.22,3,Bank Transfer,0
CUST_03022,38,Female,37,Two Year,Fiber Optic,No,Yes,Yes,110.13,4086.27,2,Credit Card,0
CUST_03023,62,Female,34,Month-to-Month,DSL,No,No,Yes,20.0,600.79,3,Bank Transfer,0
CUST_03024,18,Male,57,Month-to-Month,Fiber Optic,No,No,No,51.28,2976.36,4,Mailed Check,1
CUST_03025,39,Male,1,Month-to-Month,Fiber Optic,No,Yes,Yes,26.71,-21.12,3,Credit Card,1
CUST_03026,47,Female,39,Month-to-Month,Fiber Optic,Yes,No,No,40.81,1599.35,1,Bank Transfer,0
CUST_03027,51,Male,66,Month-to-Month,No,Yes,No,Yes,116.06,7676.06,3,Electronic Check,0
CUST_03028,37,Female,37,Month-to-Month,Fiber Optic,No,Yes,Yes,71.71,2711.42,1,Credit Card,1
CUST_03029,45,Female,3,One Year,No,No,No,Yes,88.66,181.94,4,Credit Card,0
CUST_03030,18,Male,2,Two Year,Fiber Optic,No,No,No,63.68,111.09,2,Bank Transfer,1
CUST_03031,35,Male,1,Month-to-Month,DSL,Yes,No,Yes,28.68,56.18,1,Mailed Check,0
CUST_03032,51,Male,23,Month-to-Month,Fiber Optic,No,Yes,Yes,85.34,2050.46,1,Electronic Check,1
CUST_03033,30,Female,23,One Year,DSL,No,No,No,102.58,2357.34,2,Credit Card,0
CUST_03034,45,Female,72,One Year,Fiber Optic,No,No,No,74.52,5335.81,1,Mailed Check,0
CUST_03035,51,Male,12,Two Year,Fiber Optic,Yes,No,No,79.67,1057.43,2,Bank Transfer,0
CUST_03036,39,Male,9,Month-to-Month,Fiber Optic,No,No,Yes,27.96,291.73,4,Electronic Check,1
CUST_03037,47,Male,23,Two Year,DSL,No,No,No,86.21,2051.42,2,Electronic Check,0
CUST_03038,30,Female,41,One Year,Fiber Optic,Yes,Yes,Yes,105.38,4260.12,4,Credit Card,0
CUST_03039,41,Female,66,One Year,DSL,No,No,Yes,77.14,5117.14,0,Mailed Check,0
CUST_03040,54,Female,39,Month-to-Month,Fiber Optic,No,No,No,20.0,725.83,1,Credit Card,0
CUST_03041,47,Male,13,Month-to-Month,Fiber Optic,No,Yes,Yes,114.07,1417.64,0,Credit Card,0
CUST_03042,36,Male,24,Month-to-Month,No,No,No,No,36.66,908.82,1,Credit Card,1
CUST_03043,48,Female,46,Month-to-Month,DSL,No,Yes,No,76.63,3557.74,1,Credit Card,1
CUST_03044,55,Male,16,One Year,Fiber Optic,Yes,Yes,Yes,93.59,1473.33,1,Mailed Check,0
CUST_03045,18,Male,5,Two Year,Fiber Optic,Yes,No,Yes,97.39,558.54,1,Credit Card,0
CUST_03046,62,Male,4,One Year,No,No,Yes,No,20.0,61.55,1,Electronic Check,0
CUST_03047,39,Male,1,One Year,Fiber Optic,Yes,No,No,68.52,55.02,3,Bank Transfer,0
CUST_03048,51,Female,30,One Year,DSL,No,No,No,66.53,1994.12,0,Credit Card,0
CUST_03049,62,Male,2,Month-to-Month,Fiber Optic,No,No,No,108.17,204.19,3,Credit Card,0
CUST_03050,24,Female,6,Two Year,Fiber Optic,Yes,Yes,No,78.76,536.43,1,Mailed Check,0
CUST_03051,34,Female,8,One Year,Fiber Optic,No,No,Yes,108.44,815.46,2,Mailed Check,0
CUST_03052,40,Male,19,Month-to-Month,No,No,No,No,81.2,1505.04,1,Bank Transfer,0
CUST_03053,33,Female,12,Month-to-Month,DSL,Yes,No,Yes,62.78,693.73,2,Mailed Check,0
CUST_03054,71,Female,26,One Year,No,No,Yes,No,70.82,1935.39,1,Bank Transfer,0
CUST_03055,32,Male,1,One Year,DSL,No,No,Yes,110.71,94.48,2,Credit Card,1
CUST_03056,36,Female,3,Month-to-Month,No,No,No,No,26.09,39.85,1,Credit Card,1
CUST_03057,48,Female,16,Two Year,No,No,No,Yes,92.18,1460.49,2,Electronic Check,0
CUST_03058,26,Female,9,One Year,Fiber Optic,Yes,No,No,46.17,458.0,3,Bank Transfer,0
CUST_03059,39,Female,8,One Year,Fiber Optic,Yes,No,No,39.73,350.99,3,Electronic Check,0
CUST_03060,49,Female,1,Month-to-Month,DSL,Yes,No,No,95.7,66.94,1,Bank Transfer,0
CUST_03061,40,Female,54,Month-to-Month,DSL,No,Yes,No,38.51,2059.42,1,Electronic Check,0
CUST_03062,43,Female,28,Two Year,DSL,No,Yes,No,76.31,2063.97,0,Credit Card,0
CUST_03063,37,Female,3,Two Year,DSL,Yes,No,Yes,50.33,157.93,0,Mailed Check,0
CUST_03064,22,Male,1,Month-to-Month,Fiber Optic,No,No,No,20.0,84.12,2,Electronic Check,1
CUST_03065,49,Male,72,Month-to-Month,DSL,Yes,Yes,No,79.33,5682.78,0,Bank Transfer,0
CUST_03066,71,Male,27,Month-to-Month,No,Yes,No,Yes,68.79,1889.11,1,Electronic Check,0
CUST_03067,45,Female,12,Month-to-Month,Fiber Optic,No,No,No,20.0,210.89,1,Electronic Check,1
CUST_03068,48,Female,29,One Year,Fiber Optic,No,No,No,44.04,1222.44,2,Bank Transfer,0
CUST_03069,55,Female,33,Two Year,Fiber Optic,No,Yes,No,20.0,694.01,2,Electronic Check,0
CUST_03070,25,Male,36,Month-to-Month,DSL,No,No,Yes,86.95,3247.61,3,Electronic Check,1
CUST_03071,70,Male,15,Month-to-Month,DSL,No,No,No,106.64,1626.77,3,Mailed Check,1
CUST_03072,48,Male,13,Two Year,DSL,No,No,Yes,90.48,1155.61,2,Electronic Check,1
CUST_03073,69,Female,1,Month-to-Month,Fiber Optic,No,Yes,No,94.67,77.21,3,Bank Transfer,1
CUST_03074,34,Male,62,Two Year,Fiber Optic,No,No,No,49.47,3162.29,2,Electronic Check,0
CUST_03075,72,Male,22,One Year,DSL,No,No,No,81.41,1806.32,0,Mailed Check,0
CUST_03076,56,Female,5,Two Year,No,No,No,No,64.73,285.34,3,Bank Transfer,1
CUST_03077,53,Male,60,Month-to-Month,DSL,No,Yes,Yes,70.56,4230.45,1,Credit Card,0
CUST_03078,48,Female,59,Month-to-Month,Fiber Optic,No,No,No,93.72,5540.41,1,Electronic Check,0
CUST_03079,41,Male,72,Month-to-Month,Fiber Optic,No,Yes,Yes,100.26,7242.51,2,Credit Card,0
CUST_03080,63,Female,49,Month-to-Month,Fiber Optic,No,Yes,Yes,53.31,2687.66,2,Electronic Check,1
CUST_03081,47,Female,72,Month-to-Month,No,Yes,No,Yes,22.77,1703.28,2,Credit Card,1
CUST_03082,18,Female,6,Two Year,Fiber Optic,No,Yes,Yes,59.38,366.18,6,Electronic Check,0
CUST_03083,28,Female,44,Two Year,Fiber Optic,No,No,No,58.42,2568.48,1,Credit Card,0
CUST_03084,42,Female,41,One Year,DSL,No,Yes,No,73.54,3034.85,4,Credit Card,0
CUST_03085,49,Male,6,Month-to-Month,No,Yes,No,No,89.99,509.53,2,Electronic Check,1
CUST_03086,44,Female,2,One Year,Fiber Optic,Yes,Yes,Yes,20.0,89.0,4,Electronic Check,1
CUST_03087,63,Female,72,One Year,DSL,Yes,No,No,44.87,3220.65,1,Mailed Check,0
CUST_03088,18,Female,8,Month-to-Month,Fiber Optic,No,Yes,No,36.08,313.21,3,Mailed Check,0
CUST_03089,47,Female,49,Two Year,DSL,Yes,No,No,102.53,5109.48,2,Bank Transfer,0
CUST_03090,18,Male,1,Month-to-Month,DSL,No,No,No,58.75,86.39,0,Mailed Check,1
CUST_03091,56,Female,1,Month-to-Month,No,Yes,No,No,49.61,61.15,4,Bank Transfer,1
CUST_03092,43,Male,15,Month-to-Month,Fiber Optic,Yes,No,No,81.15,1191.37,2,Electronic Check,0
CUST_03093,51,Female,6,One Year,DSL,No,Yes,Yes,47.21,279.36,1,Electronic Check,0
CUST_03094,32,Female,28,One Year,Fiber Optic,No,Yes,Yes,64.54,1750.43,0,Electronic Check,0
CUST_03095,64,Male,20,Month-to-Month,No,Yes,No,No,119.42,2415.1,1,Electronic Check,1
CUST_03096,60,Male,1,Month-to-Month,DSL,No,Yes,No,118.59,11.87,1,Mailed Check,1
CUST_03097,53,Male,4,Month-to-Month,Fiber Optic,Yes,No,No,52.78,259.53,2,Bank Transfer,1
CUST_03098,43,Female,11,Month-to-Month,Fiber Optic,Yes,No,No,59.53,691.4,4,Credit Card,0
CUST_03099,53,Male,4,Month-to-Month,DSL,No,No,No,46.43,190.63,1,Electronic Check,0
CUST_03100,34,Female,37,Month-to-Month,Fiber Optic,No,No,No,20.0,713.35,1,Mailed Check,1
CUST_03101,57,Male,12,Month-to-Month,DSL,No,No,Yes,96.09,1152.22,5,Electronic Check,1
CUST_03102,69,Male,2,Two Year,Fiber Optic,No,No,No,137.64,186.58,1,Credit Card,0
CUST_03103,61,Female,15,One Year,No,No,No,Yes,51.7,816.64,3,Bank Transfer,0
CUST_03104,34,Male,2,One Year,DSL,Yes,No,Yes,40.5,72.8,6,Bank Transfer,0
CUST_03105,50,Male,3,Month-to-Month,No,Yes,No,No,56.81,246.21,7,Mailed Check,1
CUST_03106,25,Female,6,Month-to-Month,Fiber Optic,Yes,Yes,Yes,67.55,424.91,2,Electronic Check,0
CUST_03107,53,Female,47,Month-to-Month,DSL,No,No,Yes,30.93,1465.47,4,Electronic Check,0
CUST_03108,51,Female,62,Month-to-Month,Fiber Optic,Yes,Yes,Yes,51.25,3197.28,1,Bank Transfer,1
CUST_03109,18,Male,42,Month-to-Month,DSL,Yes,Yes,Yes,95.45,3960.0,2,Credit Card,0
CUST_03110,27,Male,9,Two Year,No,No,No,Yes,68.82,596.84,2,Electronic Check,0
CUST_03111,40,Male,7,Two Year,Fiber Optic,Yes,No,Yes,103.11,728.43,4,Bank Transfer,0
CUST_03112,40,Male,19,Month-to-Month,Fiber Optic,Yes,No,No,75.94,1427.79,0,Mailed Check,0
CUST_03113,26,Male,30,Month-to-Month,Fiber Optic,Yes,No,No,32.33,941.15,3,Bank Transfer,1
CUST_03114,50,Female,72,Two Year,Fiber Optic,Yes,No,No,47.72,3421.69,1,Bank Transfer,0
CUST_03115,48,Male,3,Month-to-Month,No,No,Yes,No,72.45,219.56,1,Electronic Check,0
CUST_03116,42,Female,1,One Year,Fiber Optic,No,No,No,31.32,147.26,3,Bank Transfer,0
CUST_03117,33,Male,28,Two Year,No,Yes,No,Yes,27.43,751.78,1,Electronic Check,0
CUST_03118,60,Female,42,Two Year,Fiber Optic,Yes,No,Yes,29.23,1193.96,3,Bank Transfer,0
CUST_03119,69,Male,44,Month-to-Month,DSL,No,No,No,80.47,3533.23,2,Electronic Check,0
CUST_03120,37,Male,27,Month-to-Month,No,No,No,No,54.01,1533.43,4,Electronic Check,1
CUST_03121,35,Female,72,Month-to-Month,Fiber Optic,No,No,Yes,100.47,7312.73,1,Electronic Check,0
CUST_03122,52,Male,17,Two Year,Fiber Optic,No,No,Yes,38.11,745.28,4,Credit Card,0
CUST_03123,39,Female,58,Two Year,No,Yes,Yes,No,20.0,1163.05,2,Electronic Check,0
CUST_03124,42,Male,72,One Year,DSL,No,No,No,61.08,4429.76,3,Electronic Check,1
CUST_03125,56,Male,45,One Year,Fiber Optic,No,No,No,114.43,5096.7,1,Electronic Check,0
CUST_03126,18,Female,8,One Year,DSL,Yes,No,Yes,66.04,510.62,5,Electronic Check,0
CUST_03127,64,Male,5,One Year,Fiber Optic,No,No,No,23.84,63.43,2,Bank Transfer,0
CUST_03128,46,Female,19,Two Year,No,No,No,No,20.0,403.66,4,Bank Transfer,0
CUST_03129,38,Male,14,One Year,No,Yes,No,No,100.94,1415.04,4,Credit Card,0
CUST_03130,43,Male,50,One Year,Fiber Optic,No,No,No,40.78,2050.15,0,Credit Card,0
CUST_03131,44,Male,2,Month-to-Month,Fiber Optic,No,No,No,111.25,180.2,1,Electronic Check,1
CUST_03132,19,Male,7,One Year,No,Yes,No,No,84.62,634.89,2,Electronic Check,0
CUST_03133,67,Male,33,Month-to-Month,Fiber Optic,No,No,No,41.91,1262.78,1,Mailed Check,0
CUST_03134,45,Male,2,Month-to-Month,DSL,No,No,Yes,100.01,187.43,2,Credit Card,0
CUST_03135,51,Male,9,Two Year,Fiber Optic,Yes,Yes,No,37.28,330.22,2,Electronic Check,0
CUST_03136,59,Female,11,One Year,No,No,Yes,No,21.58,136.3,0,Bank Transfer,0
CUST_03137,29,Male,23,Two Year,No,No,No,No,39.0,916.15,3,Bank Transfer,0
CUST_03138,52,Male,4,Month-to-Month,Fiber Optic,No,No,No,88.06,343.59,0,Electronic Check,1
CUST_03139,40,Male,47,One Year,No,No,Yes,No,99.14,4687.59,3,Bank Transfer,0
CUST_03140,57,Female,14,Month-to-Month,DSL,No,No,No,53.12,843.66,2,Electronic Check,1
CUST_03141,18,Female,59,Two Year,DSL,No,Yes,Yes,20.0,1196.23,0,Mailed Check,0
CUST_03142,43,Male,15,Month-to-Month,No,No,No,Yes,20.0,348.63,1,Electronic Check,0
CUST_03143,35,Male,7,One Year,DSL,No,No,No,32.97,299.84,6,Electronic Check,0
CUST_03144,51,Male,3,One Year,DSL,Yes,No,Yes,26.18,103.14,1,Electronic Check,0
CUST_03145,52,Female,1,Month-to-Month,Fiber Optic,Yes,No,No,72.96,29.67,4,Credit Card,1
CUST_03146,34,Male,18,Two Year,Fiber Optic,Yes,No,Yes,123.14,2134.57,3,Credit Card,0
CUST_03147,34,Female,2,Two Year,Fiber Optic,No,No,No,88.87,196.47,2,Credit Card,0
CUST_03148,43,Male,11,Month-to-Month,DSL,Yes,No,No,31.15,322.67,3,Electronic Check,0
CUST_03149,31,Female,21,Month-to-Month,No,No,No,Yes,44.17,991.72,4,Electronic Check,0
CUST_03150,57,Female,7,Month-to-Month,No,No,No,No,50.02,326.39,1,Electronic Check,1
CUST_03151,39,Male,4,Month-to-Month,DSL,Yes,No,No,76.68,305.99,1,Bank Transfer,1
CUST_03152,18,Male,35,Two Year,Fiber Optic,No,No,Yes,112.14,3866.87,3,Electronic Check,1
CUST_03153,39,Male,70,Two Year,Fiber Optic,No,No,Yes,50.98,3551.27,1,Electronic Check,0
CUST_03154,29,Male,2,Month-to-Month,Fiber Optic,No,No,No,111.16,175.18,4,Electronic Check,1
CUST_03155,20,Male,4,Month-to-Month,DSL,Yes,No,Yes,128.12,469.89,3,Bank Transfer,0
CUST_03156,26,Male,72,One Year,Fiber Optic,No,No,No,54.5,3921.56,1,Electronic Check,0
CUST_03157,46,Male,1,Month-to-Month,DSL,No,No,Yes,53.73,23.38,2,Credit Card,1
CUST_03158,64,Female,72,Month-to-Month,DSL,No,No,Yes,54.18,4032.52,3,Bank Transfer,0
CUST_03159,49,Male,1,Month-to-Month,Fiber Optic,No,No,Yes,66.87,108.67,3,Electronic Check,1
CUST_03160,35,Male,49,One Year,Fiber Optic,No,No,Yes,54.25,2712.71,1,Electronic Check,0
CUST_03161,51,Female,8,One Year,Fiber Optic,No,No,Yes,91.53,726.66,2,Electronic Check,0
CUST_03162,38,Male,66,One Year,Fiber Optic,Yes,Yes,No,20.0,1325.29,3,Electronic Check,0
CUST_03163,34,Male,9,Month-to-Month,DSL,Yes,Yes,Yes,48.96,419.17,3,Electronic Check,0
CUST_03164,27,Male,25,Two Year,Fiber Optic,No,Yes,Yes,74.88,2003.1,2,Bank Transfer,0
CUST_03165,18,Male,2,One Year,DSL,Yes,Yes,Yes,91.1,176.76,4,Bank Transfer,1
CUST_03166,39,Female,6,Two Year,Fiber Optic,No,Yes,No,130.86,754.96,3,Electronic Check,0
CUST_03167,47,Female,35,Month-to-Month,Fiber Optic,No,No,No,26.33,883.82,2,Bank Transfer,0
CUST_03168,43,Male,18,Two Year,Fiber Optic,No,No,No,45.44,834.66,3,Credit Card,0
CUST_03169,38,Male,63,Two Year,Fiber Optic,Yes,No,Yes,20.0,1331.05,2,Bank Transfer,0
CUST_03170,30,Female,13,Month-to-Month,Fiber Optic,No,No,No,31.7,466.5,0,Credit Card,1
CUST_03171,54,Male,48,Month-to-Month,No,No,No,No,20.0,922.18,2,Electronic Check,0
CUST_03172,25,Female,14,Two Year,Fiber Optic,No,No,No,49.36,652.01,1,Mailed Check,0
CUST_03173,56,Female,72,One Year,Fiber Optic,No,No,Yes,58.15,4249.04,3,Mailed Check,0
CUST_03174,29,Female,72,Two Year,No,Yes,Yes,No,79.08,5799.09,1,Credit Card,0
CUST_03175,33,Male,9,One Year,Fiber Optic,No,Yes,Yes,56.04,497.13,1,Electronic Check,0
CUST_03176,22,Male,52,One Year,Fiber Optic,No,Yes,Yes,79.1,4173.43,2,Credit Card,0
CUST_03177,37,Male,45,Month-to-Month,DSL,No,No,Yes,68.42,3005.7,1,Mailed Check,1
CUST_03178,59,Female,5,Month-to-Month,DSL,No,No,No,34.0,127.83,1,Electronic Check,1
CUST_03179,52,Male,23,Two Year,Fiber Optic,No,No,Yes,20.0,409.52,0,Electronic Check,0
CUST_03180,59,Male,1,Month-to-Month,Fiber Optic,No,No,No,82.51,103.12,1,Electronic Check,1
CUST_03181,52,Female,43,Month-to-Month,Fiber Optic,No,No,No,114.4,4910.04,2,Electronic Check,0
CUST_03182,28,Male,4,One Year,No,Yes,No,No,141.06,576.15,1,Bank Transfer,0
CUST_03183,40,Male,1,One Year,DSL,No,Yes,No,93.06,154.02,1,Mailed Check,0
CUST_03184,33,Male,12,Month-to-Month,Fiber Optic,No,Yes,No,108.73,1272.05,1,Bank Transfer,0
CUST_03185,64,Female,20,Month-to-Month,Fiber Optic,No,No,No,78.84,1581.58,3,Bank Transfer,0
CUST_03186,27,Male,46,Month-to-Month,Fiber Optic,Yes,Yes,Yes,74.06,3339.88,1,Credit Card,0
CUST_03187,58,Female,72,Month-to-Month,No,No,No,No,68.33,4977.95,1,Electronic Check,1
CUST_03188,58,Female,13,One Year,DSL,Yes,Yes,No,61.83,858.55,1,Electronic Check,0
CUST_03189,72,Female,1,Month-to-Month,DSL,No,No,Yes,83.21,101.31,2,Mailed Check,0
CUST_03190,38,Male,33,Two Year,Fiber Optic,No,Yes,Yes,49.38,1635.61,3,Electronic Check,0
CUST_03191,55,Male,19,Two Year,Fiber Optic,Yes,Yes,Yes,60.58,1125.5,1,Electronic Check,0
CUST_03192,79,Male,14,One Year,Fiber Optic,No,No,No,29.66,345.48,4,Bank Transfer,1
CUST_03193,35,Female,8,Month-to-Month,No,No,No,Yes,79.25,649.26,2,Bank Transfer,0
CUST_03194,21,Female,16,One Year,DSL,No,No,Yes,36.23,617.44,3,Credit Card,0
CUST_03195,18,Male,9,Month-to-Month,Fiber Optic,Yes,No,No,66.01,695.08,2,Credit Card,0
CUST_03196,55,Female,33,Month-to-Month,Fiber Optic,No,No,No,80.01,2620.81,1,Mailed Check,0
CUST_03197,18,Male,18,Two Year,No,No,No,Yes,82.58,1499.89,3,Credit Card,0
CUST_03198,39,Male,50,Month-to-Month,No,Yes,No,No,88.15,4462.98,3,Electronic Check,1
CUST_03199,51,Male,18,Two Year,Fiber Optic,No,Yes,No,58.6,1112.05,3,Credit Card,0
CUST_03200,47,Male,6,Month-to-Month,Fiber Optic,No,Yes,No,79.58,446.37,1,Electronic Check,0
CUST_03201,51,Male,45,Month-to-Month,DSL,Yes,No,No,50.4,2254.1,1,Credit Card,0
CUST_03202,48,Male,19,Two Year,DSL,No,No,Yes,20.0,353.74,2,Electronic Check,1
CUST_03203,64,Male,5,One Year,Fiber Optic,No,Yes,No,80.91,359.45,5,Bank Transfer,1
CUST_03204,30,Female,23,One Year,Fiber Optic,Yes,Yes,No,73.95,1774.54,1,Mailed Check,0
CUST_03205,34,Male,10,One Year,Fiber Optic,Yes,No,No,95.4,957.13,1,Electronic Check,0
CUST_03206,33,Female,44,Month-to-Month,Fiber Optic,No,No,No,64.24,2822.91,1,Electronic Check,1
CUST_03207,57,Female,14,One Year,Fiber Optic,No,No,No,20.0,292.39,0,Bank Transfer,0
CUST_03208,58,Male,31,Month-to-Month,Fiber Optic,No,No,Yes,62.25,1932.47,1,Electronic Check,1
CUST_03209,51,Female,2,One Year,DSL,No,No,Yes,91.6,172.15,2,Mailed Check,1
CUST_03210,62,Female,12,One Year,DSL,Yes,No,Yes,79.28,913.29,0,Electronic Check,0
CUST_03211,27,Female,72,Two Year,DSL,No,No,Yes,60.6,4441.3,3,Bank Transfer,0
CUST_03212,70,Male,39,One Year,No,No,No,No,20.0,751.49,2,Electronic Check,0
CUST_03213,67,Male,4,Month-to-Month,DSL,No,No,Yes,34.22,90.35,2,Bank Transfer,1
CUST_03214,56,Male,7,One Year,No,No,No,Yes,79.32,551.19,2,Credit Card,0
CUST_03215,71,Male,9,Month-to-Month,DSL,Yes,No,No,20.0,287.88,1,Credit Card,0
CUST_03216,20,Male,25,Month-to-Month,Fiber Optic,No,No,No,55.45,1345.24,3,Electronic Check,0
CUST_03217,37,Female,33,Month-to-Month,No,Yes,Yes,No,66.15,2218.52,3,Electronic Check,1
CUST_03218,33,Female,33,One Year,Fiber Optic,No,No,No,99.5,3271.12,0,Electronic Check,1
CUST_03219,55,Male,17,Month-to-Month,DSL,Yes,Yes,No,83.43,1430.63,4,Credit Card,0
CUST_03220,29,Female,39,Month-to-Month,DSL,Yes,Yes,No,93.88,3707.6,2,Electronic Check,0
CUST_03221,56,Female,13,Two Year,No,No,No,No,74.06,876.74,3,Electronic Check,0
CUST_03222,65,Female,3,One Year,Fiber Optic,No,No,No,39.64,74.1,1,Electronic Check,0
CUST_03223,55,Female,19,Month-to-Month,Fiber Optic,No,Yes,Yes,46.59,930.61,2,Credit Card,0
CUST_03224,49,Male,72,Month-to-Month,Fiber Optic,No,Yes,No,37.02,2670.33,2,Credit Card,0
CUST_03225,30,Male,37,One Year,DSL,No,No,No,82.72,3071.36,1,Bank Transfer,0
CUST_03226,32,Male,20,Two Year,DSL,No,No,No,44.18,919.22,2,Credit Card,0
CUST_03227,63,Female,24,Month-to-Month,Fiber Optic,No,Yes,No,53.18,1231.84,1,Bank Transfer,0
CUST_03228,56,Female,64,Two Year,Fiber Optic,No,Yes,No,65.67,4255.94,3,Mailed Check,0
CUST_03229,44,Male,13,One Year,DSL,No,No,No,114.24,1526.1,1,Bank Transfer,0
CUST_03230,38,Male,9,One Year,Fiber Optic,No,No,Yes,84.71,774.34,2,Electronic Check,0
CUST_03231,18,Female,72,Two Year,No,No,Yes,Yes,41.81,3034.04,2,Electronic Check,0
CUST_03232,28,Male,47,One Year,No,No,No,Yes,69.56,3327.35,3,Bank Transfer,0
CUST_03233,73,Male,9,Two Year,DSL,No,No,Yes,114.54,1001.16,4,Electronic Check,0
CUST_03234,25,Female,14,Month-to-Month,DSL,No,Yes,Yes,83.46,1201.44,2,Mailed Check,0
CUST_03235,47,Female,12,One Year,No,No,Yes,No,20.0,327.22,1,Bank Transfer,0
CUST_03236,60,Male,3,One Year,DSL,No,No,No,37.54,144.66,3,Bank Transfer,1
CUST_03237,26,Female,72,Month-to-Month,DSL,No,No,No,35.24,2526.3,1,Credit Card,0
CUST_03238,47,Male,12,One Year,No,Yes,Yes,No,108.22,1414.57,1,Mailed Check,0
CUST_03239,59,Female,49,Month-to-Month,DSL,No,No,No,102.69,5043.27,2,Electronic Check,1
CUST_03240,45,Female,5,Month-to-Month,Fiber Optic,No,No,Yes,46.25,301.17,3,Electronic Check,1
CUST_03241,80,Male,19,Month-to-Month,Fiber Optic,Yes,No,No,45.6,845.37,1,Electronic Check,0
CUST_03242,19,Female,1,One Year,No,No,Yes,No,66.34,119.73,2,Electronic Check,0
CUST_03243,60,Male,34,Two Year,DSL,No,No,Yes,67.24,2258.84,2,Electronic Check,0
CUST_03244,42,Female,20,Month-to-Month,No,No,No,Yes,36.13,738.77,0,Electronic Check,1
CUST_03245,56,Male,23,One Year,Fiber Optic,No,No,Yes,57.53,1292.76,0,Electronic Check,0
CUST_03246,51,Female,1,Month-to-Month,Fiber Optic,Yes,No,No,21.39,116.45,2,Electronic Check,1
CUST_03247,34,Female,5,Two Year,DSL,No,No,No,103.17,504.79,3,Bank Transfer,0
CUST_03248,48,Male,1,One Year,DSL,Yes,No,No,20.0,-35.4,4,Bank Transfer,0
CUST_03249,18,Female,8,One Year,Fiber Optic,Yes,No,Yes,20.0,164.76,3,Electronic Check,0
CUST_03250,54,Male,23,One Year,Fiber Optic,No,No,Yes,78.05,1822.03,2,Bank Transfer,0
CUST_03251,49,Female,20,Month-to-Month,No,Yes,No,Yes,27.89,556.54,4,Electronic Check,1
CUST_03252,54,Female,22,One Year,Fiber Optic,Yes,No,Yes,49.97,1058.7,2,Credit Card,0
CUST_03253,60,Male,19,Two Year,Fiber Optic,No,No,Yes,66.9,1322.87,3,Electronic Check,0
CUST_03254,50,Female,7,Month-to-Month,Fiber Optic,No,No,Yes,85.26,659.77,2,Credit Card,1
CUST_03255,47,Female,6,One Year,Fiber Optic,No,No,No,58.37,267.81,2,Electronic Check,0
CUST_03256,31,Male,3,Two Year,Fiber Optic,No,No,Yes,118.38,311.27,2,Credit Card,0
CUST_03257,34,Female,45,Month-to-Month,DSL,No,No,No,64.99,2916.44,3,Credit Card,1
CUST_03258,62,Male,23,Two Year,No,Yes,No,No,100.72,2290.1,1,Electronic Check,0
CUST_03259,66,Male,4,Two Year,Fiber Optic,No,No,No,73.36,319.72,2,Mailed Check,0
CUST_03260,41,Male,4,One Year,Fiber Optic,No,Yes,No,128.94,607.72,2,Electronic Check,0
CUST_03261,45,Female,49,Month-to-Month,Fiber Optic,No,Yes,Yes,96.75,4721.75,1,Electronic Check,0
CUST_03262,31,Female,32,Month-to-Month,Fiber Optic,No,No,No,66.3,2200.57,4,Electronic Check,1
CUST_03263,62,Male,25,Month-to-Month,DSL,No,Yes,No,83.86,2023.21,2,Mailed Check,0
CUST_03264,54,Female,12,Two Year,DSL,Yes,No,Yes,57.18,708.9,4,Electronic Check,0
CUST_03265,74,Male,7,Two Year,No,Yes,No,Yes,56.87,368.38,2,Mailed Check,0
CUST_03266,31,Female,72,One Year,DSL,Yes,No,No,25.9,1888.5,1,Bank Transfer,0
CUST_03267,39,Male,38,Month-to-Month,Fiber Optic,No,Yes,No,40.75,1460.74,3,Electronic Check,1
CUST_03268,48,Male,8,Month-to-Month,DSL,No,Yes,Yes,126.83,950.36,1,Electronic Check,0
CUST_03269,54,Female,45,One Year,DSL,No,Yes,Yes,28.88,1323.32,4,Mailed Check,0
CUST_03270,41,Male,34,One Year,DSL,No,Yes,No,45.34,1509.9,2,Electronic Check,0
CUST_03271,31,Male,8,Two Year,Fiber Optic,No,No,Yes,62.19,481.35,3,Electronic Check,0
CUST_03272,58,Female,13,One Year,Fiber Optic,No,No,No,63.19,913.25,3,Mailed Check,0
CUST_03273,55,Male,4,Two Year,DSL,No,Yes,Yes,76.51,312.93,3,Electronic Check,0
CUST_03274,31,Male,2,One Year,DSL,No,Yes,No,50.93,146.93,1,Electronic Check,1
CUST_03275,65,Female,30,One Year,No,No,No,Yes,78.36,2312.88,3,Credit Card,0
CUST_03276,62,Male,7,Month-to-Month,Fiber Optic,No,No,Yes,99.27,627.84,4,Credit Card,1
CUST_03277,47,Male,41,Two Year,No,No,Yes,No,103.0,4218.92,1,Credit Card,0
CUST_03278,46,Male,72,One Year,No,No,No,Yes,56.97,4027.65,3,Electronic Check,0
CUST_03279,53,Male,1,Month-to-Month,No,No,No,Yes,83.34,48.41,1,Electronic Check,0
CUST_03280,32,Male,15,Month-to-Month,No,No,Yes,No,30.62,471.13,1,Bank Transfer,0
CUST_03281,45,Male,38,Month-to-Month,DSL,No,No,Yes,43.35,1641.68,2,Credit Card,1
CUST_03282,18,Male,37,One Year,No,No,No,Yes,29.79,1118.88,1,Electronic Check,0
CUST_03283,58,Male,34,Month-to-Month,No,No,No,Yes,63.63,2193.36,3,Credit Card,0
CUST_03284,21,Female,10,Month-to-Month,No,No,No,No,39.22,332.45,3,Bank Transfer,1
CUST_03285,67,Male,14,One Year,DSL,Yes,Yes,No,20.0,232.9,3,Credit Card,0
CUST_03286,40,Male,21,Month-to-Month,No,No,No,No,53.42,1012.89,2,Electronic Check,0
CUST_03287,41,Female,72,Two Year,Fiber Optic,No,No,No,20.0,1421.47,3,Electronic Check,0
CUST_03288,35,Male,9,Month-to-Month,Fiber Optic,Yes,No,Yes,104.82,980.18,3,Mailed Check,0
CUST_03289,40,Male,61,One Year,DSL,No,No,Yes,48.27,3019.3,2,Bank Transfer,0
CUST_03290,66,Male,7,Month-to-Month,DSL,No,Yes,No,94.56,671.44,3,Bank Transfer,0
CUST_03291,18,Male,72,Month-to-Month,No,No,Yes,No,50.24,3685.8,1,Credit Card,0
CUST_03292,64,Male,26,Month-to-Month,Fiber Optic,No,No,No,29.15,777.14,5,Credit Card,0
CUST_03293,50,Male,14,Two Year,DSL,No,Yes,No,100.27,1409.09,3,Electronic Check,0
CUST_03294,26,Female,22,One Year,No,No,Yes,Yes,67.66,1457.98,1,Mailed Check,0
CUST_03295,28,Female,7,Month-to-Month,DSL,No,No,No,121.61,731.99,2,Mailed Check,0
CUST_03296,70,Female,7,One Year,Fiber Optic,No,Yes,No,51.0,418.19,9,Credit Card,1
CUST_03297,30,Female,2,Month-to-Month,DSL,Yes,No,Yes,51.65,100.64,3,Mailed Check,1
CUST_03298,27,Female,2,Two Year,DSL,Yes,Yes,Yes,95.14,259.7,2,Bank Transfer,0
CUST_03299,62,Male,10,Two Year,DSL,No,Yes,No,95.35,906.04,2,Electronic Check,0
CUST_03300,50,Male,34,One Year,DSL,No,No,No,69.6,2487.94,3,Bank Transfer,0
CUST_03301,30,Male,22,One Year,DSL,No,Yes,No,150.0,3287.56,1,Electronic Check,0
CUST_03302,48,Male,2,Two Year,Fiber Optic,No,No,No,56.58,78.56,4,Bank Transfer,1
CUST_03303,29,Male,45,One Year,No,No,No,No,26.92,1200.5,3,Credit Card,0
CUST_03304,61,Female,22,One Year,Fiber Optic,No,No,Yes,34.92,776.84,2,Electronic Check,0
CUST_03305,60,Female,72,Two Year,DSL,Yes,No,No,56.76,4083.07,0,Mailed Check,0
CUST_03306,52,Male,26,One Year,DSL,No,Yes,No,110.56,2848.88,1,Credit Card,0
CUST_03307,50,Male,4,One Year,No,No,No,No,59.41,147.47,1,Electronic Check,1
CUST_03308,71,Male,15,Two Year,No,No,No,No,111.98,1639.51,2,Electronic Check,0
CUST_03309,44,Female,25,One Year,DSL,No,Yes,No,78.03,2004.54,2,Mailed Check,0
CUST_03310,27,Female,1,One Year,DSL,No,No,Yes,97.5,53.51,1,Credit Card,0
CUST_03311,51,Male,1,Month-to-Month,Fiber Optic,No,Yes,No,76.62,-9.23,2,Bank Transfer,1
CUST_03312,76,Female,3,Month-to-Month,Fiber Optic,No,Yes,No,76.38,176.36,4,Mailed Check,0
CUST_03313,29,Male,6,Month-to-Month,Fiber Optic,No,No,No,87.58,521.06,3,Electronic Check,0
CUST_03314,39,Female,13,One Year,Fiber Optic,No,Yes,Yes,48.0,586.02,1,Credit Card,0
CUST_03315,51,Female,16,Month-to-Month,Fiber Optic,Yes,No,Yes,48.33,759.27,1,Electronic Check,0
CUST_03316,44,Male,3,Two Year,No,Yes,No,No,75.49,186.54,2,Electronic Check,0
CUST_03317,30,Female,26,One Year,DSL,No,No,No,123.23,3254.55,2,Mailed Check,0
CUST_03318,61,Female,21,One Year,No,No,No,No,20.0,444.54,5,Mailed Check,0
CUST_03319,79,Male,8,Month-to-Month,DSL,No,No,No,20.0,270.9,4,Mailed Check,0
CUST_03320,47,Female,1,Two Year,Fiber Optic,No,No,No,57.09,38.0,0,Bank Transfer,1
CUST_03321,31,Male,1,One Year,Fiber Optic,No,Yes,Yes,95.93,81.68,2,Credit Card,1
CUST_03322,21,Female,11,One Year,Fiber Optic,No,No,Yes,66.54,791.13,0,Electronic Check,0
CUST_03323,48,Male,4,Month-to-Month,Fiber Optic,Yes,No,Yes,29.92,139.23,4,Mailed Check,1
CUST_03324,61,Male,11,One Year,DSL,No,No,Yes,67.37,694.03,1,Mailed Check,0
CUST_03325,52,Female,23,One Year,DSL,No,No,No,20.0,487.82,2,Electronic Check,0
CUST_03326,44,Female,19,One Year,Fiber Optic,No,No,No,83.87,1613.31,1,Credit Card,0
CUST_03327,36,Male,6,Two Year,Fiber Optic,Yes,No,Yes,55.73,244.67,3,Electronic Check,0
CUST_03328,28,Female,10,Two Year,DSL,No,No,Yes,62.54,592.82,2,Electronic Check,0
CUST_03329,57,Female,22,Two Year,No,No,No,No,77.82,1721.46,5,Electronic Check,1
CUST_03330,58,Female,47,One Year,DSL,No,Yes,No,71.17,3417.34,0,Electronic Check,0
CUST_03331,21,Male,33,Two Year,Fiber Optic,No,No,Yes,48.76,1644.05,1,Electronic Check,0
CUST_03332,68,Male,19,Two Year,DSL,No,No,No,96.01,1795.96,4,Electronic Check,0
CUST_03333,53,Male,10,Month-to-Month,Fiber Optic,No,No,Yes,88.91,853.67,3,Bank Transfer,0
CUST_03334,65,Female,10,Month-to-Month,DSL,No,Yes,Yes,20.0,239.89,0,Electronic Check,0
CUST_03335,24,Female,50,Month-to-Month,Fiber Optic,No,No,No,58.09,2783.32,1,Credit Card,0
CUST_03336,24,Male,1,Month-to-Month,DSL,Yes,Yes,No,32.59,-7.79,3,Electronic Check,0
CUST_03337,42,Male,72,Month-to-Month,DSL,No,Yes,No,26.96,2011.46,3,Bank Transfer,0
CUST_03338,52,Female,26,Month-to-Month,Fiber Optic,No,No,No,81.05,2122.25,4,Electronic Check,1
CUST_03339,71,Female,27,One Year,Fiber Optic,No,No,Yes,52.42,1377.47,1,Electronic Check,0
CUST_03340,55,Female,1,Month-to-Month,DSL,No,No,No,60.72,0.61,1,Electronic Check,1
CUST_03341,41,Female,22,Month-to-Month,DSL,Yes,No,No,44.91,1029.99,0,Electronic Check,0
CUST_03342,29,Male,15,One Year,No,Yes,Yes,No,76.11,1145.47,4,Mailed Check,0
CUST_03343,63,Female,2,Two Year,DSL,No,No,No,85.35,159.77,0,Mailed Check,0
CUST_03344,30,Female,7,Two Year,No,No,No,Yes,130.11,929.45,1,Electronic Check,1
CUST_03345,69,Male,53,One Year,Fiber Optic,No,No,No,59.57,3165.48,2,Bank Transfer,0
CUST_03346,40,Male,19,Month-to-Month,DSL,Yes,No,No,21.55,413.8,2,Electronic Check,0
CUST_03347,68,Female,12,Month-to-Month,Fiber Optic,No,Yes,Yes,49.88,532.39,1,Electronic Check,0
CUST_03348,55,Male,1,Month-to-Month,No,Yes,No,Yes,90.41,39.09,1,Electronic Check,1
CUST_03349,42,Female,30,Month-to-Month,DSL,No,No,Yes,41.82,1292.03,0,Bank Transfer,0
CUST_03350,37,Female,29,Month-to-Month,Fiber Optic,Yes,No,No,20.54,623.51,1,Credit Card,1
CUST_03351,39,Male,22,Two Year,Fiber Optic,No,No,Yes,42.45,952.91,2,Mailed Check,0
CUST_03352,51,Male,17,Month-to-Month,No,No,No,Yes,49.0,803.66,0,Mailed Check,0
CUST_03353,46,Female,13,Month-to-Month,Fiber Optic,No,No,No,32.52,461.02,3,Electronic Check,0
CUST_03354,36,Male,21,Month-to-Month,DSL,Yes,No,Yes,71.52,1483.47,1,Bank Transfer,1
CUST_03355,42,Female,6,One Year,DSL,No,Yes,Yes,62.63,440.85,3,Electronic Check,0
CUST_03356,46,Female,68,Month-to-Month,DSL,No,No,No,88.69,5993.66,3,Bank Transfer,0
CUST_03357,18,Female,21,Month-to-Month,DSL,Yes,No,Yes,51.62,1057.84,4,Credit Card,0
CUST_03358,51,Male,8,Month-to-Month,DSL,No,No,Yes,81.74,646.36,1,Bank Transfer,1
CUST_03359,30,Female,14,Month-to-Month,Fiber Optic,No,No,Yes,50.23,745.61,0,Bank Transfer,1
CUST_03360,27,Female,39,Month-to-Month,DSL,No,No,Yes,31.11,1211.6,0,Bank Transfer,1
CUST_03361,19,Female,4,One Year,DSL,Yes,Yes,No,48.71,196.72,2,Mailed Check,0
CUST_03362,18,Male,8,Month-to-Month,Fiber Optic,No,Yes,No,20.0,140.42,2,Electronic Check,0
CUST_03363,24,Female,27,One Year,DSL,No,No,No,118.65,3216.86,0,Bank Transfer,0
CUST_03364,34,Female,9,One Year,DSL,No,No,Yes,69.27,619.94,1,Mailed Check,0
CUST_03365,74,Female,37,One Year,DSL,Yes,No,Yes,41.14,1482.88,2,Bank Transfer,0
CUST_03366,37,Male,3,Month-to-Month,DSL,No,No,No,53.67,167.38,3,Electronic Check,1
CUST_03367,47,Female,34,Month-to-Month,No,No,Yes,Yes,20.0,687.54,3,Electronic Check,0
CUST_03368,51,Female,1,Month-to-Month,Fiber Optic,Yes,Yes,Yes,108.03,225.52,1,Credit Card,0
CUST_03369,46,Male,1,One Year,DSL,No,No,No,105.1,74.55,2,Electronic Check,1
CUST_03370,43,Male,54,One Year,DSL,No,No,No,68.23,3642.25,1,Credit Card,1
CUST_03371,27,Female,20,Month-to-Month,DSL,Yes,Yes,No,74.58,1505.63,0,Credit Card,0
CUST_03372,66,Female,10,One Year,Fiber Optic,No,Yes,No,26.97,220.06,4,Credit Card,0
CUST_03373,72,Female,6,Two Year,Fiber Optic,No,Yes,Yes,29.15,121.25,3,Electronic Check,0
CUST_03374,19,Male,23,One Year,Fiber Optic,Yes,Yes,No,20.0,388.16,2,Credit Card,0
CUST_03375,29,Male,17,Month-to-Month,DSL,Yes,No,No,60.17,984.13,2,Mailed Check,0
CUST_03376,40,Female,72,One Year,DSL,No,No,Yes,96.83,6934.34,1,Electronic Check,0
CUST_03377,30,Male,72,Month-to-Month,Fiber Optic,No,No,No,53.5,3788.09,2,Electronic Check,0
CUST_03378,52,Female,24,One Year,No,Yes,No,No,75.43,1797.83,2,Electronic Check,0
CUST_03379,34,Female,14,Month-to-Month,No,No,No,No,94.37,1202.81,2,Electronic Check,1
CUST_03380,77,Male,16,Month-to-Month,DSL,No,Yes,Yes,20.0,344.59,3,Electronic Check,1
CUST_03381,62,Female,27,Two Year,Fiber Optic,No,No,No,120.37,3222.07,1,Credit Card,0
CUST_03382,48,Male,2,One Year,Fiber Optic,No,No,Yes,99.72,178.95,3,Credit Card,0
CUST_03383,60,Male,9,Month-to-Month,No,No,Yes,No,80.42,753.09,4,Bank Transfer,1
CUST_03384,61,Female,1,Month-to-Month,DSL,Yes,No,Yes,92.72,111.31,0,Electronic Check,1
CUST_03385,36,Male,1,One Year,Fiber Optic,No,No,No,94.13,62.64,5,Electronic Check,0
CUST_03386,32,Female,5,Two Year,DSL,No,Yes,No,73.78,391.49,3,Mailed Check,0
CUST_03387,46,Male,15,One Year,Fiber Optic,Yes,Yes,No,107.85,1695.17,1,Bank Transfer,0
CUST_03388,57,Female,36,Two Year,DSL,Yes,No,Yes,51.42,1800.52,3,Credit Card,0
CUST_03389,47,Female,15,Month-to-Month,Fiber Optic,Yes,No,No,78.85,1220.5,3,Credit Card,1
CUST_03390,21,Female,9,One Year,No,No,No,Yes,104.65,886.19,1,Credit Card,0
CUST_03391,32,Male,2,One Year,DSL,Yes,Yes,No,20.0,98.77,0,Electronic Check,1
CUST_03392,43,Female,19,One Year,Fiber Optic,No,No,No,78.14,1449.04,3,Electronic Check,0
CUST_03393,43,Male,7,Month-to-Month,DSL,No,Yes,No,86.74,569.66,0,Electronic Check,0
CUST_03394,74,Male,22,One Year,Fiber Optic,Yes,No,No,20.0,497.46,1,Electronic Check,0
CUST_03395,24,Male,72,One Year,DSL,No,No,No,73.45,5324.81,2,Bank Transfer,0
CUST_03396,52,Male,2,One Year,DSL,Yes,No,Yes,41.19,48.42,4,Credit Card,0
CUST_03397,67,Male,5,One Year,No,Yes,Yes,No,76.9,390.89,1,Electronic Check,0
CUST_03398,79,Female,15,One Year,DSL,No,Yes,No,62.15,896.75,2,Credit Card,0
CUST_03399,38,Male,72,One Year,Fiber Optic,No,Yes,Yes,36.61,2556.29,5,Electronic Check,0
CUST_03400,52,Female,35,Month-to-Month,No,No,Yes,Yes,98.29,3449.61,3,Bank Transfer,0
CUST_03401,53,Female,54,Month-to-Month,No,No,Yes,No,52.45,2814.43,1,Mailed Check,0
CUST_03402,47,Male,9,One Year,Fiber Optic,No,No,No,73.1,610.6,2,Electronic Check,0
CUST_03403,43,Female,72,Two Year,DSL,Yes,No,Yes,104.42,7583.58,0,Bank Transfer,0
CUST_03404,51,Female,2,Month-to-Month,No,Yes,No,No,37.5,29.4,2,Electronic Check,1
CUST_03405,18,Male,1,One Year,DSL,No,No,Yes,65.24,72.44,0,Mailed Check,0
CUST_03406,55,Female,46,Month-to-Month,No,Yes,Yes,No,50.14,2360.44,2,Bank Transfer,0
CUST_03407,46,Male,62,Month-to-Month,Fiber Optic,No,No,No,56.83,3510.94,3,Electronic Check,1
CUST_03408,41,Male,2,One Year,Fiber Optic,Yes,Yes,Yes,129.68,222.66,1,Credit Card,0
CUST_03409,75,Male,2,One Year,DSL,No,No,Yes,78.7,172.29,5,Credit Card,0
CUST_03410,34,Female,1,Month-to-Month,Fiber Optic,No,No,No,74.41,97.19,1,Electronic Check,0
CUST_03411,38,Female,2,One Year,No,Yes,No,No,80.72,205.27,1,Mailed Check,0
CUST_03412,74,Female,5,Two Year,No,No,Yes,No,77.91,483.1,0,Mailed Check,1
CUST_03413,32,Female,72,Two Year,DSL,No,No,No,20.0,1417.14,1,Mailed Check,0
CUST_03414,36,Male,26,Month-to-Month,No,Yes,Yes,No,133.9,3491.27,5,Mailed Check,0
CUST_03415,42,Male,36,One Year,DSL,No,No,No,21.07,695.02,3,Electronic Check,0
CUST_03416,57,Female,35,Month-to-Month,Fiber Optic,Yes,No,No,116.98,4127.54,0,Credit Card,0
CUST_03417,48,Male,18,Month-to-Month,Fiber Optic,Yes,No,No,83.54,1512.91,1,Electronic Check,0
CUST_03418,25,Female,38,One Year,DSL,Yes,Yes,No,70.42,2667.15,2,Electronic Check,0
CUST_03419,37,Male,21,One Year,DSL,No,No,No,55.84,1141.64,3,Bank Transfer,0
CUST_03420,35,Male,9,Month-to-Month,Fiber Optic,Yes,No,Yes,143.15,1270.97,3,Bank Transfer,0
CUST_03421,43,Male,19,Two Year,DSL,Yes,Yes,No,83.13,1591.38,3,Credit Card,0
CUST_03422,51,Male,18,Two Year,DSL,No,No,No,65.53,1131.24,4,Bank Transfer,1
CUST_03423,51,Male,41,One Year,Fiber Optic,No,No,No,48.94,1991.27,5,Electronic Check,0
CUST_03424,18,Female,72,One Year,No,No,No,No,45.35,3265.71,2,Credit Card,0
CUST_03425,60,Female,12,Month-to-Month,Fiber Optic,Yes,Yes,No,66.52,721.24,1,Electronic Check,1
CUST_03426,48,Male,34,One Year,DSL,No,Yes,Yes,37.08,1208.22,0,Credit Card,0
CUST_03427,65,Female,2,Month-to-Month,DSL,No,No,No,85.39,137.78,1,Electronic Check,1
CUST_03428,51,Male,35,Two Year,Fiber Optic,No,Yes,Yes,45.63,1675.49,2,Electronic Check,0
CUST_03429,61,Male,11,Month-to-Month,Fiber Optic,Yes,Yes,Yes,95.15,1005.1,2,Bank Transfer,0
CUST_03430,51,Male,1,Month-to-Month,Fiber Optic,No,No,No,94.48,91.69,0,Electronic Check,1
CUST_03431,65,Male,10,One Year,No,No,No,Yes,63.34,581.34,0,Electronic Check,1
CUST_03432,52,Female,22,Month-to-Month,Fiber Optic,No,No,Yes,82.41,1774.18,1,Bank Transfer,1
CUST_03433,43,Male,3,Month-to-Month,DSL,Yes,No,No,83.91,179.68,3,Electronic Check,0
CUST_03434,79,Female,61,Month-to-Month,No,Yes,No,Yes,21.13,1322.45,1,Electronic Check,1
CUST_03435,58,Male,1,Two Year,Fiber Optic,No,No,Yes,116.95,50.67,3,Mailed Check,0
CUST_03436,53,Male,63,One Year,Fiber Optic,No,No,No,57.33,3656.99,1,Credit Card,0
CUST_03437,25,Female,29,Month-to-Month,No,Yes,Yes,No,85.87,2513.54,3,Electronic Check,0
CUST_03438,25,Male,9,Month-to-Month,No,No,Yes,Yes,86.71,776.61,2,Bank Transfer,1
CUST_03439,49,Male,11,Month-to-Month,Fiber Optic,Yes,Yes,Yes,20.0,267.0,2,Electronic Check,0
CUST_03440,47,Female,32,One Year,DSL,No,No,No,45.29,1604.51,3,Electronic Check,0
CUST_03441,35,Female,22,One Year,No,No,No,Yes,90.21,2008.52,2,Electronic Check,0
CUST_03442,47,Female,26,Month-to-Month,Fiber Optic,No,Yes,No,66.87,1682.55,1,Bank Transfer,1
CUST_03443,68,Male,11,Month-to-Month,Fiber Optic,Yes,No,No,85.67,1016.81,3,Electronic Check,0
CUST_03444,55,Male,16,Month-to-Month,Fiber Optic,No,Yes,No,67.77,1093.64,0,Mailed Check,0
CUST_03445,27,Female,72,Month-to-Month,Fiber Optic,No,No,No,101.88,7441.02,0,Mailed Check,1
CUST_03446,43,Female,5,Month-to-Month,No,No,No,Yes,68.42,316.8,5,Credit Card,0
CUST_03447,32,Male,12,One Year,Fiber Optic,No,No,No,107.72,1356.77,2,Credit Card,0
CUST_03448,39,Male,8,Month-to-Month,No,Yes,Yes,No,35.6,284.79,1,Electronic Check,0
CUST_03449,38,Female,34,One Year,No,No,Yes,No,61.17,2212.64,2,Mailed Check,0
CUST_03450,37,Female,34,One Year,No,Yes,Yes,No,47.2,1590.65,5,Bank Transfer,0
CUST_03451,26,Female,8,Month-to-Month,Fiber Optic,No,No,No,76.66,763.36,1,Credit Card,0
CUST_03452,43,Female,2,One Year,No,No,No,No,56.64,135.27,0,Electronic Check,1
CUST_03453,36,Male,1,One Year,DSL,Yes,No,Yes,58.11,100.46,6,Bank Transfer,1
CUST_03454,18,Male,13,Month-to-Month,DSL,No,No,Yes,43.86,655.16,3,Credit Card,0
CUST_03455,75,Male,12,Two Year,No,No,No,Yes,51.18,574.75,0,Electronic Check,1
CUST_03456,61,Male,72,Month-to-Month,Fiber Optic,No,No,Yes,64.69,4706.26,2,Electronic Check,0
CUST_03457,39,Female,15,Two Year,DSL,No,No,No,20.0,285.36,4,Mailed Check,0
CUST_03458,45,Male,7,One Year,DSL,Yes,Yes,No,20.0,147.56,1,Credit Card,0
CUST_03459,27,Female,53,One Year,DSL,No,No,No,66.77,3543.2,1,Bank Transfer,0
CUST_03460,70,Male,16,Two Year,Fiber Optic,No,No,No,20.0,348.62,2,Mailed Check,0
CUST_03461,73,Male,21,Two Year,Fiber Optic,No,No,Yes,59.21,1269.83,1,Electronic Check,0
CUST_03462,47,Male,2,One Year,DSL,No,Yes,No,53.69,78.61,2,Bank Transfer,0
CUST_03463,60,Female,11,One Year,No,Yes,Yes,No,81.26,900.12,2,Electronic Check,0
CUST_03464,47,Male,69,Month-to-Month,DSL,Yes,Yes,No,44.84,2977.21,1,Electronic Check,0
CUST_03465,24,Female,21,One Year,Fiber Optic,No,Yes,Yes,112.09,2403.3,1,Mailed Check,0
CUST_03466,38,Female,10,Month-to-Month,Fiber Optic,No,No,No,90.44,989.15,1,Electronic Check,1
CUST_03467,46,Male,23,Month-to-Month,Fiber Optic,No,No,No,20.0,469.53,1,Electronic Check,0
CUST_03468,38,Female,57,Two Year,DSL,No,No,No,56.47,3138.47,1,Bank Transfer,1
CUST_03469,41,Male,7,Month-to-Month,DSL,No,No,Yes,110.82,812.86,2,Bank Transfer,0
CUST_03470,43,Female,16,Month-to-Month,No,No,No,Yes,44.07,666.95,3,Bank Transfer,0
CUST_03471,43,Male,72,One Year,DSL,No,No,Yes,63.41,4574.87,3,Credit Card,0
CUST_03472,45,Female,4,Month-to-Month,No,No,No,No,107.12,462.77,1,Electronic Check,0
CUST_03473,29,Female,30,Month-to-Month,Fiber Optic,No,No,No,48.78,1490.79,1,Electronic Check,1
CUST_03474,34,Male,22,One Year,Fiber Optic,No,No,No,98.69,2225.21,1,Mailed Check,0
CUST_03475,25,Male,27,One Year,Fiber Optic,Yes,No,No,37.7,1025.22,1,Electronic Check,0
CUST_03476,59,Male,10,One Year,DSL,Yes,No,Yes,20.0,208.67,1,Credit Card,0
CUST_03477,18,Male,9,One Year,Fiber Optic,Yes,No,No,101.86,953.54,5,Mailed Check,1
CUST_03478,62,Female,27,One Year,No,Yes,Yes,No,78.16,2106.81,1,Electronic Check,0
CUST_03479,65,Female,5,One Year,DSL,Yes,Yes,Yes,80.14,366.29,3,Mailed Check,0
CUST_03480,40,Female,13,Month-to-Month,Fiber Optic,No,Yes,No,32.21,441.35,0,Electronic Check,0
CUST_03481,18,Female,5,One Year,Fiber Optic,No,No,Yes,34.6,116.55,3,Electronic Check,0
CUST_03482,39,Male,1,Two Year,Fiber Optic,No,No,Yes,99.51,95.47,3,Mailed Check,0
CUST_03483,44,Female,72,Month-to-Month,DSL,No,Yes,No,72.3,5136.44,3,Mailed Check,0
CUST_03484,29,Male,13,Month-to-Month,Fiber Optic,No,No,No,61.48,771.45,2,Mailed Check,0
CUST_03485,37,Female,72,Month-to-Month,No,Yes,Yes,No,71.63,5131.53,3,Mailed Check,0
CUST_03486,67,Male,3,One Year,DSL,No,No,Yes,110.26,281.55,2,Bank Transfer,0
CUST_03487,54,Male,21,Month-to-Month,Fiber Optic,No,Yes,No,86.71,1875.95,4,Electronic Check,1
CUST_03488,31,Male,5,One Year,Fiber Optic,No,No,No,50.76,304.7,1,Credit Card,0
CUST_03489,21,Male,37,Two Year,Fiber Optic,Yes,No,No,22.9,912.83,1,Electronic Check,0
CUST_03490,40,Male,36,One Year,Fiber Optic,No,No,No,82.64,2965.71,1,Electronic Check,0
CUST_03491,41,Female,2,Month-to-Month,Fiber Optic,No,Yes,No,37.28,52.88,1,Bank Transfer,1
CUST_03492,52,Male,58,One Year,DSL,Yes,No,Yes,29.53,1752.84,4,Credit Card,0
CUST_03493,36,Female,5,Month-to-Month,No,No,No,No,104.47,528.78,2,Electronic Check,1
CUST_03494,52,Female,22,One Year,No,Yes,No,No,91.17,2011.96,2,Bank Transfer,0
CUST_03495,74,Male,72,One Year,DSL,No,No,Yes,76.57,5385.89,1,Bank Transfer,0
CUST_03496,57,Female,51,Month-to-Month,Fiber Optic,No,No,No,27.85,1458.08,0,Bank Transfer,0
CUST_03497,44,Female,72,Two Year,Fiber Optic,No,No,No,118.68,8576.01,3,Electronic Check,0
CUST_03498,42,Female,10,Month-to-Month,No,Yes,No,No,95.87,958.39,4,Bank Transfer,1
CUST_03499,39,Male,2,Two Year,No,Yes,No,Yes,55.89,152.57,3,Electronic Check,0
CUST_03500,62,Male,5,Month-to-Month,No,No,No,Yes,49.54,277.79,2,Electronic Check,0
CUST_03501,35,Male,16,Month-to-Month,DSL,Yes,No,Yes,67.35,1042.84,4,Bank Transfer,0
CUST_03502,45,Male,37,Month-to-Month,No,No,No,No,50.65,1862.97,2,Bank Transfer,0
CUST_03503,45,Female,3,Month-to-Month,No,No,Yes,Yes,131.36,343.68,1,Credit Card,1
CUST_03504,37,Female,25,One Year,DSL,No,No,Yes,53.43,1408.97,2,Electronic Check,0
CUST_03505,24,Female,9,One Year,DSL,Yes,No,No,32.96,345.53,2,Electronic Check,0
CUST_03506,49,Female,10,One Year,Fiber Optic,No,Yes,Yes,112.65,1085.83,1,Electronic Check,0
CUST_03507,44,Female,26,Month-to-Month,Fiber Optic,No,No,No,47.93,1277.08,1,Electronic Check,1
CUST_03508,52,Female,15,Month-to-Month,DSL,No,No,No,88.59,1342.82,4,Mailed Check,1
CUST_03509,36,Male,40,One Year,DSL,No,No,No,85.26,3376.17,0,Mailed Check,0
CUST_03510,63,Female,4,Month-to-Month,DSL,No,Yes,No,63.24,259.19,3,Electronic Check,1
CUST_03511,31,Female,37,One Year,Fiber Optic,Yes,Yes,No,35.81,1367.89,5,Bank Transfer,0
CUST_03512,70,Female,1,One Year,DSL,Yes,No,No,63.55,110.55,3,Mailed Check,0
CUST_03513,18,Male,5,Month-to-Month,Fiber Optic,No,No,No,29.9,266.12,2,Mailed Check,0
CUST_03514,51,Female,25,One Year,DSL,Yes,No,Yes,64.29,1611.93,3,Credit Card,0
CUST_03515,52,Female,46,One Year,No,No,No,No,88.18,4044.55,3,Electronic Check,0
CUST_03516,33,Male,6,One Year,No,No,No,No,116.53,727.31,2,Electronic Check,0
CUST_03517,51,Female,9,Month-to-Month,No,No,Yes,No,32.36,282.13,5,Mailed Check,0
CUST_03518,64,Male,18,Month-to-Month,Fiber Optic,Yes,Yes,No,57.49,1005.51,2,Bank Transfer,0
CUST_03519,18,Male,5,Month-to-Month,DSL,No,No,No,49.26,199.99,2,Mailed Check,1
CUST_03520,52,Female,40,Month-to-Month,Fiber Optic,No,No,No,73.21,2757.1,2,Electronic Check,1
CUST_03521,18,Female,35,Month-to-Month,DSL,Yes,Yes,Yes,20.0,736.74,1,Credit Card,0
CUST_03522,30,Male,3,Two Year,No,Yes,No,Yes,37.14,29.52,4,Bank Transfer,0
CUST_03523,69,Female,14,One Year,DSL,No,No,No,20.0,236.01,0,Bank Transfer,0
CUST_03524,36,Female,35,One Year,Fiber Optic,No,No,Yes,21.85,779.4,5,Mailed Check,0
CUST_03525,27,Male,9,Month-to-Month,Fiber Optic,Yes,No,Yes,45.19,390.61,2,Mailed Check,1
CUST_03526,42,Male,24,Two Year,No,Yes,Yes,No,115.13,2870.5,3,Credit Card,0
CUST_03527,76,Female,1,Month-to-Month,Fiber Optic,Yes,Yes,Yes,75.43,-0.03,1,Bank Transfer,0
CUST_03528,18,Male,22,One Year,Fiber Optic,No,Yes,No,66.95,1584.83,2,Electronic Check,0
CUST_03529,29,Female,3,Two Year,Fiber Optic,No,Yes,Yes,105.41,385.25,3,Credit Card,0
CUST_03530,67,Female,42,One Year,Fiber Optic,No,No,No,76.51,3258.79,3,Mailed Check,0
CUST_03531,72,Female,10,Two Year,DSL,No,No,No,79.33,865.24,2,Electronic Check,0
CUST_03532,43,Female,7,One Year,No,No,Yes,Yes,50.81,375.9,3,Bank Transfer,0
CUST_03533,26,Male,44,Month-to-Month,Fiber Optic,No,No,No,45.88,1933.56,2,Electronic Check,1
CUST_03534,76,Female,1,Month-to-Month,DSL,Yes,No,No,25.67,51.41,0,Mailed Check,0
CUST_03535,68,Male,12,Month-to-Month,No,No,No,No,46.97,489.57,1,Credit Card,1
CUST_03536,55,Female,11,Month-to-Month,Fiber Optic,Yes,No,No,56.58,596.01,1,Mailed Check,0
CUST_03537,32,Female,8,One Year,No,No,No,No,75.34,598.83,5,Electronic Check,0
CUST_03538,44,Male,58,Month-to-Month,No,Yes,No,Yes,63.9,3660.49,3,Credit Card,0
CUST_03539,42,Female,33,Two Year,No,Yes,Yes,No,54.05,1830.88,1,Credit Card,0
CUST_03540,49,Male,1,Month-to-Month,DSL,Yes,Yes,Yes,37.65,26.96,3,Electronic Check,1
CUST_03541,66,Male,30,Month-to-Month,DSL,No,No,No,76.97,2329.68,2,Mailed Check,0
CUST_03542,58,Female,17,Two Year,No,No,No,Yes,50.07,850.67,3,Credit Card,0
CUST_03543,28,Female,55,Month-to-Month,No,No,Yes,No,75.61,4165.07,0,Electronic Check,0
CUST_03544,65,Female,9,One Year,Fiber Optic,No,No,Yes,20.0,135.66,2,Electronic Check,0
CUST_03545,49,Female,20,One Year,Fiber Optic,No,Yes,Yes,75.09,1443.15,2,Mailed Check,0
CUST_03546,55,Male,16,Month-to-Month,DSL,No,No,No,87.41,1390.83,1,Electronic Check,0
CUST_03547,66,Female,16,One Year,No,Yes,No,No,83.59,1289.07,3,Electronic Check,0
CUST_03548,28,Female,14,Month-to-Month,DSL,No,No,No,59.1,897.06,1,Mailed Check,1
CUST_03549,44,Female,5,One Year,DSL,Yes,No,No,92.46,393.48,1,Electronic Check,0
CUST_03550,37,Female,33,One Year,Fiber Optic,No,No,Yes,26.81,1001.62,3,Bank Transfer,0
CUST_03551,21,Female,14,Month-to-Month,DSL,No,No,No,62.32,887.63,1,Electronic Check,0
CUST_03552,50,Male,72,One Year,No,No,No,Yes,59.2,4265.73,1,Electronic Check,0
CUST_03553,80,Female,7,Month-to-Month,DSL,Yes,Yes,Yes,96.09,645.63,2,Bank Transfer,0
CUST_03554,18,Male,27,One Year,DSL,No,No,No,20.0,572.85,0,Bank Transfer,0
CUST_03555,44,Female,67,Two Year,Fiber Optic,No,No,No,33.26,2217.95,4,Credit Card,0
CUST_03556,54,Female,26,Two Year,Fiber Optic,No,No,Yes,117.42,3067.88,4,Electronic Check,1
CUST_03557,46,Female,49,One Year,DSL,No,No,Yes,20.0,1022.09,1,Electronic Check,0
CUST_03558,43,Male,42,Month-to-Month,Fiber Optic,No,No,No,89.43,3789.64,0,Electronic Check,0
CUST_03559,25,Female,10,Two Year,Fiber Optic,No,Yes,No,43.99,501.89,1,Bank Transfer,0
CUST_03560,48,Male,21,Month-to-Month,No,Yes,No,No,72.64,1552.35,3,Mailed Check,1
CUST_03561,33,Male,4,One Year,DSL,No,Yes,No,107.41,382.09,1,Credit Card,0
CUST_03562,18,Female,18,Month-to-Month,No,No,Yes,Yes,73.8,1224.34,1,Credit Card,0
CUST_03563,62,Male,6,Two Year,Fiber Optic,No,Yes,No,108.04,658.77,7,Electronic Check,0
CUST_03564,59,Female,32,One Year,DSL,No,No,Yes,50.23,1618.62,6,Credit Card,0
CUST_03565,45,Female,18,One Year,DSL,No,No,Yes,54.19,1071.8,2,Electronic Check,0
CUST_03566,48,Male,12,Month-to-Month,Fiber Optic,No,Yes,Yes,88.61,1057.47,3,Mailed Check,0
CUST_03567,61,Female,7,One Year,DSL,Yes,Yes,No,51.82,381.44,2,Mailed Check,0
CUST_03568,48,Female,72,One Year,DSL,No,No,Yes,82.92,6009.13,2,Electronic Check,0
CUST_03569,58,Male,1,One Year,DSL,No,No,No,100.51,126.18,3,Electronic Check,0
CUST_03570,40,Male,1,Month-to-Month,Fiber Optic,No,No,No,91.05,133.25,1,Mailed Check,0
CUST_03571,64,Male,5,Month-to-Month,Fiber Optic,Yes,No,No,20.0,59.09,2,Bank Transfer,0
CUST_03572,49,Male,72,Month-to-Month,DSL,Yes,No,Yes,54.76,3893.8,3,Electronic Check,1
CUST_03573,47,Male,72,Month-to-Month,Fiber Optic,No,No,Yes,73.45,5274.73,2,Mailed Check,0
CUST_03574,25,Male,25,Month-to-Month,Fiber Optic,No,No,No,57.68,1333.38,3,Electronic Check,0
CUST_03575,49,Female,50,Month-to-Month,DSL,Yes,No,Yes,67.38,3367.07,3,Bank Transfer,1
CUST_03576,32,Male,5,Month-to-Month,No,No,No,No,73.85,336.28,2,Mailed Check,0
CUST_03577,35,Male,72,Month-to-Month,Fiber Optic,No,No,No,49.2,3558.72,4,Credit Card,1
CUST_03578,32,Female,3,Month-to-Month,No,No,No,No,59.2,164.34,7,Credit Card,1
CUST_03579,29,Female,2,Two Year,DSL,Yes,Yes,Yes,29.57,8.37,2,Credit Card,0
CUST_03580,76,Male,2,One Year,No,No,No,No,50.66,166.87,2,Electronic Check,0
CUST_03581,64,Male,20,Month-to-Month,Fiber Optic,No,No,No,20.0,404.13,2,Mailed Check,1
CUST_03582,73,Female,36,One Year,Fiber Optic,No,No,No,68.49,2508.96,3,Mailed Check,0
CUST_03583,26,Male,10,One Year,Fiber Optic,No,No,Yes,59.2,601.21,2,Credit Card,0
CUST_03584,46,Male,72,Two Year,DSL,Yes,No,No,37.53,2725.08,8,Electronic Check,0
CUST_03585,25,Female,13,Month-to-Month,No,No,Yes,No,118.56,1473.2,3,Mailed Check,0
CUST_03586,34,Male,3,Month-to-Month,Fiber Optic,No,No,Yes,57.64,236.82,1,Bank Transfer,1
CUST_03587,31,Female,15,Two Year,DSL,No,No,No,73.6,1147.88,4,Electronic Check,0
CUST_03588,63,Male,27,Month-to-Month,DSL,No,No,Yes,45.84,1236.77,1,Bank Transfer,0
CUST_03589,39,Female,42,Month-to-Month,DSL,Yes,No,No,52.57,2222.32,3,Electronic Check,0
CUST_03590,61,Female,14,Month-to-Month,Fiber Optic,No,No,No,74.73,1096.38,0,Electronic Check,0
CUST_03591,54,Female,21,Month-to-Month,Fiber Optic,No,No,Yes,55.03,1137.08,1,Electronic Check,1
CUST_03592,79,Male,7,Two Year,Fiber Optic,No,No,Yes,65.1,376.54,1,Electronic Check,1
CUST_03593,22,Female,24,Month-to-Month,DSL,Yes,Yes,No,89.2,2123.25,2,Electronic Check,0
CUST_03594,63,Male,72,Two Year,Fiber Optic,Yes,No,Yes,49.46,3568.68,4,Bank Transfer,1
CUST_03595,62,Female,1,Two Year,Fiber Optic,No,No,No,25.04,23.41,1,Credit Card,1
CUST_03596,30,Female,52,One Year,DSL,Yes,No,Yes,20.0,1105.88,1,Bank Transfer,0
CUST_03597,60,Female,19,Month-to-Month,DSL,No,Yes,Yes,108.15,2006.92,3,Electronic Check,1
CUST_03598,50,Male,6,Month-to-Month,DSL,Yes,Yes,No,92.93,515.94,3,Electronic Check,0
CUST_03599,41,Male,72,Month-to-Month,No,No,Yes,No,84.67,6043.62,5,Mailed Check,1
CUST_03600,32,Female,15,Month-to-Month,Fiber Optic,No,No,No,51.92,800.21,3,Credit Card,0
CUST_03601,34,Male,9,One Year,No,No,No,No,25.01,148.77,1,Electronic Check,0
CUST_03602,75,Male,4,Month-to-Month,DSL,No,No,No,56.53,263.31,2,Mailed Check,1
CUST_03603,45,Male,6,Two Year,No,No,Yes,No,62.2,326.55,3,Mailed Check,0
CUST_03604,56,Female,42,One Year,Fiber Optic,No,No,Yes,31.05,1265.59,0,Credit Card,0
CUST_03605,33,Male,22,One Year,Fiber Optic,No,Yes,Yes,20.91,548.54,3,Mailed Check,0
CUST_03606,33,Female,58,Two Year,DSL,No,No,Yes,20.0,1221.63,3,Bank Transfer,0
CUST_03607,61,Female,6,Month-to-Month,Fiber Optic,No,No,No,84.72,514.29,0,Electronic Check,1
CUST_03608,24,Female,3,Month-to-Month,No,No,No,No,28.84,20.97,2,Electronic Check,0
CUST_03609,38,Male,1,Month-to-Month,DSL,No,Yes,No,74.28,175.0,0,Bank Transfer,1
CUST_03610,45,Female,17,Month-to-Month,DSL,No,Yes,No,53.07,892.31,3,Bank Transfer,0
CUST_03611,46,Male,72,One Year,Fiber Optic,Yes,Yes,Yes,82.69,5966.0,3,Credit Card,0
CUST_03612,42,Male,28,Month-to-Month,No,Yes,No,No,75.07,2147.69,3,Bank Transfer,0
CUST_03613,50,Female,8,Month-to-Month,Fiber Optic,Yes,No,Yes,58.04,366.19,4,Electronic Check,1
CUST_03614,55,Female,50,Two Year,DSL,Yes,No,No,68.91,3413.68,3,Mailed Check,0
CUST_03615,56,Female,36,Month-to-Month,Fiber Optic,No,No,No,61.69,2217.43,1,Bank Transfer,1
CUST_03616,30,Male,1,One Year,DSL,No,No,No,46.54,53.08,1,Bank Transfer,1
CUST_03617,40,Male,40,Month-to-Month,No,No,Yes,No,94.4,3710.92,2,Credit Card,0
CUST_03618,62,Female,8,Month-to-Month,Fiber Optic,Yes,Yes,No,52.31,434.78,3,Electronic Check,0
CUST_03619,58,Female,3,One Year,Fiber Optic,No,Yes,No,62.39,188.87,3,Bank Transfer,0
CUST_03620,24,Male,6,Two Year,DSL,No,No,Yes,22.55,218.64,2,Electronic Check,0
CUST_03621,50,Male,15,Month-to-Month,No,No,No,Yes,73.22,1148.33,0,Electronic Check,1
CUST_03622,18,Female,13,Month-to-Month,Fiber Optic,No,No,No,46.68,593.41,0,Electronic Check,0
CUST_03623,45,Male,8,Month-to-Month,No,No,Yes,No,50.69,395.75,2,Bank Transfer,0
CUST_03624,73,Male,4,Month-to-Month,Fiber Optic,No,No,No,39.81,209.98,0,Credit Card,0
CUST_03625,30,Male,34,Month-to-Month,No,Yes,Yes,Yes,61.28,2097.7,6,Electronic Check,0
CUST_03626,32,Male,72,One Year,No,No,Yes,No,20.0,1371.44,1,Credit Card,0
CUST_03627,56,Male,36,Month-to-Month,DSL,No,No,Yes,85.47,3181.64,3,Electronic Check,0
CUST_03628,21,Male,8,Month-to-Month,No,No,No,Yes,63.84,461.23,3,Mailed Check,0
CUST_03629,35,Female,6,One Year,DSL,Yes,No,No,50.98,429.84,0,Bank Transfer,0
CUST_03630,53,Male,5,Month-to-Month,Fiber Optic,Yes,No,Yes,20.0,121.4,2,Mailed Check,0
CUST_03631,35,Female,3,Month-to-Month,No,No,Yes,Yes,77.99,202.2,4,Electronic Check,1
CUST_03632,41,Female,19,Two Year,DSL,No,Yes,No,45.97,755.08,3,Credit Card,0
CUST_03633,56,Male,22,Month-to-Month,Fiber Optic,No,Yes,Yes,104.18,2330.86,5,Bank Transfer,1
CUST_03634,51,Female,29,One Year,Fiber Optic,No,Yes,No,79.59,2230.58,3,Credit Card,0
CUST_03635,49,Female,27,Month-to-Month,Fiber Optic,No,Yes,No,111.04,3015.94,2,Credit Card,0
CUST_03636,39,Female,8,Month-to-Month,No,Yes,No,No,69.11,649.55,1,Credit Card,0
CUST_03637,50,Male,9,Month-to-Month,Fiber Optic,No,Yes,No,97.33,819.13,1,Electronic Check,0
CUST_03638,43,Female,27,Month-to-Month,No,Yes,No,No,78.88,2166.75,3,Credit Card,0
CUST_03639,51,Male,10,Month-to-Month,DSL,No,No,No,51.47,474.13,1,Credit Card,0
CUST_03640,37,Female,5,Month-to-Month,DSL,No,No,No,70.62,409.74,2,Electronic Check,1
CUST_03641,42,Female,11,Two Year,Fiber Optic,Yes,No,No,39.98,443.08,0,Credit Card,0
CUST_03642,30,Female,7,One Year,Fiber Optic,No,No,No,127.06,888.49,2,Bank Transfer,0
CUST_03643,44,Female,2,Month-to-Month,DSL,No,No,No,61.97,184.31,1,Bank Transfer,1
CUST_03644,32,Male,42,One Year,Fiber Optic,Yes,Yes,No,65.79,2794.29,1,Electronic Check,0
CUST_03645,28,Female,46,Two Year,DSL,Yes,No,No,76.7,3487.95,0,Electronic Check,0
CUST_03646,48,Female,5,One Year,Fiber Optic,No,Yes,No,32.39,251.31,3,Bank Transfer,0
CUST_03647,48,Male,1,Month-to-Month,DSL,No,No,No,104.64,27.85,2,Electronic Check,1
CUST_03648,56,Male,32,Two Year,Fiber Optic,No,Yes,No,34.24,1109.47,7,Electronic Check,0
CUST_03649,38,Male,5,Month-to-Month,Fiber Optic,No,No,No,27.46,96.14,1,Electronic Check,1
CUST_03650,51,Female,11,Month-to-Month,No,No,No,Yes,60.0,585.69,2,Credit Card,1
CUST_03651,53,Male,1,One Year,Fiber Optic,No,No,No,26.62,-30.09,3,Mailed Check,0
CUST_03652,51,Male,6,Two Year,Fiber Optic,No,Yes,Yes,111.86,668.69,1,Bank Transfer,0
CUST_03653,32,Male,37,Two Year,No,No,Yes,No,58.08,2166.41,0,Credit Card,0
CUST_03654,47,Male,39,Two Year,Fiber Optic,No,No,No,20.0,832.95,4,Electronic Check,1
CUST_03655,50,Male,5,Month-to-Month,DSL,No,No,No,71.0,428.79,5,Electronic Check,0
CUST_03656,45,Male,9,Two Year,No,Yes,No,No,81.61,748.33,4,Electronic Check,0
CUST_03657,18,Female,3,Month-to-Month,Fiber Optic,Yes,No,No,52.36,134.91,2,Credit Card,0
CUST_03658,47,Male,1,Month-to-Month,Fiber Optic,Yes,Yes,Yes,24.32,76.27,4,Mailed Check,1
CUST_03659,78,Female,72,One Year,Fiber Optic,No,No,No,61.9,4426.12,0,Bank Transfer,0
CUST_03660,39,Male,25,Month-to-Month,No,No,Yes,Yes,50.55,1183.94,2,Bank Transfer,0
CUST_03661,34,Male,18,One Year,No,No,Yes,Yes,35.73,690.14,1,Electronic Check,0
CUST_03662,50,Male,34,Month-to-Month,No,No,No,No,33.09,1191.09,2,Bank Transfer,0
CUST_03663,49,Female,43,Two Year,DSL,No,No,No,69.69,2955.45,2,Electronic Check,0
CUST_03664,62,Male,39,Month-to-Month,Fiber Optic,No,Yes,No,92.09,3689.58,0,Electronic Check,0
CUST_03665,26,Male,1,Month-to-Month,DSL,Yes,Yes,No,78.85,108.0,1,Electronic Check,1
CUST_03666,55,Male,4,Two Year,DSL,No,No,Yes,20.0,101.7,3,Electronic Check,0
CUST_03667,53,Male,25,Month-to-Month,No,No,Yes,No,83.46,2060.77,2,Electronic Check,1
CUST_03668,42,Female,11,One Year,DSL,Yes,No,Yes,88.17,1020.78,2,Electronic Check,0
CUST_03669,50,Female,72,One Year,Fiber Optic,No,No,Yes,106.81,7614.17,3,Credit Card,0
CUST_03670,60,Female,26,One Year,Fiber Optic,No,Yes,No,36.5,932.1,3,Electronic Check,0
CUST_03671,58,Female,72,One Year,Fiber Optic,Yes,No,Yes,63.3,4521.08,3,Bank Transfer,0
CUST_03672,27,Female,5,Month-to-Month,DSL,No,No,Yes,82.03,344.68,1,Electronic Check,1
CUST_03673,57,Male,47,Two Year,DSL,No,No,Yes,49.17,2354.3,5,Electronic Check,0
CUST_03674,44,Male,9,Month-to-Month,Fiber Optic,No,No,No,81.56,751.07,3,Bank Transfer,1
CUST_03675,46,Male,72,Month-to-Month,DSL,No,Yes,No,64.28,4668.34,2,Bank Transfer,0
CUST_03676,46,Female,4,Month-to-Month,No,No,No,No,39.61,144.51,0,Electronic Check,1
CUST_03677,42,Male,17,One Year,No,No,No,No,42.16,766.02,1,Bank Transfer,0
CUST_03678,62,Female,37,One Year,Fiber Optic,Yes,No,No,102.48,3795.57,3,Electronic Check,0
CUST_03679,43,Male,13,Two Year,No,No,No,Yes,35.11,432.79,1,Electronic Check,0
CUST_03680,28,Female,15,One Year,DSL,Yes,No,Yes,29.96,417.46,1,Bank Transfer,0
CUST_03681,39,Male,72,One Year,Fiber Optic,No,No,No,75.33,5324.71,2,Mailed Check,1
CUST_03682,47,Male,13,Two Year,DSL,Yes,No,No,64.08,891.3,2,Electronic Check,0
CUST_03683,63,Male,22,Month-to-Month,Fiber Optic,No,No,No,25.65,616.88,0,Mailed Check,1
CUST_03684,54,Male,1,One Year,Fiber Optic,No,No,Yes,49.42,195.79,2,Mailed Check,0
CUST_03685,32,Female,44,One Year,DSL,No,Yes,Yes,40.5,1765.12,3,Bank Transfer,0
CUST_03686,80,Male,25,Month-to-Month,DSL,Yes,No,Yes,45.75,1110.41,3,Electronic Check,0
CUST_03687,48,Male,12,Two Year,Fiber Optic,No,No,No,140.75,1603.92,2,Credit Card,0
CUST_03688,64,Male,1,Month-to-Month,Fiber Optic,Yes,Yes,Yes,55.92,103.92,2,Electronic Check,0
CUST_03689,42,Female,21,One Year,DSL,No,No,No,38.56,846.3,0,Mailed Check,0
CUST_03690,53,Male,1,One Year,Fiber Optic,No,No,Yes,125.65,203.24,2,Bank Transfer,0
CUST_03691,57,Male,1,Two Year,Fiber Optic,No,No,No,91.65,45.82,1,Electronic Check,0
CUST_03692,63,Male,22,Two Year,Fiber Optic,No,Yes,Yes,86.74,1944.2,3,Credit Card,0
CUST_03693,60,Male,5,One Year,Fiber Optic,No,No,Yes,40.01,173.93,5,Bank Transfer,0
CUST_03694,58,Male,5,One Year,DSL,Yes,No,Yes,100.74,570.91,0,Mailed Check,0
CUST_03695,40,Female,25,Month-to-Month,Fiber Optic,No,Yes,Yes,89.49,2264.02,2,Electronic Check,0
CUST_03696,36,Female,1,Month-to-Month,No,No,No,Yes,69.41,-8.37,0,Electronic Check,1
CUST_03697,49,Female,9,Two Year,Fiber Optic,No,No,No,20.0,173.44,1,Credit Card,0
CUST_03698,58,Male,3,Two Year,Fiber Optic,No,No,Yes,64.4,95.8,1,Electronic Check,0
CUST_03699,41,Female,20,Two Year,Fiber Optic,Yes,No,Yes,116.9,2279.79,3,Electronic Check,0
CUST_03700,60,Male,26,Month-to-Month,DSL,No,No,No,71.61,1806.76,0,Electronic Check,0
CUST_03701,66,Male,30,Two Year,Fiber Optic,No,Yes,No,53.71,1579.13,4,Electronic Check,0
CUST_03702,31,Male,7,Two Year,No,No,No,Yes,58.15,393.89,3,Electronic Check,1
CUST_03703,32,Male,2,Month-to-Month,DSL,No,No,No,60.22,128.67,2,Credit Card,1
CUST_03704,42,Female,1,One Year,No,No,No,No,41.01,46.74,2,Bank Transfer,1
CUST_03705,49,Female,13,One Year,DSL,No,Yes,Yes,63.76,827.72,3,Bank Transfer,0
CUST_03706,37,Female,69,One Year,Fiber Optic,No,Yes,No,108.28,7488.08,4,Credit Card,0
CUST_03707,65,Male,5,Two Year,No,No,Yes,Yes,104.88,461.93,3,Electronic Check,0
CUST_03708,51,Female,7,Month-to-Month,No,Yes,No,Yes,42.37,300.25,0,Credit Card,1
CUST_03709,45,Female,2,One Year,No,No,Yes,No,103.28,278.28,2,Electronic Check,0
CUST_03710,23,Male,22,One Year,No,No,No,Yes,87.83,1924.06,2,Electronic Check,0
CUST_03711,25,Female,27,Month-to-Month,Fiber Optic,No,No,Yes,84.0,2292.74,3,Electronic Check,0
CUST_03712,49,Male,24,Two Year,Fiber Optic,No,Yes,No,77.96,1891.06,5,Mailed Check,0
CUST_03713,18,Female,47,One Year,DSL,No,No,No,37.09,1786.28,3,Electronic Check,0
CUST_03714,60,Female,15,Month-to-Month,DSL,No,Yes,No,52.83,806.85,1,Bank Transfer,0
CUST_03715,42,Female,3,Month-to-Month,Fiber Optic,Yes,No,No,89.99,312.23,0,Electronic Check,0
CUST_03716,80,Male,8,Month-to-Month,Fiber Optic,No,No,No,28.79,255.72,0,Bank Transfer,0
CUST_03717,79,Female,26,One Year,Fiber Optic,Yes,No,No,33.78,911.06,2,Bank Transfer,0
CUST_03718,42,Female,22,Two Year,No,No,Yes,Yes,74.19,1654.2,2,Credit Card,0
CUST_03719,43,Female,18,Month-to-Month,Fiber Optic,Yes,No,No,41.31,693.31,0,Credit Card,0
CUST_03720,59,Female,27,Month-to-Month,DSL,No,No,Yes,89.72,2363.82,2,Mailed Check,1
CUST_03721,70,Male,24,Month-to-Month,Fiber Optic,No,No,Yes,42.37,999.3,1,Credit Card,0
CUST_03722,20,Male,51,One Year,Fiber Optic,No,Yes,No,72.33,3766.48,2,Mailed Check,0
CUST_03723,18,Female,21,Two Year,Fiber Optic,No,No,No,74.84,1563.1,1,Mailed Check,0
CUST_03724,35,Female,36,One Year,No,Yes,Yes,Yes,50.54,1834.82,0,Electronic Check,0
CUST_03725,53,Female,6,One Year,Fiber Optic,Yes,No,Yes,57.81,248.5,2,Electronic Check,0
CUST_03726,52,Male,27,One Year,No,No,No,No,44.6,1213.88,1,Electronic Check,0
CUST_03727,61,Female,55,Month-to-Month,Fiber Optic,No,No,No,64.44,3548.6,1,Bank Transfer,0
CUST_03728,27,Female,11,One Year,Fiber Optic,No,No,No,36.15,263.98,2,Mailed Check,0
CUST_03729,18,Male,36,One Year,Fiber Optic,Yes,Yes,No,58.29,2113.16,4,Electronic Check,0
CUST_03730,57,Male,30,One Year,DSL,No,Yes,No,87.45,2541.09,1,Electronic Check,0
CUST_03731,32,Male,1,Two Year,DSL,No,Yes,No,30.9,-5.37,3,Electronic Check,1
CUST_03732,18,Female,20,One Year,DSL,No,Yes,No,50.39,1057.48,1,Electronic Check,0
CUST_03733,47,Male,3,One Year,Fiber Optic,No,No,No,80.55,249.52,0,Bank Transfer,0
CUST_03734,56,Male,72,Two Year,DSL,No,Yes,No,20.0,1417.58,1,Electronic Check,0
CUST_03735,43,Female,40,Two Year,No,Yes,No,No,120.67,4800.0,0,Mailed Check,0
CUST_03736,38,Male,2,One Year,Fiber Optic,Yes,No,No,96.36,171.82,1,Electronic Check,0
CUST_03737,42,Female,3,Month-to-Month,Fiber Optic,No,No,Yes,20.0,68.04,2,Electronic Check,1
CUST_03738,39,Female,21,Month-to-Month,DSL,No,Yes,No,20.0,359.97,3,Electronic Check,1
CUST_03739,24,Male,10,One Year,DSL,Yes,Yes,No,65.89,715.11,1,Electronic Check,0
CUST_03740,34,Female,1,Month-to-Month,DSL,No,Yes,No,31.39,-25.99,3,Electronic Check,0
CUST_03741,52,Male,18,Month-to-Month,Fiber Optic,No,No,Yes,93.84,1602.85,1,Electronic Check,1
CUST_03742,49,Male,11,Month-to-Month,Fiber Optic,No,No,Yes,76.82,894.58,4,Electronic Check,1
CUST_03743,47,Male,2,One Year,Fiber Optic,Yes,No,No,68.7,115.56,6,Bank Transfer,0
CUST_03744,30,Female,38,One Year,Fiber Optic,No,No,No,47.89,1823.43,3,Electronic Check,0
CUST_03745,42,Male,59,Month-to-Month,Fiber Optic,No,No,No,113.0,6699.75,3,Bank Transfer,0
CUST_03746,18,Female,33,Month-to-Month,DSL,Yes,Yes,Yes,87.6,2854.95,1,Bank Transfer,0
CUST_03747,47,Female,41,One Year,Fiber Optic,No,No,No,83.09,3413.75,3,Mailed Check,0
CUST_03748,66,Female,5,Month-to-Month,Fiber Optic,No,No,Yes,101.0,537.42,2,Mailed Check,0
CUST_03749,22,Male,7,Month-to-Month,Fiber Optic,No,Yes,No,34.43,323.2,3,Bank Transfer,0
CUST_03750,36,Female,5,One Year,DSL,No,No,No,103.54,492.16,2,Electronic Check,0
CUST_03751,49,Female,34,One Year,Fiber Optic,No,No,No,57.06,1916.95,0,Electronic Check,0
CUST_03752,63,Male,70,Month-to-Month,DSL,No,No,No,75.04,5281.1,2,Bank Transfer,0
CUST_03753,38,Male,30,One Year,No,No,Yes,Yes,60.31,1819.61,1,Bank Transfer,0
CUST_03754,34,Female,51,Month-to-Month,Fiber Optic,No,No,No,20.0,1013.15,6,Mailed Check,0
CUST_03755,18,Female,24,One Year,No,Yes,Yes,No,93.72,2328.93,4,Credit Card,0
CUST_03756,46,Male,11,Month-to-Month,Fiber Optic,No,No,Yes,20.0,135.88,2,Mailed Check,1
CUST_03757,75,Female,13,Month-to-Month,DSL,No,Yes,No,36.0,396.97,3,Electronic Check,1
CUST_03758,49,Female,1,One Year,Fiber Optic,No,Yes,No,51.42,-32.13,2,Bank Transfer,0
CUST_03759,44,Female,1,One Year,DSL,No,No,Yes,20.0,80.08,2,Credit Card,1
CUST_03760,49,Female,28,Month-to-Month,No,Yes,No,No,31.98,921.21,1,Bank Transfer,0
CUST_03761,44,Male,13,Month-to-Month,No,No,No,Yes,72.34,871.94,3,Credit Card,0
CUST_03762,32,Female,19,Two Year,Fiber Optic,No,Yes,No,54.6,1031.26,1,Electronic Check,0
CUST_03763,57,Male,19,One Year,Fiber Optic,No,No,No,57.08,1083.05,3,Electronic Check,0
CUST_03764,48,Female,7,Month-to-Month,Fiber Optic,Yes,No,Yes,37.55,152.39,0,Electronic Check,0
CUST_03765,45,Male,15,One Year,No,Yes,No,No,66.39,1005.2,6,Bank Transfer,0
CUST_03766,30,Female,15,Month-to-Month,DSL,Yes,Yes,No,55.24,769.76,4,Electronic Check,0
CUST_03767,64,Male,11,One Year,Fiber Optic,No,Yes,No,20.0,255.33,2,Mailed Check,0
CUST_03768,54,Female,41,Month-to-Month,Fiber Optic,No,No,Yes,58.97,2360.52,0,Electronic Check,0
CUST_03769,36,Male,14,Month-to-Month,No,Yes,No,No,27.74,399.36,2,Bank Transfer,1
CUST_03770,60,Female,22,Month-to-Month,No,No,No,No,91.93,2087.21,1,Credit Card,1
CUST_03771,37,Female,54,Month-to-Month,No,No,No,Yes,53.25,2924.49,0,Electronic Check,0
CUST_03772,33,Male,48,Month-to-Month,Fiber Optic,Yes,No,Yes,140.65,6776.35,2,Electronic Check,0
CUST_03773,33,Male,53,Month-to-Month,DSL,No,No,No,94.01,4978.31,0,Electronic Check,1
CUST_03774,18,Male,7,Month-to-Month,Fiber Optic,No,No,No,61.09,352.64,1,Electronic Check,1
CUST_03775,52,Male,1,Month-to-Month,Fiber Optic,No,No,No,82.38,60.43,2,Mailed Check,0
CUST_03776,18,Male,7,One Year,Fiber Optic,No,Yes,No,20.0,128.7,4,Bank Transfer,1
CUST_03777,26,Female,7,Month-to-Month,DSL,No,Yes,Yes,93.87,642.21,0,Bank Transfer,1
CUST_03778,18,Male,57,One Year,Fiber Optic,No,No,No,40.39,2225.63,2,Electronic Check,1
CUST_03779,43,Male,25,Month-to-Month,DSL,Yes,No,No,67.69,1714.02,0,Electronic Check,0
CUST_03780,42,Female,2,Month-to-Month,No,Yes,No,No,43.17,27.3,2,Electronic Check,1
CUST_03781,40,Male,3,One Year,DSL,No,Yes,Yes,46.36,216.39,1,Electronic Check,0
CUST_03782,29,Male,4,Two Year,Fiber Optic,Yes,Yes,No,59.57,245.67,0,Electronic Check,0
CUST_03783,27,Male,23,Month-to-Month,DSL,Yes,No,No,67.3,1596.98,4,Electronic Check,1
CUST_03784,51,Female,31,Month-to-Month,DSL,No,Yes,No,64.19,2037.9,2,Electronic Check,0
CUST_03785,36,Male,47,One Year,No,No,No,No,64.94,3156.1,2,Bank Transfer,0
CUST_03786,49,Female,67,Two Year,DSL,Yes,Yes,Yes,20.0,1349.09,1,Bank Transfer,0
CUST_03787,31,Female,5,Two Year,DSL,Yes,No,No,134.96,655.3,5,Electronic Check,0
CUST_03788,47,Male,8,Month-to-Month,DSL,No,No,No,71.96,557.14,2,Credit Card,1
CUST_03789,64,Female,6,Month-to-Month,Fiber Optic,No,Yes,No,78.13,543.57,1,Electronic Check,0
CUST_03790,53,Male,10,One Year,Fiber Optic,No,No,Yes,54.8,481.99,2,Mailed Check,0
CUST_03791,38,Male,59,One Year,DSL,No,Yes,Yes,38.78,2243.84,2,Bank Transfer,0
CUST_03792,48,Male,20,One Year,Fiber Optic,Yes,Yes,Yes,69.53,1402.47,4,Electronic Check,0
CUST_03793,41,Male,32,Two Year,DSL,Yes,No,No,73.68,2350.07,0,Bank Transfer,0
CUST_03794,45,Male,16,One Year,No,Yes,No,Yes,104.05,1713.25,0,Credit Card,0
CUST_03795,40,Female,1,Month-to-Month,No,Yes,No,No,127.33,60.39,3,Electronic Check,1
CUST_03796,42,Female,1,Month-to-Month,No,No,No,No,109.31,105.96,0,Mailed Check,1
CUST_03797,48,Female,18,One Year,No,No,Yes,Yes,20.0,350.65,1,Electronic Check,0
CUST_03798,30,Female,30,Month-to-Month,DSL,No,Yes,Yes,51.19,1482.01,0,Electronic Check,0
CUST_03799,29,Male,5,Month-to-Month,DSL,No,No,No,75.07,419.31,2,Electronic Check,0
CUST_03800,24,Male,30,Month-to-Month,Fiber Optic,Yes,No,Yes,52.99,1585.15,3,Bank Transfer,1
CUST_03801,20,Female,39,Month-to-Month,DSL,Yes,No,No,63.69,2477.02,1,Electronic Check,0
CUST_03802,26,Male,12,Month-to-Month,DSL,No,No,Yes,20.0,198.76,1,Electronic Check,0
CUST_03803,47,Female,32,Two Year,DSL,No,No,No,92.43,2939.15,3,Electronic Check,0
CUST_03804,31,Female,12,Month-to-Month,Fiber Optic,No,No,Yes,20.0,188.92,2,Electronic Check,0
CUST_03805,52,Female,27,One Year,Fiber Optic,No,Yes,No,20.0,583.19,2,Electronic Check,0
CUST_03806,45,Female,34,Month-to-Month,DSL,No,No,No,34.56,1226.68,1,Bank Transfer,0
CUST_03807,18,Male,72,Month-to-Month,DSL,Yes,No,No,62.07,4553.33,1,Credit Card,1
CUST_03808,54,Male,10,Two Year,Fiber Optic,Yes,No,Yes,20.0,221.7,4,Mailed Check,0
CUST_03809,57,Female,12,Two Year,DSL,Yes,No,No,33.19,381.3,1,Bank Transfer,0
CUST_03810,30,Female,4,Month-to-Month,No,No,No,Yes,99.47,374.43,0,Credit Card,0
CUST_03811,51,Female,5,One Year,DSL,Yes,Yes,No,61.63,332.68,5,Mailed Check,1
CUST_03812,32,Female,28,Month-to-Month,Fiber Optic,No,No,No,78.01,2194.22,1,Electronic Check,0
CUST_03813,46,Female,59,Two Year,Fiber Optic,No,Yes,Yes,27.91,1638.14,3,Credit Card,0
CUST_03814,26,Male,12,Month-to-Month,DSL,No,No,Yes,63.38,747.52,0,Credit Card,0
CUST_03815,18,Female,4,Month-to-Month,Fiber Optic,Yes,No,Yes,60.92,302.26,3,Electronic Check,0
CUST_03816,39,Female,8,One Year,Fiber Optic,No,No,Yes,41.14,307.54,2,Bank Transfer,0
CUST_03817,43,Male,14,Two Year,No,No,No,No,63.47,955.88,1,Bank Transfer,0
CUST_03818,39,Male,8,Month-to-Month,Fiber Optic,Yes,Yes,Yes,20.0,169.11,3,Bank Transfer,0
CUST_03819,27,Male,6,One Year,DSL,Yes,No,No,78.16,450.56,4,Credit Card,0
CUST_03820,39,Male,31,Month-to-Month,DSL,No,No,Yes,53.02,1604.21,0,Bank Transfer,0
CUST_03821,49,Male,1,Two Year,DSL,Yes,No,No,57.28,49.56,0,Mailed Check,0
CUST_03822,44,Male,18,Month-to-Month,DSL,No,Yes,Yes,90.55,1655.12,0,Credit Card,0
CUST_03823,47,Male,37,Two Year,Fiber Optic,No,Yes,Yes,77.96,2865.71,2,Electronic Check,0
CUST_03824,34,Male,7,Month-to-Month,No,Yes,No,No,55.45,430.67,5,Bank Transfer,0
CUST_03825,62,Male,22,Month-to-Month,Fiber Optic,No,No,No,31.5,671.71,0,Bank Transfer,1
CUST_03826,27,Female,26,Two Year,Fiber Optic,No,Yes,No,104.86,2720.12,3,Credit Card,0
CUST_03827,52,Male,25,Two Year,Fiber Optic,Yes,No,No,24.8,555.57,2,Credit Card,0
CUST_03828,62,Female,14,One Year,No,Yes,No,No,83.88,1202.31,3,Bank Transfer,0
CUST_03829,52,Female,10,Month-to-Month,DSL,No,No,No,20.0,186.64,2,Mailed Check,0
CUST_03830,41,Female,43,One Year,Fiber Optic,Yes,No,Yes,92.54,4058.0,0,Bank Transfer,0
CUST_03831,37,Female,34,One Year,No,Yes,No,Yes,95.32,3276.05,4,Bank Transfer,0
CUST_03832,60,Female,9,One Year,DSL,Yes,Yes,No,20.0,184.22,1,Bank Transfer,0
CUST_03833,23,Female,2,One Year,DSL,Yes,No,No,78.48,218.22,3,Electronic Check,0
CUST_03834,30,Female,1,Month-to-Month,No,No,Yes,No,76.0,96.25,1,Mailed Check,1
CUST_03835,39,Female,2,One Year,Fiber Optic,No,No,Yes,86.09,222.6,2,Electronic Check,1
CUST_03836,63,Male,20,One Year,DSL,No,No,No,75.96,1476.03,1,Electronic Check,0
CUST_03837,50,Female,1,Month-to-Month,Fiber Optic,No,Yes,No,36.13,59.19,0,Bank Transfer,0
CUST_03838,30,Female,9,One Year,Fiber Optic,No,No,No,58.48,551.48,1,Credit Card,0
CUST_03839,40,Female,33,One Year,Fiber Optic,Yes,No,Yes,114.94,3715.76,2,Credit Card,0
CUST_03840,35,Female,8,One Year,DSL,Yes,Yes,No,31.77,329.46,3,Mailed Check,0
CUST_03841,34,Male,34,Month-to-Month,DSL,No,No,No,74.69,2481.3,3,Bank Transfer,0
CUST_03842,59,Female,32,One Year,Fiber Optic,No,No,No,99.54,3120.26,0,Bank Transfer,0
CUST_03843,24,Male,6,Month-to-Month,Fiber Optic,No,No,No,35.28,69.23,4,Electronic Check,1
CUST_03844,69,Male,31,One Year,No,Yes,No,No,22.5,721.08,1,Electronic Check,0
CUST_03845,57,Female,33,One Year,DSL,Yes,No,Yes,27.02,809.41,1,Bank Transfer,0
CUST_03846,61,Female,12,One Year,No,No,Yes,No,76.85,896.34,1,Electronic Check,0
CUST_03847,38,Male,5,Month-to-Month,DSL,No,Yes,No,26.76,175.7,0,Mailed Check,0
CUST_03848,42,Female,17,One Year,Fiber Optic,No,No,Yes,60.94,1045.57,2,Mailed Check,0
CUST_03849,23,Female,61,Two Year,No,Yes,No,Yes,106.14,6443.24,4,Credit Card,0
CUST_03850,37,Male,24,Month-to-Month,Fiber Optic,No,Yes,No,63.46,1443.52,1,Bank Transfer,0
CUST_03851,52,Male,4,Two Year,DSL,Yes,No,No,41.67,161.28,3,Credit Card,0
CUST_03852,64,Female,27,One Year,DSL,Yes,No,No,68.76,1899.35,3,Bank Transfer,0
CUST_03853,28,Female,13,One Year,Fiber Optic,No,No,Yes,62.94,853.26,2,Credit Card,0
CUST_03854,39,Female,21,Month-to-Month,Fiber Optic,No,No,No,78.58,1739.51,2,Credit Card,0
CUST_03855,42,Male,31,Month-to-Month,No,No,No,No,113.57,3488.13,3,Electronic Check,0
CUST_03856,24,Female,17,Two Year,Fiber Optic,No,No,No,76.9,1241.5,1,Credit Card,0
CUST_03857,53,Male,40,Month-to-Month,No,No,No,No,126.01,5056.04,4,Electronic Check,1
CUST_03858,34,Male,30,Month-to-Month,Fiber Optic,No,No,No,78.66,2370.34,1,Bank Transfer,0
CUST_03859,42,Female,22,One Year,No,Yes,No,Yes,41.98,923.32,3,Credit Card,0
CUST_03860,38,Male,3,Month-to-Month,DSL,No,Yes,No,133.65,363.63,1,Electronic Check,0
CUST_03861,33,Female,43,One Year,No,No,No,No,61.26,2501.32,2,Credit Card,0
CUST_03862,44,Female,65,One Year,DSL,Yes,No,Yes,33.35,2117.63,3,Credit Card,0
CUST_03863,41,Male,3,Two Year,No,No,No,No,134.71,431.99,1,Credit Card,0
CUST_03864,39,Female,16,One Year,DSL,No,No,Yes,43.01,702.3,0,Credit Card,0
CUST_03865,34,Male,7,Month-to-Month,Fiber Optic,No,No,No,41.83,341.06,2,Electronic Check,0
CUST_03866,49,Male,33,Month-to-Month,Fiber Optic,No,No,No,48.46,1616.3,1,Mailed Check,1
CUST_03867,69,Female,30,One Year,No,Yes,No,No,69.94,2134.96,2,Bank Transfer,0
CUST_03868,47,Female,3,Month-to-Month,Fiber Optic,No,Yes,No,92.93,317.01,3,Electronic Check,0
CUST_03869,59,Female,50,Two Year,DSL,No,No,No,20.0,1001.02,2,Credit Card,1
CUST_03870,24,Female,4,One Year,Fiber Optic,Yes,No,No,92.8,372.55,1,Electronic Check,1
CUST_03871,47,Male,38,Month-to-Month,DSL,No,No,No,48.36,1692.39,2,Bank Transfer,0
CUST_03872,28,Male,14,Two Year,DSL,No,Yes,No,52.61,703.76,1,Electronic Check,0
CUST_03873,22,Male,9,Month-to-Month,DSL,Yes,No,No,116.46,1017.43,1,Electronic Check,0
CUST_03874,33,Female,4,Month-to-Month,DSL,No,No,No,71.4,280.16,3,Bank Transfer,1
CUST_03875,62,Male,4,One Year,Fiber Optic,No,Yes,Yes,78.43,267.21,2,Bank Transfer,0
CUST_03876,59,Male,26,Two Year,No,Yes,Yes,No,63.54,1699.0,1,Electronic Check,0
CUST_03877,48,Female,19,One Year,No,No,Yes,Yes,87.91,1626.2,4,Electronic Check,0
CUST_03878,22,Female,3,Month-to-Month,DSL,No,No,No,113.54,395.74,1,Mailed Check,0
CUST_03879,42,Female,2,Month-to-Month,DSL,Yes,No,Yes,20.0,-8.06,2,Credit Card,1
CUST_03880,49,Male,1,Month-to-Month,DSL,No,Yes,No,97.54,67.35,4,Electronic Check,1
CUST_03881,47,Female,32,Month-to-Month,DSL,Yes,No,Yes,111.41,3531.16,3,Bank Transfer,0
CUST_03882,18,Male,29,Month-to-Month,DSL,Yes,Yes,Yes,80.03,2296.11,5,Electronic Check,0
CUST_03883,31,Male,1,One Year,DSL,Yes,No,No,44.68,103.61,1,Credit Card,0
CUST_03884,44,Male,19,Two Year,Fiber Optic,No,No,No,30.43,561.85,2,Electronic Check,0
CUST_03885,53,Male,2,Month-to-Month,Fiber Optic,No,No,No,135.86,256.63,1,Electronic Check,1
CUST_03886,18,Male,56,Month-to-Month,Fiber Optic,No,Yes,Yes,37.85,2082.54,6,Electronic Check,0
CUST_03887,42,Female,57,Two Year,DSL,Yes,No,No,110.53,6287.18,2,Bank Transfer,0
CUST_03888,47,Male,28,One Year,Fiber Optic,No,No,Yes,76.72,2158.85,4,Credit Card,0
CUST_03889,57,Female,62,Two Year,No,Yes,No,No,126.37,7824.49,1,Credit Card,0
CUST_03890,55,Male,40,Month-to-Month,DSL,Yes,No,No,55.45,2210.57,1,Bank Transfer,0
CUST_03891,53,Male,42,Month-to-Month,DSL,Yes,No,Yes,20.0,890.8,1,Electronic Check,0
CUST_03892,33,Female,20,One Year,DSL,Yes,Yes,No,65.07,1314.98,2,Electronic Check,0
CUST_03893,18,Male,8,One Year,DSL,No,Yes,No,20.41,105.71,1,Credit Card,0
CUST_03894,39,Male,5,Month-to-Month,Fiber Optic,Yes,Yes,No,145.31,722.3,0,Bank Transfer,0
CUST_03895,60,Female,9,One Year,DSL,Yes,No,Yes,83.88,728.05,2,Mailed Check,0
CUST_03896,65,Female,23,Month-to-Month,Fiber Optic,No,No,No,88.34,2057.96,2,Bank Transfer,1
CUST_03897,55,Male,4,Month-to-Month,DSL,Yes,No,No,88.36,358.6,3,Electronic Check,1
CUST_03898,51,Male,7,One Year,Fiber Optic,No,No,No,44.19,365.86,1,Credit Card,0
CUST_03899,50,Male,15,Month-to-Month,DSL,No,No,No,61.04,878.58,1,Bank Transfer,0
CUST_03900,36,Female,6,One Year,Fiber Optic,No,No,Yes,68.31,400.24,3,Mailed Check,0
CUST_03901,43,Male,21,Month-to-Month,DSL,No,No,Yes,123.32,2536.44,7,Mailed Check,0
CUST_03902,70,Female,61,Month-to-Month,DSL,No,No,Yes,30.29,1845.43,1,Credit Card,1
CUST_03903,30,Female,33,Month-to-Month,No,Yes,Yes,No,43.14,1346.87,4,Electronic Check,0
CUST_03904,69,Male,26,Month-to-Month,Fiber Optic,No,No,No,54.11,1422.99,3,Electronic Check,0
CUST_03905,40,Female,20,Month-to-Month,DSL,No,Yes,No,44.79,893.04,2,Electronic Check,0
CUST_03906,64,Male,16,One Year,Fiber Optic,No,No,No,21.23,347.47,2,Electronic Check,1
CUST_03907,23,Male,4,Two Year,Fiber Optic,No,No,No,20.0,119.41,3,Mailed Check,0
CUST_03908,53,Female,54,Month-to-Month,Fiber Optic,Yes,Yes,Yes,20.0,1091.24,0,Bank Transfer,0
CUST_03909,33,Female,6,Month-to-Month,Fiber Optic,Yes,No,No,97.97,523.99,4,Credit Card,0
CUST_03910,23,Female,2,Two Year,No,Yes,Yes,No,64.75,101.71,6,Bank Transfer,0
CUST_03911,48,Female,33,Month-to-Month,DSL,No,No,No,90.07,2968.17,0,Bank Transfer,1
CUST_03912,60,Female,4,Month-to-Month,DSL,No,No,Yes,47.52,173.69,3,Credit Card,1
CUST_03913,32,Female,11,Month-to-Month,DSL,No,No,No,62.05,672.25,3,Credit Card,1
CUST_03914,22,Male,1,One Year,Fiber Optic,Yes,No,No,113.39,194.47,0,Bank Transfer,0
CUST_03915,43,Male,3,Month-to-Month,No,Yes,No,Yes,111.58,339.76,2,Electronic Check,0
CUST_03916,43,Male,4,One Year,No,No,No,No,93.26,392.15,3,Electronic Check,0
CUST_03917,53,Female,1,Month-to-Month,Fiber Optic,No,No,No,71.07,-29.37,0,Electronic Check,1
CUST_03918,59,Female,25,Month-to-Month,No,Yes,No,Yes,80.54,2050.78,0,Credit Card,0
CUST_03919,44,Female,43,Month-to-Month,Fiber Optic,Yes,Yes,Yes,76.12,3415.72,1,Mailed Check,0
CUST_03920,72,Male,11,One Year,Fiber Optic,No,No,No,59.99,727.2,0,Bank Transfer,0
CUST_03921,48,Male,49,One Year,No,Yes,No,Yes,52.87,2568.57,3,Credit Card,0
CUST_03922,39,Female,5,Month-to-Month,DSL,No,No,No,98.67,607.41,3,Bank Transfer,0
CUST_03923,20,Female,9,Month-to-Month,Fiber Optic,No,No,No,26.13,236.56,3,Electronic Check,0
CUST_03924,41,Female,3,One Year,Fiber Optic,No,Yes,Yes,109.62,344.19,3,Electronic Check,1
CUST_03925,39,Female,23,Two Year,No,No,No,Yes,56.74,1291.57,1,Credit Card,0
CUST_03926,59,Male,13,Month-to-Month,No,No,Yes,No,25.58,317.85,0,Bank Transfer,0
CUST_03927,51,Male,22,One Year,No,Yes,No,Yes,48.63,957.56,3,Mailed Check,0
CUST_03928,27,Male,34,Month-to-Month,No,No,No,No,38.77,1357.48,1,Electronic Check,1
CUST_03929,47,Female,18,Month-to-Month,Fiber Optic,No,Yes,No,47.73,844.29,1,Electronic Check,1
CUST_03930,55,Male,23,Month-to-Month,DSL,No,No,No,47.18,1075.77,1,Electronic Check,0
CUST_03931,67,Female,65,One Year,DSL,No,No,Yes,45.99,3002.96,1,Bank Transfer,0
CUST_03932,58,Female,8,Month-to-Month,Fiber Optic,Yes,No,No,55.76,425.36,2,Mailed Check,0
CUST_03933,56,Female,10,Two Year,Fiber Optic,Yes,No,No,63.06,643.76,2,Credit Card,0
CUST_03934,45,Male,30,One Year,Fiber Optic,No,No,Yes,87.92,2697.63,2,Credit Card,0
CUST_03935,50,Male,22,Two Year,Fiber Optic,No,No,Yes,57.65,1288.57,1,Bank Transfer,0
CUST_03936,63,Female,4,Month-to-Month,No,No,Yes,No,74.78,291.45,3,Credit Card,0
CUST_03937,25,Male,11,Month-to-Month,DSL,No,No,Yes,65.23,711.31,3,Credit Card,0
CUST_03938,39,Female,15,Two Year,No,No,No,Yes,81.22,1228.29,1,Bank Transfer,0
CUST_03939,33,Female,13,One Year,No,No,No,No,66.4,821.6,0,Mailed Check,0
CUST_03940,50,Female,4,Two Year,Fiber Optic,Yes,No,Yes,45.6,192.77,2,Electronic Check,0
CUST_03941,63,Male,61,Month-to-Month,Fiber Optic,No,No,No,37.45,2318.92,0,Electronic Check,0
CUST_03942,36,Male,34,Month-to-Month,Fiber Optic,No,No,No,71.31,2428.81,0,Credit Card,1
CUST_03943,18,Female,15,One Year,Fiber Optic,Yes,No,No,103.2,1526.81,0,Credit Card,0
CUST_03944,38,Male,27,Month-to-Month,DSL,No,No,Yes,58.13,1555.05,0,Electronic Check,1
CUST_03945,58,Male,54,One Year,DSL,No,No,No,43.97,2407.21,2,Electronic Check,0
CUST_03946,53,Male,3,Month-to-Month,DSL,No,No,No,57.31,116.94,1,Bank Transfer,0
CUST_03947,51,Male,6,Month-to-Month,DSL,No,No,Yes,48.16,248.13,0,Mailed Check,1
CUST_03948,40,Female,18,Month-to-Month,DSL,No,No,Yes,44.99,729.49,1,Electronic Check,1
CUST_03949,25,Male,38,Month-to-Month,DSL,No,No,Yes,21.69,826.0,0,Bank Transfer,1
CUST_03950,52,Female,1,Month-to-Month,Fiber Optic,Yes,No,Yes,57.67,100.76,3,Electronic Check,1
CUST_03951,32,Female,72,One Year,No,No,No,Yes,72.07,5255.85,1,Electronic Check,0
CUST_03952,77,Male,14,Month-to-Month,Fiber Optic,No,No,Yes,32.54,533.03,1,Credit Card,0
CUST_03953,53,Female,10,Month-to-Month,No,No,No,No,38.65,351.97,4,Bank Transfer,0
CUST_03954,36,Female,8,Two Year,Fiber Optic,No,Yes,No,36.56,304.97,2,Mailed Check,0
CUST_03955,35,Male,4,Month-to-Month,Fiber Optic,No,Yes,No,23.4,73.48,4,Credit Card,0
CUST_03956,43,Female,37,Month-to-Month,Fiber Optic,Yes,Yes,No,36.33,1426.67,2,Credit Card,0
CUST_03957,41,Female,72,One Year,DSL,Yes,No,No,59.06,4317.8,2,Electronic Check,0
CUST_03958,61,Male,12,Two Year,No,No,No,No,24.74,305.26,2,Electronic Check,0
CUST_03959,47,Male,72,Month-to-Month,No,No,No,No,60.87,4351.94,1,Electronic Check,1
CUST_03960,34,Male,41,Month-to-Month,Fiber Optic,No,No,Yes,43.9,1627.33,4,Credit Card,1
CUST_03961,73,Male,15,One Year,DSL,No,No,Yes,37.13,485.28,0,Credit Card,0
CUST_03962,45,Male,26,Month-to-Month,Fiber Optic,No,No,No,76.32,1891.61,1,Electronic Check,0
CUST_03963,56,Female,13,One Year,DSL,No,Yes,Yes,45.8,523.04,4,Mailed Check,0
CUST_03964,35,Female,19,Two Year,DSL,Yes,No,Yes,50.9,1061.03,1,Bank Transfer,0
CUST_03965,50,Male,1,Two Year,No,No,No,Yes,103.94,39.19,4,Electronic Check,1
CUST_03966,49,Male,28,Month-to-Month,Fiber Optic,Yes,Yes,No,37.4,994.11,2,Bank Transfer,0
CUST_03967,18,Female,1,Month-to-Month,Fiber Optic,Yes,No,Yes,111.98,65.95,0,Electronic Check,0
CUST_03968,75,Male,40,Two Year,No,No,Yes,No,54.57,2312.58,1,Electronic Check,0
CUST_03969,64,Male,41,Month-to-Month,Fiber Optic,No,Yes,Yes,30.92,1264.43,1,Electronic Check,1
CUST_03970,39,Female,6,Month-to-Month,Fiber Optic,No,No,No,48.38,340.0,4,Credit Card,1
CUST_03971,28,Female,9,One Year,DSL,Yes,No,No,67.06,612.34,2,Credit Card,0
CUST_03972,50,Female,15,Month-to-Month,DSL,Yes,Yes,Yes,102.64,1440.31,3,Credit Card,0
CUST_03973,46,Male,21,Month-to-Month,Fiber Optic,Yes,No,No,88.96,1944.89,2,Credit Card,0
CUST_03974,50,Female,8,Two Year,Fiber Optic,No,Yes,No,66.92,555.39,3,Electronic Check,0
CUST_03975,47,Male,21,Month-to-Month,DSL,No,No,No,102.8,2152.69,0,Credit Card,0
CUST_03976,52,Female,8,Month-to-Month,DSL,No,No,No,20.0,248.01,2,Electronic Check,1
CUST_03977,66,Male,1,Month-to-Month,Fiber Optic,No,No,No,72.48,55.16,3,Credit Card,0
CUST_03978,53,Male,1,One Year,Fiber Optic,No,No,No,74.3,67.08,2,Mailed Check,1
CUST_03979,29,Male,2,Month-to-Month,Fiber Optic,No,Yes,Yes,74.66,132.07,1,Electronic Check,0
CUST_03980,65,Female,37,Month-to-Month,Fiber Optic,Yes,Yes,No,20.0,793.81,1,Electronic Check,0
CUST_03981,69,Female,72,One Year,DSL,Yes,Yes,Yes,34.49,2524.16,0,Mailed Check,0
CUST_03982,80,Female,13,Two Year,Fiber Optic,No,No,Yes,60.01,794.01,3,Bank Transfer,0
CUST_03983,28,Male,17,Month-to-Month,No,No,No,No,98.44,1620.96,4,Bank Transfer,0
CUST_03984,48,Female,3,Two Year,DSL,No,Yes,Yes,122.46,348.86,0,Credit Card,0
CUST_03985,18,Female,19,Month-to-Month,Fiber Optic,No,Yes,No,45.07,803.67,0,Electronic Check,0
CUST_03986,53,Male,3,One Year,Fiber Optic,Yes,No,No,25.7,135.13,5,Bank Transfer,0
CUST_03987,36,Male,22,Month-to-Month,Fiber Optic,No,Yes,No,89.47,1889.67,2,Bank Transfer,0
CUST_03988,73,Female,64,Month-to-Month,DSL,No,No,Yes,143.43,9259.31,2,Electronic Check,0
CUST_03989,33,Female,5,One Year,No,No,No,Yes,98.21,555.42,1,Electronic Check,0
CUST_03990,19,Female,34,Month-to-Month,Fiber Optic,No,No,No,42.54,1400.47,1,Credit Card,0
CUST_03991,37,Male,1,Month-to-Month,No,Yes,No,No,150.0,129.18,3,Bank Transfer,1
CUST_03992,18,Female,11,Month-to-Month,DSL,Yes,Yes,Yes,85.6,906.02,2,Mailed Check,0
CUST_03993,56,Male,2,One Year,Fiber Optic,Yes,No,No,41.27,104.05,2,Electronic Check,0
CUST_03994,18,Male,10,Month-to-Month,Fiber Optic,Yes,No,No,123.03,1300.91,5,Electronic Check,0
CUST_03995,45,Female,4,Month-to-Month,DSL,Yes,No,Yes,38.9,214.88,1,Electronic Check,1
CUST_03996,18,Female,11,Month-to-Month,DSL,No,No,No,46.37,488.39,3,Electronic Check,1
CUST_03997,40,Male,12,Month-to-Month,Fiber Optic,No,No,Yes,86.8,1104.32,1,Electronic Check,1
CUST_03998,69,Male,8,Month-to-Month,DSL,No,Yes,No,64.25,572.61,2,Electronic Check,0
CUST_03999,50,Female,25,Month-to-Month,Fiber Optic,No,No,Yes,66.11,1643.31,2,Electronic Check,0
CUST_04000,32,Female,60,Month-to-Month,DSL,Yes,No,Yes,66.16,3969.17,3,Credit Card,1
CUST_04001,44,Female,12,Month-to-Month,DSL,No,No,No,98.43,1258.3,2,Electronic Check,0
CUST_04002,45,Male,5,One Year,Fiber Optic,No,Yes,Yes,20.0,152.92,4,Bank Transfer,0
CUST_04003,52,Male,7,One Year,DSL,Yes,No,No,73.54,575.99,0,Electronic Check,0
CUST_04004,24,Female,46,Two Year,No,No,Yes,Yes,56.29,2718.79,1,Mailed Check,0
CUST_04005,53,Male,20,Month-to-Month,No,No,Yes,No,42.43,875.87,3,Electronic Check,0
CUST_04006,18,Male,14,Two Year,Fiber Optic,No,No,No,42.35,609.13,2,Electronic Check,0
CUST_04007,35,Female,3,Month-to-Month,No,No,No,No,20.0,127.9,1,Credit Card,0
CUST_04008,37,Male,14,Two Year,No,Yes,No,Yes,41.05,674.06,1,Mailed Check,0
CUST_04009,54,Female,7,Month-to-Month,DSL,No,No,Yes,103.71,695.43,0,Electronic Check,1
CUST_04010,45,Female,68,Month-to-Month,No,Yes,No,No,89.96,6107.3,1,Electronic Check,0
CUST_04011,23,Male,51,Month-to-Month,DSL,Yes,No,Yes,59.26,2971.26,1,Mailed Check,0
CUST_04012,30,Male,2,Month-to-Month,Fiber Optic,No,No,No,22.66,62.46,3,Bank Transfer,1
CUST_04013,47,Female,17,Two Year,Fiber Optic,No,Yes,No,89.66,1568.62,3,Electronic Check,0
CUST_04014,43,Male,6,One Year,Fiber Optic,No,Yes,No,104.3,578.33,4,Mailed Check,0
CUST_04015,36,Female,12,Two Year,DSL,No,Yes,Yes,96.03,1209.0,3,Electronic Check,0
CUST_04016,37,Male,50,One Year,DSL,No,No,No,35.94,1774.25,3,Mailed Check,0
CUST_04017,55,Male,17,Month-to-Month,Fiber Optic,No,No,No,39.05,637.17,1,Bank Transfer,1
CUST_04018,37,Male,9,Month-to-Month,DSL,No,No,No,114.68,1088.59,1,Electronic Check,1
CUST_04019,43,Female,5,Two Year,Fiber Optic,No,No,No,28.72,112.35,0,Mailed Check,1
CUST_04020,77,Male,38,One Year,Fiber Optic,No,No,Yes,79.35,2944.99,3,Electronic Check,0
CUST_04021,23,Female,23,One Year,DSL,No,No,No,20.0,497.18,3,Electronic Check,0
CUST_04022,18,Female,15,Month-to-Month,DSL,No,Yes,No,55.99,833.27,3,Credit Card,0
CUST_04023,56,Female,5,One Year,Fiber Optic,Yes,No,Yes,82.55,472.68,2,Electronic Check,0
CUST_04024,34,Male,9,Two Year,Fiber Optic,Yes,No,Yes,64.1,618.56,1,Bank Transfer,0
CUST_04025,40,Female,72,Month-to-Month,DSL,No,No,Yes,80.72,5724.24,4,Electronic Check,1
CUST_04026,33,Female,17,Month-to-Month,DSL,No,No,No,28.21,545.41,3,Electronic Check,0
CUST_04027,41,Male,12,Month-to-Month,DSL,No,Yes,No,40.4,579.79,4,Mailed Check,0
CUST_04028,68,Female,17,One Year,DSL,No,No,Yes,79.45,1402.41,5,Bank Transfer,0
CUST_04029,57,Female,36,Month-to-Month,Fiber Optic,Yes,No,No,85.91,3146.33,2,Bank Transfer,0
CUST_04030,57,Male,9,Month-to-Month,Fiber Optic,No,No,No,71.59,631.97,2,Bank Transfer,0
CUST_04031,23,Female,4,Month-to-Month,Fiber Optic,No,No,No,93.41,349.81,2,Mailed Check,0
CUST_04032,27,Male,21,One Year,No,No,Yes,No,20.0,430.62,2,Bank Transfer,0
CUST_04033,18,Female,26,Month-to-Month,DSL,No,No,No,51.01,1372.36,2,Mailed Check,0
CUST_04034,32,Female,29,Month-to-Month,Fiber Optic,Yes,Yes,No,119.68,3515.47,2,Credit Card,0
CUST_04035,59,Male,51,Two Year,Fiber Optic,No,No,Yes,103.5,5256.82,1,Mailed Check,0
CUST_04036,52,Female,11,Two Year,Fiber Optic,No,No,No,84.01,897.14,2,Electronic Check,0
CUST_04037,41,Female,1,Month-to-Month,Fiber Optic,No,No,No,60.34,-14.17,1,Mailed Check,0
CUST_04038,44,Female,72,One Year,Fiber Optic,No,Yes,Yes,96.04,6947.55,1,Mailed Check,0
CUST_04039,34,Male,13,One Year,Fiber Optic,No,No,Yes,77.87,992.88,3,Electronic Check,0
CUST_04040,48,Male,23,Month-to-Month,DSL,No,No,Yes,20.0,444.95,3,Electronic Check,0
CUST_04041,56,Male,26,Month-to-Month,Fiber Optic,No,Yes,No,94.87,2553.09,1,Mailed Check,0
CUST_04042,20,Male,18,Month-to-Month,Fiber Optic,Yes,Yes,No,39.02,732.26,3,Credit Card,0
CUST_04043,49,Male,5,Month-to-Month,No,No,No,No,87.79,455.1,1,Electronic Check,0
CUST_04044,58,Female,33,Month-to-Month,Fiber Optic,Yes,Yes,No,20.0,701.51,1,Electronic Check,1
CUST_04045,38,Male,39,Two Year,Fiber Optic,No,Yes,Yes,112.97,4476.88,1,Bank Transfer,0
CUST_04046,55,Male,19,Month-to-Month,Fiber Optic,No,No,No,56.75,997.44,2,Electronic Check,1
CUST_04047,80,Male,16,One Year,No,No,Yes,Yes,31.72,479.24,0,Credit Card,0
CUST_04048,43,Female,2,Month-to-Month,No,Yes,No,Yes,44.34,77.08,5,Bank Transfer,1
CUST_04049,50,Female,2,One Year,Fiber Optic,Yes,No,Yes,54.89,60.87,4,Mailed Check,0
CUST_04050,33,Male,9,Month-to-Month,Fiber Optic,Yes,No,Yes,64.83,570.18,2,Electronic Check,0
CUST_04051,47,Female,8,One Year,DSL,Yes,Yes,Yes,104.54,758.8,2,Electronic Check,0
CUST_04052,51,Female,72,One Year,Fiber Optic,Yes,No,Yes,67.1,4877.62,0,Electronic Check,0
CUST_04053,47,Female,36,One Year,Fiber Optic,No,No,No,20.0,694.12,1,Bank Transfer,0
CUST_04054,29,Female,25,Month-to-Month,Fiber Optic,No,No,Yes,28.11,712.74,2,Credit Card,0
CUST_04055,48,Male,17,One Year,DSL,No,No,Yes,147.73,2513.91,1,Bank Transfer,0
CUST_04056,66,Male,4,Two Year,Fiber Optic,Yes,No,No,69.06,304.12,2,Mailed Check,1
CUST_04057,51,Female,72,One Year,DSL,No,No,No,93.52,6610.66,1,Credit Card,0
CUST_04058,59,Female,11,Month-to-Month,Fiber Optic,Yes,Yes,Yes,55.75,635.76,6,Credit Card,0
CUST_04059,41,Female,2,One Year,DSL,Yes,No,Yes,34.86,55.97,1,Bank Transfer,0
CUST_04060,56,Female,16,Month-to-Month,Fiber Optic,No,No,No,50.56,829.33,1,Electronic Check,0
CUST_04061,49,Male,49,Two Year,DSL,Yes,No,No,68.85,3314.67,1,Electronic Check,0
CUST_04062,30,Female,52,One Year,DSL,No,No,Yes,51.19,2682.72,0,Electronic Check,1
CUST_04063,49,Male,1,Month-to-Month,Fiber Optic,No,No,Yes,122.55,187.48,2,Electronic Check,1
CUST_04064,30,Female,52,Month-to-Month,DSL,No,No,No,46.51,2428.13,0,Electronic Check,1
CUST_04065,35,Male,7,Month-to-Month,Fiber Optic,No,No,No,33.35,197.62,3,Credit Card,1
CUST_04066,47,Female,1,Two Year,No,Yes,No,No,89.26,55.59,2,Bank Transfer,0
CUST_04067,49,Male,45,Month-to-Month,No,No,Yes,Yes,92.96,4212.02,4,Bank Transfer,0
CUST_04068,27,Male,47,Month-to-Month,DSL,Yes,No,Yes,65.9,3125.75,3,Mailed Check,0
CUST_04069,60,Male,21,Two Year,No,Yes,No,No,46.94,1003.48,2,Electronic Check,0
CUST_04070,53,Female,20,Month-to-Month,DSL,Yes,No,No,20.0,398.12,1,Electronic Check,0
CUST_04071,34,Male,40,Month-to-Month,No,No,No,Yes,101.62,4075.01,1,Mailed Check,0
CUST_04072,21,Female,37,One Year,Fiber Optic,No,No,No,91.06,3365.86,1,Electronic Check,0
CUST_04073,42,Male,52,Month-to-Month,DSL,No,No,Yes,51.8,2674.73,0,Electronic Check,0
CUST_04074,38,Male,19,Month-to-Month,Fiber Optic,No,No,No,66.79,1306.83,1,Electronic Check,1
CUST_04075,46,Female,72,Month-to-Month,DSL,No,No,Yes,58.2,4205.88,1,Electronic Check,0
CUST_04076,39,Male,72,One Year,Fiber Optic,No,No,No,113.86,8262.58,1,Electronic Check,0
CUST_04077,18,Female,2,Two Year,Fiber Optic,No,Yes,No,33.86,123.57,3,Electronic Check,1
CUST_04078,39,Female,45,Month-to-Month,Fiber Optic,No,Yes,No,46.4,2101.79,2,Credit Card,0
CUST_04079,40,Female,16,Month-to-Month,Fiber Optic,No,Yes,No,43.5,725.74,2,Bank Transfer,0
CUST_04080,54,Female,11,Month-to-Month,No,No,Yes,Yes,74.3,769.49,4,Bank Transfer,0
CUST_04081,34,Male,22,Two Year,No,No,No,No,66.68,1463.17,4,Mailed Check,0
CUST_04082,70,Male,1,Month-to-Month,Fiber Optic,No,No,Yes,71.0,88.14,2,Bank Transfer,1
CUST_04083,18,Female,16,Two Year,Fiber Optic,Yes,Yes,No,38.58,538.17,1,Bank Transfer,0
CUST_04084,64,Male,49,Month-to-Month,No,Yes,No,Yes,109.55,5389.27,1,Credit Card,1
CUST_04085,41,Male,5,Two Year,No,No,No,No,51.38,208.93,1,Electronic Check,0
CUST_04086,57,Female,13,One Year,DSL,No,No,No,100.63,1265.68,3,Bank Transfer,0
CUST_04087,46,Male,67,One Year,DSL,No,Yes,Yes,150.0,10023.53,0,Credit Card,0
CUST_04088,62,Female,13,Month-to-Month,DSL,No,Yes,No,38.8,502.87,2,Electronic Check,0
CUST_04089,39,Male,10,One Year,Fiber Optic,Yes,No,No,75.27,686.31,0,Electronic Check,0
CUST_04090,28,Male,13,Month-to-Month,DSL,No,No,No,61.05,836.51,2,Mailed Check,0
CUST_04091,66,Female,17,Month-to-Month,Fiber Optic,No,Yes,Yes,125.93,2149.62,1,Credit Card,1
CUST_04092,43,Male,23,Month-to-Month,Fiber Optic,No,No,No,56.58,1397.6,6,Electronic Check,1
CUST_04093,48,Male,38,Two Year,Fiber Optic,Yes,No,No,72.46,2768.51,2,Bank Transfer,0
CUST_04094,63,Female,14,One Year,Fiber Optic,No,No,Yes,71.81,1033.82,2,Credit Card,0
CUST_04095,29,Male,40,One Year,DSL,Yes,No,No,61.99,2436.83,2,Electronic Check,0
CUST_04096,53,Female,18,One Year,No,No,No,No,87.66,1518.87,0,Electronic Check,0
CUST_04097,36,Male,9,Month-to-Month,No,No,No,No,67.8,641.17,1,Credit Card,0
CUST_04098,43,Female,25,Two Year,Fiber Optic,No,No,No,79.46,1931.72,3,Credit Card,0
CUST_04099,46,Female,30,One Year,No,No,No,No,71.41,2174.33,3,Bank Transfer,0
CUST_04100,22,Female,19,One Year,DSL,No,No,No,46.86,975.74,1,Electronic Check,0
CUST_04101,33,Female,1,Month-to-Month,Fiber Optic,Yes,No,Yes,56.93,104.22,0,Credit Card,1
CUST_04102,65,Female,4,Two Year,DSL,No,No,Yes,81.66,355.17,2,Credit Card,0
CUST_04103,58,Male,8,Two Year,Fiber Optic,Yes,No,No,81.54,665.8,3,Bank Transfer,0
CUST_04104,44,Male,7,One Year,DSL,Yes,No,Yes,102.35,697.25,2,Electronic Check,0
CUST_04105,48,Female,26,Month-to-Month,Fiber Optic,No,No,No,120.78,3134.48,1,Bank Transfer,0
CUST_04106,40,Male,1,One Year,DSL,No,No,No,49.37,21.1,1,Electronic Check,0
CUST_04107,65,Female,33,One Year,Fiber Optic,No,No,Yes,69.05,2212.76,1,Electronic Check,1
CUST_04108,41,Male,7,Month-to-Month,DSL,Yes,Yes,Yes,59.2,416.16,1,Bank Transfer,0
CUST_04109,48,Male,8,Month-to-Month,No,No,No,No,31.78,309.64,5,Electronic Check,1
CUST_04110,62,Female,18,Month-to-Month,Fiber Optic,No,No,Yes,81.94,1410.42,2,Electronic Check,0
CUST_04111,33,Female,5,One Year,DSL,Yes,No,No,88.34,511.6,2,Mailed Check,0
CUST_04112,68,Male,51,Month-to-Month,DSL,No,No,Yes,32.69,1728.06,1,Electronic Check,0
CUST_04113,22,Male,2,Month-to-Month,No,Yes,Yes,No,53.77,127.38,0,Electronic Check,1
CUST_04114,69,Female,14,One Year,DSL,No,No,Yes,50.84,731.97,0,Electronic Check,1
CUST_04115,39,Male,45,One Year,Fiber Optic,No,No,Yes,20.0,890.69,2,Mailed Check,0
CUST_04116,41,Male,22,Month-to-Month,Fiber Optic,No,No,Yes,63.91,1408.09,3,Electronic Check,0
CUST_04117,18,Female,8,Month-to-Month,DSL,Yes,Yes,Yes,30.64,221.96,2,Mailed Check,0
CUST_04118,38,Male,13,Two Year,DSL,No,No,No,69.77,908.59,0,Electronic Check,0
CUST_04119,29,Female,29,One Year,Fiber Optic,Yes,No,No,73.07,2126.13,2,Electronic Check,0
CUST_04120,35,Female,72,Month-to-Month,DSL,No,No,Yes,76.79,5622.99,1,Credit Card,1
CUST_04121,42,Female,53,Two Year,DSL,Yes,No,Yes,78.24,4174.98,3,Electronic Check,0
CUST_04122,59,Male,10,Month-to-Month,DSL,No,Yes,No,110.93,1098.81,1,Bank Transfer,0
CUST_04123,48,Male,72,Two Year,DSL,Yes,No,No,40.74,2928.38,1,Bank Transfer,0
CUST_04124,49,Female,1,Month-to-Month,DSL,No,No,No,42.25,6.58,4,Electronic Check,0
CUST_04125,28,Female,1,Month-to-Month,No,No,No,Yes,84.65,57.23,5,Electronic Check,0
CUST_04126,31,Male,41,Month-to-Month,Fiber Optic,Yes,No,No,61.04,2548.2,3,Credit Card,1
CUST_04127,71,Male,5,Month-to-Month,Fiber Optic,Yes,No,No,98.76,469.1,1,Mailed Check,0
CUST_04128,33,Male,1,One Year,DSL,No,No,Yes,81.85,50.97,0,Mailed Check,1
CUST_04129,69,Female,6,One Year,DSL,Yes,No,No,122.54,705.63,6,Bank Transfer,0
CUST_04130,41,Female,13,Two Year,No,No,No,No,62.26,772.92,4,Electronic Check,0
CUST_04131,45,Male,31,Month-to-Month,Fiber Optic,No,No,No,20.54,693.06,5,Bank Transfer,1
CUST_04132,61,Male,23,Month-to-Month,DSL,No,No,No,75.22,1737.19,0,Mailed Check,1
CUST_04133,64,Male,6,Month-to-Month,Fiber Optic,No,No,No,62.85,362.98,2,Bank Transfer,1
CUST_04134,43,Female,16,Month-to-Month,Fiber Optic,No,No,Yes,81.03,1298.02,1,Bank Transfer,1
CUST_04135,39,Female,62,One Year,No,No,No,Yes,84.88,5273.31,1,Mailed Check,0
CUST_04136,44,Male,40,Month-to-Month,DSL,No,No,No,48.96,1921.18,0,Electronic Check,0
CUST_04137,50,Male,9,One Year,Fiber Optic,No,Yes,No,34.73,243.09,1,Bank Transfer,0
CUST_04138,58,Female,72,One Year,Fiber Optic,Yes,No,No,60.62,4431.69,1,Bank Transfer,0
CUST_04139,45,Female,29,Month-to-Month,No,No,No,No,20.0,629.4,1,Mailed Check,0
CUST_04140,54,Male,1,One Year,No,No,Yes,No,67.42,86.31,1,Mailed Check,0
CUST_04141,69,Male,1,Month-to-Month,DSL,No,No,No,52.78,98.74,3,Electronic Check,1
CUST_04142,50,Male,4,Month-to-Month,Fiber Optic,No,No,No,90.85,459.12,4,Bank Transfer,0
CUST_04143,49,Female,31,One Year,Fiber Optic,No,No,No,20.0,593.23,1,Credit Card,0
CUST_04144,22,Male,4,Month-to-Month,Fiber Optic,No,No,No,65.19,204.76,2,Bank Transfer,1
CUST_04145,18,Female,17,Month-to-Month,No,No,Yes,No,112.29,1941.95,2,Bank Transfer,1
CUST_04146,50,Female,2,One Year,No,No,No,No,85.26,97.18,1,Credit Card,0
CUST_04147,43,Male,60,Month-to-Month,DSL,No,No,Yes,94.42,5667.11,2,Electronic Check,0
CUST_04148,37,Male,10,One Year,DSL,Yes,No,Yes,75.19,737.0,2,Mailed Check,0
CUST_04149,48,Female,57,Month-to-Month,Fiber Optic,No,No,No,20.0,1173.69,2,Mailed Check,0
CUST_04150,44,Male,69,Month-to-Month,DSL,No,No,Yes,70.0,4805.6,0,Bank Transfer,0
CUST_04151,61,Female,1,Two Year,DSL,No,No,Yes,77.25,137.24,3,Electronic Check,0
CUST_04152,46,Male,14,One Year,Fiber Optic,No,Yes,No,32.65,419.8,1,Bank Transfer,0
CUST_04153,33,Male,1,Month-to-Month,No,No,Yes,Yes,61.2,96.49,4,Electronic Check,1
CUST_04154,59,Male,57,Month-to-Month,DSL,No,No,No,20.0,1106.68,1,Credit Card,0
CUST_04155,41,Male,17,Two Year,Fiber Optic,No,No,Yes,54.98,962.03,5,Credit Card,0
CUST_04156,52,Female,1,Month-to-Month,DSL,Yes,No,Yes,51.91,1.18,3,Electronic Check,0
CUST_04157,37,Female,2,One Year,DSL,No,Yes,No,107.07,212.93,0,Mailed Check,0
CUST_04158,35,Female,11,One Year,DSL,No,Yes,No,46.9,582.04,0,Credit Card,0
CUST_04159,46,Male,67,One Year,DSL,Yes,No,Yes,57.01,3825.37,3,Electronic Check,0
CUST_04160,45,Female,28,One Year,No,No,No,No,62.62,1812.6,2,Electronic Check,0
CUST_04161,52,Female,48,One Year,No,Yes,Yes,No,47.29,2268.63,7,Bank Transfer,0
CUST_04162,40,Female,10,One Year,Fiber Optic,Yes,No,No,86.59,840.68,2,Bank Transfer,0
CUST_04163,18,Male,1,Two Year,DSL,Yes,Yes,No,20.0,28.6,3,Bank Transfer,0
CUST_04164,38,Female,72,One Year,Fiber Optic,No,No,Yes,99.1,7165.93,1,Credit Card,0
CUST_04165,56,Male,1,Month-to-Month,DSL,Yes,No,No,64.64,-30.63,1,Credit Card,1
CUST_04166,40,Male,70,Month-to-Month,DSL,No,No,Yes,104.05,7309.57,4,Credit Card,1
CUST_04167,41,Female,11,One Year,Fiber Optic,No,Yes,Yes,20.0,173.01,0,Electronic Check,0
CUST_04168,59,Male,1,Two Year,Fiber Optic,No,No,No,20.0,-39.42,5,Electronic Check,0
CUST_04169,34,Female,28,Month-to-Month,DSL,No,No,No,56.24,1601.67,2,Credit Card,0
CUST_04170,21,Female,72,Month-to-Month,DSL,No,No,No,80.18,5839.7,0,Bank Transfer,0
CUST_04171,42,Female,72,Two Year,No,No,No,Yes,48.35,3492.17,3,Electronic Check,0
CUST_04172,37,Female,4,One Year,Fiber Optic,No,No,No,82.52,262.29,6,Mailed Check,0
CUST_04173,30,Female,4,Month-to-Month,No,Yes,Yes,No,94.44,344.23,2,Credit Card,0
CUST_04174,42,Male,20,One Year,No,No,No,No,84.98,1678.69,2,Electronic Check,0
CUST_04175,52,Female,24,Two Year,Fiber Optic,No,No,Yes,68.1,1644.16,4,Credit Card,1
CUST_04176,44,Male,32,Two Year,DSL,No,No,No,67.87,2168.18,1,Bank Transfer,0
CUST_04177,49,Female,4,One Year,Fiber Optic,No,No,Yes,46.56,210.99,0,Bank Transfer,1
CUST_04178,72,Female,72,Month-to-Month,DSL,No,No,No,63.34,4610.39,3,Electronic Check,1
CUST_04179,39,Female,24,Two Year,DSL,Yes,No,No,34.27,839.79,3,Bank Transfer,0
CUST_04180,49,Male,45,One Year,Fiber Optic,No,No,Yes,41.46,1910.52,2,Bank Transfer,0
CUST_04181,37,Male,18,Two Year,Fiber Optic,No,Yes,Yes,80.43,1434.27,2,Mailed Check,0
CUST_04182,32,Male,12,Month-to-Month,DSL,No,No,Yes,51.11,778.16,2,Mailed Check,0
CUST_04183,36,Male,72,Month-to-Month,Fiber Optic,No,No,No,42.87,3114.53,2,Bank Transfer,0
CUST_04184,37,Female,20,Month-to-Month,Fiber Optic,No,No,Yes,78.48,1603.74,2,Electronic Check,1
CUST_04185,50,Female,48,Month-to-Month,DSL,No,No,No,76.4,3754.94,1,Credit Card,1
CUST_04186,80,Male,72,One Year,DSL,No,No,Yes,58.54,4219.36,2,Credit Card,0
CUST_04187,34,Male,27,Two Year,DSL,No,Yes,Yes,60.53,1602.09,3,Electronic Check,0
CUST_04188,38,Male,19,One Year,DSL,No,Yes,No,77.48,1537.41,1,Credit Card,0
CUST_04189,44,Female,1,Two Year,Fiber Optic,No,No,No,94.07,162.33,4,Bank Transfer,1
CUST_04190,50,Male,1,Month-to-Month,Fiber Optic,Yes,No,No,71.03,78.71,2,Mailed Check,1
CUST_04191,48,Male,5,One Year,Fiber Optic,No,No,Yes,29.24,234.18,2,Electronic Check,0
CUST_04192,64,Female,4,Two Year,DSL,No,No,Yes,58.36,229.26,1,Electronic Check,1
CUST_04193,18,Male,7,One Year,DSL,No,No,No,52.79,416.11,1,Mailed Check,0
CUST_04194,18,Female,8,One Year,DSL,No,Yes,No,33.41,343.06,3,Mailed Check,0
CUST_04195,37,Female,10,One Year,DSL,No,No,No,79.94,804.3,3,Mailed Check,0
CUST_04196,61,Female,13,One Year,DSL,No,No,Yes,82.25,1092.03,0,Electronic Check,0
CUST_04197,21,Female,2,Month-to-Month,Fiber Optic,Yes,No,Yes,86.79,224.87,1,Bank Transfer,0
CUST_04198,18,Female,1,Two Year,DSL,No,No,No,35.27,16.96,0,Bank Transfer,0
CUST_04199,53,Male,26,Two Year,Fiber Optic,No,No,No,69.72,1772.1,1,Credit Card,0
CUST_04200,48,Male,18,Month-to-Month,Fiber Optic,No,No,No,64.81,1233.26,1,Electronic Check,1
CUST_04201,28,Female,14,One Year,Fiber Optic,No,No,No,74.22,1054.45,1,Electronic Check,0
CUST_04202,30,Female,24,One Year,DSL,No,No,Yes,68.89,1628.12,2,Mailed Check,0
CUST_04203,30,Male,42,One Year,No,No,Yes,No,64.62,2718.9,2,Electronic Check,0
CUST_04204,46,Male,13,One Year,No,Yes,No,No,61.02,818.66,4,Bank Transfer,0
CUST_04205,35,Female,24,Two Year,DSL,No,Yes,Yes,98.21,2278.46,1,Electronic Check,0
CUST_04206,52,Male,72,Month-to-Month,Fiber Optic,No,No,No,39.15,2854.28,3,Mailed Check,1
CUST_04207,18,Male,43,Month-to-Month,No,No,No,No,59.8,2592.03,1,Bank Transfer,0
CUST_04208,32,Female,13,Two Year,Fiber Optic,No,No,Yes,97.44,1349.49,2,Mailed Check,0
CUST_04209,28,Male,24,One Year,DSL,Yes,No,No,40.67,965.09,2,Electronic Check,0
CUST_04210,41,Male,4,Two Year,Fiber Optic,Yes,No,No,42.2,237.65,2,Bank Transfer,0
CUST_04211,36,Male,19,Month-to-Month,Fiber Optic,Yes,No,No,87.02,1651.11,1,Credit Card,0
CUST_04212,56,Male,72,Month-to-Month,Fiber Optic,Yes,No,No,22.28,1611.3,0,Electronic Check,0
CUST_04213,18,Female,17,Two Year,No,No,No,No,84.82,1455.97,4,Credit Card,0
CUST_04214,45,Male,63,Month-to-Month,Fiber Optic,Yes,No,No,50.31,3274.25,2,Electronic Check,1
CUST_04215,53,Female,12,Two Year,DSL,No,Yes,No,77.3,865.63,1,Mailed Check,0
CUST_04216,72,Male,72,Two Year,Fiber Optic,Yes,No,No,28.38,2067.97,4,Electronic Check,0
CUST_04217,37,Female,20,One Year,Fiber Optic,No,No,Yes,100.55,2013.16,1,Bank Transfer,0
CUST_04218,49,Female,1,Month-to-Month,DSL,No,No,No,28.48,27.06,2,Electronic Check,0
CUST_04219,18,Male,21,One Year,DSL,No,No,Yes,86.75,1850.87,0,Bank Transfer,1
CUST_04220,18,Female,7,Two Year,No,No,Yes,Yes,29.74,263.45,0,Credit Card,0
CUST_04221,57,Female,1,Month-to-Month,Fiber Optic,No,Yes,Yes,119.25,145.83,0,Bank Transfer,0
CUST_04222,44,Female,41,Month-to-Month,DSL,Yes,No,No,62.86,2638.96,4,Credit Card,0
CUST_04223,62,Female,7,Month-to-Month,DSL,No,No,Yes,123.53,852.13,2,Mailed Check,0
CUST_04224,24,Female,38,Month-to-Month,Fiber Optic,No,No,No,40.43,1534.04,3,Electronic Check,1
CUST_04225,52,Male,8,Two Year,Fiber Optic,Yes,No,No,51.72,363.72,4,Electronic Check,0
CUST_04226,73,Female,5,Two Year,DSL,No,No,No,101.32,605.75,2,Electronic Check,0
CUST_04227,51,Female,72,Two Year,Fiber Optic,Yes,No,Yes,22.21,1590.08,3,Mailed Check,0
CUST_04228,49,Male,10,One Year,DSL,No,No,No,44.02,425.36,1,Bank Transfer,0
CUST_04229,45,Male,22,One Year,DSL,Yes,Yes,Yes,79.85,1787.08,1,Mailed Check,0
CUST_04230,21,Female,22,Month-to-Month,Fiber Optic,Yes,No,Yes,34.44,812.96,3,Bank Transfer,0
CUST_04231,65,Male,19,One Year,DSL,No,No,No,80.65,1497.83,6,Electronic Check,0
CUST_04232,35,Male,59,One Year,No,No,Yes,Yes,70.11,4195.95,2,Electronic Check,0
CUST_04233,52,Male,26,Two Year,DSL,No,No,No,20.0,504.83,5,Mailed Check,0
CUST_04234,21,Male,12,Two Year,Fiber Optic,Yes,No,No,94.03,1199.93,2,Mailed Check,0
CUST_04235,27,Male,47,Two Year,DSL,No,Yes,Yes,27.13,1247.92,3,Credit Card,0
CUST_04236,66,Male,4,Two Year,DSL,No,No,No,88.14,389.33,3,Electronic Check,0
CUST_04237,39,Female,18,Two Year,Fiber Optic,No,No,Yes,68.85,1241.51,1,Bank Transfer,0
CUST_04238,66,Female,72,Month-to-Month,Fiber Optic,No,Yes,Yes,51.35,3640.85,2,Credit Card,0
CUST_04239,43,Male,23,Two Year,Fiber Optic,No,No,No,31.84,661.47,3,Electronic Check,0
CUST_04240,18,Male,40,One Year,Fiber Optic,Yes,No,Yes,74.88,2957.98,2,Credit Card,0
CUST_04241,58,Female,25,Month-to-Month,Fiber Optic,No,Yes,No,38.82,1020.23,1,Electronic Check,0
CUST_04242,36,Male,43,Month-to-Month,Fiber Optic,Yes,Yes,Yes,101.24,4256.1,0,Credit Card,0
CUST_04243,55,Female,69,One Year,Fiber Optic,No,No,No,102.33,7077.71,2,Electronic Check,0
CUST_04244,45,Male,7,Month-to-Month,Fiber Optic,Yes,No,No,114.26,812.17,2,Bank Transfer,0
CUST_04245,21,Female,4,Month-to-Month,Fiber Optic,No,No,No,73.43,209.59,2,Bank Transfer,0
CUST_04246,47,Female,15,One Year,No,Yes,Yes,No,52.87,753.22,6,Electronic Check,0
CUST_04247,77,Male,29,Two Year,DSL,No,Yes,No,56.09,1586.76,1,Electronic Check,0
CUST_04248,52,Male,6,Two Year,Fiber Optic,Yes,Yes,No,53.9,326.02,2,Electronic Check,0
CUST_04249,44,Male,1,Month-to-Month,DSL,No,No,Yes,72.44,145.76,4,Electronic Check,1
CUST_04250,61,Male,10,Month-to-Month,DSL,Yes,No,No,78.1,834.73,2,Mailed Check,0
CUST_04251,48,Female,72,Month-to-Month,Fiber Optic,No,No,No,101.95,7322.16,2,Credit Card,0
CUST_04252,48,Male,28,Month-to-Month,No,No,No,No,65.6,1795.43,1,Electronic Check,0
CUST_04253,28,Female,12,Month-to-Month,Fiber Optic,No,No,No,22.9,196.92,4,Electronic Check,1
CUST_04254,48,Male,5,Two Year,Fiber Optic,Yes,No,No,52.78,244.96,1,Electronic Check,0
CUST_04255,60,Female,10,One Year,DSL,Yes,Yes,No,111.68,1071.82,0,Electronic Check,0
CUST_04256,32,Male,4,Month-to-Month,Fiber Optic,No,Yes,No,20.0,78.19,3,Credit Card,1
CUST_04257,66,Male,2,Month-to-Month,No,Yes,Yes,No,87.17,174.44,2,Electronic Check,0
CUST_04258,43,Female,56,One Year,DSL,Yes,Yes,No,53.28,2960.06,0,Mailed Check,0
CUST_04259,31,Male,72,One Year,DSL,No,No,Yes,38.5,2748.98,2,Electronic Check,0
CUST_04260,59,Male,4,Month-to-Month,Fiber Optic,Yes,No,No,76.87,272.78,4,Electronic Check,1
CUST_04261,40,Male,1,Two Year,Fiber Optic,Yes,No,No,111.83,86.2,1,Electronic Check,0
CUST_04262,56,Male,9,Month-to-Month,Fiber Optic,No,No,No,75.21,748.72,1,Electronic Check,0
CUST_04263,40,Male,14,Month-to-Month,Fiber Optic,No,Yes,No,57.12,825.62,0,Electronic Check,0
CUST_04264,44,Female,5,Month-to-Month,Fiber Optic,Yes,Yes,No,26.12,157.16,2,Bank Transfer,0
CUST_04265,52,Male,8,One Year,DSL,No,No,Yes,62.03,546.87,1,Mailed Check,0
CUST_04266,49,Female,5,Month-to-Month,Fiber Optic,No,No,Yes,25.04,171.35,2,Mailed Check,1
CUST_04267,18,Male,35,Month-to-Month,DSL,No,No,Yes,55.7,2020.82,3,Electronic Check,0
CUST_04268,28,Male,29,Month-to-Month,DSL,Yes,No,Yes,63.11,1859.56,4,Electronic Check,0
CUST_04269,58,Female,24,One Year,Fiber Optic,No,No,No,20.0,490.26,4,Electronic Check,0
CUST_04270,43,Female,11,Month-to-Month,No,No,Yes,No,106.65,1143.61,5,Electronic Check,0
CUST_04271,37,Female,57,Month-to-Month,Fiber Optic,No,No,Yes,27.84,1545.92,3,Electronic Check,0
CUST_04272,24,Female,72,Month-to-Month,Fiber Optic,Yes,Yes,Yes,59.42,4322.44,0,Credit Card,0
CUST_04273,28,Female,4,Month-to-Month,DSL,Yes,No,Yes,81.01,318.51,2,Electronic Check,0
CUST_04274,18,Male,6,One Year,DSL,No,No,Yes,104.26,557.54,2,Electronic Check,0
CUST_04275,43,Female,17,Month-to-Month,DSL,No,Yes,No,41.24,596.35,1,Bank Transfer,0
CUST_04276,36,Female,2,Month-to-Month,No,No,No,Yes,20.0,147.38,2,Mailed Check,1
CUST_04277,30,Male,13,One Year,No,No,No,Yes,97.36,1216.38,4,Bank Transfer,1
CUST_04278,43,Male,20,Month-to-Month,No,No,No,No,27.52,515.99,3,Electronic Check,0
CUST_04279,50,Female,17,Month-to-Month,DSL,No,Yes,Yes,75.78,1349.72,0,Mailed Check,1
CUST_04280,76,Female,9,Month-to-Month,Fiber Optic,Yes,Yes,No,77.65,638.4,2,Bank Transfer,0
CUST_04281,22,Female,18,Two Year,Fiber Optic,No,No,No,20.0,386.57,0,Electronic Check,0
CUST_04282,62,Male,72,One Year,Fiber Optic,No,Yes,Yes,20.0,1531.1,1,Credit Card,0
CUST_04283,59,Female,5,Two Year,Fiber Optic,No,No,No,51.18,361.57,1,Bank Transfer,0
CUST_04284,33,Male,25,Two Year,Fiber Optic,No,No,No,20.0,477.63,1,Bank Transfer,0
CUST_04285,48,Male,1,Two Year,DSL,No,No,Yes,24.86,24.26,0,Mailed Check,0
CUST_04286,38,Male,1,One Year,DSL,No,Yes,Yes,68.69,48.87,1,Credit Card,1
CUST_04287,47,Male,19,One Year,DSL,Yes,No,No,62.35,1183.67,0,Mailed Check,0
CUST_04288,67,Female,2,Month-to-Month,DSL,No,Yes,No,74.08,213.07,3,Credit Card,0
CUST_04289,54,Male,1,Month-to-Month,DSL,No,No,No,78.48,8.51,0,Electronic Check,0
CUST_04290,52,Male,4,One Year,DSL,Yes,No,Yes,20.0,112.4,1,Credit Card,1
CUST_04291,38,Female,19,Two Year,DSL,No,No,Yes,26.45,492.86,1,Bank Transfer,0
CUST_04292,22,Male,29,Month-to-Month,Fiber Optic,Yes,No,No,87.84,2615.81,5,Bank Transfer,0
CUST_04293,41,Female,5,One Year,No,No,No,No,110.73,619.42,6,Electronic Check,0
CUST_04294,63,Male,26,Month-to-Month,No,No,Yes,No,35.98,915.07,2,Electronic Check,1
CUST_04295,22,Female,4,Month-to-Month,DSL,No,No,Yes,72.77,285.53,1,Credit Card,1
CUST_04296,29,Male,22,Month-to-Month,DSL,No,Yes,No,89.21,2007.31,3,Electronic Check,0
CUST_04297,46,Male,12,One Year,DSL,No,No,No,72.13,914.69,4,Bank Transfer,0
CUST_04298,30,Female,25,Month-to-Month,No,No,Yes,No,57.54,1314.8,2,Credit Card,0
CUST_04299,33,Male,72,One Year,Fiber Optic,Yes,No,Yes,45.78,3340.67,2,Electronic Check,0
CUST_04300,38,Male,66,Two Year,DSL,No,No,No,124.56,8303.16,1,Mailed Check,0
CUST_04301,24,Female,1,Two Year,No,Yes,No,No,67.89,80.67,2,Electronic Check,0
CUST_04302,30,Male,51,Month-to-Month,DSL,Yes,No,Yes,76.67,3957.59,3,Electronic Check,1
CUST_04303,55,Male,1,Two Year,No,Yes,No,No,74.73,138.67,1,Bank Transfer,0
CUST_04304,25,Female,72,Month-to-Month,DSL,Yes,No,No,40.63,2936.26,1,Electronic Check,0
CUST_04305,21,Female,7,Month-to-Month,DSL,No,Yes,Yes,66.52,506.38,0,Mailed Check,1
CUST_04306,35,Female,11,One Year,Fiber Optic,No,No,No,55.33,609.29,0,Credit Card,0
CUST_04307,55,Female,2,Month-to-Month,No,Yes,No,Yes,54.8,106.98,0,Electronic Check,1
CUST_04308,42,Female,2,Month-to-Month,No,No,No,No,74.51,115.94,0,Credit Card,0
CUST_04309,38,Male,31,Month-to-Month,Fiber Optic,Yes,Yes,No,37.53,1172.1,1,Electronic Check,0
CUST_04310,45,Female,69,One Year,DSL,No,Yes,No,28.86,2085.43,1,Electronic Check,0
CUST_04311,18,Male,22,Month-to-Month,Fiber Optic,No,No,No,80.08,1716.67,0,Electronic Check,1
CUST_04312,52,Female,30,One Year,No,Yes,Yes,No,49.05,1502.39,4,Electronic Check,0
CUST_04313,50,Male,34,One Year,Fiber Optic,No,No,No,54.65,1874.13,3,Bank Transfer,0
CUST_04314,38,Male,7,One Year,Fiber Optic,No,Yes,No,20.0,213.74,2,Mailed Check,0
CUST_04315,60,Female,1,Two Year,Fiber Optic,No,Yes,Yes,93.89,177.04,2,Bank Transfer,1
CUST_04316,28,Male,1,Month-to-Month,Fiber Optic,Yes,Yes,Yes,80.72,34.51,3,Electronic Check,0
CUST_04317,61,Male,10,Month-to-Month,Fiber Optic,No,No,No,86.24,833.71,4,Bank Transfer,0
CUST_04318,47,Female,6,Month-to-Month,Fiber Optic,No,No,Yes,76.62,433.74,3,Electronic Check,0
CUST_04319,39,Female,1,Month-to-Month,No,Yes,No,No,20.0,-4.21,3,Bank Transfer,0
CUST_04320,44,Female,4,One Year,Fiber Optic,Yes,No,No,71.87,267.56,3,Electronic Check,0
CUST_04321,43,Female,3,Month-to-Month,Fiber Optic,No,No,Yes,46.73,157.53,3,Mailed Check,1
CUST_04322,63,Male,59,Month-to-Month,DSL,Yes,No,Yes,36.11,2088.17,2,Bank Transfer,0
CUST_04323,28,Male,3,One Year,DSL,Yes,No,No,80.0,204.46,3,Credit Card,0
CUST_04324,33,Male,18,One Year,No,No,No,No,114.76,2026.07,3,Credit Card,0
CUST_04325,60,Male,21,One Year,DSL,No,No,Yes,109.8,2330.44,2,Mailed Check,0
CUST_04326,36,Male,18,Two Year,No,Yes,No,No,83.66,1502.77,1,Credit Card,0
CUST_04327,58,Male,2,One Year,Fiber Optic,Yes,No,No,64.09,116.12,3,Mailed Check,0
CUST_04328,70,Female,9,One Year,Fiber Optic,No,No,No,58.53,484.71,2,Mailed Check,0
CUST_04329,38,Male,1,Month-to-Month,No,Yes,Yes,No,37.86,-42.34,0,Bank Transfer,0
CUST_04330,55,Male,12,Two Year,Fiber Optic,No,Yes,Yes,56.91,764.47,2,Credit Card,0
CUST_04331,27,Male,5,One Year,No,No,No,No,92.26,446.84,5,Bank Transfer,0
CUST_04332,56,Female,19,Month-to-Month,DSL,No,No,Yes,119.69,2409.71,2,Credit Card,0
CUST_04333,47,Female,28,Month-to-Month,Fiber Optic,Yes,Yes,Yes,40.51,1172.8,3,Electronic Check,0
CUST_04334,52,Female,18,One Year,Fiber Optic,No,No,Yes,20.0,451.46,3,Credit Card,0
CUST_04335,35,Female,13,Two Year,DSL,Yes,No,Yes,49.07,687.63,1,Electronic Check,0
CUST_04336,20,Male,11,Month-to-Month,Fiber Optic,No,No,No,92.12,1021.23,1,Mailed Check,0
CUST_04337,52,Male,44,Month-to-Month,Fiber Optic,No,Yes,Yes,127.17,5565.52,0,Bank Transfer,1
CUST_04338,18,Male,5,Two Year,No,Yes,No,No,104.3,472.66,1,Credit Card,0
CUST_04339,40,Female,31,Two Year,DSL,No,Yes,No,103.56,3266.3,1,Electronic Check,0
CUST_04340,59,Male,34,Month-to-Month,Fiber Optic,No,No,No,39.51,1356.7,2,Credit Card,0
CUST_04341,47,Male,13,Month-to-Month,DSL,Yes,Yes,No,40.36,555.48,3,Electronic Check,0
CUST_04342,74,Male,8,One Year,Fiber Optic,Yes,No,No,25.29,243.02,2,Electronic Check,0
CUST_04343,60,Female,15,Month-to-Month,Fiber Optic,Yes,Yes,Yes,45.04,693.33,3,Credit Card,0
CUST_04344,35,Female,2,Two Year,Fiber Optic,No,Yes,No,92.42,161.25,4,Credit Card,0
CUST_04345,45,Female,1,Month-to-Month,Fiber Optic,No,Yes,Yes,113.73,164.37,4,Bank Transfer,0
CUST_04346,44,Male,2,Month-to-Month,DSL,No,Yes,No,75.37,140.82,2,Credit Card,0
CUST_04347,21,Male,4,Month-to-Month,DSL,Yes,No,Yes,57.35,233.91,0,Electronic Check,0
CUST_04348,30,Male,16,Month-to-Month,DSL,Yes,Yes,No,33.0,563.84,5,Electronic Check,1
CUST_04349,36,Male,45,Month-to-Month,Fiber Optic,No,No,Yes,61.62,2770.16,4,Credit Card,1
CUST_04350,18,Female,6,Month-to-Month,No,No,No,Yes,71.09,335.67,1,Bank Transfer,1
CUST_04351,45,Male,65,One Year,DSL,No,No,No,21.11,1424.04,2,Credit Card,0
CUST_04352,41,Female,72,Month-to-Month,DSL,No,Yes,No,92.64,6733.13,0,Credit Card,0
CUST_04353,19,Male,72,Two Year,Fiber Optic,No,No,Yes,52.28,3672.79,2,Bank Transfer,0
CUST_04354,51,Female,43,Month-to-Month,Fiber Optic,Yes,Yes,No,90.84,3854.06,1,Bank Transfer,0
CUST_04355,55,Male,10,One Year,DSL,No,No,Yes,64.67,747.92,4,Electronic Check,1
CUST_04356,48,Male,1,Month-to-Month,DSL,No,No,No,73.92,85.52,2,Electronic Check,0
CUST_04357,40,Female,20,Month-to-Month,DSL,Yes,No,No,43.94,879.01,3,Bank Transfer,1
CUST_04358,53,Female,19,One Year,DSL,No,No,Yes,54.66,1017.25,1,Credit Card,0
CUST_04359,55,Male,45,One Year,DSL,Yes,No,No,84.26,3740.22,2,Mailed Check,0
CUST_04360,49,Male,72,One Year,DSL,No,Yes,Yes,61.06,4386.24,3,Electronic Check,0
CUST_04361,32,Male,17,One Year,Fiber Optic,No,Yes,Yes,31.85,590.18,2,Electronic Check,0
CUST_04362,49,Female,10,One Year,Fiber Optic,No,No,No,68.35,682.69,2,Electronic Check,1
CUST_04363,62,Male,4,Month-to-Month,DSL,No,No,No,76.57,336.8,4,Bank Transfer,0
CUST_04364,36,Female,1,Two Year,Fiber Optic,No,No,No,106.19,194.47,0,Bank Transfer,1
CUST_04365,76,Male,17,One Year,Fiber Optic,No,Yes,Yes,99.58,1663.78,1,Mailed Check,0
CUST_04366,37,Male,19,Two Year,No,Yes,No,No,63.06,1213.3,0,Mailed Check,0
CUST_04367,45,Male,41,Two Year,DSL,No,No,No,48.58,2042.0,6,Electronic Check,0
CUST_04368,34,Male,16,Month-to-Month,Fiber Optic,Yes,Yes,No,58.15,883.77,1,Credit Card,0
CUST_04369,48,Female,59,Month-to-Month,Fiber Optic,No,Yes,Yes,49.29,2916.89,1,Electronic Check,0
CUST_04370,18,Female,23,One Year,DSL,Yes,No,No,80.18,1937.87,0,Bank Transfer,0
CUST_04371,36,Male,44,One Year,No,Yes,No,No,96.25,4217.99,0,Electronic Check,0
CUST_04372,28,Male,3,One Year,Fiber Optic,Yes,No,No,102.2,360.0,3,Electronic Check,0
CUST_04373,47,Male,46,One Year,Fiber Optic,No,No,Yes,52.63,2414.1,3,Electronic Check,0
CUST_04374,59,Female,26,Month-to-Month,DSL,No,Yes,No,49.64,1380.6,3,Credit Card,0
CUST_04375,54,Male,4,Month-to-Month,DSL,Yes,No,No,52.39,127.28,2,Electronic Check,1
CUST_04376,18,Female,5,Month-to-Month,Fiber Optic,Yes,No,No,20.0,103.25,2,Electronic Check,0
CUST_04377,75,Female,62,One Year,DSL,No,No,No,28.92,1718.83,2,Electronic Check,0
CUST_04378,49,Female,1,One Year,Fiber Optic,Yes,No,Yes,63.96,28.92,4,Credit Card,0
CUST_04379,33,Female,14,Month-to-Month,DSL,No,No,Yes,76.38,1033.95,1,Electronic Check,1
CUST_04380,47,Male,9,One Year,Fiber Optic,Yes,No,No,79.74,704.27,1,Mailed Check,0
CUST_04381,47,Male,26,Month-to-Month,Fiber Optic,No,Yes,Yes,41.59,1021.8,0,Electronic Check,0
CUST_04382,34,Female,43,Month-to-Month,DSL,Yes,No,No,50.27,2157.88,3,Credit Card,0
CUST_04383,47,Male,10,One Year,Fiber Optic,No,No,No,56.91,592.17,3,Credit Card,0
CUST_04384,35,Male,13,Month-to-Month,Fiber Optic,No,Yes,Yes,53.57,619.77,1,Mailed Check,0
CUST_04385,38,Male,72,One Year,DSL,Yes,No,No,85.64,6134.37,2,Bank Transfer,0
CUST_04386,34,Female,36,Two Year,DSL,No,Yes,No,25.75,1054.22,2,Electronic Check,1
CUST_04387,23,Male,54,Two Year,DSL,No,Yes,No,30.52,1664.6,0,Electronic Check,0
CUST_04388,47,Male,13,Month-to-Month,DSL,Yes,No,No,56.05,637.72,0,Bank Transfer,0
CUST_04389,53,Male,6,Month-to-Month,No,No,No,Yes,24.03,74.17,1,Electronic Check,1
CUST_04390,52,Male,12,One Year,Fiber Optic,No,No,No,20.0,251.3,1,Electronic Check,0
CUST_04391,57,Male,30,One Year,DSL,No,No,No,20.2,610.9,2,Credit Card,0
CUST_04392,49,Male,2,One Year,DSL,Yes,No,No,57.72,86.06,1,Electronic Check,0
CUST_04393,37,Male,7,Month-to-Month,DSL,Yes,Yes,Yes,83.92,697.08,4,Electronic Check,1
CUST_04394,57,Male,1,Month-to-Month,Fiber Optic,Yes,Yes,Yes,84.54,215.48,1,Bank Transfer,0
CUST_04395,24,Male,13,One Year,DSL,No,No,No,112.64,1451.07,3,Electronic Check,1
CUST_04396,31,Male,42,One Year,Fiber Optic,No,No,Yes,68.05,2901.75,3,Mailed Check,0
CUST_04397,30,Female,1,Month-to-Month,DSL,No,No,No,72.09,118.24,2,Electronic Check,1
CUST_04398,61,Male,26,Month-to-Month,No,No,No,Yes,57.49,1547.48,2,Electronic Check,1
CUST_04399,59,Female,64,One Year,DSL,Yes,No,Yes,58.95,3740.49,1,Mailed Check,0
CUST_04400,52,Male,6,Month-to-Month,Fiber Optic,No,No,Yes,127.42,861.47,1,Electronic Check,0
CUST_04401,61,Female,28,Month-to-Month,Fiber Optic,Yes,Yes,Yes,72.84,2036.11,5,Mailed Check,0
CUST_04402,31,Female,72,Month-to-Month,Fiber Optic,No,No,No,75.45,5453.37,5,Credit Card,1
CUST_04403,50,Male,72,Month-to-Month,Fiber Optic,No,No,No,30.65,2206.66,1,Mailed Check,0
CUST_04404,43,Female,6,One Year,Fiber Optic,No,No,Yes,77.31,456.89,3,Bank Transfer,0
CUST_04405,57,Female,2,Month-to-Month,Fiber Optic,Yes,Yes,Yes,84.75,183.42,2,Electronic Check,1
CUST_04406,43,Female,3,Month-to-Month,Fiber Optic,No,Yes,Yes,98.31,235.63,3,Credit Card,1
CUST_04407,39,Male,29,Month-to-Month,No,No,Yes,Yes,83.9,2334.62,0,Credit Card,0
CUST_04408,53,Female,31,Month-to-Month,Fiber Optic,No,Yes,No,61.2,1886.46,3,Mailed Check,0
CUST_04409,58,Female,26,One Year,No,No,No,No,59.92,1513.83,1,Electronic Check,1
CUST_04410,34,Male,9,Month-to-Month,DSL,Yes,No,No,62.84,592.91,4,Mailed Check,0
CUST_04411,44,Female,4,One Year,Fiber Optic,No,No,No,68.22,294.55,1,Electronic Check,0
CUST_04412,29,Female,20,Month-to-Month,No,No,No,No,103.03,2061.26,0,Credit Card,1
CUST_04413,18,Female,15,Month-to-Month,DSL,Yes,No,No,97.18,1531.77,1,Mailed Check,1
CUST_04414,48,Male,31,Month-to-Month,No,Yes,Yes,No,87.59,2714.9,3,Mailed Check,0
CUST_04415,54,Female,13,Month-to-Month,DSL,No,Yes,No,125.88,1563.48,1,Electronic Check,0
CUST_04416,48,Male,9,One Year,No,No,Yes,No,20.0,168.82,1,Electronic Check,0
CUST_04417,18,Female,8,Month-to-Month,Fiber Optic,Yes,No,Yes,51.2,468.13,1,Bank Transfer,0
CUST_04418,39,Female,5,Two Year,DSL,Yes,No,No,64.66,229.1,3,Mailed Check,0
CUST_04419,18,Female,7,Month-to-Month,No,Yes,No,No,44.83,309.13,2,Electronic Check,0
CUST_04420,65,Female,2,Month-to-Month,DSL,No,No,No,37.11,102.99,3,Electronic Check,1
CUST_04421,28,Male,10,Month-to-Month,DSL,No,No,Yes,20.0,332.61,2,Electronic Check,1
CUST_04422,63,Female,1,One Year,DSL,No,No,No,55.66,116.07,3,Electronic Check,1
CUST_04423,59,Male,4,Month-to-Month,Fiber Optic,Yes,No,No,91.82,373.91,2,Credit Card,0
CUST_04424,31,Female,32,Month-to-Month,No,No,Yes,Yes,88.22,2849.02,3,Bank Transfer,0
CUST_04425,28,Male,9,Month-to-Month,DSL,Yes,No,No,42.44,287.04,1,Credit Card,0
CUST_04426,50,Female,26,Month-to-Month,Fiber Optic,No,Yes,No,71.61,1809.31,3,Mailed Check,0
CUST_04427,32,Female,30,Two Year,DSL,Yes,No,Yes,105.73,3204.39,3,Credit Card,0
CUST_04428,46,Male,20,One Year,Fiber Optic,No,No,No,20.0,408.06,2,Electronic Check,0
CUST_04429,37,Male,72,One Year,DSL,No,No,Yes,60.23,4351.35,0,Mailed Check,0
CUST_04430,18,Male,1,One Year,DSL,No,No,No,73.59,75.3,1,Electronic Check,0
CUST_04431,18,Male,32,One Year,DSL,Yes,No,No,65.3,2089.36,0,Bank Transfer,0
CUST_04432,48,Female,72,Month-to-Month,Fiber Optic,No,Yes,No,90.52,6522.51,2,Mailed Check,0
CUST_04433,36,Male,47,One Year,No,No,Yes,No,20.07,890.26,3,Mailed Check,0
CUST_04434,36,Male,4,Month-to-Month,Fiber Optic,Yes,No,No,34.83,127.86,0,Credit Card,1
CUST_04435,55,Male,9,Month-to-Month,DSL,Yes,Yes,No,85.46,706.95,1,Bank Transfer,0
CUST_04436,62,Female,4,One Year,Fiber Optic,No,No,Yes,20.0,49.02,2,Credit Card,0
CUST_04437,40,Female,22,One Year,Fiber Optic,Yes,No,No,89.35,2025.56,1,Mailed Check,0
CUST_04438,39,Female,29,One Year,DSL,No,No,Yes,78.49,2267.3,4,Mailed Check,0
CUST_04439,52,Female,9,One Year,DSL,Yes,No,Yes,87.26,815.11,4,Bank Transfer,0
CUST_04440,24,Male,18,Month-to-Month,DSL,No,No,No,50.92,922.35,3,Mailed Check,0
CUST_04441,48,Female,28,Month-to-Month,Fiber Optic,No,No,No,80.3,2229.02,2,Mailed Check,0
CUST_04442,53,Male,13,Month-to-Month,Fiber Optic,Yes,No,No,29.83,337.38,1,Electronic Check,0
CUST_04443,55,Female,46,One Year,Fiber Optic,No,Yes,Yes,52.56,2397.98,3,Credit Card,0
CUST_04444,18,Male,35,Two Year,DSL,No,No,Yes,66.09,2322.31,2,Mailed Check,0
CUST_04445,33,Male,1,Month-to-Month,DSL,Yes,No,No,38.04,67.05,2,Bank Transfer,0
CUST_04446,31,Male,23,Month-to-Month,No,No,No,Yes,71.54,1651.61,6,Electronic Check,0
CUST_04447,46,Male,6,Month-to-Month,DSL,No,No,Yes,30.67,216.52,2,Electronic Check,1
CUST_04448,52,Male,19,Two Year,No,Yes,Yes,No,73.06,1312.12,1,Electronic Check,0
CUST_04449,67,Female,72,One Year,Fiber Optic,No,No,No,117.26,8485.73,1,Mailed Check,0
CUST_04450,37,Male,50,Month-to-Month,DSL,No,No,Yes,27.3,1308.59,1,Electronic Check,1
CUST_04451,37,Male,12,Two Year,Fiber Optic,Yes,Yes,Yes,64.32,821.05,1,Credit Card,0
CUST_04452,62,Male,8,Two Year,No,No,Yes,No,20.0,185.12,1,Credit Card,0
CUST_04453,49,Male,6,Month-to-Month,Fiber Optic,No,Yes,No,40.01,146.56,1,Bank Transfer,1
CUST_04454,64,Female,18,Two Year,No,No,No,Yes,86.06,1585.9,0,Electronic Check,0
CUST_04455,49,Female,2,Month-to-Month,DSL,Yes,No,No,52.08,153.92,4,Electronic Check,1
CUST_04456,27,Male,19,Month-to-Month,Fiber Optic,No,No,Yes,87.27,1721.07,2,Bank Transfer,0
CUST_04457,25,Male,1,Month-to-Month,No,No,No,No,75.68,37.25,0,Electronic Check,1
CUST_04458,21,Male,9,Two Year,No,No,No,Yes,63.06,576.55,2,Bank Transfer,0
CUST_04459,54,Male,5,One Year,Fiber Optic,Yes,No,No,34.12,205.31,0,Credit Card,0
CUST_04460,62,Female,72,Month-to-Month,Fiber Optic,Yes,Yes,No,85.56,6197.47,0,Mailed Check,0
CUST_04461,72,Female,31,Two Year,DSL,No,Yes,No,74.12,2318.32,1,Bank Transfer,0
CUST_04462,57,Male,10,Month-to-Month,DSL,Yes,No,No,20.0,178.67,3,Credit Card,0
CUST_04463,62,Male,2,One Year,DSL,No,No,No,36.06,121.53,5,Electronic Check,1
CUST_04464,36,Male,17,One Year,DSL,No,Yes,No,20.0,389.69,5,Bank Transfer,0
CUST_04465,27,Male,5,Month-to-Month,DSL,No,Yes,Yes,24.03,112.44,4,Bank Transfer,0
CUST_04466,57,Male,18,Month-to-Month,DSL,No,Yes,Yes,55.6,961.6,5,Credit Card,0
CUST_04467,51,Female,43,Two Year,No,Yes,No,No,33.32,1396.55,1,Credit Card,0
CUST_04468,46,Female,22,Month-to-Month,Fiber Optic,No,No,No,40.05,949.34,2,Bank Transfer,0
CUST_04469,50,Male,24,One Year,Fiber Optic,No,No,No,106.72,2608.74,3,Bank Transfer,1
CUST_04470,49,Female,18,One Year,No,No,No,No,95.86,1724.56,3,Electronic Check,0
CUST_04471,64,Female,62,One Year,DSL,Yes,No,No,44.16,2727.96,2,Bank Transfer,0
CUST_04472,64,Female,64,Month-to-Month,Fiber Optic,No,No,No,88.81,5595.18,2,Electronic Check,1
CUST_04473,53,Male,17,Month-to-Month,Fiber Optic,No,No,No,101.45,1720.37,0,Mailed Check,1
CUST_04474,57,Female,8,Month-to-Month,DSL,Yes,No,Yes,83.56,608.9,1,Bank Transfer,0
CUST_04475,52,Female,14,Two Year,Fiber Optic,No,Yes,Yes,73.97,1043.5,0,Bank Transfer,0
CUST_04476,38,Male,4,Month-to-Month,DSL,No,No,No,97.95,451.06,2,Mailed Check,0
CUST_04477,56,Female,24,Month-to-Month,DSL,No,No,Yes,88.09,2065.03,1,Electronic Check,0
CUST_04478,24,Male,16,Two Year,DSL,No,Yes,Yes,28.61,469.64,0,Mailed Check,0
CUST_04479,60,Female,2,One Year,No,No,No,Yes,59.33,168.55,2,Electronic Check,1
CUST_04480,27,Male,5,Month-to-Month,Fiber Optic,No,No,No,48.44,253.2,2,Electronic Check,1
CUST_04481,49,Male,15,Two Year,Fiber Optic,No,Yes,No,99.57,1467.41,2,Electronic Check,0
CUST_04482,32,Female,52,One Year,Fiber Optic,Yes,No,Yes,47.59,2475.06,1,Bank Transfer,0
CUST_04483,53,Female,20,Month-to-Month,DSL,No,No,No,42.43,896.55,1,Mailed Check,1
CUST_04484,44,Male,27,Month-to-Month,Fiber Optic,No,No,Yes,95.8,2599.74,1,Electronic Check,1
CUST_04485,21,Male,9,One Year,Fiber Optic,No,No,No,72.79,654.94,1,Credit Card,0
CUST_04486,51,Female,20,One Year,DSL,No,Yes,No,128.35,2624.88,0,Bank Transfer,0
CUST_04487,36,Female,14,Month-to-Month,Fiber Optic,Yes,Yes,No,39.13,573.6,5,Mailed Check,0
CUST_04488,58,Female,25,Month-to-Month,DSL,No,No,No,49.43,1175.73,4,Mailed Check,1
CUST_04489,45,Female,1,Month-to-Month,DSL,No,No,Yes,98.66,130.23,1,Credit Card,1
CUST_04490,50,Male,16,One Year,No,No,No,No,26.63,473.51,1,Electronic Check,0
CUST_04491,30,Male,8,Month-to-Month,Fiber Optic,Yes,No,Yes,104.59,774.86,1,Bank Transfer,0
CUST_04492,36,Male,9,Month-to-Month,Fiber Optic,No,No,Yes,28.78,145.55,5,Electronic Check,0
CUST_04493,38,Female,72,One Year,Fiber Optic,Yes,No,No,83.31,5945.99,1,Electronic Check,0
CUST_04494,57,Female,4,One Year,DSL,No,No,No,20.0,74.88,3,Credit Card,1
CUST_04495,70,Male,8,One Year,Fiber Optic,No,No,No,66.35,581.32,1,Mailed Check,0
CUST_04496,32,Male,17,Month-to-Month,Fiber Optic,No,No,No,23.91,361.99,2,Electronic Check,1
CUST_04497,61,Male,47,Month-to-Month,Fiber Optic,Yes,Yes,No,122.79,5798.8,1,Bank Transfer,1
CUST_04498,18,Male,12,Month-to-Month,No,Yes,No,No,32.85,249.59,3,Credit Card,0
CUST_04499,27,Male,32,Two Year,No,No,Yes,Yes,40.13,1293.31,0,Electronic Check,0
CUST_04500,30,Male,46,One Year,Fiber Optic,No,No,No,81.06,3708.55,0,Electronic Check,0
CUST_04501,24,Female,8,Month-to-Month,No,No,No,No,46.97,480.7,4,Credit Card,0
CUST_04502,21,Male,11,Month-to-Month,Fiber Optic,No,No,Yes,86.0,851.38,1,Bank Transfer,1
CUST_04503,51,Male,10,One Year,Fiber Optic,No,Yes,No,43.67,436.01,1,Credit Card,0
CUST_04504,41,Male,42,One Year,DSL,Yes,Yes,Yes,41.36,1642.27,1,Bank Transfer,0
CUST_04505,50,Male,1,Month-to-Month,Fiber Optic,No,No,No,64.17,36.69,0,Mailed Check,1
CUST_04506,55,Male,8,Two Year,No,No,Yes,No,28.49,142.88,2,Electronic Check,0
CUST_04507,48,Male,27,One Year,Fiber Optic,No,No,Yes,76.89,2191.1,1,Electronic Check,0
CUST_04508,54,Male,20,One Year,Fiber Optic,No,No,Yes,91.32,1808.6,0,Bank Transfer,0
CUST_04509,43,Female,13,Two Year,DSL,No,No,No,81.59,1050.12,4,Electronic Check,0
CUST_04510,27,Male,18,One Year,DSL,Yes,Yes,No,84.3,1515.23,1,Bank Transfer,0
CUST_04511,60,Female,5,One Year,DSL,No,No,No,20.0,43.39,4,Electronic Check,0
CUST_04512,36,Female,13,Two Year,DSL,Yes,No,No,51.15,717.72,0,Mailed Check,0
CUST_04513,30,Female,16,Month-to-Month,Fiber Optic,No,No,Yes,58.19,963.02,1,Electronic Check,1
CUST_04514,42,Male,55,Month-to-Month,DSL,No,Yes,Yes,108.63,6020.74,2,Mailed Check,0
CUST_04515,31,Male,7,Two Year,Fiber Optic,No,No,No,47.56,272.03,0,Bank Transfer,0
CUST_04516,38,Male,48,One Year,Fiber Optic,No,No,No,20.0,1016.77,0,Bank Transfer,0
CUST_04517,50,Male,24,Two Year,DSL,Yes,Yes,Yes,34.88,888.13,3,Mailed Check,0
CUST_04518,50,Male,1,Month-to-Month,DSL,No,No,No,45.16,33.54,3,Electronic Check,1
CUST_04519,31,Male,30,One Year,No,Yes,No,Yes,20.0,644.75,0,Electronic Check,0
CUST_04520,37,Male,1,Month-to-Month,DSL,Yes,Yes,No,94.06,107.69,4,Bank Transfer,1
CUST_04521,61,Male,72,One Year,DSL,Yes,No,Yes,20.0,1360.3,1,Bank Transfer,0
CUST_04522,52,Male,49,Month-to-Month,No,Yes,No,Yes,78.38,3831.51,2,Mailed Check,0
CUST_04523,76,Male,8,Month-to-Month,No,No,Yes,Yes,32.23,233.75,1,Electronic Check,0
CUST_04524,62,Female,7,Month-to-Month,Fiber Optic,No,No,Yes,110.21,775.74,2,Bank Transfer,1
CUST_04525,62,Male,11,One Year,DSL,No,No,Yes,56.72,674.93,3,Bank Transfer,0
CUST_04526,24,Male,10,Month-to-Month,DSL,No,No,No,50.63,424.2,0,Bank Transfer,1
CUST_04527,56,Male,11,Month-to-Month,No,Yes,No,No,80.85,867.15,1,Electronic Check,0
CUST_04528,44,Female,9,Month-to-Month,No,Yes,No,Yes,34.78,271.94,2,Bank Transfer,0
CUST_04529,36,Male,23,Month-to-Month,Fiber Optic,No,Yes,No,82.27,1853.18,3,Electronic Check,0
CUST_04530,47,Male,4,Two Year,DSL,No,Yes,No,50.55,161.04,1,Mailed Check,0
CUST_04531,59,Female,44,Month-to-Month,DSL,No,No,Yes,47.16,2078.53,5,Electronic Check,1
CUST_04532,52,Male,40,Month-to-Month,DSL,Yes,No,No,62.37,2521.08,0,Credit Card,1
CUST_04533,31,Female,15,Two Year,Fiber Optic,No,Yes,Yes,32.31,502.06,2,Bank Transfer,0
CUST_04534,56,Female,45,One Year,DSL,Yes,No,Yes,59.27,2676.58,0,Electronic Check,0
CUST_04535,35,Female,6,One Year,No,Yes,No,No,75.18,482.19,2,Credit Card,0
CUST_04536,48,Female,1,One Year,DSL,Yes,No,Yes,20.0,139.02,2,Bank Transfer,0
CUST_04537,40,Male,23,Two Year,Fiber Optic,No,Yes,No,97.74,2254.8,3,Mailed Check,0
CUST_04538,41,Female,14,Month-to-Month,DSL,No,Yes,Yes,89.48,1303.77,1,Credit Card,0
CUST_04539,56,Female,20,Two Year,Fiber Optic,No,No,No,20.0,448.21,3,Electronic Check,0
CUST_04540,29,Male,55,Two Year,DSL,No,No,No,20.0,1188.89,2,Electronic Check,0
CUST_04541,74,Male,72,One Year,Fiber Optic,No,No,Yes,90.26,6526.54,3,Bank Transfer,0
CUST_04542,18,Male,24,One Year,Fiber Optic,No,No,No,87.94,2068.24,1,Bank Transfer,0
CUST_04543,36,Female,34,One Year,DSL,No,Yes,No,83.69,2860.74,1,Electronic Check,0
CUST_04544,50,Male,2,Month-to-Month,No,No,Yes,No,22.19,56.94,3,Credit Card,1
CUST_04545,53,Female,4,Month-to-Month,Fiber Optic,No,Yes,No,119.86,520.2,2,Bank Transfer,1
CUST_04546,43,Female,31,Two Year,No,No,Yes,Yes,42.35,1269.18,2,Credit Card,0
CUST_04547,44,Male,13,One Year,No,No,No,No,72.18,1001.71,1,Electronic Check,0
CUST_04548,51,Male,14,Month-to-Month,No,No,No,Yes,72.55,1016.01,3,Bank Transfer,1
CUST_04549,41,Male,8,One Year,DSL,Yes,Yes,Yes,112.79,944.27,0,Electronic Check,0
CUST_04550,65,Male,22,One Year,DSL,No,No,Yes,68.76,1528.09,6,Electronic Check,0
CUST_04551,57,Male,4,Month-to-Month,No,Yes,No,No,77.48,316.03,1,Electronic Check,0
CUST_04552,58,Male,23,One Year,Fiber Optic,No,Yes,No,62.69,1453.48,6,Mailed Check,0
CUST_04553,30,Female,4,One Year,DSL,Yes,No,Yes,29.1,150.01,1,Electronic Check,0
CUST_04554,43,Female,1,Month-to-Month,Fiber Optic,Yes,No,Yes,20.0,117.93,2,Electronic Check,0
CUST_04555,40,Male,9,Two Year,DSL,Yes,No,Yes,65.98,492.93,2,Electronic Check,0
CUST_04556,29,Female,6,Month-to-Month,Fiber Optic,No,No,Yes,22.63,162.77,3,Mailed Check,0
CUST_04557,50,Female,52,Month-to-Month,No,Yes,Yes,Yes,75.51,3928.47,0,Electronic Check,1
CUST_04558,36,Female,1,Month-to-Month,Fiber Optic,Yes,No,Yes,69.46,60.61,2,Bank Transfer,1
CUST_04559,54,Female,4,One Year,DSL,Yes,No,Yes,68.73,156.77,2,Mailed Check,0
CUST_04560,28,Female,19,Month-to-Month,Fiber Optic,No,No,No,33.41,663.84,0,Electronic Check,0
CUST_04561,70,Female,15,Month-to-Month,Fiber Optic,No,Yes,No,96.1,1435.2,1,Electronic Check,1
CUST_04562,31,Male,1,Two Year,Fiber Optic,Yes,Yes,No,79.24,37.52,3,Bank Transfer,0
CUST_04563,48,Male,1,Month-to-Month,DSL,Yes,No,No,29.55,31.67,5,Bank Transfer,0
CUST_04564,56,Male,72,One Year,Fiber Optic,No,No,Yes,127.06,9133.42,1,Electronic Check,0
CUST_04565,36,Female,25,One Year,Fiber Optic,No,No,No,58.68,1379.79,2,Credit Card,1
CUST_04566,57,Male,10,Two Year,Fiber Optic,Yes,No,Yes,24.97,254.12,4,Bank Transfer,0
CUST_04567,26,Male,15,One Year,No,No,No,No,42.25,662.75,1,Electronic Check,0
CUST_04568,66,Male,7,Month-to-Month,Fiber Optic,No,No,No,20.0,112.54,2,Credit Card,0
CUST_04569,45,Female,10,Month-to-Month,DSL,No,No,No,105.78,1070.91,1,Credit Card,1
CUST_04570,36,Male,25,Two Year,Fiber Optic,No,Yes,No,97.41,2440.74,2,Bank Transfer,0
CUST_04571,40,Female,51,Two Year,Fiber Optic,Yes,No,No,87.18,4498.68,1,Credit Card,0
CUST_04572,57,Male,4,Month-to-Month,DSL,Yes,No,Yes,81.53,320.95,6,Electronic Check,0
CUST_04573,36,Male,44,One Year,Fiber Optic,No,No,No,102.45,4547.87,2,Credit Card,0
CUST_04574,33,Male,3,Month-to-Month,DSL,No,No,No,57.74,157.55,1,Electronic Check,1
CUST_04575,41,Female,5,Two Year,DSL,Yes,No,Yes,77.68,486.77,3,Bank Transfer,1
CUST_04576,27,Female,1,Two Year,No,No,Yes,No,40.64,18.8,4,Electronic Check,1
CUST_04577,72,Female,3,Two Year,No,No,Yes,No,60.4,146.94,1,Electronic Check,1
CUST_04578,36,Female,59,Two Year,Fiber Optic,Yes,Yes,Yes,78.5,4626.61,1,Credit Card,0
CUST_04579,57,Female,14,Two Year,Fiber Optic,No,No,No,20.0,243.6,3,Electronic Check,0
CUST_04580,48,Male,1,Month-to-Month,No,Yes,No,No,46.41,-16.02,3,Credit Card,1
CUST_04581,30,Male,72,Two Year,No,Yes,No,Yes,69.95,5072.75,2,Electronic Check,0
CUST_04582,44,Female,50,One Year,Fiber Optic,Yes,No,No,62.67,2980.59,1,Bank Transfer,0
CUST_04583,56,Female,33,Two Year,Fiber Optic,No,No,No,51.43,1661.25,1,Electronic Check,0
CUST_04584,42,Male,65,One Year,Fiber Optic,No,No,No,82.67,5306.76,1,Bank Transfer,0
CUST_04585,62,Female,5,Month-to-Month,DSL,No,Yes,No,43.77,225.95,3,Bank Transfer,1
CUST_04586,60,Male,43,One Year,Fiber Optic,No,No,Yes,28.34,1109.28,3,Bank Transfer,1
CUST_04587,58,Female,28,One Year,Fiber Optic,No,No,Yes,100.51,2841.76,3,Electronic Check,0
CUST_04588,38,Male,48,Month-to-Month,No,No,Yes,Yes,96.28,4654.22,1,Electronic Check,1
CUST_04589,28,Female,38,Month-to-Month,No,No,No,Yes,47.03,1705.34,3,Electronic Check,0
CUST_04590,35,Female,10,One Year,DSL,No,No,No,62.94,638.92,4,Credit Card,0
CUST_04591,47,Male,35,Month-to-Month,Fiber Optic,No,No,No,90.38,3189.09,3,Bank Transfer,0
CUST_04592,53,Male,7,Month-to-Month,DSL,No,No,No,66.32,511.26,2,Mailed Check,0
CUST_04593,18,Female,9,Month-to-Month,DSL,No,No,Yes,80.91,654.71,0,Electronic Check,1
CUST_04594,44,Female,2,Two Year,No,Yes,Yes,Yes,79.27,78.05,1,Mailed Check,0
CUST_04595,47,Male,65,One Year,Fiber Optic,Yes,No,No,55.42,3677.75,1,Bank Transfer,0
CUST_04596,40,Female,8,Month-to-Month,Fiber Optic,No,No,No,80.48,602.73,1,Electronic Check,1
CUST_04597,64,Male,17,One Year,DSL,No,No,No,36.05,586.51,4,Electronic Check,0
CUST_04598,51,Male,11,One Year,Fiber Optic,No,No,No,76.83,876.77,2,Electronic Check,0
CUST_04599,64,Female,72,Month-to-Month,Fiber Optic,No,No,No,62.78,4461.49,3,Bank Transfer,0
CUST_04600,41,Male,9,Month-to-Month,DSL,Yes,No,No,54.18,474.31,3,Bank Transfer,0
CUST_04601,59,Male,36,One Year,DSL,No,No,No,27.6,1038.11,2,Electronic Check,0
CUST_04602,69,Female,46,Month-to-Month,DSL,No,No,No,68.95,3100.63,3,Electronic Check,0
CUST_04603,64,Male,13,One Year,Fiber Optic,No,No,Yes,66.16,835.03,1,Electronic Check,0
CUST_04604,28,Male,11,Month-to-Month,No,No,No,No,39.81,381.58,2,Electronic Check,1
CUST_04605,41,Male,33,Month-to-Month,No,No,No,Yes,20.0,621.3,1,Bank Transfer,0
CUST_04606,39,Male,58,Two Year,No,No,Yes,Yes,20.0,1219.28,2,Electronic Check,0
CUST_04607,52,Female,33,Month-to-Month,No,No,No,Yes,57.38,1963.72,2,Mailed Check,0
CUST_04608,55,Male,6,One Year,No,No,No,Yes,74.19,458.06,4,Bank Transfer,1
CUST_04609,32,Female,52,Month-to-Month,Fiber Optic,No,No,No,120.5,6292.57,0,Credit Card,1
CUST_04610,46,Male,11,Month-to-Month,Fiber Optic,No,Yes,No,63.65,725.34,2,Electronic Check,0
CUST_04611,18,Female,20,Month-to-Month,Fiber Optic,No,No,No,20.0,366.38,3,Electronic Check,0
CUST_04612,66,Male,42,Month-to-Month,No,No,No,Yes,58.79,2481.19,4,Electronic Check,0
CUST_04613,37,Female,5,Month-to-Month,DSL,No,No,Yes,102.54,447.94,1,Electronic Check,0
CUST_04614,45,Male,36,Month-to-Month,DSL,No,No,No,44.52,1554.65,5,Bank Transfer,0
CUST_04615,40,Male,21,One Year,No,Yes,No,Yes,98.56,2065.38,2,Bank Transfer,0
CUST_04616,62,Male,53,One Year,DSL,No,Yes,No,70.27,3671.35,1,Electronic Check,1
CUST_04617,18,Male,4,Month-to-Month,No,Yes,No,No,84.41,273.99,2,Electronic Check,1
CUST_04618,44,Female,13,Two Year,Fiber Optic,No,Yes,No,120.77,1534.36,0,Mailed Check,0
CUST_04619,43,Female,42,Month-to-Month,DSL,No,Yes,No,20.0,897.32,1,Electronic Check,1
CUST_04620,38,Male,1,Month-to-Month,Fiber Optic,Yes,Yes,No,91.9,169.75,0,Credit Card,1
CUST_04621,70,Female,2,One Year,No,Yes,No,Yes,62.16,122.69,2,Electronic Check,0
CUST_04622,31,Male,72,Month-to-Month,DSL,No,Yes,No,36.52,2658.88,1,Bank Transfer,1
CUST_04623,56,Male,7,Month-to-Month,Fiber Optic,No,Yes,No,61.98,405.69,2,Electronic Check,0
CUST_04624,50,Female,72,Month-to-Month,No,No,Yes,Yes,115.73,8229.21,3,Credit Card,1
CUST_04625,63,Female,4,Two Year,DSL,No,No,Yes,105.05,375.52,2,Bank Transfer,0
CUST_04626,34,Female,10,One Year,DSL,Yes,No,No,20.0,184.58,1,Electronic Check,0
CUST_04627,34,Male,33,Month-to-Month,DSL,Yes,No,No,41.9,1389.91,2,Mailed Check,0
CUST_04628,61,Male,25,Month-to-Month,DSL,No,No,Yes,93.29,2327.12,2,Bank Transfer,0
CUST_04629,51,Female,20,Two Year,DSL,Yes,Yes,No,64.35,1272.87,1,Electronic Check,0
CUST_04630,21,Male,18,One Year,Fiber Optic,No,Yes,No,64.46,1131.54,1,Credit Card,0
CUST_04631,36,Female,44,Month-to-Month,DSL,No,Yes,No,20.0,897.19,0,Mailed Check,0
CUST_04632,50,Female,6,Month-to-Month,No,No,No,No,42.64,187.62,5,Bank Transfer,0
CUST_04633,57,Female,14,Month-to-Month,DSL,Yes,No,No,24.25,379.66,1,Mailed Check,1
CUST_04634,34,Female,4,One Year,Fiber Optic,No,Yes,No,20.0,50.68,1,Mailed Check,0
CUST_04635,18,Female,21,Two Year,Fiber Optic,No,No,No,27.27,675.98,2,Mailed Check,0
CUST_04636,52,Female,6,Month-to-Month,No,No,No,Yes,37.16,207.18,1,Electronic Check,0
CUST_04637,26,Male,9,Month-to-Month,Fiber Optic,No,Yes,No,42.17,355.49,1,Bank Transfer,1
CUST_04638,18,Male,15,Two Year,DSL,No,Yes,No,39.74,567.91,3,Credit Card,0
CUST_04639,18,Female,1,One Year,No,Yes,No,No,95.61,72.1,2,Credit Card,0
CUST_04640,57,Female,2,One Year,DSL,No,Yes,Yes,37.79,105.93,2,Electronic Check,0
CUST_04641,46,Female,27,Month-to-Month,DSL,No,No,Yes,107.79,2908.1,2,Bank Transfer,0
CUST_04642,41,Male,13,One Year,Fiber Optic,No,No,No,50.48,705.6,1,Electronic Check,0
CUST_04643,65,Female,48,One Year,Fiber Optic,Yes,No,No,78.18,3775.67,2,Electronic Check,0
CUST_04644,54,Female,28,Month-to-Month,DSL,Yes,No,Yes,79.13,2217.33,2,Electronic Check,1
CUST_04645,69,Female,1,Two Year,Fiber Optic,No,Yes,Yes,38.06,56.71,2,Electronic Check,0
CUST_04646,24,Male,23,Two Year,Fiber Optic,Yes,Yes,No,55.16,1328.43,2,Credit Card,0
CUST_04647,44,Female,2,One Year,No,Yes,Yes,No,49.91,132.66,2,Bank Transfer,0
CUST_04648,20,Male,36,One Year,DSL,No,No,No,76.17,2756.26,1,Electronic Check,1
CUST_04649,41,Male,72,Month-to-Month,DSL,No,No,No,61.13,4422.83,4,Electronic Check,1
CUST_04650,41,Female,18,Month-to-Month,Fiber Optic,Yes,No,Yes,42.55,708.23,5,Electronic Check,1
CUST_04651,54,Male,27,Month-to-Month,DSL,No,No,No,68.57,1980.02,1,Bank Transfer,0
CUST_04652,45,Male,6,One Year,Fiber Optic,No,No,No,75.19,477.54,2,Mailed Check,0
CUST_04653,54,Male,13,Month-to-Month,Fiber Optic,No,No,No,120.5,1597.91,1,Bank Transfer,1
CUST_04654,55,Female,46,Two Year,Fiber Optic,No,Yes,Yes,67.04,3082.58,2,Credit Card,0
CUST_04655,77,Male,4,Month-to-Month,No,Yes,No,Yes,65.3,146.32,1,Mailed Check,0
CUST_04656,40,Female,7,One Year,No,No,Yes,No,77.85,531.7,2,Bank Transfer,0
CUST_04657,30,Female,14,One Year,Fiber Optic,Yes,Yes,No,36.52,515.05,3,Credit Card,0
CUST_04658,48,Female,29,One Year,No,No,Yes,No,20.0,538.86,1,Mailed Check,0
CUST_04659,32,Male,11,Two Year,DSL,No,No,No,55.64,570.43,4,Electronic Check,0
CUST_04660,67,Female,63,Two Year,Fiber Optic,Yes,No,Yes,97.16,6104.3,2,Mailed Check,0
CUST_04661,40,Male,2,Month-to-Month,Fiber Optic,No,Yes,No,102.01,242.59,1,Bank Transfer,0
CUST_04662,36,Male,11,Month-to-Month,No,Yes,No,No,20.0,282.79,1,Bank Transfer,1
CUST_04663,37,Male,29,Month-to-Month,Fiber Optic,Yes,Yes,No,84.98,2473.04,1,Bank Transfer,0
CUST_04664,55,Male,6,One Year,Fiber Optic,No,No,No,20.0,91.63,2,Bank Transfer,0
CUST_04665,42,Female,25,Month-to-Month,No,No,No,Yes,78.78,1951.27,4,Credit Card,0
CUST_04666,35,Female,4,One Year,Fiber Optic,Yes,No,No,76.98,312.9,0,Bank Transfer,0
CUST_04667,69,Male,1,Month-to-Month,Fiber Optic,No,No,No,20.0,30.9,2,Credit Card,1
CUST_04668,32,Female,3,One Year,DSL,Yes,No,No,95.0,306.75,2,Bank Transfer,0
CUST_04669,45,Female,63,One Year,DSL,Yes,No,No,117.32,7368.88,0,Bank Transfer,0
CUST_04670,54,Female,19,One Year,No,Yes,No,No,63.13,1225.85,3,Credit Card,0
CUST_04671,20,Male,38,One Year,Fiber Optic,Yes,No,No,69.23,2653.25,3,Credit Card,0
CUST_04672,52,Female,9,Month-to-Month,Fiber Optic,Yes,No,Yes,109.37,964.61,2,Bank Transfer,0
CUST_04673,29,Male,21,Month-to-Month,DSL,No,Yes,Yes,31.21,569.44,4,Bank Transfer,0
CUST_04674,57,Female,16,One Year,DSL,No,No,No,31.97,467.24,4,Electronic Check,0
CUST_04675,30,Male,69,Month-to-Month,DSL,No,Yes,Yes,39.82,2825.86,1,Mailed Check,0
CUST_04676,55,Male,33,Two Year,Fiber Optic,No,No,Yes,66.11,2097.03,1,Electronic Check,1
CUST_04677,61,Male,31,Two Year,DSL,No,No,No,66.03,2112.88,3,Mailed Check,1
CUST_04678,57,Female,1,Two Year,DSL,Yes,Yes,No,48.4,-38.03,0,Electronic Check,1
CUST_04679,48,Male,19,Month-to-Month,Fiber Optic,Yes,No,Yes,55.99,1025.07,1,Bank Transfer,0
CUST_04680,41,Female,15,One Year,Fiber Optic,Yes,No,Yes,48.81,713.46,2,Credit Card,0
CUST_04681,36,Male,63,Month-to-Month,DSL,No,No,Yes,50.25,3254.61,0,Electronic Check,1
CUST_04682,67,Female,7,Month-to-Month,Fiber Optic,Yes,Yes,No,41.94,294.92,3,Electronic Check,0
CUST_04683,34,Male,7,Month-to-Month,No,No,No,Yes,42.19,284.61,3,Credit Card,0
CUST_04684,29,Female,12,Month-to-Month,Fiber Optic,No,No,No,20.0,193.23,0,Bank Transfer,1
CUST_04685,54,Male,6,Month-to-Month,No,No,Yes,No,58.29,375.84,3,Bank Transfer,0
CUST_04686,33,Male,3,Month-to-Month,No,No,No,Yes,20.0,34.36,3,Bank Transfer,0
CUST_04687,30,Male,46,Two Year,DSL,Yes,No,Yes,87.52,4014.32,0,Electronic Check,0
CUST_04688,23,Female,19,Month-to-Month,DSL,Yes,No,No,48.2,897.93,2,Electronic Check,0
CUST_04689,37,Male,47,Two Year,Fiber Optic,No,No,Yes,61.42,2922.63,4,Credit Card,0
CUST_04690,43,Male,42,Month-to-Month,Fiber Optic,Yes,No,No,53.8,2297.85,0,Bank Transfer,0
CUST_04691,48,Male,7,Month-to-Month,Fiber Optic,Yes,No,No,57.68,359.22,2,Electronic Check,0
CUST_04692,59,Male,19,One Year,DSL,No,No,Yes,102.9,1923.76,3,Electronic Check,0
CUST_04693,52,Female,2,One Year,Fiber Optic,No,No,Yes,24.46,12.62,0,Bank Transfer,0
CUST_04694,42,Male,59,Month-to-Month,DSL,No,No,No,20.0,1189.17,2,Electronic Check,0
CUST_04695,42,Male,12,Month-to-Month,No,No,No,Yes,68.58,868.31,2,Electronic Check,1
CUST_04696,52,Female,12,Month-to-Month,DSL,No,No,Yes,50.12,611.32,2,Electronic Check,0
CUST_04697,64,Female,8,Month-to-Month,No,No,Yes,Yes,75.79,496.78,6,Electronic Check,0
CUST_04698,46,Female,14,One Year,DSL,Yes,Yes,No,86.5,1248.95,1,Bank Transfer,0
CUST_04699,37,Male,6,One Year,DSL,No,No,No,31.81,123.41,1,Credit Card,1
CUST_04700,30,Female,11,Month-to-Month,DSL,No,Yes,Yes,83.1,878.36,3,Electronic Check,0
CUST_04701,23,Female,38,Two Year,No,No,Yes,No,34.34,1314.91,0,Electronic Check,0
CUST_04702,54,Female,43,Month-to-Month,DSL,No,No,Yes,67.24,2887.01,0,Electronic Check,0
CUST_04703,53,Male,8,One Year,Fiber Optic,No,No,No,27.89,266.78,1,Credit Card,0
CUST_04704,53,Male,15,One Year,No,No,No,Yes,68.96,1003.93,3,Mailed Check,0
CUST_04705,43,Male,49,Two Year,Fiber Optic,Yes,Yes,Yes,64.37,3105.98,3,Mailed Check,0
CUST_04706,66,Female,1,Month-to-Month,DSL,No,Yes,No,31.91,16.33,4,Credit Card,1
CUST_04707,37,Male,52,One Year,No,No,No,Yes,24.25,1309.73,0,Mailed Check,0
CUST_04708,59,Female,5,Month-to-Month,No,Yes,No,Yes,87.52,469.08,2,Mailed Check,0
CUST_04709,44,Female,27,One Year,Fiber Optic,Yes,No,No,51.41,1392.43,1,Credit Card,0
CUST_04710,35,Female,20,Month-to-Month,Fiber Optic,No,No,No,95.36,1973.52,5,Mailed Check,0
CUST_04711,53,Male,19,Month-to-Month,No,No,No,No,48.7,982.51,4,Electronic Check,1
CUST_04712,51,Female,47,Two Year,No,No,Yes,No,104.07,4930.5,0,Bank Transfer,0
CUST_04713,50,Female,2,Month-to-Month,Fiber Optic,No,No,No,36.55,14.2,1,Credit Card,0
CUST_04714,46,Male,10,Two Year,No,No,Yes,Yes,109.18,1130.99,1,Credit Card,0
CUST_04715,44,Female,18,Two Year,DSL,No,Yes,Yes,70.23,1254.04,2,Bank Transfer,0
CUST_04716,80,Female,40,One Year,DSL,Yes,No,Yes,76.99,3060.01,1,Mailed Check,0
CUST_04717,62,Female,5,Month-to-Month,DSL,Yes,Yes,Yes,34.88,140.27,5,Credit Card,1
CUST_04718,55,Male,38,Month-to-Month,DSL,No,No,No,86.88,3292.72,2,Mailed Check,0
CUST_04719,46,Female,12,Two Year,Fiber Optic,No,No,Yes,87.92,1023.73,3,Bank Transfer,0
CUST_04720,60,Male,5,Month-to-Month,Fiber Optic,No,No,No,55.27,284.82,4,Electronic Check,0
CUST_04721,52,Male,34,One Year,DSL,No,No,Yes,20.0,671.35,2,Bank Transfer,0
CUST_04722,45,Female,2,One Year,Fiber Optic,No,No,Yes,31.6,74.23,0,Electronic Check,1
CUST_04723,40,Female,17,Two Year,DSL,Yes,No,No,31.6,564.79,1,Bank Transfer,0
CUST_04724,43,Female,1,One Year,No,Yes,No,Yes,78.48,63.76,1,Mailed Check,0
CUST_04725,18,Female,10,One Year,No,No,No,Yes,51.05,473.63,2,Electronic Check,0
CUST_04726,48,Male,22,Month-to-Month,DSL,Yes,No,No,51.63,1035.58,3,Bank Transfer,0
CUST_04727,37,Male,19,Month-to-Month,No,No,No,No,48.01,950.73,3,Mailed Check,0
CUST_04728,68,Female,12,Month-to-Month,DSL,No,No,No,109.08,1312.88,1,Bank Transfer,1
CUST_04729,45,Male,13,Two Year,Fiber Optic,No,No,No,66.36,853.88,3,Credit Card,0
CUST_04730,27,Female,6,One Year,No,No,No,No,70.93,484.19,5,Electronic Check,0
CUST_04731,44,Female,14,One Year,DSL,No,Yes,Yes,46.42,585.43,2,Mailed Check,0
CUST_04732,29,Female,72,One Year,Fiber Optic,No,No,Yes,64.11,4618.79,0,Credit Card,0
CUST_04733,52,Female,45,One Year,DSL,Yes,No,No,35.73,1559.62,5,Credit Card,0
CUST_04734,49,Male,3,Month-to-Month,DSL,No,No,Yes,75.31,258.74,0,Credit Card,0
CUST_04735,59,Male,1,Month-to-Month,Fiber Optic,No,Yes,Yes,30.6,-80.7,3,Credit Card,0
CUST_04736,33,Female,65,Month-to-Month,No,No,No,Yes,87.33,5716.43,2,Electronic Check,0
CUST_04737,45,Female,17,One Year,Fiber Optic,No,Yes,Yes,42.95,768.31,1,Electronic Check,0
CUST_04738,24,Male,18,Month-to-Month,No,Yes,No,No,93.45,1635.98,2,Electronic Check,0
CUST_04739,55,Male,36,One Year,No,No,No,Yes,122.22,4403.19,3,Electronic Check,0
CUST_04740,52,Male,9,One Year,DSL,Yes,No,Yes,65.03,540.22,2,Electronic Check,0
CUST_04741,52,Female,15,Month-to-Month,Fiber Optic,No,No,No,104.35,1586.61,2,Credit Card,1
CUST_04742,45,Male,72,Month-to-Month,Fiber Optic,No,Yes,No,87.54,6344.14,1,Mailed Check,0
CUST_04743,51,Female,26,Month-to-Month,Fiber Optic,No,No,No,22.02,522.18,3,Electronic Check,1
CUST_04744,69,Female,4,Month-to-Month,DSL,Yes,Yes,No,68.33,208.47,4,Bank Transfer,0
CUST_04745,40,Male,3,One Year,No,Yes,No,No,80.04,294.93,3,Electronic Check,0
CUST_04746,47,Female,5,Month-to-Month,Fiber Optic,No,No,No,82.93,511.72,1,Electronic Check,0
CUST_04747,28,Male,34,Two Year,Fiber Optic,No,Yes,Yes,70.35,2416.49,1,Electronic Check,0
CUST_04748,31,Female,8,One Year,Fiber Optic,No,No,Yes,69.96,588.1,1,Bank Transfer,0
CUST_04749,46,Female,1,Month-to-Month,DSL,No,No,No,65.15,48.55,0,Bank Transfer,1
CUST_04750,61,Female,69,One Year,Fiber Optic,No,Yes,Yes,69.0,4769.68,2,Electronic Check,0
CUST_04751,41,Female,4,One Year,No,No,No,Yes,28.29,130.69,2,Bank Transfer,0
CUST_04752,41,Female,1,One Year,No,No,No,Yes,57.91,48.79,0,Electronic Check,1
CUST_04753,38,Female,6,Month-to-Month,DSL,No,Yes,Yes,21.41,195.96,0,Electronic Check,0
CUST_04754,36,Male,6,Month-to-Month,Fiber Optic,No,Yes,Yes,50.07,309.26,0,Electronic Check,0
CUST_04755,49,Male,13,Month-to-Month,Fiber Optic,No,No,Yes,47.28,629.87,3,Electronic Check,0
CUST_04756,22,Female,60,Month-to-Month,DSL,No,No,Yes,45.36,2713.51,3,Mailed Check,0
CUST_04757,64,Male,50,One Year,DSL,No,Yes,Yes,33.44,1668.97,1,Bank Transfer,0
CUST_04758,35,Female,14,One Year,Fiber Optic,No,Yes,Yes,73.08,1084.03,3,Electronic Check,0
CUST_04759,55,Male,12,Two Year,Fiber Optic,Yes,No,No,55.46,672.79,0,Electronic Check,0
CUST_04760,25,Male,19,Month-to-Month,DSL,Yes,No,No,52.39,1003.82,5,Credit Card,0
CUST_04761,55,Female,6,Month-to-Month,DSL,No,Yes,No,22.77,145.75,2,Electronic Check,0
CUST_04762,55,Male,1,One Year,DSL,No,No,No,56.06,37.84,1,Bank Transfer,0
CUST_04763,50,Female,67,Month-to-Month,DSL,No,No,No,99.37,6587.12,3,Bank Transfer,1
CUST_04764,30,Male,4,Month-to-Month,Fiber Optic,No,No,No,99.82,477.93,2,Electronic Check,1
CUST_04765,48,Female,5,One Year,DSL,Yes,No,Yes,76.21,434.44,1,Electronic Check,0
CUST_04766,27,Male,15,Month-to-Month,DSL,Yes,No,No,56.15,904.63,2,Electronic Check,0
CUST_04767,41,Female,16,One Year,No,No,Yes,No,81.77,1254.69,2,Bank Transfer,0
CUST_04768,60,Male,1,Month-to-Month,DSL,No,Yes,Yes,44.98,117.23,2,Electronic Check,1
CUST_04769,56,Female,3,One Year,Fiber Optic,No,No,No,56.02,266.41,1,Mailed Check,0
CUST_04770,45,Male,11,Two Year,No,Yes,No,No,42.72,522.21,4,Credit Card,1
CUST_04771,30,Female,27,Month-to-Month,Fiber Optic,No,No,Yes,92.25,2573.17,3,Mailed Check,0
CUST_04772,54,Male,6,Two Year,Fiber Optic,No,Yes,No,88.4,570.29,1,Credit Card,0
CUST_04773,45,Female,13,One Year,Fiber Optic,Yes,No,Yes,63.96,789.14,2,Bank Transfer,0
CUST_04774,18,Male,19,Two Year,DSL,No,No,Yes,116.94,2247.2,3,Electronic Check,0
CUST_04775,56,Female,52,Month-to-Month,Fiber Optic,No,No,Yes,77.38,3972.51,2,Mailed Check,1
CUST_04776,44,Female,9,One Year,Fiber Optic,Yes,No,No,75.69,651.31,3,Credit Card,0
CUST_04777,63,Female,3,Month-to-Month,DSL,No,Yes,No,72.47,233.23,2,Electronic Check,1
CUST_04778,28,Female,16,One Year,Fiber Optic,Yes,No,No,27.13,443.2,1,Bank Transfer,0
CUST_04779,18,Male,32,One Year,No,Yes,No,No,38.17,1244.65,1,Electronic Check,0
CUST_04780,49,Male,2,Month-to-Month,DSL,Yes,No,Yes,63.36,37.12,1,Credit Card,1
CUST_04781,49,Male,13,Two Year,Fiber Optic,No,Yes,Yes,63.61,819.2,1,Bank Transfer,0
CUST_04782,19,Female,1,Month-to-Month,Fiber Optic,No,No,No,82.69,110.14,1,Electronic Check,0
CUST_04783,30,Female,1,Month-to-Month,No,No,Yes,No,44.96,82.38,2,Credit Card,1
CUST_04784,80,Female,15,One Year,No,No,Yes,No,67.12,1047.5,3,Electronic Check,1
CUST_04785,40,Female,8,One Year,Fiber Optic,No,Yes,Yes,67.66,553.82,3,Mailed Check,0
CUST_04786,55,Female,44,Month-to-Month,DSL,No,Yes,No,68.85,3010.26,5,Bank Transfer,0
CUST_04787,35,Male,22,Month-to-Month,DSL,No,No,Yes,65.49,1465.91,1,Credit Card,1
CUST_04788,18,Male,14,Two Year,DSL,No,No,Yes,22.88,305.4,3,Electronic Check,0
CUST_04789,42,Male,12,One Year,Fiber Optic,Yes,No,No,20.0,285.05,2,Credit Card,0
CUST_04790,41,Female,16,Month-to-Month,Fiber Optic,No,Yes,No,36.75,609.32,2,Electronic Check,0
CUST_04791,39,Female,1,Month-to-Month,No,No,Yes,Yes,49.07,45.98,3,Electronic Check,0
CUST_04792,43,Female,53,Two Year,Fiber Optic,No,No,No,29.65,1532.81,0,Electronic Check,0
CUST_04793,48,Female,72,One Year,Fiber Optic,Yes,Yes,No,63.33,4615.72,6,Bank Transfer,0
CUST_04794,42,Female,4,Two Year,Fiber Optic,No,Yes,Yes,97.7,418.77,0,Electronic Check,1
CUST_04795,26,Female,3,Month-to-Month,DSL,No,Yes,No,86.78,365.49,0,Electronic Check,0
CUST_04796,52,Female,3,One Year,Fiber Optic,No,No,Yes,78.99,263.28,2,Credit Card,0
CUST_04797,18,Male,25,One Year,Fiber Optic,Yes,No,No,94.56,2394.48,1,Electronic Check,0
CUST_04798,18,Male,25,Month-to-Month,No,Yes,No,No,37.26,858.27,4,Mailed Check,0
CUST_04799,56,Female,45,One Year,DSL,No,No,Yes,51.3,2323.85,3,Bank Transfer,0
CUST_04800,52,Female,33,One Year,No,No,No,No,83.45,2737.87,1,Electronic Check,0
CUST_04801,44,Female,14,Month-to-Month,Fiber Optic,No,No,Yes,50.76,752.02,3,Electronic Check,0
CUST_04802,24,Male,22,Two Year,DSL,No,Yes,Yes,52.41,1169.65,2,Bank Transfer,0
CUST_04803,34,Male,27,Two Year,DSL,Yes,No,No,120.87,3312.82,1,Bank Transfer,0
CUST_04804,41,Female,17,Two Year,DSL,No,Yes,Yes,67.86,1260.31,2,Credit Card,0
CUST_04805,21,Male,15,Two Year,Fiber Optic,No,No,Yes,117.91,1728.71,2,Mailed Check,0
CUST_04806,33,Male,24,Month-to-Month,DSL,No,Yes,No,20.0,527.34,2,Credit Card,1
CUST_04807,54,Male,19,Month-to-Month,Fiber Optic,No,No,No,46.07,909.59,1,Bank Transfer,1
CUST_04808,66,Female,24,Two Year,No,No,No,No,77.26,1953.31,1,Bank Transfer,0
CUST_04809,38,Male,22,Month-to-Month,Fiber Optic,No,No,No,67.81,1527.13,3,Electronic Check,0
CUST_04810,56,Male,30,Month-to-Month,Fiber Optic,No,No,No,20.0,630.07,5,Bank Transfer,0
CUST_04811,18,Female,24,One Year,DSL,No,No,No,58.11,1437.28,0,Bank Transfer,0
CUST_04812,54,Female,17,Month-to-Month,Fiber Optic,No,No,Yes,139.19,2412.3,5,Bank Transfer,0
CUST_04813,32,Male,27,One Year,DSL,Yes,Yes,No,72.41,2027.72,4,Bank Transfer,0
CUST_04814,49,Female,14,Month-to-Month,No,No,No,Yes,83.13,1122.89,2,Mailed Check,0
CUST_04815,41,Male,6,Month-to-Month,DSL,No,Yes,No,45.68,254.47,3,Bank Transfer,1
CUST_04816,64,Male,1,Two Year,Fiber Optic,No,No,No,72.3,159.06,0,Bank Transfer,0
CUST_04817,31,Female,19,One Year,Fiber Optic,No,No,No,64.63,1130.04,2,Electronic Check,0
CUST_04818,54,Female,21,One Year,Fiber Optic,No,No,No,98.56,2065.62,1,Electronic Check,0
CUST_04819,40,Male,72,One Year,No,No,No,No,97.61,7035.4,0,Credit Card,0
CUST_04820,42,Female,10,Two Year,DSL,Yes,No,No,77.23,763.41,0,Credit Card,0
CUST_04821,42,Female,12,One Year,DSL,No,No,No,67.13,884.6,1,Mailed Check,0
CUST_04822,32,Male,5,One Year,Fiber Optic,Yes,No,No,20.0,123.8,1,Credit Card,1
CUST_04823,44,Male,1,Two Year,Fiber Optic,No,No,Yes,20.0,0.63,2,Electronic Check,0
CUST_04824,44,Male,35,Month-to-Month,Fiber Optic,No,No,No,67.46,2329.29,4,Electronic Check,0
CUST_04825,48,Male,6,Two Year,DSL,Yes,No,No,91.24,561.53,3,Bank Transfer,0
CUST_04826,46,Male,22,Month-to-Month,Fiber Optic,No,No,No,104.95,2367.25,1,Credit Card,1
CUST_04827,56,Male,27,One Year,No,No,No,No,38.31,1041.23,3,Bank Transfer,0
CUST_04828,58,Female,15,Month-to-Month,Fiber Optic,No,No,Yes,20.0,293.28,1,Electronic Check,1
CUST_04829,29,Female,50,One Year,No,No,No,No,92.99,4614.67,0,Electronic Check,0
CUST_04830,58,Male,14,One Year,Fiber Optic,No,No,Yes,40.56,586.53,3,Bank Transfer,0
CUST_04831,27,Female,8,Two Year,DSL,No,No,No,20.0,175.93,2,Credit Card,0
CUST_04832,53,Female,54,Two Year,DSL,Yes,No,No,50.19,2674.03,3,Electronic Check,0
CUST_04833,54,Male,47,Two Year,Fiber Optic,No,No,Yes,49.67,2385.67,5,Mailed Check,0
CUST_04834,18,Female,4,Month-to-Month,Fiber Optic,Yes,Yes,No,104.61,503.72,3,Credit Card,1
CUST_04835,46,Female,1,Two Year,Fiber Optic,Yes,No,No,90.97,93.42,3,Mailed Check,0
CUST_04836,37,Male,2,Month-to-Month,Fiber Optic,No,No,No,42.88,100.86,0,Electronic Check,1
CUST_04837,33,Female,8,Two Year,No,No,Yes,No,106.94,800.26,3,Credit Card,0
CUST_04838,65,Female,72,Month-to-Month,Fiber Optic,No,No,Yes,68.75,4986.92,2,Mailed Check,0
CUST_04839,35,Male,19,One Year,Fiber Optic,No,No,Yes,96.83,1862.89,3,Electronic Check,1
CUST_04840,32,Female,11,Two Year,DSL,No,No,No,104.82,1136.66,2,Electronic Check,0
CUST_04841,46,Female,52,Two Year,Fiber Optic,Yes,No,Yes,57.12,2933.18,1,Mailed Check,0
CUST_04842,55,Female,14,One Year,No,No,Yes,No,82.14,1242.33,2,Bank Transfer,0
CUST_04843,42,Male,9,One Year,DSL,Yes,Yes,No,52.8,494.31,1,Bank Transfer,0
CUST_04844,62,Male,68,Month-to-Month,No,No,No,No,92.9,6271.53,2,Mailed Check,0
CUST_04845,52,Female,45,One Year,No,No,Yes,No,67.71,3089.65,3,Bank Transfer,0
CUST_04846,18,Female,44,One Year,Fiber Optic,No,Yes,No,93.81,4139.11,6,Electronic Check,0
CUST_04847,37,Male,17,Month-to-Month,DSL,No,No,No,110.74,1885.57,1,Bank Transfer,0
CUST_04848,36,Male,37,Month-to-Month,DSL,No,No,No,81.42,3061.36,3,Electronic Check,1
CUST_04849,52,Female,4,Month-to-Month,DSL,Yes,No,Yes,62.2,118.15,3,Electronic Check,0
CUST_04850,18,Male,20,One Year,DSL,No,Yes,Yes,62.7,1163.55,5,Credit Card,0
CUST_04851,80,Female,72,Month-to-Month,Fiber Optic,No,Yes,No,20.0,1508.96,4,Electronic Check,0
CUST_04852,52,Female,8,Month-to-Month,DSL,No,No,No,43.62,342.48,0,Electronic Check,0
CUST_04853,47,Male,37,Month-to-Month,Fiber Optic,Yes,No,Yes,92.98,3418.82,1,Electronic Check,0
CUST_04854,62,Male,16,One Year,DSL,No,No,No,94.1,1438.66,4,Electronic Check,0
CUST_04855,80,Female,1,One Year,DSL,Yes,No,No,42.96,52.66,3,Electronic Check,0
CUST_04856,58,Female,34,One Year,Fiber Optic,Yes,No,No,69.94,2393.73,7,Mailed Check,1
CUST_04857,59,Male,4,One Year,No,No,No,Yes,59.32,309.33,0,Credit Card,1
CUST_04858,46,Female,23,Month-to-Month,Fiber Optic,No,No,Yes,85.69,1989.45,1,Bank Transfer,0
CUST_04859,42,Male,2,Month-to-Month,Fiber Optic,Yes,No,No,131.26,247.38,0,Electronic Check,1
CUST_04860,37,Male,70,Two Year,Fiber Optic,No,No,Yes,86.25,6058.07,0,Electronic Check,0
CUST_04861,32,Male,8,Month-to-Month,Fiber Optic,No,No,No,44.89,414.63,1,Electronic Check,0
CUST_04862,34,Male,6,Month-to-Month,No,No,No,No,62.65,420.45,1,Electronic Check,1
CUST_04863,24,Male,3,One Year,DSL,No,Yes,Yes,107.06,352.25,5,Electronic Check,1
CUST_04864,43,Female,70,Month-to-Month,No,Yes,No,No,22.74,1605.51,4,Credit Card,0
CUST_04865,19,Male,29,Two Year,DSL,Yes,Yes,No,46.55,1320.83,3,Electronic Check,0
CUST_04866,47,Male,32,Month-to-Month,No,No,No,Yes,86.3,2709.93,1,Electronic Check,1
CUST_04867,44,Male,16,One Year,DSL,Yes,No,Yes,103.83,1601.73,1,Mailed Check,0
CUST_04868,47,Male,15,Month-to-Month,No,Yes,Yes,No,83.27,1268.73,2,Bank Transfer,0
CUST_04869,37,Male,2,Month-to-Month,No,No,No,No,46.8,118.51,3,Bank Transfer,0
CUST_04870,80,Male,19,Month-to-Month,DSL,Yes,Yes,No,81.1,1595.54,2,Credit Card,0
CUST_04871,65,Male,6,Two Year,No,No,No,No,77.43,492.66,1,Electronic Check,0
CUST_04872,26,Female,72,Two Year,DSL,No,No,No,75.52,5490.32,1,Electronic Check,0
CUST_04873,48,Female,38,Month-to-Month,DSL,No,No,Yes,62.09,2352.81,1,Electronic Check,1
CUST_04874,35,Female,12,Two Year,Fiber Optic,No,No,Yes,66.59,837.62,2,Mailed Check,0
CUST_04875,29,Female,3,One Year,No,Yes,No,Yes,37.78,63.25,2,Credit Card,0
CUST_04876,24,Male,36,Two Year,Fiber Optic,No,Yes,No,139.41,5015.61,4,Electronic Check,0
CUST_04877,51,Female,3,Two Year,Fiber Optic,No,No,Yes,69.71,117.56,1,Bank Transfer,0
CUST_04878,34,Male,5,Month-to-Month,Fiber Optic,No,No,No,81.46,408.86,2,Electronic Check,0
CUST_04879,59,Female,5,One Year,No,Yes,No,No,58.46,353.55,3,Bank Transfer,0
CUST_04880,59,Female,19,One Year,Fiber Optic,No,No,No,90.36,1720.34,5,Bank Transfer,0
CUST_04881,65,Male,37,Month-to-Month,DSL,No,Yes,Yes,26.05,999.83,3,Credit Card,1
CUST_04882,32,Male,9,Month-to-Month,DSL,Yes,Yes,No,20.0,193.66,2,Mailed Check,0
CUST_04883,52,Female,2,Two Year,DSL,Yes,No,No,64.09,99.65,2,Electronic Check,0
CUST_04884,54,Female,14,Two Year,Fiber Optic,Yes,Yes,No,126.62,1763.37,4,Bank Transfer,0
CUST_04885,37,Female,33,One Year,DSL,No,No,No,101.25,3400.22,1,Electronic Check,0
CUST_04886,33,Female,6,Two Year,DSL,Yes,No,Yes,40.75,280.31,1,Electronic Check,0
CUST_04887,69,Male,5,Two Year,No,No,No,Yes,80.48,371.53,5,Credit Card,1
CUST_04888,48,Female,70,Month-to-Month,DSL,No,Yes,No,45.92,3145.05,1,Mailed Check,0
CUST_04889,54,Female,72,Month-to-Month,Fiber Optic,No,No,No,77.79,5611.4,4,Bank Transfer,1
CUST_04890,32,Female,72,Month-to-Month,DSL,No,Yes,Yes,80.13,5740.4,2,Credit Card,1
CUST_04891,26,Female,39,Month-to-Month,DSL,No,No,Yes,92.79,3610.11,0,Electronic Check,1
CUST_04892,36,Female,5,Month-to-Month,DSL,No,No,No,20.0,27.28,0,Bank Transfer,0
CUST_04893,43,Male,5,One Year,Fiber Optic,No,Yes,No,27.03,187.2,1,Bank Transfer,0
CUST_04894,29,Male,9,Two Year,No,No,Yes,Yes,62.73,559.75,2,Credit Card,0
CUST_04895,44,Male,9,Two Year,DSL,Yes,Yes,No,34.03,308.98,1,Electronic Check,0
CUST_04896,19,Male,72,One Year,DSL,Yes,No,No,31.71,2241.35,2,Mailed Check,0
CUST_04897,28,Male,37,Two Year,Fiber Optic,Yes,No,No,73.16,2692.89,2,Mailed Check,0
CUST_04898,55,Female,30,One Year,Fiber Optic,No,No,No,37.52,1131.69,3,Electronic Check,0
CUST_04899,54,Male,4,Two Year,Fiber Optic,Yes,No,No,132.73,500.26,1,Mailed Check,0
CUST_04900,39,Male,57,Month-to-Month,No,No,No,Yes,49.01,2782.49,2,Mailed Check,0
CUST_04901,29,Female,42,Month-to-Month,Fiber Optic,No,Yes,No,56.89,2458.82,2,Electronic Check,0
CUST_04902,29,Male,4,Two Year,Fiber Optic,Yes,Yes,No,73.93,208.2,2,Credit Card,0
CUST_04903,39,Male,49,Month-to-Month,No,No,No,No,20.0,989.23,1,Mailed Check,0
CUST_04904,54,Male,7,One Year,Fiber Optic,No,Yes,No,80.26,522.51,3,Electronic Check,0
CUST_04905,58,Male,2,Month-to-Month,DSL,No,No,Yes,75.24,217.31,2,Electronic Check,0
CUST_04906,37,Female,25,One Year,DSL,No,Yes,Yes,54.52,1353.98,3,Electronic Check,0
CUST_04907,27,Female,25,Two Year,DSL,No,No,No,73.22,1778.09,3,Credit Card,0
CUST_04908,49,Male,2,Month-to-Month,DSL,Yes,No,Yes,77.85,144.92,1,Credit Card,1
CUST_04909,32,Female,9,Two Year,DSL,Yes,No,Yes,108.06,989.98,0,Credit Card,0
CUST_04910,37,Male,72,Month-to-Month,DSL,No,No,No,140.01,10219.35,3,Mailed Check,1
CUST_04911,64,Female,27,Month-to-Month,No,No,No,No,33.15,789.69,1,Credit Card,1
CUST_04912,57,Female,31,Month-to-Month,No,Yes,No,No,26.08,748.51,1,Credit Card,0
CUST_04913,47,Female,5,One Year,Fiber Optic,Yes,Yes,No,68.08,405.67,2,Electronic Check,0
CUST_04914,25,Female,1,Month-to-Month,No,No,No,No,20.0,-55.45,1,Bank Transfer,0
CUST_04915,48,Female,7,One Year,DSL,No,Yes,No,84.48,591.86,4,Credit Card,0
CUST_04916,60,Female,6,Month-to-Month,No,No,Yes,No,68.39,386.19,1,Electronic Check,0
CUST_04917,39,Female,6,Month-to-Month,Fiber Optic,No,No,Yes,76.02,424.09,2,Bank Transfer,0
CUST_04918,65,Female,5,One Year,DSL,Yes,No,No,55.89,270.85,1,Bank Transfer,0
CUST_04919,64,Female,20,Month-to-Month,DSL,No,No,No,72.65,1436.38,1,Mailed Check,0
CUST_04920,69,Female,9,Month-to-Month,DSL,Yes,No,No,79.17,765.36,3,Mailed Check,0
CUST_04921,49,Female,41,Month-to-Month,DSL,No,No,No,71.0,2977.44,3,Mailed Check,1
CUST_04922,53,Male,4,One Year,DSL,No,No,No,24.65,119.9,1,Mailed Check,0
CUST_04923,66,Female,14,One Year,DSL,No,No,No,70.16,970.44,4,Electronic Check,1
CUST_04924,51,Male,1,Month-to-Month,DSL,No,No,No,120.62,133.54,3,Bank Transfer,0
CUST_04925,37,Female,15,Month-to-Month,DSL,Yes,Yes,Yes,72.23,1123.65,1,Bank Transfer,0
CUST_04926,38,Male,1,Month-to-Month,No,No,No,Yes,69.11,119.2,3,Credit Card,0
CUST_04927,48,Male,72,Month-to-Month,DSL,No,No,Yes,111.8,8068.18,1,Electronic Check,1
CUST_04928,25,Male,37,Two Year,DSL,No,Yes,No,42.63,1653.75,1,Electronic Check,0
CUST_04929,42,Female,16,One Year,Fiber Optic,Yes,No,No,91.69,1436.22,2,Electronic Check,0
CUST_04930,61,Female,2,One Year,No,Yes,No,No,49.1,155.19,1,Mailed Check,0
CUST_04931,18,Female,21,Month-to-Month,DSL,No,Yes,No,97.6,2084.77,2,Electronic Check,0
CUST_04932,68,Female,34,One Year,No,No,No,No,88.94,2993.51,2,Mailed Check,0
CUST_04933,61,Male,5,Two Year,DSL,Yes,Yes,No,52.63,274.79,2,Bank Transfer,0
CUST_04934,38,Female,20,One Year,DSL,No,No,Yes,57.02,1155.49,7,Electronic Check,0
CUST_04935,53,Female,40,One Year,DSL,Yes,No,No,94.33,3766.27,2,Bank Transfer,0
CUST_04936,45,Female,35,One Year,Fiber Optic,Yes,Yes,No,20.0,692.35,3,Credit Card,0
CUST_04937,63,Female,38,One Year,DSL,Yes,Yes,Yes,51.74,1889.96,0,Electronic Check,0
CUST_04938,59,Female,50,Month-to-Month,Fiber Optic,Yes,Yes,Yes,83.61,4146.16,3,Bank Transfer,0
CUST_04939,23,Female,66,One Year,DSL,No,Yes,No,55.76,3668.03,3,Mailed Check,0
CUST_04940,53,Female,12,Month-to-Month,Fiber Optic,No,No,No,69.05,799.92,1,Bank Transfer,0
CUST_04941,41,Female,20,One Year,DSL,Yes,No,No,20.0,357.22,3,Bank Transfer,0
CUST_04942,46,Male,37,Two Year,Fiber Optic,No,Yes,No,39.37,1509.58,5,Electronic Check,0
CUST_04943,34,Male,28,Two Year,Fiber Optic,No,No,No,85.38,2385.54,4,Bank Transfer,1
CUST_04944,71,Female,72,Month-to-Month,Fiber Optic,No,No,Yes,42.47,3166.16,0,Electronic Check,1
CUST_04945,60,Female,1,Month-to-Month,DSL,No,Yes,No,25.93,37.06,0,Credit Card,1
CUST_04946,33,Female,10,Month-to-Month,No,No,No,Yes,96.85,1020.49,1,Electronic Check,0
CUST_04947,24,Female,7,One Year,Fiber Optic,No,No,No,80.47,552.89,0,Electronic Check,0
CUST_04948,39,Male,7,Two Year,DSL,No,Yes,Yes,32.34,193.32,5,Electronic Check,1
CUST_04949,51,Male,6,One Year,No,Yes,No,No,69.16,428.07,1,Credit Card,0
CUST_04950,48,Female,29,Month-to-Month,Fiber Optic,No,No,No,33.32,1031.1,1,Bank Transfer,0
CUST_04951,63,Male,2,Two Year,Fiber Optic,No,Yes,No,60.43,116.4,3,Credit Card,0
CUST_04952,56,Male,32,Two Year,DSL,No,No,Yes,70.28,2271.29,0,Bank Transfer,0
CUST_04953,59,Female,28,Month-to-Month,Fiber Optic,No,No,Yes,40.75,1153.74,3,Electronic Check,0
CUST_04954,49,Female,6,One Year,DSL,No,Yes,Yes,87.27,518.72,1,Credit Card,0
CUST_04955,24,Female,6,One Year,Fiber Optic,No,No,Yes,91.92,549.18,2,Electronic Check,0
CUST_04956,42,Male,23,One Year,Fiber Optic,No,Yes,No,72.91,1626.94,1,Electronic Check,0
CUST_04957,60,Male,34,Two Year,Fiber Optic,No,No,No,77.42,2631.71,1,Electronic Check,0
CUST_04958,44,Female,50,Month-to-Month,DSL,No,Yes,No,21.42,1103.42,0,Electronic Check,0
CUST_04959,52,Female,45,One Year,No,Yes,No,No,105.87,4778.74,2,Electronic Check,0
CUST_04960,40,Male,72,One Year,DSL,Yes,No,Yes,62.26,4491.95,2,Electronic Check,0
CUST_04961,29,Male,20,Two Year,Fiber Optic,No,No,No,36.94,775.1,3,Electronic Check,0
CUST_04962,43,Female,57,Two Year,Fiber Optic,Yes,Yes,No,69.38,3964.13,1,Bank Transfer,0
CUST_04963,49,Male,39,Two Year,Fiber Optic,No,No,No,87.36,3407.9,2,Electronic Check,0
CUST_04964,35,Female,54,One Year,DSL,No,Yes,No,80.37,4376.76,4,Bank Transfer,0
CUST_04965,41,Female,1,Two Year,DSL,No,No,No,32.46,39.29,3,Electronic Check,0
CUST_04966,30,Male,72,Month-to-Month,DSL,No,Yes,No,87.73,6304.67,2,Credit Card,0
CUST_04967,61,Male,15,Month-to-Month,Fiber Optic,No,No,No,63.18,971.12,0,Electronic Check,1
CUST_04968,40,Male,38,Month-to-Month,DSL,No,Yes,No,80.04,3039.61,4,Credit Card,0
CUST_04969,66,Female,3,Two Year,Fiber Optic,No,No,No,40.95,108.78,3,Mailed Check,0
CUST_04970,67,Female,12,Two Year,Fiber Optic,No,No,Yes,96.38,1164.3,2,Bank Transfer,0
CUST_04971,43,Female,7,Month-to-Month,DSL,No,No,No,70.48,501.72,0,Electronic Check,1
CUST_04972,29,Female,8,Month-to-Month,DSL,No,No,Yes,100.66,750.14,2,Electronic Check,0
CUST_04973,18,Female,3,Two Year,DSL,No,No,No,20.0,76.66,0,Credit Card,0
CUST_04974,22,Female,39,One Year,DSL,No,No,No,22.96,987.67,0,Mailed Check,1
CUST_04975,24,Male,1,Two Year,Fiber Optic,Yes,No,No,57.8,8.82,2,Mailed Check,0
CUST_04976,65,Female,8,Month-to-Month,Fiber Optic,Yes,No,No,109.03,847.1,2,Credit Card,0
CUST_04977,46,Female,4,Month-to-Month,Fiber Optic,No,No,No,123.88,634.54,2,Electronic Check,0
CUST_04978,50,Female,21,Month-to-Month,DSL,No,No,Yes,38.35,764.18,0,Electronic Check,1
CUST_04979,18,Female,7,Month-to-Month,No,No,No,No,66.59,530.46,2,Bank Transfer,0
CUST_04980,27,Male,7,Month-to-Month,DSL,Yes,Yes,No,69.65,476.15,1,Bank Transfer,0
CUST_04981,58,Female,16,Month-to-Month,DSL,No,No,No,86.54,1387.72,0,Bank Transfer,1
CUST_04982,49,Male,25,Month-to-Month,Fiber Optic,No,No,Yes,91.55,2282.16,2,Credit Card,1
CUST_04983,42,Male,3,Month-to-Month,No,No,No,No,31.57,115.99,1,Electronic Check,1
CUST_04984,53,Female,4,Two Year,DSL,No,No,No,66.94,188.76,4,Bank Transfer,0
CUST_04985,69,Female,6,Month-to-Month,Fiber Optic,No,No,Yes,20.0,129.31,1,Mailed Check,0
CUST_04986,41,Male,72,Month-to-Month,No,Yes,No,No,89.32,6411.14,2,Bank Transfer,0
CUST_04987,46,Male,12,Two Year,Fiber Optic,No,No,Yes,54.84,564.94,0,Electronic Check,1
CUST_04988,47,Female,21,One Year,DSL,No,Yes,No,28.84,661.65,2,Mailed Check,0
CUST_04989,80,Male,6,One Year,No,No,Yes,No,74.98,344.48,2,Electronic Check,0
CUST_04990,18,Female,16,One Year,Fiber Optic,No,No,No,53.9,969.89,1,Bank Transfer,0
CUST_04991,55,Female,1,Two Year,Fiber Optic,No,No,No,102.84,133.69,3,Electronic Check,0
CUST_04992,43,Male,1,Two Year,Fiber Optic,Yes,No,Yes,38.22,-29.83,2,Credit Card,1
CUST_04993,53,Female,15,One Year,No,Yes,Yes,No,131.69,2042.23,0,Bank Transfer,0
CUST_04994,35,Female,12,Two Year,Fiber Optic,No,Yes,Yes,90.64,1050.12,1,Mailed Check,0
CUST_04995,44,Female,3,One Year,DSL,No,No,No,103.63,275.65,0,Credit Card,1
CUST_04996,55,Male,27,Month-to-Month,Fiber Optic,Yes,No,Yes,34.13,831.59,0,Mailed Check,0
CUST_04997,80,Male,72,Two Year,DSL,No,Yes,No,118.65,8499.87,0,Bank Transfer,0
CUST_04998,57,Male,12,One Year,DSL,No,No,No,28.62,306.17,3,Electronic Check,1
CUST_04999,32,Female,23,Two Year,Fiber Optic,Yes,Yes,No,58.71,1391.14,1,Bank Transfer,0
