transaction_id,product,quantity
T000000,Sugar,1
T000000,Eggs,1
T000000,Yogurt,3
T000000,Milk,3
T000000,Beef,3
T000000,Bananas,2
T000000,Bread,4
T000000,Onions,4
T000001,Eggs,2
T000001,Orange Juice,1
T000001,Tea,2
T000001,Yogurt,1
T000001,Bread,2
T000002,Cheese,3
T000002,Sugar,2
T000002,Rice,2
T000002,Onions,4
T000003,Butter,3
T000003,Eggs,1
T000003,Bread,1
T000003,Milk,1
T000004,Cheese,3
T000004,Eggs,3
T000004,Butter,2
T000004,Orange Juice,4
T000004,Yogurt,1
T000004,Rice,3
T000004,Coffee,4
T000004,Bread,4
T000005,Butter,4
T000005,Tea,1
T000005,Pasta,4
T000005,Chicken,4
T000005,Beef,2
T000005,Tomatoes,1
T000005,Bread,3
T000005,Onions,3
T000006,Eggs,3
T000006,Orange Juice,2
T000006,Tea,1
T000006,Rice,1
T000006,Milk,1
T000006,Onions,3
T000007,Orange Juice,1
T000007,Rice,2
T000007,Beef,4
T000007,Flour,4
T000007,Tomatoes,2
T000007,Onions,3
T000008,Tomatoes,1
T000008,Butter,4
T000009,Flour,4
T000009,Sugar,1
T000010,Flour,2
T000010,Cheese,2
T000010,Beef,3
T000011,Eggs,1
T000011,Butter,4
T000011,Tea,4
T000011,Yogurt,3
T000011,Chicken,1
T000011,Flour,4
T000011,Bananas,4
T000012,Sugar,3
T000012,Butter,2
T000012,Orange Juice,3
T000012,Pasta,2
T000012,Milk,2
T000012,Flour,2
T000012,Coffee,2
T000012,Tomatoes,2
T000013,Apples,2
T000013,Sugar,1
T000013,Yogurt,2
T000013,Chicken,3
T000013,Bananas,4
T000014,Flour,2
T000015,Cheese,2
T000015,Butter,3
T000015,Onions,2
T000016,Flour,2
T000016,Cheese,3
T000016,Beef,1
T000017,Rice,4
T000017,Onions,4
T000018,Cheese,2
T000018,Sugar,1
T000018,Orange Juice,2
T000018,Rice,3
T000018,Yogurt,3
T000018,Onions,1
T000019,Flour,2
T000019,Eggs,4
T000019,Butter,3
T000019,Onions,1
T000020,Sugar,4
T000020,Eggs,3
T000020,Tea,2
T000020,Yogurt,2
T000020,Bread,3
T000020,Onions,2
T000021,Rice,3
T000022,Yogurt,2
T000022,Orange Juice,2
T000022,Rice,2
T000023,Apples,4
T000023,Eggs,4
T000024,Tomatoes,1
T000024,Orange Juice,2
T000024,Beef,4
T000025,Chicken,3
T000026,Eggs,4
T000026,Orange Juice,2
T000026,Tea,1
T000026,Yogurt,2
T000026,Milk,3
T000026,Bread,2
T000027,Sugar,1
T000027,Tomatoes,4
T000028,Sugar,4
T000028,Butter,1
T000028,Yogurt,2
T000028,Milk,1
T000028,Chicken,2
T000028,Beef,2
T000028,Tomatoes,4
T000028,Bread,1
T000029,Apples,3
T000029,Orange Juice,4
T000029,Yogurt,3
T000029,Flour,1
T000029,Bananas,3
T000030,Eggs,1
T000030,Butter,4
T000030,Pasta,4
T000030,Milk,1
T000030,Bananas,1
T000030,Tomatoes,2
T000030,Bread,3
T000030,Onions,1
T000031,Eggs,3
T000031,Butter,1
T000031,Rice,2
T000031,Yogurt,3
T000031,Beef,1
T000031,Onions,2
T000032,Flour,1
T000032,Butter,1
T000032,Onions,2
T000033,Flour,4
T000033,Pasta,1
T000033,Onions,2
T000034,Sugar,1
T000034,Eggs,2
T000034,Milk,1
T000034,Beef,4
T000034,Flour,3
T000034,Bread,4
T000035,Sugar,3
T000035,Eggs,4
T000035,Butter,3
T000035,Yogurt,3
T000035,Milk,2
T000035,Chicken,4
T000035,Coffee,4
T000035,Bread,4
T000036,Sugar,1
T000036,Tea,2
T000036,Rice,1
T000036,Bananas,3
T000036,Coffee,1
T000037,Sugar,3
T000037,Eggs,3
T000037,Butter,3
T000037,Rice,3
T000037,Yogurt,2
T000037,Bananas,3
T000037,Coffee,3
T000037,Bread,4
T000038,Eggs,2
T000038,Butter,3
T000038,Tea,1
T000038,Beef,1
T000038,Bread,2
T000038,Onions,3
T000039,Sugar,2
T000039,Rice,3
T000039,Pasta,4
T000039,Chicken,4
T000039,Coffee,2
T000039,Tomatoes,3
T000039,Onions,2
T000040,Sugar,3
T000040,Rice,1
T000040,Milk,4
T000040,Beef,1
T000040,Flour,2
T000040,Bananas,2
T000040,Coffee,2
T000040,Onions,4
T000041,Bananas,4
T000041,Sugar,2
T000041,Rice,1
T000042,Flour,4
T000042,Tomatoes,3
T000043,Orange Juice,3
T000044,Bananas,3
T000044,Tomatoes,3
T000044,Orange Juice,2
T000045,Sugar,1
T000045,Cheese,2
T000045,Eggs,4
T000045,Rice,2
T000045,Milk,2
T000045,Chicken,2
T000045,Bread,1
T000046,Coffee,1
T000046,Eggs,4
T000046,Bread,3
T000046,Butter,2
T000047,Cheese,1
T000047,Sugar,4
T000048,Cheese,3
T000048,Butter,3
T000048,Orange Juice,4
T000048,Rice,3
T000048,Beef,1
T000048,Tomatoes,3
T000048,Bread,1
T000049,Cheese,4
T000049,Eggs,1
T000049,Butter,3
T000049,Tea,4
T000049,Rice,2
T000049,Milk,1
T000049,Beef,4
T000049,Bread,1
T000050,Tea,1
T000051,Cheese,4
T000051,Butter,1
T000051,Milk,3
T000051,Chicken,3
T000051,Flour,3
T000051,Coffee,4
T000051,Tomatoes,2
T000052,Chicken,2
T000052,Butter,1
T000053,Apples,3
T000053,Sugar,4
T000053,Orange Juice,1
T000053,Pasta,3
T000053,Yogurt,4
T000053,Milk,1
T000053,Flour,4
T000053,Coffee,2
T000053,Onions,2
T000054,Tomatoes,4
T000054,Pasta,4
T000055,Beef,1
T000056,Apples,4
T000056,Eggs,2
T000056,Pasta,4
T000056,Beef,1
T000056,Coffee,1
T000056,Tomatoes,1
T000056,Onions,3
T000057,Orange Juice,3
T000057,Tea,4
T000058,Flour,3
T000058,Sugar,1
T000058,Pasta,3
T000058,Onions,2
T000059,Butter,2
T000060,Bread,4
T000060,Tea,2
T000061,Butter,1
T000062,Apples,1
T000062,Cheese,3
T000062,Eggs,4
T000062,Butter,2
T000062,Orange Juice,3
T000062,Yogurt,3
T000062,Milk,4
T000062,Flour,3
T000062,Tomatoes,3
T000062,Bread,4
T000063,Orange Juice,3
T000064,Eggs,1
T000064,Butter,1
T000064,Orange Juice,2
T000064,Pasta,3
T000064,Chicken,1
T000064,Tomatoes,3
T000064,Bread,1
T000064,Onions,1
T000065,Apples,3
T000065,Eggs,2
T000065,Butter,1
T000065,Rice,2
T000065,Milk,1
T000065,Flour,1
T000066,Beef,1
T000066,Tea,4
T000067,Flour,1
T000067,Bananas,2
T000067,Chicken,4
T000068,Butter,4
T000068,Onions,1
T000069,Sugar,1
T000069,Eggs,3
T000069,Butter,1
T000069,Yogurt,1
T000069,Milk,1
T000069,Coffee,2
T000069,Bread,4
T000070,Eggs,1
T000070,Butter,4
T000070,Tea,3
T000070,Milk,2
T000070,Beef,4
T000070,Tomatoes,4
T000070,Bread,4
T000070,Onions,1
T000071,Eggs,2
T000071,Butter,4
T000071,Orange Juice,3
T000071,Milk,2
T000071,Chicken,2
T000071,Bread,2
T000072,Cheese,1
T000072,Eggs,3
T000072,Tea,3
T000072,Rice,3
T000072,Flour,1
T000072,Tomatoes,1
T000072,Bread,3
T000072,Onions,4
T000073,Butter,1
T000073,Bread,1
T000073,Pasta,4
T000073,Onions,4
T000074,Pasta,2
T000074,Yogurt,3
T000075,Butter,4
T000075,Eggs,2
T000075,Bread,2
T000075,Milk,3
T000076,Cheese,4
T000076,Sugar,4
T000076,Butter,2
T000076,Eggs,4
T000076,Rice,1
T000076,Milk,2
T000076,Flour,1
T000076,Coffee,1
T000076,Bread,1
T000076,Tomatoes,1
T000077,Sugar,1
T000077,Cheese,2
T000077,Eggs,1
T000077,Tea,3
T000077,Beef,3
T000077,Tomatoes,4
T000078,Cheese,1
T000079,Apples,2
T000079,Eggs,2
T000079,Butter,3
T000079,Tea,2
T000079,Milk,1
T000079,Bread,4
T000079,Onions,4
T000080,Chicken,4
T000081,Tomatoes,3
T000081,Eggs,1
T000081,Milk,3
T000082,Chicken,2
T000082,Tomatoes,3
T000082,Pasta,2
T000082,Onions,1
T000083,Flour,4
T000083,Rice,2
T000083,Onions,1
T000084,Coffee,3
T000084,Eggs,3
T000084,Bread,2
T000084,Sugar,4
T000085,Apples,4
T000085,Tomatoes,1
T000085,Pasta,2
T000085,Tea,4
T000086,Eggs,2
T000086,Butter,1
T000086,Pasta,3
T000086,Milk,2
T000086,Onions,3
T000087,Coffee,4
T000087,Onions,1
T000088,Rice,2
T000089,Bananas,3
T000089,Rice,1
T000089,Onions,3
T000090,Coffee,4
T000090,Sugar,1
T000090,Butter,3
T000090,Pasta,4
T000090,Tomatoes,4
T000090,Onions,3
T000091,Bananas,4
T000091,Sugar,1
T000091,Orange Juice,1
T000092,Apples,3
T000092,Sugar,4
T000092,Eggs,1
T000092,Milk,2
T000092,Beef,1
T000092,Flour,2
T000092,Coffee,4
T000092,Bread,4
T000093,Tomatoes,1
T000093,Eggs,2
T000093,Bread,4
T000093,Onions,4
T000094,Rice,3
T000095,Butter,3
T000095,Orange Juice,1
T000095,Tea,1
T000095,Pasta,3
T000095,Bananas,3
T000095,Tomatoes,4
T000095,Onions,4
T000096,Apples,2
T000096,Sugar,4
T000096,Eggs,1
T000096,Butter,4
T000096,Chicken,3
T000096,Beef,4
T000096,Tomatoes,1
T000096,Bread,4
T000097,Cheese,4
T000097,Sugar,1
T000097,Eggs,1
T000097,Orange Juice,1
T000097,Butter,3
T000097,Rice,3
T000097,Milk,1
T000097,Tomatoes,3
T000097,Bread,4
T000098,Flour,2
T000098,Butter,4
T000098,Bread,3
T000099,Apples,3
T000100,Flour,3
T000100,Sugar,4
T000100,Coffee,3
T000101,Yogurt,1
T000101,Pasta,2
T000101,Bananas,4
T000101,Tomatoes,2
T000101,Onions,2
T000102,Sugar,4
T000102,Milk,3
T000102,Flour,2
T000102,Bananas,4
T000102,Coffee,1
T000102,Tomatoes,3
T000102,Onions,2
T000103,Butter,3
T000103,Yogurt,3
T000104,Beef,4
T000104,Tomatoes,1
T000104,Eggs,3
T000104,Rice,3
T000105,Eggs,2
T000105,Butter,1
T000105,Tea,1
T000105,Milk,1
T000105,Bread,2
T000106,Sugar,3
T000106,Tea,1
T000106,Flour,1
T000106,Tomatoes,4
T000106,Onions,1
T000107,Apples,3
T000107,Eggs,3
T000107,Yogurt,2
T000107,Milk,4
T000107,Chicken,3
T000107,Bananas,2
T000107,Coffee,4
T000108,Butter,3
T000109,Eggs,4
T000109,Milk,1
T000110,Tomatoes,4
T000110,Pasta,3
T000110,Onions,4
T000111,Apples,4
T000111,Cheese,2
T000111,Beef,4
T000111,Onions,1
T000112,Bananas,3
T000112,Butter,3
T000112,Pasta,4
T000112,Onions,4
T000113,Flour,4
T000113,Sugar,3
T000113,Beef,3
T000114,Eggs,1
T000114,Yogurt,2
T000114,Chicken,1
T000114,Bananas,4
T000114,Bread,2
T000114,Onions,3
T000115,Cheese,4
T000115,Eggs,3
T000115,Tea,4
T000116,Sugar,1
T000116,Eggs,4
T000116,Butter,1
T000116,Milk,3
T000116,Bread,3
T000116,Onions,4
T000117,Apples,4
T000117,Orange Juice,2
T000117,Milk,2
T000117,Beef,2
T000117,Tomatoes,1
T000117,Bread,3
T000118,Flour,4
T000118,Cheese,2
T000118,Yogurt,1
T000118,Tea,1
T000119,Pasta,2
T000119,Onions,1
T000120,Sugar,3
T000120,Tea,1
T000120,Yogurt,4
T000120,Bananas,1
T000120,Coffee,4
T000120,Tomatoes,2
T000121,Sugar,2
T000122,Tomatoes,3
T000123,Apples,1
T000123,Eggs,4
T000123,Butter,4
T000123,Orange Juice,1
T000123,Yogurt,1
T000123,Milk,1
T000123,Beef,1
T000123,Bread,2
T000124,Cheese,2
T000124,Eggs,2
T000124,Orange Juice,1
T000124,Chicken,2
T000124,Beef,1
T000125,Cheese,2
T000125,Sugar,3
T000125,Eggs,4
T000125,Milk,2
T000125,Beef,4
T000125,Tomatoes,2
T000125,Bread,3
T000126,Cheese,1
T000126,Sugar,3
T000126,Pasta,3
T000126,Milk,4
T000126,Chicken,4
T000126,Bananas,2
T000126,Coffee,4
T000126,Tomatoes,4
T000126,Onions,4
T000127,Eggs,1
T000127,Butter,3
T000127,Rice,4
T000127,Milk,4
T000127,Beef,1
T000127,Onions,4
T000128,Butter,3
T000128,Orange Juice,3
T000128,Beef,3
T000128,Bananas,4
T000128,Bread,3
T000129,Sugar,2
T000129,Pasta,3
T000129,Milk,4
T000129,Chicken,4
T000129,Beef,2
T000129,Bananas,2
T000129,Coffee,4
T000130,Tea,4
T000130,Rice,2
T000130,Pasta,2
T000130,Beef,3
T000130,Tomatoes,4
T000130,Onions,4
T000131,Flour,1
T000131,Apples,2
T000131,Rice,4
T000131,Onions,2
T000132,Flour,2
T000132,Cheese,4
T000132,Butter,1
T000132,Rice,4
T000133,Cheese,1
T000133,Butter,4
T000133,Milk,3
T000133,Chicken,3
T000133,Bananas,4
T000133,Bread,2
T000134,Sugar,4
T000134,Pasta,1
T000134,Yogurt,2
T000134,Milk,1
T000134,Beef,4
T000134,Flour,2
T000134,Coffee,4
T000134,Bread,3
T000135,Eggs,3
T000135,Bread,3
T000135,Yogurt,4
T000135,Tea,4
T000136,Sugar,4
T000136,Eggs,3
T000136,Butter,2
T000136,Orange Juice,2
T000136,Pasta,2
T000136,Milk,1
T000136,Coffee,2
T000136,Bread,1
T000136,Onions,1
T000137,Orange Juice,1
T000137,Milk,2
T000137,Coffee,3
T000137,Bread,1
T000137,Tomatoes,1
T000138,Yogurt,3
T000139,Apples,2
T000139,Coffee,1
T000139,Eggs,3
T000139,Bread,3
T000140,Chicken,1
T000141,Cheese,3
T000141,Butter,4
T000141,Tea,2
T000141,Rice,4
T000141,Milk,2
T000141,Beef,1
T000141,Bananas,1
T000141,Coffee,2
T000142,Butter,3
T000142,Orange Juice,1
T000142,Rice,1
T000142,Beef,2
T000142,Bread,2
T000143,Cheese,4
T000143,Eggs,1
T000143,Butter,1
T000143,Rice,3
T000143,Milk,4
T000143,Chicken,3
T000143,Bananas,1
T000143,Bread,2
T000143,Onions,4
T000144,Sugar,4
T000144,Orange Juice,1
T000145,Sugar,2
T000145,Eggs,4
T000145,Butter,2
T000145,Orange Juice,4
T000145,Tea,1
T000145,Rice,1
T000145,Milk,1
T000145,Coffee,1
T000146,Chicken,2
T000146,Rice,2
T000146,Flour,4
T000147,Sugar,4
T000147,Tea,2
T000147,Yogurt,1
T000147,Pasta,4
T000147,Tomatoes,2
T000147,Bread,3
T000147,Onions,1
T000148,Coffee,4
T000148,Sugar,4
T000148,Butter,4
T000148,Orange Juice,4
T000148,Pasta,4
T000148,Milk,2
T000148,Flour,3
T000148,Tomatoes,3
T000148,Bread,2
T000149,Tomatoes,3
T000149,Butter,3
T000149,Orange Juice,4
T000149,Beef,3
T000150,Apples,3
T000150,Cheese,4
T000150,Eggs,2
T000150,Flour,4
T000150,Tomatoes,2
T000150,Bread,1
T000151,Eggs,1
T000151,Butter,4
T000151,Orange Juice,4
T000151,Pasta,1
T000151,Milk,4
T000151,Coffee,4
T000151,Bread,1
T000151,Tomatoes,3
T000151,Onions,1
T000152,Butter,4
T000152,Rice,1
T000152,Milk,3
T000152,Tomatoes,2
T000152,Bread,2
T000152,Onions,4
T000153,Apples,1
T000153,Sugar,3
T000153,Cheese,1
T000153,Butter,3
T000153,Eggs,1
T000153,Milk,1
T000153,Chicken,2
T000154,Coffee,3
T000154,Sugar,3
T000154,Eggs,1
T000154,Orange Juice,4
T000154,Rice,1
T000154,Milk,3
T000154,Tomatoes,1
T000155,Eggs,2
T000155,Pasta,4
T000155,Chicken,4
T000155,Beef,4
T000155,Flour,2
T000155,Tomatoes,3
T000155,Onions,3
T000156,Sugar,1
T000156,Butter,1
T000156,Pasta,3
T000156,Bananas,1
T000156,Tomatoes,1
T000156,Onions,1
T000157,Sugar,4
T000157,Tea,2
T000157,Yogurt,3
T000157,Pasta,4
T000157,Coffee,1
T000157,Tomatoes,4
T000157,Onions,3
T000158,Rice,2
T000159,Onions,1
T000160,Orange Juice,3
T000161,Cheese,2
T000161,Eggs,3
T000161,Orange Juice,4
T000161,Tea,4
T000161,Pasta,1
T000161,Tomatoes,1
T000161,Bread,1
T000162,Eggs,1
T000162,Yogurt,3
T000162,Rice,4
T000162,Milk,3
T000162,Flour,4
T000162,Bananas,2
T000162,Tomatoes,4
T000162,Bread,2
T000163,Butter,3
T000164,Coffee,1
T000164,Cheese,3
T000164,Eggs,4
T000164,Bread,2
T000165,Butter,2
T000166,Flour,2
T000166,Bananas,1
T000166,Sugar,4
T000167,Coffee,4
T000167,Sugar,4
T000167,Beef,3
T000167,Milk,2
T000168,Eggs,3
T000169,Apples,1
T000169,Orange Juice,3
T000169,Pasta,4
T000169,Milk,4
T000169,Tomatoes,1
T000169,Bread,2
T000170,Sugar,2
T000170,Yogurt,1
T000170,Tea,4
T000171,Sugar,2
T000171,Eggs,3
T000171,Rice,3
T000171,Milk,1
T000171,Bananas,4
T000171,Coffee,3
T000172,Sugar,3
T000172,Eggs,3
T000172,Butter,4
T000172,Pasta,3
T000172,Yogurt,4
T000172,Milk,3
T000172,Beef,1
T000172,Bananas,4
T000172,Tomatoes,2
T000172,Onions,1
T000173,Apples,4
T000173,Bananas,2
T000174,Apples,3
T000174,Sugar,2
T000174,Eggs,1
T000174,Pasta,2
T000174,Milk,4
T000174,Bananas,3
T000174,Bread,3
T000174,Onions,2
T000175,Rice,3
T000175,Cheese,1
T000175,Butter,1
T000175,Yogurt,2
T000176,Bananas,2
T000177,Chicken,4
T000177,Butter,4
T000177,Bread,2
T000177,Tea,1
T000178,Cheese,2
T000178,Sugar,4
T000178,Tomatoes,1
T000178,Pasta,4
T000179,Cheese,4
T000179,Butter,4
T000179,Orange Juice,4
T000179,Rice,1
T000179,Pasta,1
T000179,Milk,4
T000179,Tomatoes,2
T000179,Onions,1
T000180,Pasta,1
T000180,Milk,1
T000180,Chicken,4
T000180,Coffee,2
T000180,Tomatoes,3
T000180,Onions,3
T000181,Cheese,1
T000181,Eggs,4
T000181,Butter,3
T000181,Orange Juice,3
T000181,Sugar,3
T000181,Milk,2
T000181,Chicken,2
T000181,Coffee,1
T000181,Tomatoes,3
T000182,Butter,1
T000182,Eggs,4
T000182,Bread,4
T000182,Milk,2
T000183,Beef,1
T000184,Chicken,2
T000184,Bananas,1
T000184,Tomatoes,2
T000184,Tea,2
T000185,Coffee,3
T000185,Cheese,4
T000185,Bread,4
T000185,Milk,3
T000186,Apples,1
T000186,Sugar,4
T000186,Butter,2
T000186,Yogurt,3
T000186,Beef,2
T000186,Bananas,2
T000186,Coffee,1
T000187,Cheese,2
T000187,Eggs,1
T000187,Butter,2
T000187,Beef,3
T000187,Bananas,3
T000187,Bread,4
T000187,Onions,2
T000188,Coffee,1
T000188,Bread,2
T000188,Milk,2
T000189,Tea,1
T000189,Pasta,3
T000189,Milk,2
T000189,Yogurt,4
T000189,Tomatoes,3
T000189,Bread,4
T000189,Onions,1
T000190,Eggs,4
T000190,Butter,3
T000190,Orange Juice,2
T000190,Tomatoes,1
T000190,Bread,3
T000191,Eggs,2
T000191,Orange Juice,1
T000191,Yogurt,2
T000191,Chicken,1
T000191,Flour,2
T000191,Bananas,3
T000192,Eggs,3
T000192,Butter,3
T000192,Pasta,2
T000192,Milk,4
T000192,Bread,3
T000193,Butter,3
T000193,Onions,3
T000194,Yogurt,4
T000194,Tea,1
T000195,Butter,2
T000195,Tea,4
T000195,Milk,4
T000195,Flour,2
T000195,Tomatoes,2
T000195,Bread,4
T000196,Cheese,4
T000196,Eggs,3
T000196,Rice,4
T000196,Pasta,4
T000196,Chicken,3
T000196,Flour,2
T000196,Coffee,3
T000196,Tomatoes,3
T000197,Eggs,3
T000197,Orange Juice,4
T000197,Yogurt,2
T000198,Eggs,2
T000198,Butter,2
T000198,Rice,4
T000198,Flour,2
T000198,Bread,1
T000199,Cheese,2
T000199,Eggs,2
T000199,Butter,4
T000199,Yogurt,1
T000199,Rice,4
T000200,Sugar,4
T000200,Butter,4
T000200,Tea,2
T000200,Chicken,1
T000200,Beef,4
T000200,Bananas,4
T000200,Bread,1
T000201,Sugar,3
T000201,Butter,4
T000201,Chicken,1
T000201,Flour,2
T000201,Coffee,2
T000202,Butter,3
T000202,Eggs,2
T000202,Bread,3
T000202,Rice,2
T000203,Apples,3
T000203,Cheese,3
T000203,Orange Juice,2
T000203,Pasta,2
T000203,Chicken,1
T000203,Beef,3
T000203,Flour,1
T000203,Tomatoes,4
T000204,Flour,1
T000204,Tomatoes,2
T000204,Pasta,3
T000204,Onions,3
T000205,Eggs,2
T000205,Butter,4
T000205,Tea,1
T000205,Pasta,3
T000205,Tomatoes,3
T000205,Bread,3
T000205,Onions,3
T000206,Apples,2
T000206,Rice,2
T000206,Milk,1
T000206,Chicken,4
T000206,Coffee,4
T000207,Beef,1
T000207,Butter,4
T000207,Bread,3
T000207,Yogurt,3
T000208,Apples,4
T000208,Cheese,2
T000208,Tea,4
T000208,Yogurt,4
T000208,Tomatoes,3
T000209,Eggs,3
T000209,Orange Juice,2
T000209,Yogurt,4
T000209,Rice,2
T000209,Milk,3
T000209,Bananas,4
T000209,Bread,3
T000210,Coffee,3
T000210,Sugar,4
T000210,Eggs,4
T000210,Butter,1
T000210,Orange Juice,3
T000210,Pasta,2
T000210,Milk,3
T000210,Beef,3
T000210,Tomatoes,3
T000210,Onions,3
T000211,Sugar,1
T000211,Eggs,1
T000211,Orange Juice,1
T000211,Rice,2
T000211,Milk,3
T000211,Beef,1
T000211,Coffee,1
T000211,Bread,4
T000211,Tomatoes,2
T000211,Onions,2
T000212,Eggs,3
T000212,Butter,2
T000212,Rice,3
T000212,Milk,4
T000212,Beef,3
T000212,Flour,4
T000212,Bananas,1
T000212,Bread,3
T000212,Onions,3
T000213,Apples,1
T000213,Eggs,1
T000213,Tea,4
T000213,Chicken,2
T000213,Onions,4
T000214,Butter,3
T000214,Onions,1
T000215,Apples,3
T000215,Yogurt,4
T000216,Apples,3
T000216,Cheese,3
T000216,Sugar,3
T000216,Tea,1
T000216,Milk,1
T000216,Coffee,4
T000217,Tomatoes,4
T000217,Butter,3
T000218,Sugar,2
T000218,Tea,4
T000218,Pasta,3
T000218,Milk,2
T000218,Chicken,4
T000218,Tomatoes,4
T000218,Onions,3
T000219,Chicken,3
T000219,Sugar,2
T000219,Coffee,4
T000219,Cheese,2
T000220,Butter,3
T000220,Yogurt,4
T000220,Pasta,3
T000220,Beef,4
T000220,Bananas,1
T000220,Tomatoes,2
T000220,Bread,1
T000221,Chicken,4
T000221,Orange Juice,4
T000222,Cheese,1
T000222,Eggs,3
T000222,Butter,4
T000222,Rice,2
T000222,Pasta,1
T000222,Chicken,4
T000222,Milk,4
T000222,Beef,3
T000222,Tomatoes,2
T000222,Onions,3
T000223,Eggs,1
T000223,Butter,3
T000223,Milk,1
T000223,Bananas,1
T000223,Bread,1
T000224,Sugar,2
T000224,Cheese,1
T000224,Butter,3
T000224,Pasta,1
T000224,Beef,1
T000224,Bananas,3
T000224,Coffee,1
T000224,Onions,4
T000225,Butter,3
T000225,Milk,3
T000225,Beef,3
T000225,Bread,3
T000225,Onions,3
T000226,Sugar,2
T000226,Butter,4
T000226,Orange Juice,1
T000226,Yogurt,2
T000226,Pasta,4
T000226,Milk,4
T000226,Coffee,1
T000226,Bread,2
T000226,Tomatoes,3
T000226,Onions,3
T000227,Cheese,1
T000227,Yogurt,3
T000227,Milk,4
T000227,Beef,2
T000227,Flour,3
T000227,Bread,2
T000227,Onions,1
T000228,Apples,3
T000228,Sugar,1
T000228,Eggs,4
T000228,Orange Juice,4
T000228,Milk,3
T000228,Tomatoes,4
T000228,Bread,1
T000228,Onions,1
T000229,Sugar,3
T000229,Orange Juice,1
T000229,Pasta,3
T000229,Onions,1
T000230,Cheese,3
T000230,Eggs,3
T000230,Butter,3
T000230,Orange Juice,1
T000230,Tea,1
T000230,Yogurt,2
T000230,Chicken,1
T000231,Cheese,1
T000231,Sugar,4
T000231,Butter,3
T000231,Tea,2
T000231,Pasta,2
T000231,Milk,2
T000231,Coffee,3
T000231,Tomatoes,3
T000231,Onions,3
T000232,Sugar,3
T000232,Eggs,4
T000232,Cheese,2
T000232,Butter,2
T000232,Yogurt,3
T000232,Bread,1
T000232,Onions,4
T000233,Eggs,2
T000233,Butter,1
T000233,Tea,3
T000233,Yogurt,3
T000233,Milk,2
T000233,Bread,1
T000234,Chicken,2
T000234,Bananas,2
T000234,Pasta,4
T000234,Onions,1
T000235,Eggs,1
T000235,Butter,4
T000235,Orange Juice,4
T000235,Yogurt,4
T000235,Milk,2
T000235,Bananas,3
T000235,Bread,1
T000236,Apples,4
T000236,Sugar,3
T000236,Tea,2
T000236,Pasta,3
T000236,Yogurt,4
T000236,Rice,2
T000236,Tomatoes,3
T000237,Cheese,1
T000237,Tomatoes,2
T000237,Onions,4
T000238,Beef,2
T000238,Onions,1
T000239,Cheese,2
T000239,Yogurt,3
T000240,Milk,3
T000241,Sugar,3
T000241,Tea,2
T000241,Rice,1
T000241,Chicken,3
T000241,Bananas,2
T000242,Eggs,1
T000242,Butter,3
T000242,Rice,4
T000242,Milk,3
T000242,Pasta,1
T000242,Flour,1
T000242,Bananas,1
T000242,Tomatoes,2
T000242,Bread,3
T000242,Onions,1
T000243,Apples,4
T000243,Eggs,3
T000243,Orange Juice,4
T000243,Rice,2
T000243,Yogurt,3
T000243,Flour,1
T000243,Tomatoes,3
T000244,Orange Juice,1
T000244,Onions,3
T000245,Eggs,3
T000245,Butter,4
T000245,Tea,3
T000245,Milk,3
T000245,Flour,4
T000245,Bread,3
T000246,Cheese,2
T000246,Sugar,2
T000246,Tea,4
T000246,Pasta,3
T000246,Milk,3
T000246,Beef,1
T000246,Coffee,1
T000246,Bread,2
T000246,Tomatoes,1
T000246,Onions,4
T000247,Beef,2
T000248,Cheese,4
T000249,Eggs,4
T000249,Butter,1
T000249,Tea,4
T000249,Pasta,3
T000249,Rice,2
T000249,Tomatoes,2
T000249,Onions,4
T000250,Cheese,2
T000251,Sugar,2
T000251,Eggs,2
T000251,Tea,3
T000251,Pasta,2
T000251,Bread,1
T000251,Onions,2
T000252,Sugar,1
T000252,Eggs,3
T000252,Orange Juice,2
T000252,Chicken,1
T000252,Bananas,3
T000252,Coffee,2
T000252,Onions,4
T000253,Apples,4
T000253,Sugar,2
T000253,Tea,2
T000253,Pasta,4
T000253,Rice,3
T000253,Tomatoes,2
T000253,Onions,2
T000254,Butter,3
T000255,Cheese,2
T000255,Eggs,1
T000255,Butter,1
T000255,Tea,1
T000255,Rice,3
T000255,Milk,3
T000255,Bananas,3
T000255,Bread,2
T000256,Bananas,4
T000256,Eggs,2
T000257,Apples,2
T000258,Bananas,2
T000259,Eggs,2
T000259,Butter,3
T000259,Tea,2
T000259,Rice,4
T000259,Milk,3
T000259,Yogurt,4
T000259,Flour,4
T000259,Onions,4
T000260,Rice,4
T000260,Bananas,3
T000260,Beef,3
T000261,Apples,3
T000261,Cheese,1
T000261,Butter,4
T000261,Rice,2
T000261,Bananas,4
T000261,Onions,3
T000262,Eggs,2
T000262,Butter,2
T000262,Orange Juice,1
T000262,Pasta,2
T000262,Milk,3
T000262,Bananas,1
T000262,Tomatoes,1
T000262,Onions,2
T000263,Sugar,2
T000263,Butter,1
T000263,Orange Juice,4
T000263,Yogurt,1
T000263,Beef,1
T000263,Flour,1
T000264,Flour,4
T000264,Cheese,4
T000264,Butter,3
T000264,Tomatoes,2
T000265,Apples,4
T000265,Tea,3
T000266,Rice,2
T000267,Sugar,4
T000267,Eggs,3
T000267,Butter,3
T000267,Orange Juice,4
T000267,Yogurt,4
T000267,Milk,3
T000267,Coffee,1
T000268,Apples,4
T000268,Eggs,4
T000268,Butter,1
T000268,Orange Juice,3
T000268,Tea,2
T000268,Bananas,3
T000268,Tomatoes,4
T000269,Cheese,4
T000269,Eggs,2
T000269,Butter,4
T000269,Flour,4
T000269,Bread,4
T000270,Eggs,3
T000270,Butter,2
T000270,Rice,2
T000270,Milk,4
T000271,Tomatoes,4
T000271,Bread,3
T000271,Orange Juice,3
T000272,Eggs,1
T000272,Orange Juice,3
T000272,Rice,4
T000273,Apples,3
T000273,Cheese,3
T000273,Sugar,2
T000273,Beef,4
T000273,Flour,3
T000274,Apples,3
T000274,Cheese,4
T000274,Sugar,1
T000274,Orange Juice,1
T000274,Beef,2
T000274,Flour,2
T000274,Coffee,4
T000274,Onions,3
T000275,Sugar,2
T000275,Eggs,1
T000275,Orange Juice,3
T000275,Milk,1
T000275,Beef,1
T000275,Coffee,1
T000275,Bread,4
T000275,Tomatoes,4
T000275,Onions,4
T000276,Tomatoes,3
T000276,Rice,1
T000276,Milk,1
T000277,Cheese,1
T000277,Eggs,1
T000277,Pasta,3
T000277,Tomatoes,3
T000277,Onions,1
T000278,Bananas,4
T000278,Rice,2
T000279,Apples,3
T000279,Eggs,4
T000279,Butter,3
T000279,Bananas,2
T000279,Bread,2
T000280,Cheese,2
T000280,Eggs,1
T000280,Butter,1
T000280,Tea,4
T000280,Pasta,1
T000280,Tomatoes,1
T000280,Onions,2
T000281,Apples,3
T000281,Cheese,2
T000281,Sugar,2
T000281,Rice,1
T000281,Milk,4
T000281,Coffee,2
T000282,Eggs,2
T000282,Orange Juice,2
T000282,Tea,1
T000282,Beef,1
T000282,Bananas,3
T000282,Tomatoes,3
T000283,Yogurt,3
T000283,Tea,4
T000284,Cheese,1
T000284,Butter,2
T000284,Tea,4
T000284,Yogurt,4
T000284,Chicken,2
T000284,Bananas,3
T000285,Bananas,2
T000285,Onions,3
T000286,Chicken,2
T000286,Onions,1
T000287,Eggs,2
T000287,Yogurt,3
T000287,Beef,1
T000287,Flour,1
T000287,Bananas,2
T000288,Coffee,3
T000288,Sugar,3
T000288,Eggs,4
T000288,Tea,1
T000288,Yogurt,3
T000288,Rice,3
T000288,Milk,2
T000288,Beef,4
T000288,Tomatoes,2
T000289,Butter,4
T000290,Flour,4
T000290,Bananas,4
T000290,Tomatoes,3
T000290,Eggs,1
T000291,Apples,4
T000291,Orange Juice,2
T000291,Tea,4
T000291,Yogurt,1
T000291,Bananas,1
T000291,Onions,2
T000292,Cheese,2
T000292,Eggs,4
T000292,Pasta,4
T000292,Rice,2
T000292,Bananas,4
T000292,Tomatoes,3
T000293,Sugar,1
T000293,Onions,4
T000294,Apples,2
T000294,Eggs,3
T000294,Butter,2
T000294,Tea,2
T000294,Yogurt,4
T000294,Milk,2
T000294,Rice,4
T000294,Bread,3
T000295,Tea,4
T000295,Yogurt,2
T000295,Chicken,1
T000295,Beef,3
T000295,Bananas,2
T000295,Onions,4
T000296,Coffee,1
T000296,Milk,2
T000297,Apples,2
T000297,Eggs,1
T000297,Pasta,3
T000297,Flour,2
T000297,Onions,2
T000298,Tomatoes,2
T000298,Eggs,4
T000298,Orange Juice,2
T000298,Pasta,2
T000299,Butter,2
T000300,Apples,1
T000300,Sugar,4
T000300,Yogurt,1
T000300,Tomatoes,4
T000300,Onions,2
T000301,Flour,2
T000301,Butter,4
T000301,Yogurt,3
T000302,Apples,1
T000302,Butter,1
T000302,Milk,3
T000303,Chicken,1
T000303,Beef,3
T000304,Eggs,1
T000304,Butter,4
T000304,Orange Juice,1
T000304,Yogurt,2
T000304,Flour,4
T000304,Bread,2
T000305,Tea,3
T000305,Tomatoes,2
T000305,Orange Juice,3
T000305,Onions,1
T000306,Apples,2
T000306,Sugar,1
T000306,Milk,2
T000306,Chicken,4
T000306,Beef,1
T000306,Coffee,1
T000306,Onions,3
T000307,Sugar,1
T000307,Eggs,2
T000307,Rice,2
T000307,Yogurt,3
T000307,Pasta,2
T000307,Onions,4
T000308,Cheese,1
T000309,Apples,3
T000309,Coffee,2
T000309,Cheese,3
T000309,Sugar,2
T000309,Tea,1
T000309,Chicken,4
T000309,Bananas,3
T000309,Tomatoes,3
T000310,Sugar,2
T000310,Orange Juice,2
T000310,Yogurt,1
T000310,Milk,3
T000310,Chicken,2
T000310,Coffee,4
T000311,Orange Juice,2
T000311,Beef,1
T000312,Tomatoes,1
T000313,Eggs,1
T000313,Butter,1
T000313,Orange Juice,3
T000313,Bread,4
T000313,Onions,1
T000314,Beef,3
T000315,Cheese,3
T000315,Butter,3
T000315,Orange Juice,2
T000315,Rice,3
T000315,Beef,2
T000315,Flour,4
T000315,Tomatoes,3
T000316,Pasta,1
T000316,Onions,3
T000317,Eggs,2
T000317,Butter,3
T000317,Pasta,4
T000317,Flour,2
T000317,Tomatoes,2
T000317,Bread,4
T000317,Onions,2
T000318,Butter,2
T000318,Milk,1
T000318,Flour,2
T000318,Bread,4
T000318,Onions,2
T000319,Apples,4
T000319,Sugar,2
T000319,Eggs,2
T000319,Cheese,2
T000320,Apples,3
T000320,Sugar,2
T000320,Cheese,2
T000320,Tea,2
T000321,Apples,4
T000321,Sugar,1
T000321,Eggs,4
T000321,Butter,2
T000321,Milk,3
T000321,Chicken,1
T000321,Coffee,4
T000321,Bread,2
T000322,Coffee,2
T000322,Milk,1
T000323,Chicken,4
T000323,Cheese,1
T000323,Flour,4
T000323,Onions,3
T000324,Cheese,2
T000324,Eggs,3
T000324,Butter,4
T000324,Sugar,3
T000324,Chicken,3
T000324,Coffee,1
T000324,Bread,3
T000324,Onions,1
T000325,Chicken,1
T000325,Tea,3
T000326,Tomatoes,4
T000326,Eggs,2
T000326,Sugar,3
T000326,Rice,2
T000327,Chicken,2
T000327,Apples,4
T000327,Tomatoes,3
T000327,Pasta,2
T000328,Apples,1
T000328,Butter,1
T000328,Tea,3
T000328,Milk,3
T000328,Chicken,2
T000328,Beef,2
T000328,Onions,2
T000329,Flour,2
T000329,Apples,2
T000329,Onions,4
T000330,Sugar,1
T000330,Eggs,2
T000330,Tea,2
T000330,Rice,3
T000330,Chicken,4
T000330,Coffee,2
T000331,Apples,4
T000331,Sugar,4
T000331,Pasta,1
T000331,Chicken,1
T000331,Flour,3
T000331,Tomatoes,4
T000332,Cheese,3
T000332,Eggs,2
T000332,Butter,1
T000332,Sugar,1
T000332,Milk,1
T000332,Beef,1
T000332,Coffee,1
T000332,Bread,3
T000332,Onions,3
T000333,Sugar,3
T000333,Yogurt,1
T000333,Rice,3
T000333,Bananas,2
T000333,Tomatoes,2
T000334,Sugar,2
T000334,Orange Juice,1
T000334,Tea,3
T000334,Pasta,3
T000334,Onions,2
T000335,Sugar,4
T000335,Cheese,3
T000335,Eggs,1
T000335,Orange Juice,3
T000335,Yogurt,1
T000335,Rice,2
T000335,Milk,3
T000335,Coffee,2
T000335,Bread,2
T000336,Butter,1
T000336,Orange Juice,4
T000336,Tea,4
T000336,Rice,3
T000336,Yogurt,4
T000336,Pasta,2
T000336,Bread,2
T000336,Onions,4
T000337,Tomatoes,2
T000338,Tomatoes,2
T000338,Pasta,2
T000339,Orange Juice,2
T000339,Yogurt,3
T000339,Tea,4
T000340,Beef,1
T000340,Eggs,1
T000340,Yogurt,2
T000341,Apples,2
T000341,Cheese,4
T000341,Eggs,2
T000341,Tea,1
T000341,Chicken,2
T000341,Bananas,2
T000342,Bananas,1
T000342,Eggs,1
T000343,Chicken,2
T000343,Coffee,1
T000343,Sugar,2
T000343,Milk,1
T000344,Sugar,3
T000344,Yogurt,2
T000344,Butter,2
T000344,Rice,3
T000345,Tomatoes,4
T000345,Onions,4
T000345,Tea,2
T000346,Eggs,3
T000346,Butter,4
T000346,Orange Juice,1
T000346,Milk,1
T000346,Beef,3
T000346,Bread,1
T000346,Onions,3
T000347,Rice,3
T000348,Tea,2
T000349,Bananas,3
T000349,Cheese,4
T000349,Onions,3
T000350,Eggs,4
T000350,Butter,1
T000350,Beef,3
T000350,Milk,3
T000351,Tomatoes,4
T000351,Orange Juice,4
T000352,Bananas,2
T000352,Coffee,2
T000352,Sugar,4
T000352,Orange Juice,1
T000353,Eggs,3
T000353,Bread,4
T000354,Eggs,3
T000354,Butter,1
T000354,Tea,2
T000354,Milk,4
T000354,Flour,1
T000354,Bananas,3
T000354,Tomatoes,3
T000354,Onions,2
T000355,Eggs,3
T000355,Butter,4
T000355,Tea,2
T000355,Milk,1
T000355,Chicken,2
T000355,Beef,2
T000355,Coffee,3
T000355,Onions,1
T000356,Bananas,3
T000357,Eggs,2
T000358,Apples,2
T000358,Orange Juice,1
T000358,Tea,4
T000358,Yogurt,2
T000358,Rice,3
T000358,Chicken,1
T000358,Beef,3
T000359,Cheese,2
T000359,Butter,2
T000359,Orange Juice,4
T000359,Flour,1
T000359,Onions,3
T000360,Bananas,2
T000360,Sugar,1
T000360,Tomatoes,4
T000360,Pasta,1
T000361,Butter,2
T000361,Rice,4
T000361,Pasta,4
T000361,Beef,4
T000361,Bananas,2
T000361,Tomatoes,4
T000361,Onions,4
T000362,Butter,1
T000362,Orange Juice,3
T000362,Milk,1
T000362,Chicken,2
T000362,Coffee,3
T000362,Bread,2
T000363,Apples,1
T000363,Sugar,3
T000363,Eggs,3
T000363,Butter,3
T000363,Rice,4
T000363,Milk,4
T000363,Bread,3
T000364,Eggs,3
T000364,Butter,1
T000364,Pasta,4
T000364,Milk,1
T000364,Beef,3
T000364,Tomatoes,3
T000364,Bread,2
T000364,Onions,2
T000365,Cheese,2
T000365,Sugar,2
T000365,Tea,3
T000365,Flour,4
T000365,Bananas,2
T000365,Tomatoes,3
T000366,Sugar,1
T000366,Beef,2
T000367,Eggs,4
T000367,Pasta,3
T000367,Milk,2
T000367,Coffee,3
T000367,Tomatoes,4
T000367,Onions,3
T000368,Eggs,2
T000368,Butter,2
T000368,Tea,3
T000368,Pasta,2
T000368,Milk,1
T000368,Chicken,4
T000368,Tomatoes,3
T000368,Onions,2
T000369,Yogurt,4
T000370,Apples,2
T000370,Sugar,4
T000370,Tea,3
T000370,Pasta,4
T000370,Milk,1
T000370,Chicken,2
T000370,Coffee,4
T000370,Tomatoes,1
T000371,Cheese,4
T000371,Sugar,2
T000371,Eggs,1
T000371,Orange Juice,3
T000371,Milk,4
T000371,Flour,2
T000371,Bananas,3
T000371,Coffee,2
T000371,Bread,4
T000371,Tomatoes,2
T000372,Sugar,4
T000372,Eggs,1
T000372,Butter,1
T000372,Pasta,1
T000372,Flour,1
T000372,Bananas,2
T000372,Tomatoes,1
T000372,Bread,1
T000373,Coffee,4
T000373,Cheese,3
T000373,Milk,1
T000374,Butter,2
T000374,Bread,1
T000374,Onions,4
T000375,Tomatoes,2
T000375,Butter,1
T000375,Pasta,3
T000376,Eggs,1
T000376,Butter,4
T000376,Pasta,3
T000376,Rice,1
T000376,Chicken,3
T000376,Tomatoes,3
T000376,Bread,3
T000376,Onions,3
T000377,Apples,3
T000377,Sugar,4
T000377,Rice,4
T000377,Chicken,3
T000377,Beef,4
T000377,Flour,2
T000377,Tomatoes,1
T000378,Beef,3
T000379,Tomatoes,4
T000380,Eggs,4
T000380,Bread,1
T000380,Milk,3
T000381,Tomatoes,4
T000381,Orange Juice,4
T000381,Onions,2
T000382,Cheese,4
T000383,Sugar,3
T000383,Butter,1
T000383,Orange Juice,3
T000383,Milk,3
T000383,Flour,2
T000383,Coffee,1
T000383,Bread,1
T000383,Tomatoes,2
T000384,Apples,3
T000384,Cheese,1
T000384,Orange Juice,4
T000384,Tea,2
T000384,Yogurt,1
T000384,Flour,3
T000384,Tomatoes,2
T000385,Sugar,1
T000385,Eggs,1
T000385,Orange Juice,2
T000385,Tea,1
T000385,Yogurt,2
T000385,Rice,3
T000385,Beef,4
T000386,Sugar,1
T000386,Cheese,1
T000386,Rice,1
T000386,Beef,3
T000386,Flour,1
T000386,Tomatoes,3
T000387,Sugar,1
T000387,Orange Juice,1
T000387,Tea,2
T000387,Rice,1
T000387,Yogurt,1
T000387,Coffee,2
T000388,Eggs,1
T000388,Butter,4
T000388,Tea,4
T000388,Milk,4
T000388,Chicken,3
T000388,Beef,1
T000388,Flour,3
T000388,Tomatoes,1
T000389,Butter,3
T000389,Beef,2
T000390,Bananas,4
T000390,Tomatoes,4
T000390,Yogurt,3
T000390,Rice,3
T000391,Butter,2
T000391,Orange Juice,3
T000391,Rice,4
T000391,Milk,2
T000391,Flour,2
T000391,Bananas,3
T000391,Coffee,3
T000391,Onions,3
T000392,Chicken,4
T000392,Cheese,3
T000392,Butter,3
T000392,Orange Juice,3
T000393,Cheese,2
T000393,Eggs,1
T000393,Butter,4
T000393,Pasta,1
T000393,Milk,3
T000393,Bananas,1
T000393,Tomatoes,4
T000393,Bread,4
T000393,Onions,3
T000394,Apples,1
T000394,Sugar,1
T000394,Eggs,3
T000394,Tomatoes,3
T000395,Eggs,1
T000395,Milk,4
T000395,Bananas,1
T000395,Tomatoes,2
T000395,Bread,2
T000396,Beef,2
T000396,Tomatoes,4
T000396,Pasta,2
T000396,Onions,3
T000397,Eggs,1
T000397,Butter,2
T000397,Orange Juice,2
T000397,Tea,3
T000397,Beef,4
T000397,Flour,4
T000397,Bananas,2
T000397,Bread,3
T000398,Yogurt,3
T000399,Apples,3
T000399,Sugar,2
T000399,Eggs,1
T000399,Butter,2
T000399,Pasta,1
T000399,Milk,2
T000399,Chicken,2
T000399,Coffee,4
T000399,Bread,4
T000399,Tomatoes,1
T000400,Apples,2
T000400,Sugar,3
T000400,Eggs,1
T000400,Butter,2
T000400,Rice,4
T000400,Milk,2
T000400,Chicken,4
T000400,Flour,1
T000400,Coffee,2
T000400,Bread,3
T000401,Apples,3
T000401,Sugar,1
T000401,Eggs,3
T000401,Butter,4
T000401,Tea,3
T000402,Onions,4
T000403,Cheese,2
T000403,Butter,3
T000403,Orange Juice,3
T000403,Tea,2
T000403,Milk,3
T000403,Coffee,3
T000403,Bread,1
T000404,Chicken,2
T000404,Eggs,3
T000404,Beef,1
T000404,Milk,3
T000405,Cheese,2
T000405,Eggs,4
T000405,Butter,3
T000405,Rice,1
T000405,Milk,4
T000405,Beef,2
T000405,Tomatoes,2
T000405,Bread,4
T000406,Orange Juice,1
T000406,Pasta,2
T000406,Chicken,3
T000406,Tomatoes,2
T000406,Bread,4
T000406,Onions,2
T000407,Sugar,4
T000407,Eggs,4
T000407,Butter,3
T000407,Milk,4
T000407,Coffee,4
T000407,Bread,2
T000408,Sugar,2
T000408,Eggs,2
T000408,Butter,1
T000408,Tea,2
T000408,Yogurt,1
T000408,Milk,1
T000408,Coffee,2
T000408,Bread,1
T000408,Tomatoes,4
T000409,Sugar,2
T000409,Yogurt,3
T000409,Milk,1
T000409,Beef,3
T000409,Flour,2
T000409,Coffee,1
T000410,Cheese,1
T000410,Eggs,3
T000410,Sugar,2
T000410,Orange Juice,2
T000410,Bread,4
T000410,Onions,1
T000411,Flour,4
T000412,Butter,4
T000412,Eggs,1
T000412,Bread,3
T000412,Yogurt,1
T000413,Tomatoes,1
T000413,Pasta,3
T000414,Eggs,1
T000414,Milk,1
T000414,Coffee,3
T000414,Bread,4
T000414,Tomatoes,1
T000415,Sugar,3
T000415,Eggs,4
T000415,Butter,4
T000415,Yogurt,2
T000415,Pasta,1
T000415,Milk,4
T000415,Beef,3
T000415,Coffee,3
T000415,Bread,3
T000415,Onions,3
T000416,Apples,3
T000416,Rice,4
T000417,Apples,3
T000417,Flour,4
T000417,Cheese,2
T000417,Onions,3
T000418,Sugar,1
T000418,Eggs,3
T000418,Orange Juice,3
T000418,Pasta,2
T000418,Chicken,3
T000419,Apples,4
T000419,Eggs,2
T000419,Butter,2
T000419,Orange Juice,3
T000419,Milk,3
T000419,Chicken,4
T000419,Bread,2
T000419,Onions,2
T000420,Onions,4
T000420,Yogurt,3
T000420,Tea,1
T000421,Eggs,3
T000421,Milk,2
T000421,Flour,2
T000421,Bananas,4
T000421,Onions,2
T000422,Sugar,2
T000422,Eggs,1
T000422,Orange Juice,3
T000422,Yogurt,3
T000422,Rice,3
T000422,Milk,2
T000423,Beef,2
T000424,Pasta,1
T000424,Onions,4
T000425,Eggs,1
T000425,Tea,2
T000425,Rice,4
T000425,Beef,1
T000425,Tomatoes,2
T000425,Bread,4
T000426,Cheese,4
T000426,Butter,2
T000427,Sugar,2
T000427,Eggs,4
T000427,Butter,1
T000427,Pasta,1
T000427,Beef,1
T000427,Tomatoes,3
T000427,Bread,3
T000427,Onions,2
T000428,Eggs,1
T000429,Butter,4
T000429,Eggs,4
T000429,Bread,2
T000429,Orange Juice,1
T000430,Apples,4
T000431,Yogurt,4
T000431,Milk,1
T000431,Beef,2
T000431,Coffee,4
T000431,Onions,1
T000432,Eggs,3
T000432,Butter,1
T000432,Tea,2
T000432,Yogurt,2
T000432,Milk,1
T000432,Bananas,3
T000432,Bread,4
T000432,Onions,3
T000433,Chicken,4
T000433,Beef,3
T000433,Tea,1
T000434,Coffee,1
T000434,Sugar,3
T000434,Rice,3
T000434,Milk,1
T000435,Sugar,1
T000435,Butter,1
T000435,Yogurt,2
T000436,Bananas,1
T000437,Sugar,3
T000437,Yogurt,2
T000437,Rice,3
T000437,Milk,2
T000437,Coffee,4
T000437,Tomatoes,3
T000438,Apples,4
T000438,Coffee,3
T000439,Eggs,4
T000439,Butter,4
T000439,Rice,1
T000439,Milk,1
T000439,Beef,2
T000439,Bananas,1
T000439,Coffee,4
T000439,Bread,3
T000439,Onions,3
T000440,Eggs,2
T000440,Orange Juice,1
T000440,Rice,4
T000440,Chicken,3
T000440,Tomatoes,3
T000440,Onions,1
T000441,Apples,1
T000441,Butter,4
T000441,Pasta,3
T000441,Chicken,4
T000441,Bananas,4
T000441,Tomatoes,2
T000442,Eggs,3
T000442,Tea,2
T000442,Rice,2
T000442,Chicken,3
T000442,Onions,4
T000443,Bananas,2
T000443,Butter,4
T000444,Chicken,1
T000445,Cheese,4
T000445,Beef,4
T000446,Tomatoes,4
T000447,Bananas,1
T000448,Flour,2
T000448,Bananas,1
T000448,Butter,4
T000448,Rice,3
T000449,Flour,3
T000449,Bananas,4
T000450,Butter,4
T000450,Milk,1
T000450,Flour,1
T000450,Coffee,4
T000450,Bread,2
T000451,Butter,1
T000451,Tea,1
T000451,Pasta,4
T000451,Beef,2
T000451,Flour,4
T000451,Onions,4
T000452,Bananas,2
T000452,Eggs,1
T000453,Sugar,1
T000453,Eggs,3
T000453,Yogurt,4
T000454,Sugar,3
T000454,Pasta,1
T000454,Beef,1
T000454,Tomatoes,3
T000454,Onions,3
T000455,Eggs,1
T000455,Butter,1
T000455,Yogurt,1
T000455,Rice,2
T000455,Beef,3
T000455,Bread,4
T000456,Apples,3
T000456,Sugar,3
T000456,Butter,4
T000456,Tea,4
T000456,Pasta,2
T000456,Bananas,4
T000456,Tomatoes,3
T000457,Apples,4
T000458,Sugar,4
T000458,Eggs,4
T000458,Tea,1
T000458,Rice,3
T000458,Milk,3
T000458,Coffee,4
T000459,Butter,1
T000459,Tea,1
T000459,Chicken,2
T000459,Beef,2
T000459,Flour,2
T000460,Apples,2
T000460,Sugar,2
T000460,Eggs,3
T000460,Orange Juice,1
T000460,Bread,4
T000461,Sugar,3
T000461,Butter,4
T000461,Orange Juice,2
T000461,Tea,1
T000461,Yogurt,3
T000461,Milk,1
T000461,Chicken,3
T000461,Bananas,3
T000461,Coffee,3
T000462,Chicken,3
T000462,Tea,3
T000463,Butter,1
T000464,Butter,4
T000464,Orange Juice,1
T000464,Yogurt,2
T000464,Rice,4
T000464,Pasta,4
T000464,Bananas,4
T000464,Tomatoes,2
T000464,Onions,2
T000465,Flour,1
T000465,Beef,4
T000466,Sugar,3
T000466,Eggs,1
T000466,Butter,4
T000466,Milk,3
T000466,Flour,2
T000466,Bananas,1
T000466,Coffee,3
T000466,Bread,3
T000467,Apples,1
T000467,Cheese,4
T000467,Eggs,2
T000467,Butter,1
T000467,Chicken,3
T000467,Flour,4
T000467,Tomatoes,3
T000467,Bread,4
T000468,Sugar,3
T000468,Pasta,4
T000468,Rice,4
T000468,Beef,3
T000468,Flour,4
T000468,Coffee,2
T000468,Tomatoes,2
T000468,Onions,1
T000469,Butter,2
T000469,Milk,2
T000470,Apples,1
T000470,Sugar,3
T000470,Eggs,2
T000470,Butter,3
T000470,Tea,1
T000470,Rice,1
T000470,Milk,3
T000470,Yogurt,3
T000470,Bread,3
T000471,Apples,1
T000471,Sugar,2
T000471,Butter,2
T000471,Orange Juice,2
T000471,Coffee,3
T000472,Cheese,2
T000472,Sugar,3
T000472,Orange Juice,3
T000472,Flour,4
T000472,Coffee,4
T000472,Tomatoes,2
T000473,Chicken,2
T000473,Beef,3
T000473,Flour,2
T000473,Tomatoes,4
T000473,Onions,3
T000474,Sugar,4
T000474,Butter,3
T000474,Yogurt,4
T000474,Pasta,3
T000474,Chicken,1
T000474,Bananas,4
T000474,Tomatoes,1
T000474,Onions,3
T000475,Apples,2
T000475,Eggs,1
T000475,Butter,2
T000475,Orange Juice,2
T000475,Milk,1
T000475,Bread,3
T000475,Onions,3
T000476,Tea,3
T000477,Sugar,3
T000477,Eggs,1
T000477,Milk,2
T000477,Chicken,4
T000477,Beef,2
T000477,Coffee,2
T000477,Bread,1
T000478,Cheese,1
T000478,Pasta,4
T000478,Onions,1
T000479,Sugar,2
T000479,Eggs,1
T000479,Butter,1
T000479,Tea,2
T000479,Rice,2
T000479,Milk,3
T000479,Flour,3
T000479,Coffee,4
T000479,Onions,3
T000480,Sugar,3
T000480,Cheese,3
T000480,Eggs,2
T000480,Orange Juice,3
T000480,Rice,1
T000480,Milk,3
T000480,Yogurt,1
T000480,Coffee,4
T000481,Apples,4
T000481,Butter,3
T000481,Bread,1
T000481,Beef,1
T000482,Sugar,2
T000482,Butter,2
T000482,Rice,1
T000482,Milk,4
T000482,Chicken,1
T000482,Beef,3
T000482,Coffee,1
T000483,Sugar,1
T000483,Yogurt,2
T000484,Bananas,3
T000484,Butter,2
T000484,Eggs,1
T000484,Bread,2
T000485,Chicken,2
T000485,Butter,4
T000485,Beef,4
T000485,Milk,1
T000486,Chicken,4
T000486,Rice,2
T000487,Bananas,4
T000487,Beef,1
T000488,Apples,4
T000488,Sugar,2
T000488,Butter,2
T000488,Tea,2
T000488,Milk,1
T000488,Bananas,1
T000488,Tomatoes,3
T000489,Apples,2
T000489,Bananas,2
T000490,Bananas,3
T000490,Bread,4
T000490,Milk,4
T000491,Sugar,3
T000491,Eggs,4
T000491,Bread,1
T000492,Bananas,2
T000492,Onions,1
T000493,Chicken,3
T000493,Bananas,3
T000493,Cheese,4
T000493,Beef,3
T000494,Butter,4
T000494,Eggs,3
T000494,Bread,1
T000494,Onions,4
T000495,Eggs,4
T000495,Butter,3
T000495,Tea,4
T000495,Milk,1
T000495,Chicken,3
T000495,Beef,4
T000495,Tomatoes,1
T000495,Bread,4
T000496,Sugar,4
T000496,Eggs,1
T000496,Orange Juice,2
T000496,Rice,1
T000496,Milk,4
T000496,Flour,2
T000496,Coffee,1
T000496,Bread,2
T000497,Cheese,4
T000497,Butter,1
T000497,Yogurt,3
T000497,Chicken,1
T000497,Beef,3
T000497,Tomatoes,4
T000498,Sugar,1
T000499,Apples,4
T000499,Eggs,1
T000499,Butter,1
T000499,Orange Juice,3
T000499,Yogurt,1
T000499,Milk,1
T000499,Flour,3
T000499,Bread,4
T000500,Sugar,1
T000500,Butter,4
T000500,Bread,4
T000501,Sugar,3
T000501,Butter,1
T000501,Rice,3
T000501,Milk,1
T000501,Flour,1
T000502,Chicken,2
T000503,Sugar,3
T000503,Bread,3
T000503,Yogurt,3
T000503,Tea,1
T000504,Eggs,2
T000504,Butter,2
T000504,Milk,3
T000504,Flour,3
T000504,Bread,1
T000505,Eggs,3
T000505,Butter,3
T000505,Milk,2
T000505,Flour,1
T000505,Bananas,3
T000505,Tomatoes,2
T000505,Bread,3
T000506,Apples,2
T000506,Cheese,4
T000506,Eggs,2
T000506,Rice,3
T000506,Tomatoes,1
T000506,Bread,3
T000507,Cheese,3
T000507,Orange Juice,3
T000507,Rice,4
T000507,Pasta,3
T000507,Yogurt,3
T000507,Bananas,2
T000507,Tomatoes,3
T000508,Eggs,4
T000508,Orange Juice,2
T000508,Rice,2
T000508,Yogurt,2
T000508,Flour,1
T000508,Bananas,1
T000508,Coffee,4
T000509,Sugar,3
T000509,Eggs,2
T000509,Butter,3
T000509,Milk,3
T000509,Bananas,3
T000509,Coffee,4
T000509,Bread,3
T000510,Flour,1
T000510,Sugar,3
T000511,Sugar,4
T000511,Onions,1
T000512,Flour,2
T000512,Eggs,3
T000513,Coffee,4
T000513,Sugar,3
T000513,Eggs,1
T000513,Rice,3
T000513,Milk,4
T000513,Chicken,2
T000513,Flour,4
T000513,Bananas,4
T000513,Tomatoes,4
T000514,Eggs,2
T000514,Butter,4
T000514,Pasta,1
T000514,Milk,4
T000514,Flour,2
T000514,Tomatoes,1
T000514,Bread,2
T000514,Onions,4
T000515,Tomatoes,1
T000515,Orange Juice,2
T000515,Beef,1
T000516,Eggs,1
T000517,Sugar,1
T000517,Eggs,1
T000517,Butter,3
T000517,Chicken,4
T000517,Bread,4
T000517,Onions,2
T000518,Eggs,4
T000518,Butter,2
T000518,Orange Juice,2
T000518,Pasta,4
T000518,Milk,4
T000518,Chicken,4
T000518,Tomatoes,3
T000518,Bread,2
T000519,Apples,1
T000519,Sugar,4
T000519,Orange Juice,1
T000519,Rice,2
T000519,Milk,4
T000519,Beef,2
T000519,Coffee,1
T000519,Bread,1
T000520,Coffee,3
T000520,Milk,4
T000520,Onions,2
T000521,Onions,3
T000522,Cheese,4
T000522,Eggs,1
T000522,Orange Juice,3
T000523,Apples,4
T000523,Eggs,3
T000523,Yogurt,2
T000523,Pasta,2
T000523,Tomatoes,1
T000523,Onions,4
T000524,Apples,1
T000524,Eggs,2
T000524,Pasta,3
T000524,Onions,1
T000525,Tomatoes,4
T000525,Tea,1
T000526,Chicken,1
T000526,Sugar,4
T000526,Onions,2
T000527,Butter,3
T000527,Eggs,1
T000527,Bread,4
T000528,Cheese,1
T000528,Rice,1
T000528,Pasta,3
T000528,Chicken,1
T000528,Flour,1
T000529,Apples,2
T000529,Eggs,2
T000529,Yogurt,1
T000530,Tomatoes,2
T000531,Eggs,2
T000531,Butter,1
T000531,Milk,2
T000531,Tomatoes,1
T000531,Bread,4
T000532,Chicken,4
T000532,Orange Juice,3
T000533,Eggs,2
T000533,Butter,3
T000533,Orange Juice,4
T000533,Milk,4
T000533,Chicken,3
T000533,Beef,2
T000533,Flour,4
T000533,Bread,4
T000534,Sugar,4
T000534,Butter,4
T000534,Orange Juice,4
T000534,Tea,2
T000534,Rice,1
T000534,Beef,2
T000534,Onions,2
T000535,Sugar,3
T000535,Cheese,3
T000535,Butter,3
T000535,Orange Juice,4
T000535,Rice,1
T000535,Milk,3
T000535,Chicken,4
T000535,Onions,4
T000536,Cheese,3
T000536,Eggs,2
T000536,Sugar,4
T000536,Chicken,2
T000536,Flour,2
T000536,Onions,4
T000537,Butter,1
T000537,Eggs,2
T000537,Bread,4
T000537,Milk,2
T000538,Bananas,1
T000538,Coffee,2
T000538,Sugar,1
T000539,Flour,4
T000539,Orange Juice,1
T000539,Yogurt,4
T000540,Chicken,3
T000540,Butter,4
T000540,Beef,4
T000541,Apples,2
T000541,Cheese,1
T000541,Eggs,1
T000541,Butter,1
T000541,Pasta,4
T000541,Chicken,3
T000541,Bananas,3
T000541,Bread,4
T000541,Onions,3
T000542,Sugar,4
T000542,Cheese,4
T000542,Butter,3
T000542,Eggs,4
T000542,Rice,3
T000542,Milk,2
T000542,Coffee,4
T000542,Bread,3
T000542,Tomatoes,4
T000543,Butter,3
T000543,Tea,1
T000543,Milk,4
T000543,Flour,2
T000543,Coffee,4
T000543,Bread,3
T000543,Tomatoes,1
T000544,Apples,1
T000544,Sugar,4
T000544,Butter,2
T000544,Rice,1
T000544,Yogurt,4
T000544,Pasta,2
T000544,Milk,1
T000544,Coffee,4
T000544,Tomatoes,2
T000544,Onions,1
T000545,Apples,1
T000545,Sugar,3
T000545,Orange Juice,1
T000545,Onions,3
T000546,Flour,3
T000546,Pasta,1
T000546,Onions,3
T000547,Sugar,4
T000547,Butter,1
T000547,Orange Juice,1
T000547,Tea,1
T000548,Apples,1
T000548,Cheese,2
T000548,Sugar,4
T000548,Butter,1
T000548,Milk,2
T000548,Coffee,1
T000548,Onions,4
T000549,Tomatoes,4
T000549,Butter,3
T000549,Onions,4
T000549,Milk,2
T000550,Sugar,4
T000550,Cheese,4
T000550,Eggs,3
T000550,Yogurt,1
T000550,Rice,2
T000550,Milk,2
T000550,Bananas,3
T000550,Bread,1
T000550,Onions,1
T000551,Sugar,2
T000551,Orange Juice,4
T000551,Yogurt,1
T000551,Beef,2
T000551,Tomatoes,1
T000551,Onions,4
T000552,Rice,1
T000553,Eggs,2
T000553,Butter,3
T000553,Orange Juice,2
T000553,Pasta,4
T000553,Onions,3
T000554,Eggs,2
T000554,Butter,1
T000554,Orange Juice,4
T000554,Rice,1
T000554,Milk,4
T000554,Bananas,4
T000554,Coffee,2
T000555,Flour,1
T000555,Eggs,1
T000555,Bread,2
T000555,Beef,1
T000556,Chicken,2
T000556,Butter,1
T000556,Bread,1
T000557,Sugar,3
T000557,Eggs,1
T000557,Butter,4
T000557,Milk,3
T000557,Beef,3
T000557,Flour,1
T000557,Bread,4
T000557,Onions,3
T000558,Sugar,4
T000558,Tomatoes,4
T000559,Bananas,4
T000559,Onions,4
T000560,Sugar,4
T000560,Butter,4
T000560,Orange Juice,1
T000560,Pasta,3
T000560,Coffee,4
T000560,Tomatoes,1
T000560,Onions,2
T000561,Apples,2
T000561,Cheese,2
T000561,Eggs,3
T000561,Sugar,2
T000561,Yogurt,2
T000561,Onions,1
T000562,Apples,2
T000562,Butter,4
T000562,Orange Juice,3
T000562,Rice,1
T000562,Milk,4
T000562,Bananas,1
T000562,Coffee,4
T000563,Apples,2
T000563,Tea,2
T000563,Yogurt,2
T000563,Milk,1
T000563,Chicken,4
T000563,Beef,3
T000563,Onions,4
T000564,Sugar,2
T000564,Chicken,1
T000564,Beef,2
T000564,Flour,3
T000564,Coffee,4
T000565,Chicken,1
T000565,Butter,3
T000566,Butter,3
T000567,Bananas,3
T000567,Eggs,4
T000567,Butter,2
T000567,Bread,3
T000568,Coffee,4
T000568,Cheese,4
T000568,Sugar,4
T000568,Butter,3
T000568,Orange Juice,3
T000568,Yogurt,1
T000568,Milk,4
T000568,Chicken,3
T000568,Tomatoes,1
T000568,Bread,3
T000569,Cheese,4
T000569,Eggs,1
T000569,Butter,3
T000569,Sugar,4
T000569,Milk,2
T000569,Coffee,1
T000569,Tomatoes,1
T000570,Bread,3
T000570,Onions,1
T000570,Pasta,1
T000570,Milk,3
T000571,Eggs,2
T000571,Butter,2
T000571,Milk,1
T000571,Tomatoes,1
T000571,Bread,4
T000572,Flour,1
T000573,Apples,4
T000573,Eggs,1
T000573,Butter,3
T000573,Yogurt,4
T000573,Tomatoes,4
T000573,Bread,1
T000574,Tea,4
T000575,Cheese,2
T000575,Yogurt,1
T000575,Beef,3
T000575,Tea,3
T000576,Eggs,1
T000576,Tea,2
T000576,Milk,2
T000576,Chicken,1
T000576,Beef,4
T000576,Bread,2
T000577,Apples,4
T000577,Sugar,3
T000577,Eggs,1
T000577,Butter,3
T000577,Pasta,2
T000577,Bananas,1
T000577,Coffee,1
T000577,Bread,1
T000577,Onions,1
T000578,Tomatoes,1
T000579,Coffee,2
T000579,Tomatoes,4
T000579,Sugar,2
T000579,Orange Juice,3
T000580,Cheese,4
T000580,Eggs,4
T000580,Tea,3
T000580,Milk,1
T000580,Bread,4
T000581,Eggs,4
T000581,Butter,4
T000581,Pasta,1
T000581,Flour,1
T000581,Coffee,3
T000581,Tomatoes,4
T000581,Onions,2
T000582,Apples,2
T000582,Sugar,2
T000582,Eggs,3
T000582,Butter,3
T000582,Orange Juice,2
T000582,Yogurt,4
T000582,Flour,2
T000582,Bread,4
T000583,Apples,3
T000583,Orange Juice,2
T000583,Rice,1
T000583,Onions,2
T000584,Apples,4
T000584,Yogurt,2
T000584,Milk,3
T000584,Beef,1
T000584,Tomatoes,3
T000584,Bread,2
T000585,Cheese,1
T000585,Beef,4
T000585,Tea,3
T000586,Apples,1
T000586,Sugar,1
T000586,Eggs,2
T000586,Butter,2
T000586,Orange Juice,2
T000586,Tea,2
T000586,Pasta,3
T000586,Flour,4
T000586,Coffee,3
T000586,Bread,4
T000586,Tomatoes,4
T000586,Onions,4
T000587,Eggs,1
T000587,Butter,4
T000587,Tea,2
T000587,Rice,1
T000587,Flour,4
T000587,Bananas,2
T000587,Tomatoes,1
T000588,Sugar,3
T000589,Coffee,4
T000589,Sugar,1
T000589,Tea,4
T000589,Milk,2
T000589,Chicken,3
T000589,Tomatoes,3
T000590,Apples,2
T000590,Sugar,2
T000590,Eggs,2
T000590,Butter,1
T000590,Tea,2
T000590,Milk,4
T000590,Chicken,3
T000590,Beef,2
T000590,Bread,1
T000591,Apples,4
T000591,Cheese,3
T000591,Eggs,1
T000591,Tea,3
T000591,Yogurt,3
T000591,Milk,2
T000591,Bananas,1
T000591,Coffee,2
T000592,Flour,4
T000593,Flour,4
T000593,Cheese,4
T000593,Eggs,2
T000594,Eggs,1
T000594,Yogurt,4
T000594,Milk,4
T000594,Chicken,2
T000594,Flour,4
T000594,Tomatoes,3
T000594,Bread,1
T000594,Onions,1
T000595,Cheese,1
T000596,Cheese,1
T000596,Butter,1
T000596,Rice,2
T000596,Pasta,1
T000596,Milk,4
T000596,Onions,1
T000597,Sugar,4
T000597,Eggs,3
T000597,Rice,3
T000597,Milk,4
T000597,Tomatoes,1
T000598,Sugar,1
T000598,Eggs,1
T000598,Chicken,4
T000598,Beef,2
T000598,Onions,1
T000599,Tea,3
T000599,Yogurt,1
T000599,Rice,2
T000599,Flour,4
T000599,Tomatoes,1
T000600,Cheese,1
T000601,Rice,4
T000601,Onions,1
T000602,Apples,1
T000602,Orange Juice,2
T000602,Rice,4
T000602,Coffee,4
T000602,Onions,2
T000603,Flour,3
T000603,Butter,4
T000603,Bread,1
T000604,Butter,4
T000604,Rice,3
T000604,Milk,4
T000604,Beef,2
T000604,Bananas,4
T000604,Bread,4
T000605,Cheese,2
T000605,Eggs,3
T000605,Butter,3
T000605,Chicken,4
T000605,Bananas,3
T000605,Bread,1
T000606,Tomatoes,2
T000606,Eggs,4
T000607,Coffee,4
T000607,Sugar,2
T000607,Eggs,4
T000607,Butter,4
T000607,Orange Juice,1
T000607,Milk,4
T000607,Tomatoes,3
T000607,Bread,1
T000608,Apples,1
T000608,Cheese,1
T000608,Sugar,4
T000608,Orange Juice,4
T000608,Tea,4
T000608,Yogurt,3
T000608,Milk,1
T000608,Coffee,3
T000609,Tomatoes,1
T000610,Apples,3
T000610,Eggs,4
T000611,Apples,1
T000611,Beef,2
T000611,Pasta,2
T000612,Apples,3
T000612,Cheese,1
T000612,Eggs,3
T000612,Rice,1
T000612,Milk,2
T000612,Bread,2
T000612,Onions,2
T000613,Chicken,3
T000613,Butter,2
T000613,Eggs,4
T000613,Bread,1
T000614,Flour,2
T000614,Tomatoes,1
T000614,Tea,2
T000615,Bananas,4
T000615,Pasta,1
T000615,Onions,4
T000616,Eggs,3
T000616,Butter,2
T000616,Yogurt,3
T000616,Beef,2
T000616,Bread,4
T000617,Flour,1
T000617,Apples,1
T000617,Sugar,1
T000618,Apples,3
T000618,Tomatoes,3
T000618,Onions,2
T000619,Flour,1
T000619,Sugar,3
T000619,Yogurt,3
T000619,Onions,1
T000620,Apples,1
T000620,Sugar,1
T000620,Eggs,2
T000620,Butter,3
T000620,Orange Juice,4
T000620,Milk,3
T000620,Coffee,3
T000620,Bread,2
T000621,Apples,2
T000621,Sugar,2
T000621,Butter,3
T000621,Rice,2
T000621,Milk,4
T000621,Beef,3
T000621,Bananas,1
T000621,Coffee,3
T000622,Sugar,4
T000622,Eggs,2
T000622,Butter,4
T000622,Rice,2
T000622,Yogurt,3
T000622,Milk,4
T000622,Coffee,3
T000622,Bread,1
T000622,Onions,4
T000623,Cheese,1
T000623,Eggs,3
T000623,Rice,2
T000623,Yogurt,3
T000623,Coffee,3
T000624,Bananas,1
T000624,Tomatoes,2
T000624,Pasta,3
T000624,Onions,3
T000625,Rice,2
T000626,Butter,2
T000627,Pasta,2
T000627,Onions,2
T000628,Sugar,1
T000629,Eggs,4
T000629,Butter,3
T000629,Pasta,2
T000629,Yogurt,4
T000629,Rice,4
T000629,Milk,3
T000629,Tomatoes,4
T000630,Beef,4
T000631,Eggs,3
T000631,Chicken,1
T000631,Beef,4
T000631,Bananas,4
T000631,Onions,1
T000632,Cheese,1
T000632,Butter,1
T000632,Milk,4
T000632,Bananas,1
T000632,Coffee,4
T000633,Butter,3
T000633,Pasta,4
T000633,Onions,4
T000634,Eggs,1
T000634,Butter,4
T000634,Tea,2
T000634,Rice,2
T000634,Milk,1
T000634,Bananas,4
T000634,Tomatoes,1
T000634,Bread,3
T000635,Apples,2
T000635,Eggs,2
T000635,Butter,4
T000635,Milk,4
T000635,Chicken,3
T000635,Flour,3
T000636,Butter,4
T000636,Yogurt,3
T000637,Chicken,3
T000637,Butter,1
T000637,Rice,3
T000638,Sugar,1
T000638,Butter,2
T000638,Milk,2
T000638,Bananas,1
T000638,Coffee,1
T000639,Apples,1
T000639,Cheese,1
T000639,Butter,4
T000639,Tea,3
T000639,Yogurt,4
T000639,Rice,1
T000640,Apples,2
T000640,Cheese,3
T000640,Eggs,3
T000640,Butter,2
T000640,Yogurt,1
T000640,Milk,2
T000640,Bananas,3
T000640,Bread,3
T000641,Onions,3
T000641,Sugar,2
T000641,Orange Juice,3
T000641,Milk,3
T000642,Coffee,1
T000642,Yogurt,3
T000643,Sugar,4
T000643,Cheese,4
T000643,Tea,2
T000643,Rice,2
T000643,Tomatoes,4
T000644,Coffee,1
T000644,Butter,2
T000644,Rice,3
T000644,Milk,3
T000644,Tomatoes,3
T000644,Bread,3
T000644,Onions,3
T000645,Cheese,3
T000645,Eggs,1
T000645,Butter,1
T000645,Tea,2
T000645,Pasta,4
T000645,Milk,1
T000645,Beef,3
T000645,Coffee,1
T000645,Tomatoes,1
T000646,Apples,1
T000646,Cheese,1
T000646,Eggs,4
T000646,Tea,1
T000646,Rice,1
T000646,Bread,2
T000646,Onions,3
T000647,Eggs,2
T000648,Sugar,3
T000648,Tea,2
T000648,Rice,4
T000648,Pasta,1
T000648,Milk,1
T000648,Beef,3
T000648,Bananas,2
T000648,Coffee,4
T000648,Onions,1
T000649,Butter,2
T000649,Orange Juice,3
T000649,Rice,3
T000649,Milk,1
T000650,Coffee,4
T000650,Tomatoes,3
T000650,Pasta,1
T000650,Onions,4
T000651,Coffee,2
T000651,Cheese,3
T000651,Orange Juice,2
T000652,Butter,1
T000652,Tea,3
T000652,Pasta,3
T000652,Chicken,1
T000652,Flour,2
T000652,Bananas,1
T000652,Tomatoes,4
T000653,Tomatoes,2
T000653,Pasta,4
T000653,Onions,1
T000654,Eggs,4
T000654,Orange Juice,2
T000654,Tea,3
T000654,Pasta,4
T000654,Milk,1
T000654,Beef,3
T000654,Flour,1
T000654,Bananas,2
T000654,Bread,4
T000655,Coffee,1
T000655,Sugar,3
T000655,Eggs,1
T000655,Butter,1
T000655,Orange Juice,4
T000655,Chicken,1
T000655,Flour,2
T000655,Tomatoes,4
T000656,Cheese,2
T000656,Eggs,4
T000656,Butter,3
T000656,Pasta,2
T000656,Milk,3
T000656,Chicken,2
T000656,Bread,1
T000656,Onions,1
T000657,Eggs,3
T000657,Butter,4
T000657,Milk,3
T000657,Coffee,3
T000657,Bread,2
T000658,Sugar,4
T000658,Eggs,4
T000658,Butter,2
T000658,Orange Juice,2
T000658,Tea,3
T000658,Milk,4
T000658,Tomatoes,2
T000658,Bread,2
T000658,Onions,3
T000659,Tomatoes,4
T000659,Eggs,2
T000659,Butter,4
T000659,Onions,2
T000660,Bananas,3
T000660,Butter,3
T000660,Yogurt,1
T000661,Chicken,2
T000661,Butter,2
T000661,Rice,3
T000662,Tomatoes,1
T000662,Pasta,1
T000662,Onions,1
T000663,Apples,2
T000663,Sugar,3
T000663,Orange Juice,3
T000663,Rice,3
T000663,Tomatoes,3
T000663,Onions,2
T000664,Sugar,3
T000665,Apples,2
T000665,Sugar,3
T000665,Butter,1
T000665,Tea,4
T000665,Coffee,2
T000666,Apples,2
T000666,Cheese,4
T000666,Eggs,2
T000666,Yogurt,4
T000666,Milk,2
T000666,Flour,1
T000666,Bananas,1
T000666,Bread,1
T000667,Apples,4
T000667,Butter,1
T000667,Orange Juice,1
T000667,Tea,2
T000667,Bananas,4
T000667,Bread,4
T000668,Coffee,1
T000668,Tomatoes,4
T000668,Beef,3
T000668,Onions,3
T000669,Eggs,2
T000669,Orange Juice,3
T000669,Yogurt,1
T000669,Tomatoes,1
T000669,Onions,3
T000670,Apples,4
T000670,Sugar,3
T000670,Eggs,4
T000670,Butter,3
T000670,Milk,2
T000670,Beef,4
T000670,Coffee,3
T000670,Bread,2
T000670,Tomatoes,2
T000671,Coffee,2
T000671,Butter,2
T000671,Orange Juice,2
T000671,Rice,1
T000671,Milk,2
T000671,Tomatoes,1
T000672,Bananas,4
T000672,Tomatoes,4
T000672,Tea,3
T000673,Sugar,2
T000673,Beef,4
T000674,Rice,1
T000674,Pasta,1
T000674,Yogurt,4
T000674,Tomatoes,2
T000674,Onions,4
T000675,Sugar,3
T000675,Eggs,4
T000675,Butter,3
T000675,Pasta,2
T000675,Yogurt,3
T000675,Milk,2
T000675,Chicken,1
T000675,Beef,1
T000675,Coffee,2
T000675,Tomatoes,2
T000675,Onions,4
T000676,Eggs,2
T000676,Yogurt,3
T000676,Pasta,1
T000676,Milk,4
T000676,Beef,3
T000676,Flour,4
T000676,Bread,1
T000676,Onions,3
T000677,Sugar,3
T000677,Eggs,3
T000677,Milk,4
T000677,Coffee,1
T000677,Bread,3
T000677,Tomatoes,1
T000678,Chicken,4
T000678,Sugar,1
T000678,Cheese,2
T000678,Beef,4
T000679,Cheese,2
T000679,Eggs,3
T000679,Sugar,2
T000679,Beef,1
T000679,Onions,3
T000680,Butter,1
T000680,Tea,1
T000680,Milk,1
T000681,Sugar,1
T000681,Butter,2
T000681,Beef,4
T000682,Eggs,1
T000682,Orange Juice,4
T000682,Pasta,3
T000682,Tomatoes,1
T000682,Onions,3
T000683,Cheese,4
T000683,Eggs,3
T000683,Orange Juice,1
T000683,Yogurt,1
T000683,Chicken,1
T000683,Bananas,1
T000684,Apples,1
T000684,Sugar,2
T000684,Eggs,1
T000684,Tea,3
T000684,Yogurt,4
T000684,Milk,1
T000684,Chicken,2
T000684,Coffee,4
T000684,Bread,1
T000685,Tomatoes,4
T000686,Eggs,4
T000686,Tea,3
T000686,Chicken,1
T000686,Flour,4
T000686,Tomatoes,3
T000687,Coffee,4
T000687,Sugar,4
T000688,Butter,4
T000688,Eggs,1
T000688,Bread,1
T000689,Sugar,4
T000689,Cheese,3
T000689,Eggs,3
T000689,Butter,1
T000689,Milk,1
T000689,Coffee,1
T000689,Bread,3
T000690,Cheese,4
T000690,Bread,2
T000690,Butter,4
T000690,Milk,1
T000691,Cheese,2
T000691,Eggs,4
T000691,Pasta,1
T000691,Milk,1
T000691,Chicken,4
T000691,Beef,4
T000691,Tomatoes,4
T000691,Bread,3
T000691,Onions,4
T000692,Apples,3
T000692,Butter,2
T000692,Orange Juice,3
T000692,Yogurt,1
T000692,Pasta,3
T000692,Rice,1
T000692,Tomatoes,1
T000692,Onions,4
T000693,Apples,3
T000693,Bananas,2
T000693,Yogurt,3
T000693,Onions,4
T000694,Butter,2
T000694,Bread,2
T000694,Rice,4
T000694,Tea,3
T000695,Chicken,2
T000695,Eggs,3
T000695,Butter,1
T000695,Milk,1
T000696,Sugar,2
T000696,Eggs,4
T000696,Butter,1
T000696,Tea,3
T000696,Milk,4
T000696,Chicken,2
T000696,Bananas,3
T000696,Coffee,1
T000696,Bread,2
T000697,Yogurt,4
T000697,Rice,4
T000697,Tea,1
T000698,Sugar,2
T000698,Tea,1
T000698,Pasta,1
T000698,Rice,4
T000698,Milk,3
T000698,Beef,2
T000698,Coffee,3
T000698,Onions,1
T000699,Onions,3
T000700,Chicken,2
T000700,Bananas,3
T000700,Beef,2
T000701,Apples,3
T000701,Tomatoes,2
T000702,Bananas,4
T000702,Sugar,3
T000702,Butter,3
T000702,Beef,2
T000703,Bananas,2
T000703,Orange Juice,3
T000703,Beef,4
T000704,Bananas,1
T000705,Cheese,3
T000705,Orange Juice,2
T000705,Rice,2
T000705,Yogurt,4
T000705,Chicken,2
T000705,Tomatoes,3
T000706,Butter,1
T000706,Tea,3
T000706,Chicken,2
T000706,Bananas,1
T000706,Tomatoes,4
T000707,Coffee,2
T000707,Tomatoes,1
T000708,Coffee,4
T000708,Beef,2
T000709,Coffee,2
T000709,Tomatoes,4
T000709,Pasta,1
T000709,Milk,4
T000710,Eggs,4
T000710,Butter,2
T000710,Milk,1
T000711,Flour,4
T000711,Tomatoes,3
T000711,Eggs,2
T000711,Rice,3
T000712,Apples,1
T000712,Coffee,2
T000712,Sugar,1
T000712,Eggs,1
T000712,Butter,4
T000712,Milk,4
T000712,Chicken,2
T000712,Bananas,4
T000712,Tomatoes,4
T000712,Bread,1
T000713,Apples,3
T000713,Sugar,2
T000713,Eggs,2
T000713,Butter,3
T000713,Yogurt,3
T000713,Flour,3
T000713,Bread,4
T000714,Butter,1
T000715,Rice,1
T000716,Flour,2
T000717,Orange Juice,2
T000717,Tea,2
T000717,Yogurt,2
T000717,Chicken,2
T000717,Tomatoes,1
T000717,Bread,1
T000718,Cheese,2
T000718,Butter,2
T000718,Pasta,1
T000718,Beef,2
T000718,Flour,2
T000718,Bananas,2
T000718,Tomatoes,3
T000718,Onions,1
T000719,Sugar,1
T000719,Pasta,2
T000719,Milk,4
T000719,Coffee,2
T000719,Tomatoes,2
T000719,Onions,3
T000720,Sugar,4
T000720,Butter,4
T000720,Orange Juice,4
T000720,Tea,2
T000720,Yogurt,3
T000720,Chicken,4
T000721,Apples,3
T000721,Sugar,1
T000721,Cheese,1
T000721,Butter,3
T000721,Chicken,3
T000721,Flour,2
T000721,Onions,4
T000722,Apples,2
T000723,Bananas,3
T000724,Rice,4
T000724,Pasta,1
T000724,Chicken,1
T000724,Beef,4
T000724,Tomatoes,4
T000724,Onions,4
T000725,Bananas,1
T000726,Eggs,2
T000726,Butter,1
T000726,Yogurt,1
T000726,Milk,1
T000726,Bread,1
T000727,Sugar,3
T000727,Eggs,4
T000727,Butter,4
T000727,Pasta,4
T000727,Bananas,2
T000727,Tomatoes,2
T000728,Eggs,3
T000728,Orange Juice,2
T000728,Tea,2
T000728,Yogurt,4
T000728,Chicken,1
T000728,Bananas,2
T000729,Flour,3
T000729,Bananas,4
T000729,Orange Juice,4
T000730,Flour,2
T000730,Cheese,3
T000730,Eggs,2
T000730,Onions,3
T000731,Chicken,2
T000731,Rice,3
T000732,Apples,3
T000732,Tomatoes,3
T000732,Butter,2
T000732,Sugar,3
T000733,Sugar,1
T000733,Orange Juice,4
T000733,Tea,1
T000733,Rice,1
T000733,Beef,1
T000734,Sugar,1
T000734,Eggs,1
T000735,Eggs,2
T000735,Butter,1
T000735,Orange Juice,3
T000735,Rice,1
T000735,Pasta,4
T000735,Milk,4
T000736,Sugar,4
T000736,Orange Juice,3
T000736,Milk,4
T000736,Beef,1
T000736,Coffee,3
T000737,Cheese,1
T000737,Butter,4
T000737,Rice,2
T000737,Chicken,2
T000737,Bread,4
T000738,Butter,3
T000738,Pasta,1
T000738,Bananas,2
T000738,Tomatoes,1
T000738,Bread,1
T000738,Onions,1
T000739,Eggs,4
T000739,Butter,2
T000739,Orange Juice,2
T000739,Milk,1
T000739,Tomatoes,4
T000739,Bread,4
T000740,Chicken,1
T000740,Coffee,2
T000740,Sugar,4
T000741,Chicken,3
T000742,Cheese,2
T000742,Sugar,4
T000742,Butter,3
T000742,Tea,3
T000742,Beef,1
T000742,Bread,4
T000743,Apples,2
T000743,Cheese,2
T000743,Yogurt,1
T000744,Eggs,4
T000744,Butter,3
T000744,Tea,4
T000744,Bread,3
T000744,Onions,3
T000745,Butter,2
T000745,Rice,3
T000745,Milk,2
T000745,Chicken,4
T000745,Yogurt,1
T000745,Flour,3
T000745,Bananas,3
T000745,Bread,1
T000746,Sugar,4
T000746,Yogurt,1
T000746,Pasta,3
T000746,Rice,1
T000746,Beef,3
T000746,Bananas,2
T000746,Coffee,3
T000746,Tomatoes,3
T000746,Onions,1
T000747,Sugar,3
T000747,Eggs,2
T000747,Orange Juice,3
T000747,Milk,3
T000747,Bread,2
T000748,Chicken,3
T000748,Butter,2
T000748,Orange Juice,1
T000748,Tea,1
T000749,Butter,4
T000750,Butter,2
T000750,Bread,4
T000751,Sugar,1
T000751,Cheese,3
T000751,Eggs,1
T000751,Butter,3
T000751,Rice,2
T000751,Milk,4
T000751,Coffee,4
T000751,Bread,2
T000751,Tomatoes,1
T000752,Butter,3
T000752,Tea,4
T000752,Onions,4
T000753,Pasta,2
T000753,Orange Juice,2
T000753,Yogurt,4
T000753,Cheese,4
T000754,Butter,2
T000754,Yogurt,4
T000755,Butter,1
T000755,Yogurt,2
T000755,Pasta,4
T000755,Tomatoes,2
T000755,Bread,1
T000755,Onions,2
T000756,Flour,1
T000756,Eggs,2
T000756,Milk,4
T000757,Coffee,3
T000757,Sugar,3
T000757,Eggs,2
T000757,Butter,3
T000757,Orange Juice,4
T000757,Milk,1
T000757,Tomatoes,2
T000757,Bread,3
T000758,Eggs,4
T000758,Rice,1
T000758,Milk,1
T000758,Chicken,4
T000758,Flour,2
T000759,Cheese,2
T000759,Sugar,2
T000759,Pasta,3
T000759,Chicken,2
T000759,Beef,2
T000759,Tomatoes,2
T000759,Onions,3
T000760,Orange Juice,4
T000761,Eggs,2
T000761,Butter,2
T000761,Milk,3
T000761,Coffee,1
T000761,Bread,3
T000762,Bananas,1
T000762,Tomatoes,4
T000763,Sugar,4
T000763,Eggs,3
T000763,Butter,3
T000763,Rice,4
T000763,Chicken,1
T000763,Bananas,1
T000763,Coffee,2
T000764,Eggs,1
T000764,Orange Juice,3
T000765,Sugar,1
T000765,Cheese,4
T000765,Yogurt,4
T000765,Milk,4
T000765,Pasta,1
T000765,Beef,3
T000765,Tomatoes,1
T000766,Sugar,3
T000766,Butter,2
T000766,Orange Juice,4
T000766,Rice,1
T000767,Tomatoes,3
T000767,Yogurt,4
T000768,Apples,3
T000768,Sugar,4
T000769,Flour,3
T000769,Cheese,2
T000769,Rice,2
T000770,Cheese,4
T000770,Eggs,1
T000770,Butter,2
T000770,Pasta,1
T000770,Milk,4
T000770,Chicken,2
T000770,Beef,1
T000770,Tomatoes,3
T000770,Bread,3
T000770,Onions,3
T000771,Eggs,1
T000771,Butter,2
T000771,Chicken,4
T000771,Bananas,3
T000771,Bread,4
T000772,Apples,3
T000772,Orange Juice,2
T000772,Tea,3
T000772,Rice,3
T000772,Chicken,3
T000773,Cheese,2
T000773,Eggs,1
T000773,Milk,4
T000773,Bananas,4
T000773,Coffee,3
T000774,Pasta,3
T000775,Flour,3
T000776,Cheese,2
T000776,Eggs,2
T000776,Rice,2
T000776,Milk,4
T000776,Pasta,2
T000776,Flour,4
T000776,Tomatoes,4
T000776,Bread,1
T000776,Onions,3
T000777,Apples,3
T000777,Butter,4
T000777,Orange Juice,3
T000777,Tea,4
T000777,Rice,3
T000777,Milk,2
T000777,Coffee,2
T000777,Bread,2
T000777,Tomatoes,1
T000778,Sugar,1
T000778,Eggs,4
T000778,Butter,1
T000778,Milk,4
T000778,Chicken,1
T000778,Coffee,2
T000778,Bread,2
T000779,Eggs,3
T000779,Butter,3
T000779,Tea,4
T000779,Milk,2
T000779,Beef,1
T000780,Beef,3
T000781,Flour,3
T000781,Pasta,2
T000781,Onions,1
T000782,Sugar,3
T000782,Eggs,2
T000782,Milk,2
T000782,Chicken,1
T000782,Beef,3
T000782,Bread,1
T000783,Eggs,3
T000784,Yogurt,3
T000785,Sugar,4
T000785,Eggs,1
T000785,Tea,2
T000785,Chicken,3
T000785,Coffee,4
T000785,Onions,3
T000786,Eggs,2
T000786,Butter,1
T000786,Bread,1
T000786,Milk,3
T000787,Chicken,3
T000787,Bread,4
T000787,Milk,4
T000788,Yogurt,3
T000788,Pasta,2
T000788,Chicken,4
T000788,Beef,1
T000788,Tomatoes,1
T000788,Onions,1
T000789,Flour,3
T000790,Eggs,2
T000790,Pasta,2
T000790,Chicken,1
T000790,Beef,2
T000790,Flour,2
T000790,Tomatoes,2
T000790,Onions,3
T000791,Apples,1
T000791,Eggs,3
T000791,Pasta,4
T000791,Milk,3
T000791,Bananas,2
T000791,Tomatoes,4
T000791,Bread,3
T000791,Onions,4
T000792,Apples,2
T000792,Tomatoes,1
T000792,Yogurt,2
T000792,Tea,2
T000793,Sugar,1
T000793,Yogurt,3
T000794,Eggs,3
T000794,Butter,4
T000794,Tea,3
T000794,Beef,4
T000794,Bananas,3
T000794,Tomatoes,4
T000794,Bread,3
T000794,Onions,4
T000795,Sugar,2
T000795,Eggs,4
T000795,Milk,2
T000795,Bananas,3
T000795,Coffee,3
T000796,Butter,3
T000796,Eggs,2
T000796,Bread,2
T000797,Bananas,4
T000797,Coffee,2
T000797,Sugar,2
T000797,Orange Juice,3
T000798,Apples,4
T000798,Eggs,3
T000798,Butter,3
T000798,Rice,4
T000798,Milk,2
T000798,Chicken,4
T000798,Flour,4
T000798,Bread,2
T000799,Eggs,3
T000799,Yogurt,3
T000800,Sugar,1
T000800,Eggs,3
T000800,Cheese,2
T000800,Orange Juice,1
T000800,Tea,2
T000800,Rice,4
T000800,Onions,2
T000801,Apples,4
T000801,Butter,1
T000801,Tea,4
T000801,Yogurt,3
T000801,Beef,4
T000801,Tomatoes,2
T000802,Sugar,3
T000802,Eggs,2
T000802,Butter,3
T000802,Tea,3
T000802,Pasta,3
T000802,Beef,2
T000802,Bananas,1
T000802,Tomatoes,3
T000802,Onions,4
T000803,Cheese,4
T000803,Sugar,1
T000803,Butter,2
T000803,Orange Juice,4
T000803,Eggs,3
T000803,Beef,1
T000803,Flour,4
T000803,Coffee,2
T000803,Bread,2
T000804,Cheese,4
T000804,Sugar,4
T000804,Milk,4
T000804,Chicken,1
T000804,Beef,4
T000804,Coffee,4
T000804,Tomatoes,4
T000804,Onions,3
T000805,Coffee,2
T000805,Butter,2
T000805,Sugar,3
T000805,Milk,1
T000806,Apples,2
T000806,Sugar,3
T000806,Orange Juice,3
T000806,Yogurt,2
T000806,Bananas,2
T000806,Tomatoes,4
T000807,Eggs,3
T000807,Butter,4
T000807,Tea,1
T000807,Yogurt,2
T000807,Chicken,4
T000807,Beef,4
T000807,Bread,2
T000808,Apples,3
T000808,Sugar,4
T000808,Eggs,2
T000808,Butter,4
T000808,Pasta,1
T000808,Milk,4
T000808,Chicken,1
T000808,Coffee,4
T000808,Bread,4
T000808,Tomatoes,1
T000808,Onions,4
T000809,Apples,3
T000809,Cheese,4
T000809,Orange Juice,4
T000809,Tea,3
T000809,Pasta,3
T000809,Chicken,1
T000809,Flour,2
T000809,Onions,4
T000810,Eggs,3
T000810,Butter,1
T000810,Yogurt,3
T000810,Milk,1
T000810,Beef,4
T000810,Tomatoes,2
T000810,Bread,4
T000810,Onions,3
T000811,Apples,4
T000811,Sugar,2
T000811,Eggs,4
T000811,Butter,3
T000811,Coffee,3
T000811,Bread,4
T000811,Tomatoes,1
T000812,Coffee,1
T000812,Sugar,3
T000812,Cheese,2
T000812,Milk,1
T000813,Cheese,1
T000813,Pasta,1
T000813,Beef,4
T000813,Flour,3
T000813,Onions,4
T000814,Sugar,1
T000814,Eggs,3
T000814,Butter,1
T000814,Tea,3
T000814,Rice,2
T000814,Milk,3
T000814,Coffee,1
T000814,Bread,1
T000815,Apples,1
T000815,Orange Juice,2
T000815,Yogurt,1
T000815,Beef,3
T000815,Flour,1
T000815,Onions,1
T000816,Cheese,1
T000816,Pasta,3
T000816,Bananas,2
T000816,Tomatoes,2
T000816,Bread,2
T000816,Onions,3
T000817,Beef,1
T000818,Sugar,1
T000818,Eggs,1
T000818,Rice,4
T000818,Milk,3
T000818,Beef,2
T000818,Coffee,1
T000818,Bread,1
T000819,Cheese,2
T000819,Eggs,4
T000819,Butter,2
T000819,Rice,1
T000819,Beef,2
T000819,Bananas,3
T000819,Tomatoes,2
T000820,Coffee,2
T000820,Sugar,1
T000820,Milk,2
T000821,Butter,1
T000821,Eggs,2
T000821,Bread,1
T000822,Flour,3
T000823,Cheese,2
T000823,Sugar,1
T000823,Tea,1
T000823,Rice,4
T000823,Milk,4
T000823,Flour,4
T000823,Coffee,1
T000824,Flour,4
T000824,Tomatoes,4
T000825,Eggs,1
T000825,Butter,3
T000825,Milk,1
T000825,Bread,2
T000825,Onions,2
T000826,Apples,2
T000827,Butter,4
T000827,Eggs,3
T000827,Bread,3
T000827,Milk,1
T000828,Apples,1
T000828,Cheese,3
T000828,Tea,1
T000828,Rice,2
T000828,Yogurt,1
T000828,Chicken,4
T000828,Milk,4
T000828,Coffee,1
T000829,Apples,3
T000829,Eggs,4
T000829,Butter,1
T000829,Pasta,4
T000829,Rice,1
T000829,Chicken,4
T000829,Bananas,3
T000829,Tomatoes,3
T000829,Bread,1
T000829,Onions,2
T000830,Sugar,3
T000830,Tomatoes,2
T000831,Cheese,1
T000831,Eggs,3
T000831,Butter,3
T000831,Milk,2
T000831,Coffee,2
T000831,Bread,1
T000832,Butter,1
T000832,Eggs,3
T000832,Bread,2
T000832,Milk,3
T000833,Sugar,1
T000833,Pasta,4
T000833,Milk,2
T000833,Coffee,1
T000833,Onions,4
T000834,Cheese,4
T000834,Eggs,3
T000834,Orange Juice,2
T000834,Yogurt,3
T000834,Flour,1
T000834,Bread,1
T000835,Eggs,1
T000835,Butter,1
T000835,Orange Juice,4
T000835,Tea,4
T000835,Pasta,3
T000835,Bananas,4
T000835,Tomatoes,2
T000835,Bread,2
T000835,Onions,3
T000836,Apples,4
T000837,Cheese,2
T000837,Pasta,2
T000837,Chicken,3
T000837,Flour,2
T000837,Bananas,1
T000837,Tomatoes,4
T000837,Onions,2
T000838,Bananas,4
T000838,Cheese,4
T000839,Apples,3
T000839,Sugar,1
T000839,Butter,3
T000839,Orange Juice,1
T000839,Beef,4
T000839,Flour,4
T000839,Onions,4
T000840,Sugar,1
T000840,Orange Juice,3
T000841,Apples,3
T000841,Eggs,4
T000841,Butter,4
T000841,Rice,4
T000841,Beef,1
T000841,Bread,4
T000841,Onions,4
T000842,Sugar,4
T000842,Eggs,1
T000842,Orange Juice,1
T000842,Milk,2
T000842,Chicken,1
T000842,Bananas,2
T000842,Coffee,3
T000842,Tomatoes,2
T000843,Butter,1
T000843,Orange Juice,4
T000843,Tea,2
T000843,Milk,3
T000843,Chicken,1
T000843,Beef,4
T000843,Bread,3
T000843,Onions,4
T000844,Sugar,2
T000844,Butter,1
T000844,Pasta,3
T000844,Chicken,2
T000844,Beef,1
T000844,Tomatoes,2
T000844,Bread,3
T000845,Apples,3
T000845,Sugar,1
T000845,Eggs,3
T000845,Butter,1
T000845,Pasta,1
T000845,Milk,1
T000845,Flour,1
T000845,Coffee,1
T000845,Bread,2
T000845,Onions,1
T000846,Sugar,2
T000846,Butter,3
T000846,Milk,3
T000846,Flour,4
T000846,Bananas,3
T000846,Coffee,1
T000846,Bread,3
T000847,Cheese,1
T000847,Eggs,1
T000847,Tea,2
T000847,Milk,4
T000847,Coffee,1
T000847,Tomatoes,3
T000847,Onions,1
T000848,Apples,2
T000848,Eggs,2
T000848,Butter,4
T000848,Pasta,3
T000848,Tomatoes,1
T000848,Onions,4
T000849,Apples,1
T000849,Coffee,4
T000849,Cheese,2
T000849,Sugar,4
T000849,Milk,2
T000849,Beef,2
T000849,Bananas,4
T000849,Tomatoes,3
T000850,Eggs,1
T000850,Butter,1
T000850,Orange Juice,2
T000850,Pasta,2
T000850,Chicken,1
T000850,Flour,4
T000850,Coffee,3
T000850,Bread,1
T000850,Tomatoes,4
T000851,Sugar,1
T000851,Rice,3
T000852,Apples,4
T000852,Cheese,2
T000852,Eggs,1
T000852,Butter,1
T000852,Rice,3
T000852,Milk,4
T000852,Beef,1
T000852,Bananas,1
T000852,Bread,1
T000853,Sugar,2
T000853,Eggs,4
T000853,Butter,1
T000853,Orange Juice,1
T000853,Yogurt,3
T000853,Flour,2
T000854,Eggs,4
T000854,Butter,4
T000854,Rice,2
T000854,Milk,3
T000854,Flour,3
T000854,Bread,2
T000855,Cheese,3
T000855,Tea,4
T000856,Eggs,2
T000856,Butter,2
T000856,Pasta,4
T000856,Milk,4
T000856,Bread,2
T000856,Onions,4
T000857,Chicken,2
T000857,Butter,1
T000857,Eggs,4
T000857,Bread,1
T000858,Eggs,1
T000858,Butter,3
T000858,Milk,3
T000858,Beef,2
T000858,Tomatoes,1
T000859,Sugar,4
T000859,Eggs,3
T000859,Orange Juice,3
T000859,Tea,4
T000859,Milk,2
T000859,Beef,4
T000859,Coffee,2
T000859,Tomatoes,1
T000859,Onions,4
T000860,Beef,2
T000860,Onions,2
T000861,Chicken,1
T000861,Tomatoes,1
T000861,Yogurt,1
T000861,Tea,4
T000862,Tomatoes,1
T000862,Orange Juice,3
T000862,Onions,4
T000863,Sugar,3
T000863,Eggs,3
T000863,Butter,2
T000863,Rice,4
T000863,Bananas,4
T000863,Tomatoes,1
T000863,Onions,3
T000864,Eggs,4
T000864,Pasta,1
T000864,Milk,4
T000864,Flour,2
T000864,Coffee,2
T000864,Onions,3
T000865,Apples,3
T000865,Sugar,4
T000865,Pasta,2
T000865,Chicken,1
T000865,Beef,1
T000865,Flour,4
T000865,Tomatoes,2
T000866,Chicken,2
T000866,Butter,3
T000866,Pasta,3
T000867,Butter,4
T000867,Yogurt,3
T000867,Rice,4
T000867,Chicken,4
T000867,Bread,3
T000868,Apples,4
T000868,Sugar,4
T000868,Orange Juice,2
T000868,Milk,2
T000868,Bananas,4
T000868,Coffee,1
T000869,Chicken,4
T000869,Eggs,2
T000869,Orange Juice,3
T000869,Beef,4
T000870,Eggs,3
T000870,Milk,4
T000870,Bananas,4
T000870,Tomatoes,4
T000870,Onions,3
T000871,Apples,4
T000871,Sugar,3
T000871,Eggs,1
T000871,Butter,3
T000871,Tea,3
T000871,Rice,2
T000871,Beef,2
T000871,Bread,4
T000872,Eggs,1
T000872,Butter,1
T000872,Rice,2
T000872,Pasta,1
T000872,Milk,3
T000872,Flour,2
T000872,Bread,3
T000872,Onions,2
T000873,Eggs,3
T000873,Butter,2
T000873,Yogurt,3
T000873,Bananas,2
T000873,Bread,4
T000873,Onions,2
T000874,Sugar,4
T000874,Cheese,3
T000874,Orange Juice,2
T000874,Rice,4
T000874,Beef,3
T000874,Flour,4
T000875,Eggs,1
T000876,Orange Juice,3
T000877,Chicken,4
T000877,Rice,3
T000877,Tea,4
T000878,Cheese,4
T000878,Yogurt,1
T000878,Pasta,1
T000878,Beef,2
T000878,Flour,1
T000878,Tomatoes,1
T000879,Chicken,2
T000880,Sugar,1
T000880,Eggs,4
T000880,Cheese,3
T000880,Milk,4
T000880,Tomatoes,2
T000881,Cheese,1
T000881,Tea,3
T000881,Onions,4
T000882,Eggs,4
T000882,Tea,3
T000882,Pasta,2
T000882,Rice,3
T000882,Chicken,1
T000882,Coffee,2
T000882,Tomatoes,1
T000882,Onions,3
T000883,Eggs,2
T000883,Orange Juice,1
T000883,Yogurt,3
T000884,Bananas,2
T000884,Eggs,3
T000885,Cheese,1
T000885,Butter,1
T000885,Milk,4
T000885,Chicken,3
T000885,Beef,3
T000885,Bananas,4
T000885,Bread,2
T000886,Beef,1
T000887,Chicken,1
T000888,Sugar,4
T000888,Eggs,1
T000888,Butter,4
T000888,Coffee,3
T000888,Bread,3
T000888,Onions,3
T000889,Chicken,2
T000889,Apples,3
T000889,Butter,3
T000890,Sugar,1
T000890,Orange Juice,2
T000890,Tea,3
T000890,Rice,4
T000890,Flour,3
T000891,Sugar,1
T000891,Eggs,3
T000891,Butter,3
T000891,Orange Juice,3
T000891,Tea,1
T000891,Pasta,2
T000891,Milk,2
T000891,Coffee,1
T000891,Bread,2
T000892,Butter,4
T000892,Eggs,2
T000892,Bread,2
T000893,Cheese,4
T000893,Tea,3
T000894,Sugar,1
T000895,Orange Juice,2
T000896,Apples,3
T000896,Butter,2
T000896,Pasta,1
T000896,Chicken,2
T000896,Tomatoes,3
T000896,Onions,4
T000897,Sugar,2
T000897,Orange Juice,3
T000897,Pasta,4
T000897,Milk,4
T000897,Chicken,3
T000897,Beef,1
T000897,Flour,1
T000897,Coffee,4
T000897,Tomatoes,4
T000898,Butter,3
T000899,Bananas,3
T000899,Cheese,2
T000899,Beef,3
T000899,Tea,4
T000900,Apples,2
T000900,Butter,2
T000900,Yogurt,1
T000900,Beef,3
T000900,Tomatoes,4
T000900,Bread,4
T000900,Onions,2
T000901,Chicken,4
T000901,Tomatoes,3
T000901,Flour,4
T000902,Sugar,3
T000902,Butter,2
T000902,Milk,1
T000902,Chicken,4
T000902,Coffee,1
T000902,Bread,3
T000903,Eggs,2
T000903,Yogurt,4
T000904,Cheese,3
T000904,Sugar,3
T000904,Orange Juice,1
T000904,Rice,1
T000904,Milk,1
T000904,Coffee,3
T000904,Tomatoes,1
T000904,Onions,4
T000905,Beef,2
T000905,Bananas,4
T000905,Butter,1
T000905,Rice,3
T000906,Apples,4
T000906,Cheese,1
T000906,Eggs,4
T000906,Pasta,2
T000906,Rice,3
T000906,Bread,3
T000906,Onions,3
T000907,Bananas,1
T000907,Eggs,1
T000907,Tea,1
T000907,Milk,2
T000908,Apples,3
T000908,Sugar,4
T000908,Cheese,1
T000908,Orange Juice,1
T000908,Rice,4
T000908,Chicken,2
T000908,Tomatoes,2
T000909,Eggs,2
T000909,Tea,1
T000909,Milk,2
T000909,Tomatoes,1
T000909,Bread,1
T000909,Onions,2
T000910,Rice,4
T000911,Coffee,2
T000911,Butter,2
T000911,Sugar,1
T000911,Yogurt,1
T000912,Tea,2
T000912,Rice,4
T000912,Yogurt,1
T000912,Milk,4
T000912,Pasta,4
T000912,Tomatoes,1
T000912,Bread,2
T000913,Sugar,3
T000913,Butter,1
T000913,Chicken,2
T000913,Flour,2
T000913,Bananas,3
T000913,Bread,1
T000914,Beef,1
T000914,Orange Juice,1
T000914,Yogurt,3
T000914,Onions,2
T000915,Apples,2
T000915,Pasta,2
T000915,Onions,2
T000916,Cheese,3
T000916,Sugar,4
T000916,Butter,3
T000916,Eggs,4
T000916,Rice,4
T000916,Bread,2
T000917,Butter,2
T000917,Pasta,4
T000917,Onions,4
T000918,Beef,4
T000918,Cheese,4
T000918,Tomatoes,2
T000918,Yogurt,2
T000919,Chicken,4
T000919,Onions,3
T000920,Sugar,4
T000920,Eggs,4
T000920,Butter,2
T000920,Milk,2
T000920,Coffee,3
T000920,Bread,2
T000921,Tomatoes,2
T000921,Onions,4
T000921,Tea,1
T000922,Cheese,1
T000922,Butter,4
T000923,Flour,3
T000923,Chicken,4
T000924,Coffee,2
T000924,Sugar,3
T000924,Orange Juice,1
T000924,Cheese,4
T000925,Sugar,3
T000925,Eggs,3
T000925,Butter,3
T000925,Chicken,4
T000925,Bread,2
T000926,Cheese,4
T000926,Butter,2
T000926,Yogurt,3
T000926,Milk,1
T000926,Coffee,2
T000926,Tomatoes,3
T000927,Tomatoes,2
T000927,Sugar,4
T000928,Bananas,1
T000928,Butter,1
T000928,Eggs,3
T000928,Bread,3
T000929,Sugar,1
T000929,Eggs,2
T000929,Orange Juice,4
T000929,Yogurt,3
T000929,Milk,4
T000929,Chicken,1
T000929,Flour,4
T000929,Coffee,4
T000929,Bread,1
T000930,Sugar,4
T000930,Butter,1
T000930,Rice,2
T000930,Chicken,3
T000930,Beef,3
T000930,Flour,1
T000930,Bananas,3
T000930,Bread,1
T000931,Tea,1
T000931,Yogurt,1
T000931,Onions,3
T000932,Sugar,2
T000932,Pasta,4
T000932,Onions,4
T000933,Sugar,4
T000934,Sugar,3
T000934,Eggs,1
T000935,Eggs,4
T000935,Orange Juice,1
T000935,Milk,3
T000935,Chicken,3
T000935,Beef,4
T000935,Flour,3
T000936,Coffee,1
T000936,Sugar,2
T000937,Cheese,4
T000937,Eggs,4
T000937,Butter,4
T000937,Orange Juice,4
T000937,Milk,1
T000937,Tomatoes,2
T000937,Bread,4
T000938,Flour,2
T000938,Chicken,2
T000938,Pasta,1
T000938,Tea,4
T000939,Tomatoes,2
T000939,Rice,2
T000940,Cheese,2
T000940,Eggs,3
T000940,Butter,2
T000940,Rice,1
T000940,Milk,1
T000940,Pasta,1
T000940,Tomatoes,4
T000940,Bread,3
T000940,Onions,1
T000941,Sugar,2
T000941,Butter,4
T000941,Pasta,2
T000941,Milk,4
T000941,Beef,2
T000941,Coffee,3
T000941,Bread,3
T000941,Tomatoes,4
T000941,Onions,3
T000942,Eggs,3
T000942,Orange Juice,4
T000942,Yogurt,4
T000942,Bananas,4
T000942,Bread,1
T000943,Cheese,1
T000943,Sugar,4
T000943,Butter,3
T000943,Yogurt,2
T000943,Chicken,3
T000943,Bananas,4
T000944,Eggs,3
T000944,Tea,2
T000944,Pasta,2
T000944,Milk,3
T000944,Flour,1
T000944,Bananas,3
T000944,Tomatoes,2
T000944,Onions,1
T000945,Cheese,4
T000945,Eggs,2
T000945,Tomatoes,4
T000946,Sugar,3
T000946,Orange Juice,1
T000946,Rice,4
T000946,Milk,3
T000946,Pasta,2
T000946,Coffee,3
T000946,Onions,4
T000947,Apples,4
T000947,Eggs,2
T000947,Butter,1
T000947,Rice,1
T000947,Milk,2
T000947,Chicken,2
T000947,Coffee,2
T000947,Bread,3
T000948,Orange Juice,1
T000948,Tea,3
T000949,Chicken,1
T000949,Sugar,2
T000950,Beef,3
T000951,Eggs,3
T000951,Beef,1
T000951,Milk,3
T000952,Apples,3
T000952,Eggs,4
T000952,Pasta,3
T000952,Rice,1
T000952,Tomatoes,2
T000952,Onions,3
T000953,Tea,1
T000953,Rice,4
T000953,Onions,2
T000954,Eggs,1
T000954,Rice,2
T000954,Yogurt,1
T000954,Beef,2
T000954,Tomatoes,3
T000954,Onions,1
T000955,Chicken,1
T000955,Tomatoes,3
T000956,Chicken,3
T000956,Sugar,4
T000957,Coffee,1
T000957,Milk,2
T000958,Sugar,2
T000958,Eggs,3
T000958,Butter,2
T000958,Orange Juice,3
T000958,Yogurt,2
T000958,Beef,1
T000958,Bananas,2
T000958,Coffee,1
T000959,Sugar,2
T000959,Orange Juice,1
T000959,Milk,3
T000959,Beef,3
T000959,Flour,4
T000959,Bananas,4
T000959,Coffee,4
T000960,Tea,1
T000961,Eggs,4
T000961,Butter,4
T000961,Tea,3
T000961,Milk,4
T000961,Chicken,3
T000961,Bread,2
T000962,Sugar,4
T000963,Sugar,2
T000963,Eggs,2
T000963,Butter,4
T000963,Milk,3
T000963,Bananas,2
T000963,Onions,3
T000964,Sugar,4
T000964,Eggs,2
T000964,Orange Juice,2
T000964,Pasta,3
T000965,Eggs,3
T000965,Onions,4
T000966,Chicken,4
T000966,Butter,4
T000966,Bread,2
T000966,Beef,2
T000967,Apples,4
T000967,Pasta,2
T000967,Chicken,4
T000967,Tomatoes,2
T000967,Onions,4
T000968,Butter,3
T000968,Tea,3
T000968,Yogurt,2
T000968,Milk,1
T000968,Bread,2
T000969,Cheese,3
T000969,Butter,1
T000970,Eggs,1
T000970,Tea,3
T000970,Chicken,1
T000970,Beef,4
T000970,Bananas,4
T000970,Tomatoes,3
T000971,Eggs,1
T000971,Tea,1
T000971,Chicken,4
T000971,Bananas,4
T000971,Bread,3
T000972,Eggs,3
T000972,Butter,1
T000972,Tea,3
T000972,Rice,4
T000972,Yogurt,4
T000972,Milk,2
T000972,Tomatoes,1
T000972,Bread,1
T000973,Beef,2
T000973,Rice,3
T000974,Cheese,1
T000974,Bread,2
T000974,Butter,2
T000974,Milk,1
T000975,Apples,3
T000975,Cheese,2
T000975,Eggs,4
T000975,Sugar,1
T000975,Pasta,2
T000975,Rice,2
T000975,Chicken,4
T000975,Tomatoes,4
T000975,Onions,2
T000976,Sugar,1
T000976,Orange Juice,2
T000976,Beef,2
T000976,Bananas,2
T000976,Coffee,4
T000977,Apples,4
T000977,Yogurt,2
T000978,Apples,2
T000978,Eggs,3
T000978,Orange Juice,3
T000978,Tea,1
T000978,Rice,3
T000978,Pasta,4
T000978,Flour,3
T000978,Onions,2
T000979,Coffee,4
T000979,Sugar,2
T000979,Butter,1
T000979,Tea,1
T000979,Rice,2
T000979,Milk,3
T000979,Tomatoes,1
T000979,Bread,4
T000980,Tomatoes,2
T000980,Tea,3
T000981,Bananas,4
T000981,Beef,4
T000982,Apples,1
T000982,Cheese,1
T000982,Butter,4
T000982,Rice,4
T000982,Chicken,4
T000983,Beef,1
T000984,Sugar,3
T000984,Eggs,2
T000984,Butter,1
T000984,Rice,4
T000984,Pasta,4
T000984,Yogurt,1
T000984,Milk,2
T000984,Tomatoes,4
T000984,Bread,3
T000984,Onions,2
T000985,Cheese,3
T000985,Eggs,1
T000985,Butter,2
T000985,Yogurt,1
T000985,Milk,4
T000985,Beef,2
T000985,Coffee,2
T000985,Bread,2
T000986,Cheese,1
T000986,Butter,3
T000986,Tea,4
T000986,Yogurt,1
T000986,Rice,4
T000986,Milk,2
T000986,Flour,3
T000986,Tomatoes,2
T000987,Sugar,1
T000987,Eggs,4
T000988,Sugar,3
T000988,Butter,4
T000988,Beef,3
T000988,Milk,2
T000989,Cheese,3
T000989,Sugar,2
T000989,Eggs,1
T000989,Butter,2
T000989,Yogurt,3
T000989,Milk,1
T000989,Rice,3
T000989,Coffee,2
T000989,Bread,4
T000989,Tomatoes,2
T000990,Apples,2
T000990,Yogurt,4
T000991,Apples,2
T000991,Butter,4
T000991,Milk,1
T000991,Tomatoes,3
T000991,Bread,4
T000992,Sugar,2
T000992,Butter,3
T000992,Milk,1
T000992,Coffee,1
T000992,Bread,4
T000992,Onions,4
T000993,Bananas,2
T000993,Cheese,1
T000993,Eggs,2
T000993,Beef,4
T000994,Butter,4
T000994,Sugar,2
T000994,Bread,1
T000994,Beef,1
T000995,Butter,3
T000995,Rice,3
T000995,Pasta,1
T000995,Bananas,2
T000995,Tomatoes,4
T000995,Onions,4
T000996,Chicken,1
T000996,Cheese,1
T000996,Eggs,1
T000997,Onions,4
T000998,Orange Juice,1
T000998,Tea,4
T000998,Yogurt,2
T000998,Flour,4
T000998,Bananas,1
T000999,Orange Juice,1
T001000,Eggs,3
T001000,Butter,1
T001000,Orange Juice,3
T001000,Yogurt,4
T001000,Milk,1
T001000,Bread,2
T001001,Sugar,2
T001001,Cheese,3
T001001,Milk,1
T001001,Chicken,4
T001001,Beef,3
T001001,Flour,1
T001001,Coffee,1
T001002,Coffee,3
T001002,Butter,4
T001002,Bread,3
T001002,Rice,2
T001003,Eggs,3
T001003,Butter,2
T001003,Pasta,1
T001003,Milk,4
T001003,Chicken,2
T001003,Bananas,2
T001003,Coffee,3
T001003,Bread,2
T001003,Tomatoes,2
T001003,Onions,4
T001004,Cheese,2
T001004,Sugar,1
T001004,Butter,3
T001004,Rice,2
T001004,Pasta,2
T001004,Milk,1
T001004,Beef,4
T001004,Coffee,2
T001004,Tomatoes,1
T001004,Onions,1
T001005,Apples,2
T001005,Eggs,3
T001005,Tea,4
T001005,Bananas,2
T001005,Bread,2
T001006,Bananas,1
T001006,Butter,3
T001006,Bread,2
T001006,Milk,3
T001007,Tomatoes,3
T001007,Onions,3
T001007,Beef,2
T001007,Tea,2
T001008,Butter,3
T001008,Orange Juice,3
T001008,Yogurt,3
T001008,Pasta,1
T001008,Beef,2
T001008,Tomatoes,4
T001009,Apples,4
T001009,Bananas,2
T001009,Cheese,4
T001010,Sugar,1
T001010,Eggs,2
T001010,Cheese,1
T001010,Butter,1
T001010,Yogurt,4
T001010,Milk,3
T001010,Bananas,2
T001011,Sugar,2
T001011,Eggs,4
T001011,Butter,3
T001011,Bananas,3
T001011,Bread,2
T001011,Onions,3
T001012,Apples,1
T001012,Sugar,4
T001012,Butter,4
T001012,Beef,4
T001012,Bananas,3
T001013,Apples,2
T001013,Eggs,3
T001013,Butter,4
T001013,Tea,2
T001013,Pasta,1
T001013,Chicken,4
T001013,Tomatoes,4
T001013,Bread,3
T001014,Coffee,4
T001014,Sugar,2
T001014,Milk,1
T001015,Chicken,4
T001015,Onions,2
T001016,Onions,4
T001017,Chicken,2
T001017,Tomatoes,3
T001017,Cheese,1
T001017,Beef,1
T001018,Apples,2
T001018,Eggs,2
T001018,Butter,1
T001018,Rice,1
T001018,Milk,4
T001018,Pasta,1
T001018,Tomatoes,2
T001018,Bread,3
T001019,Cheese,4
T001019,Eggs,4
T001019,Butter,3
T001019,Orange Juice,2
T001019,Milk,3
T001019,Beef,1
T001019,Bread,4
T001019,Onions,1
T001020,Apples,4
T001020,Eggs,2
T001020,Butter,4
T001020,Yogurt,2
T001020,Milk,4
T001020,Chicken,1
T001020,Coffee,3
T001020,Bread,1
T001020,Tomatoes,3
T001021,Apples,1
T001021,Sugar,4
T001021,Beef,2
T001021,Flour,4
T001021,Coffee,2
T001022,Cheese,2
T001022,Sugar,4
T001022,Orange Juice,3
T001022,Tea,4
T001022,Beef,4
T001022,Flour,4
T001022,Onions,4
T001023,Coffee,3
T001023,Sugar,4
T001024,Rice,1
T001024,Pasta,1
T001025,Sugar,2
T001025,Eggs,1
T001025,Tea,2
T001025,Beef,4
T001025,Coffee,4
T001025,Bread,2
T001026,Bananas,4
T001026,Orange Juice,1
T001026,Yogurt,1
T001027,Cheese,1
T001028,Eggs,2
T001028,Butter,2
T001028,Tea,3
T001028,Rice,3
T001028,Beef,1
T001028,Tomatoes,4
T001028,Bread,1
T001029,Cheese,4
T001029,Eggs,4
T001029,Butter,2
T001029,Yogurt,4
T001029,Pasta,1
T001029,Bread,2
T001030,Apples,2
T001030,Eggs,2
T001030,Butter,3
T001030,Orange Juice,2
T001030,Rice,1
T001030,Milk,3
T001030,Bread,3
T001031,Apples,2
T001031,Sugar,1
T001031,Butter,2
T001031,Tea,2
T001031,Rice,2
T001031,Yogurt,4
T001032,Pasta,2
T001032,Orange Juice,1
T001032,Rice,1
T001032,Onions,3
T001033,Butter,4
T001033,Tea,4
T001033,Flour,4
T001033,Coffee,3
T001033,Tomatoes,1
T001034,Apples,2
T001034,Cheese,2
T001034,Eggs,3
T001034,Orange Juice,1
T001034,Beef,3
T001034,Bread,3
T001035,Bananas,4
T001035,Rice,2
T001035,Onions,2
T001036,Sugar,1
T001036,Butter,2
T001036,Rice,1
T001036,Chicken,3
T001036,Bread,4
T001037,Cheese,2
T001037,Eggs,2
T001037,Orange Juice,3
T001037,Rice,3
T001037,Bananas,1
T001037,Tomatoes,1
T001038,Coffee,3
T001038,Cheese,4
T001038,Rice,1
T001038,Milk,1
T001039,Sugar,1
T001039,Eggs,4
T001039,Butter,2
T001039,Orange Juice,4
T001039,Tea,2
T001039,Milk,3
T001039,Beef,1
T001039,Coffee,3
T001039,Bread,4
T001039,Tomatoes,1
T001040,Cheese,4
T001040,Eggs,1
T001040,Butter,4
T001040,Sugar,2
T001040,Coffee,1
T001041,Flour,1
T001041,Yogurt,3
T001041,Tea,2
T001042,Tomatoes,2
T001042,Eggs,1
T001042,Butter,2
T001042,Orange Juice,2
T001043,Flour,2
T001043,Bananas,1
T001044,Sugar,3
T001044,Eggs,1
T001044,Butter,4
T001044,Tea,4
T001044,Yogurt,2
T001044,Milk,4
T001044,Flour,2
T001044,Coffee,3
T001044,Bread,3
T001044,Onions,1
T001045,Eggs,4
T001045,Butter,4
T001045,Pasta,1
T001045,Onions,2
T001046,Sugar,4
T001046,Eggs,3
T001046,Tea,4
T001047,Cheese,3
T001047,Butter,2
T001047,Tea,4
T001047,Pasta,3
T001047,Yogurt,1
T001047,Chicken,4
T001047,Beef,1
T001047,Tomatoes,4
T001047,Onions,3
T001048,Sugar,1
T001048,Butter,4
T001048,Rice,2
T001048,Bread,4
T001048,Onions,4
T001049,Bananas,3
T001049,Cheese,4
T001049,Yogurt,1
T001049,Onions,2
T001050,Butter,4
T001050,Yogurt,3
T001050,Tea,3
T001051,Apples,3
T001051,Sugar,1
T001051,Tea,4
T001051,Yogurt,3
T001051,Pasta,1
T001051,Milk,4
T001051,Coffee,2
T001051,Onions,1
T001052,Orange Juice,3
T001052,Pasta,3
T001052,Yogurt,2
T001052,Tomatoes,1
T001052,Onions,1
T001053,Bananas,4
T001053,Tomatoes,4
T001053,Cheese,1
T001054,Apples,4
T001054,Sugar,4
T001054,Eggs,1
T001054,Butter,2
T001054,Orange Juice,3
T001054,Bread,1
T001054,Onions,4
T001055,Pasta,3
T001055,Beef,4
T001055,Coffee,2
T001055,Tomatoes,4
T001055,Onions,1
T001056,Apples,1
T001056,Rice,4
T001056,Flour,1
T001057,Sugar,2
T001057,Butter,4
T001057,Orange Juice,4
T001057,Yogurt,1
T001057,Milk,3
T001057,Flour,3
T001057,Coffee,2
T001057,Bread,1
T001058,Apples,2
T001058,Cheese,1
T001058,Eggs,4
T001058,Butter,1
T001058,Milk,2
T001058,Bread,2
T001059,Apples,2
T001060,Eggs,2
T001060,Butter,2
T001060,Milk,1
T001060,Chicken,1
T001060,Flour,1
T001061,Apples,2
T001061,Sugar,4
T001061,Yogurt,1
T001061,Pasta,4
T001061,Bananas,3
T001061,Tomatoes,2
T001061,Onions,3
T001062,Eggs,3
T001062,Butter,4
T001062,Tea,2
T001062,Pasta,3
T001062,Flour,2
T001062,Bread,4
T001062,Onions,4
T001063,Sugar,1
T001063,Tea,3
T001063,Bananas,1
T001063,Coffee,2
T001063,Onions,2
T001064,Butter,1
T001064,Orange Juice,4
T001064,Rice,4
T001064,Milk,1
T001064,Flour,4
T001064,Coffee,1
T001064,Onions,2
T001065,Chicken,4
T001065,Cheese,4
T001065,Orange Juice,3
T001065,Rice,1
T001066,Tomatoes,4
T001066,Eggs,4
T001066,Butter,4
T001067,Eggs,4
T001067,Butter,1
T001067,Milk,2
T001067,Chicken,1
T001067,Bananas,2
T001068,Rice,3
T001068,Orange Juice,1
T001068,Beef,4
T001069,Coffee,4
T001069,Cheese,1
T001069,Sugar,4
T001069,Eggs,2
T001069,Tea,1
T001069,Rice,1
T001069,Milk,4
T001069,Beef,3
T001069,Tomatoes,2
T001069,Bread,1
T001070,Sugar,1
T001070,Orange Juice,3
T001070,Milk,3
T001070,Flour,4
T001070,Bananas,3
T001070,Coffee,3
T001070,Onions,2
T001071,Coffee,1
T001071,Orange Juice,2
T001071,Cheese,2
T001072,Bananas,2
T001072,Bread,1
T001072,Onions,3
T001073,Tea,2
T001074,Apples,4
T001074,Orange Juice,4
T001074,Tea,2
T001075,Eggs,3
T001075,Bread,4
T001075,Orange Juice,1
T001076,Sugar,4
T001076,Eggs,1
T001076,Tea,1
T001076,Milk,1
T001076,Flour,2
T001076,Coffee,4
T001077,Cheese,3
T001077,Eggs,3
T001078,Chicken,2
T001078,Apples,2
T001078,Flour,4
T001079,Sugar,3
T001079,Orange Juice,1
T001079,Yogurt,2
T001079,Coffee,3
T001079,Tomatoes,4
T001080,Sugar,2
T001080,Yogurt,1
T001080,Rice,4
T001081,Sugar,1
T001081,Eggs,3
T001081,Butter,2
T001081,Orange Juice,2
T001081,Pasta,3
T001081,Milk,4
T001081,Yogurt,4
T001081,Chicken,4
T001081,Tomatoes,3
T001081,Bread,2
T001081,Onions,2
T001082,Cheese,1
T001082,Sugar,3
T001082,Butter,3
T001082,Orange Juice,3
T001082,Milk,1
T001082,Bananas,4
T001082,Coffee,4
T001082,Bread,3
T001083,Cheese,2
T001083,Eggs,3
T001083,Sugar,3
T001083,Pasta,1
T001083,Yogurt,2
T001083,Flour,3
T001083,Tomatoes,2
T001083,Onions,2
T001084,Apples,4
T001084,Cheese,2
T001084,Yogurt,3
T001084,Pasta,3
T001084,Beef,1
T001084,Flour,4
T001085,Butter,4
T001085,Tea,3
T001085,Milk,4
T001085,Coffee,1
T001085,Onions,4
T001086,Apples,4
T001086,Butter,1
T001086,Yogurt,3
T001086,Milk,3
T001086,Bread,3
T001087,Sugar,4
T001087,Eggs,3
T001087,Tea,2
T001087,Yogurt,2
T001087,Milk,3
T001087,Flour,2
T001087,Bananas,3
T001087,Coffee,3
T001087,Bread,1
T001088,Cheese,3
T001088,Eggs,3
T001088,Milk,1
T001088,Chicken,2
T001088,Coffee,3
T001088,Bread,4
T001088,Onions,4
T001089,Cheese,2
T001089,Orange Juice,3
T001089,Tea,2
T001089,Yogurt,1
T001089,Beef,1
T001090,Butter,4
T001090,Eggs,4
T001090,Bread,1
T001090,Tea,3
T001091,Bananas,3
T001092,Apples,3
T001092,Butter,1
T001092,Orange Juice,3
T001092,Pasta,4
T001092,Beef,2
T001092,Bananas,4
T001092,Tomatoes,3
T001092,Onions,1
T001093,Apples,1
T001093,Butter,2
T001093,Tea,4
T001093,Beef,4
T001093,Bananas,2
T001093,Onions,3
T001094,Apples,1
T001094,Coffee,2
T001094,Tea,3
T001094,Yogurt,2
T001094,Milk,4
T001094,Flour,4
T001094,Tomatoes,3
T001095,Bananas,1
T001096,Sugar,1
T001097,Yogurt,2
T001098,Cheese,1
T001098,Eggs,3
T001098,Sugar,4
T001098,Butter,4
T001098,Yogurt,2
T001098,Milk,3
T001098,Bread,2
T001099,Flour,2
T001100,Tea,3
T001101,Eggs,1
T001101,Orange Juice,3
T001101,Yogurt,3
T001101,Rice,4
T001101,Flour,2
T001102,Cheese,3
T001102,Eggs,1
T001102,Sugar,3
T001102,Chicken,2
T001102,Bananas,4
T001102,Coffee,2
T001102,Tomatoes,2
T001102,Onions,2
T001103,Apples,3
T001103,Eggs,2
T001104,Sugar,3
T001105,Bananas,3
T001106,Apples,3
T001106,Butter,3
T001107,Tomatoes,2
T001108,Chicken,2
T001109,Eggs,4
T001109,Butter,1
T001110,Flour,4
T001110,Cheese,3
T001110,Orange Juice,2
T001110,Rice,3
T001111,Eggs,3
T001111,Orange Juice,2
T001111,Yogurt,1
T001111,Flour,3
T001111,Bananas,4
T001112,Apples,2
T001112,Yogurt,1
T001112,Pasta,2
T001112,Bananas,2
T001112,Coffee,4
T001112,Onions,2
T001113,Coffee,1
T001113,Bread,3
T001113,Yogurt,4
T001113,Milk,4
T001114,Sugar,3
T001114,Eggs,2
T001114,Butter,2
T001114,Yogurt,2
T001114,Milk,2
T001114,Coffee,1
T001114,Bread,4
T001114,Tomatoes,1
T001114,Onions,3
T001115,Sugar,3
T001115,Eggs,4
T001115,Butter,1
T001115,Orange Juice,3
T001115,Milk,2
T001115,Bananas,3
T001115,Bread,4
T001116,Eggs,2
T001116,Milk,4
T001116,Butter,1
T001116,Tea,1
T001117,Cheese,3
T001117,Eggs,3
T001117,Milk,1
T001117,Chicken,3
T001117,Flour,4
T001118,Chicken,3
T001118,Coffee,2
T001118,Milk,2
T001118,Onions,3
T001119,Sugar,3
T001119,Orange Juice,3
T001119,Pasta,1
T001119,Milk,3
T001119,Coffee,4
T001119,Onions,3
T001120,Cheese,3
T001120,Eggs,3
T001120,Butter,4
T001120,Sugar,3
T001120,Flour,1
T001121,Bananas,3
T001121,Tomatoes,2
T001121,Pasta,1
T001121,Onions,2
T001122,Apples,3
T001122,Sugar,3
T001122,Butter,3
T001122,Pasta,1
T001122,Chicken,2
T001122,Beef,2
T001123,Eggs,1
T001123,Pasta,2
T001123,Milk,1
T001123,Flour,3
T001123,Bread,1
T001123,Onions,2
T001124,Orange Juice,3
T001124,Pasta,4
T001124,Milk,4
T001124,Chicken,1
T001124,Bananas,2
T001124,Coffee,4
T001124,Tomatoes,3
T001124,Onions,4
T001125,Butter,1
T001125,Eggs,1
T001125,Bread,3
T001125,Tea,1
T001126,Onions,1
T001127,Apples,3
T001127,Sugar,2
T001127,Pasta,2
T001127,Chicken,3
T001127,Onions,1
T001128,Butter,3
T001129,Onions,2
T001130,Apples,4
T001130,Tomatoes,4
T001130,Pasta,4
T001130,Onions,2
T001131,Sugar,1
T001131,Butter,1
T001131,Pasta,3
T001131,Beef,1
T001131,Bananas,2
T001131,Tomatoes,4
T001131,Bread,3
T001131,Onions,2
T001132,Yogurt,1
T001133,Apples,2
T001133,Coffee,4
T001133,Sugar,2
T001133,Yogurt,1
T001133,Flour,4
T001133,Tomatoes,4
T001133,Onions,2
T001134,Cheese,4
T001135,Flour,2
T001135,Chicken,3
T001135,Yogurt,2
T001136,Coffee,2
T001136,Sugar,3
T001136,Tea,4
T001136,Pasta,1
T001136,Milk,1
T001136,Flour,1
T001136,Tomatoes,3
T001136,Onions,3
T001137,Eggs,4
T001137,Butter,3
T001137,Orange Juice,2
T001137,Rice,1
T001137,Pasta,2
T001137,Beef,3
T001137,Onions,2
T001138,Pasta,1
T001138,Onions,1
T001139,Eggs,3
T001139,Tea,3
T001139,Yogurt,1
T001139,Beef,3
T001139,Tomatoes,1
T001140,Orange Juice,3
T001140,Yogurt,2
T001141,Apples,2
T001141,Orange Juice,3
T001142,Orange Juice,4
T001143,Flour,4
T001143,Bananas,4
T001143,Orange Juice,4
T001143,Rice,2
T001144,Cheese,4
T001144,Butter,3
T001144,Milk,2
T001145,Apples,2
T001145,Tea,4
T001145,Yogurt,1
T001145,Rice,1
T001145,Beef,2
T001145,Bananas,1
T001146,Apples,3
T001146,Orange Juice,4
T001146,Tea,4
T001146,Milk,4
T001146,Coffee,2
T001147,Apples,3
T001147,Eggs,3
T001147,Butter,3
T001147,Pasta,4
T001147,Milk,3
T001147,Bananas,1
T001147,Coffee,1
T001147,Bread,2
T001147,Onions,2
T001148,Eggs,3
T001148,Pasta,4
T001148,Rice,3
T001148,Chicken,2
T001148,Yogurt,1
T001148,Coffee,3
T001148,Tomatoes,3
T001148,Onions,3
T001149,Flour,4
T001149,Sugar,2
T001149,Butter,1
T001150,Cheese,1
T001150,Butter,3
T001150,Orange Juice,2
T001151,Apples,1
T001151,Sugar,2
T001151,Milk,4
T001151,Chicken,4
T001151,Coffee,1
T001151,Onions,1
T001152,Sugar,3
T001152,Cheese,3
T001152,Butter,2
T001152,Eggs,2
T001152,Rice,2
T001152,Milk,4
T001152,Beef,3
T001152,Coffee,2
T001153,Eggs,3
T001153,Butter,3
T001153,Milk,3
T001153,Flour,2
T001153,Bread,1
T001154,Butter,1
T001154,Eggs,3
T001154,Bread,1
T001154,Beef,4
T001155,Chicken,2
T001156,Sugar,3
T001156,Tea,3
T001156,Yogurt,4
T001156,Pasta,3
T001156,Coffee,4
T001156,Tomatoes,2
T001156,Onions,3
T001157,Cheese,4
T001157,Tea,1
T001157,Rice,2
T001157,Milk,4
T001157,Bananas,2
T001157,Coffee,3
T001157,Onions,3
T001158,Butter,4
T001158,Tea,4
T001158,Milk,1
T001158,Coffee,2
T001158,Bread,1
T001159,Eggs,4
T001159,Chicken,3
T001159,Beef,4
T001159,Flour,3
T001159,Bananas,1
T001159,Coffee,2
T001159,Bread,3
T001159,Onions,4
T001160,Chicken,2
T001160,Bananas,3
T001160,Sugar,1
T001161,Eggs,3
T001161,Orange Juice,3
T001161,Yogurt,3
T001161,Pasta,1
T001161,Milk,1
T001161,Rice,4
T001161,Bananas,2
T001161,Tomatoes,3
T001161,Onions,1
T001162,Apples,1
T001162,Coffee,2
T001162,Eggs,1
T001162,Tea,4
T001162,Pasta,1
T001162,Milk,3
T001162,Flour,4
T001162,Tomatoes,4
T001162,Bread,1
T001163,Apples,1
T001163,Yogurt,3
T001163,Pasta,3
T001163,Beef,4
T001163,Flour,4
T001163,Bananas,1
T001163,Onions,1
T001164,Bananas,2
T001164,Beef,1
T001165,Sugar,4
T001165,Orange Juice,2
T001165,Onions,3
T001166,Flour,2
T001166,Rice,1
T001166,Tea,3
T001167,Onions,1
T001168,Rice,1
T001168,Yogurt,1
T001168,Pasta,2
T001168,Tomatoes,4
T001168,Onions,4
T001169,Eggs,2
T001169,Butter,2
T001169,Beef,4
T001169,Tomatoes,1
T001169,Bread,1
T001170,Sugar,1
T001170,Cheese,3
T001170,Butter,1
T001170,Orange Juice,4
T001170,Rice,1
T001170,Bananas,3
T001170,Tomatoes,2
T001171,Cheese,4
T001171,Eggs,2
T001171,Butter,2
T001171,Milk,2
T001171,Bananas,4
T001171,Tomatoes,4
T001172,Beef,3
T001173,Flour,2
T001174,Orange Juice,3
T001174,Rice,3
T001174,Onions,4
T001175,Bananas,2
T001175,Butter,3
T001175,Milk,3
T001176,Chicken,3
T001176,Beef,3
T001177,Eggs,4
T001177,Rice,4
T001177,Pasta,1
T001177,Tomatoes,1
T001177,Bread,3
T001177,Onions,3
T001178,Orange Juice,3
T001178,Pasta,2
T001178,Chicken,3
T001178,Flour,1
T001178,Bananas,4
T001178,Tomatoes,3
T001178,Onions,4
T001179,Apples,1
T001179,Tomatoes,1
T001179,Butter,3
T001180,Sugar,1
T001180,Cheese,1
T001180,Butter,1
T001180,Orange Juice,1
T001180,Rice,1
T001180,Milk,3
T001180,Bread,3
T001180,Onions,1
T001181,Apples,4
T001181,Bananas,3
T001181,Beef,1
T001181,Onions,1
T001182,Sugar,2
T001182,Cheese,2
T001182,Butter,3
T001182,Tea,1
T001182,Pasta,4
T001182,Milk,4
T001182,Tomatoes,4
T001182,Bread,1
T001183,Cheese,4
T001183,Eggs,4
T001183,Butter,1
T001183,Orange Juice,4
T001183,Milk,4
T001183,Beef,1
T001183,Bananas,1
T001183,Bread,1
T001184,Eggs,4
T001184,Butter,4
T001184,Tea,3
T001184,Milk,1
T001184,Bananas,2
T001184,Bread,2
T001184,Onions,2
T001185,Sugar,1
T001185,Butter,4
T001185,Yogurt,4
T001185,Milk,1
T001185,Coffee,3
T001186,Butter,4
T001186,Yogurt,4
T001186,Milk,3
T001186,Flour,3
T001186,Bread,3
T001187,Cheese,2
T001187,Tea,1
T001187,Rice,4
T001187,Beef,3
T001187,Tomatoes,2
T001187,Bread,1
T001188,Cheese,2
T001188,Orange Juice,3
T001188,Chicken,3
T001188,Bananas,2
T001188,Tomatoes,2
T001189,Eggs,2
T001189,Butter,2
T001189,Milk,4
T001189,Bread,2
T001189,Onions,3
T001190,Apples,3
T001190,Sugar,2
T001190,Tea,3
T001190,Rice,2
T001190,Pasta,3
T001190,Bananas,4
T001190,Tomatoes,3
T001190,Onions,1
T001191,Butter,1
T001191,Milk,2
T001191,Flour,4
T001191,Bread,1
T001191,Onions,4
T001192,Bread,3
T001192,Beef,2
T001192,Milk,4
T001193,Chicken,3
T001193,Tomatoes,4
T001193,Coffee,4
T001193,Milk,4
T001194,Flour,1
T001194,Cheese,2
T001195,Butter,1
T001195,Pasta,4
T001195,Milk,3
T001195,Chicken,3
T001195,Coffee,3
T001195,Tomatoes,2
T001195,Onions,3
T001196,Orange Juice,1
T001196,Rice,4
T001197,Cheese,2
T001197,Orange Juice,1
T001197,Tea,4
T001197,Pasta,4
T001197,Tomatoes,2
T001197,Onions,2
T001198,Cheese,2
T001198,Eggs,1
T001198,Butter,2
T001198,Orange Juice,3
T001198,Milk,1
T001198,Flour,3
T001198,Bread,4
T001199,Butter,4
T001199,Orange Juice,2
T001200,Butter,1
T001200,Eggs,4
T001200,Bread,1
T001200,Yogurt,1
T001201,Cheese,3
T001201,Sugar,2
T001201,Pasta,3
T001201,Chicken,4
T001201,Flour,2
T001201,Bananas,2
T001201,Coffee,1
T001201,Onions,1
T001202,Apples,2
T001202,Yogurt,2
T001202,Chicken,1
T001202,Beef,1
T001202,Bananas,2
T001203,Chicken,4
T001203,Yogurt,2
T001204,Tomatoes,1
T001204,Yogurt,4
T001205,Sugar,4
T001205,Butter,2
T001205,Milk,1
T001205,Beef,3
T001205,Coffee,2
T001205,Tomatoes,1
T001206,Cheese,4
T001206,Butter,2
T001206,Rice,4
T001206,Chicken,4
T001206,Beef,3
T001206,Bread,2
T001207,Eggs,3
T001208,Cheese,4
T001208,Eggs,1
T001208,Rice,2
T001208,Chicken,2
T001208,Tomatoes,1
T001209,Onions,3
T001210,Sugar,3
T001210,Eggs,1
T001210,Butter,3
T001210,Yogurt,2
T001210,Milk,4
T001210,Chicken,4
T001210,Bananas,3
T001210,Bread,4
T001211,Eggs,1
T001211,Butter,1
T001211,Milk,4
T001211,Chicken,1
T001211,Flour,3
T001211,Tomatoes,1
T001211,Bread,1
T001212,Bananas,2
T001213,Apples,2
T001213,Sugar,2
T001213,Eggs,1
T001213,Rice,1
T001213,Yogurt,1
T001213,Pasta,1
T001213,Tomatoes,1
T001213,Bread,3
T001213,Onions,3
T001214,Apples,2
T001214,Tea,3
T001214,Pasta,3
T001214,Flour,2
T001214,Tomatoes,2
T001214,Onions,1
T001215,Sugar,1
T001215,Eggs,4
T001215,Cheese,2
T001215,Flour,4
T001215,Tomatoes,4
T001216,Sugar,3
T001216,Orange Juice,1
T001216,Tea,3
T001216,Pasta,2
T001216,Coffee,3
T001216,Onions,2
T001217,Eggs,3
T001217,Tea,4
T001217,Rice,1
T001217,Chicken,4
T001217,Flour,3
T001218,Chicken,2
T001218,Cheese,4
T001218,Eggs,1
T001219,Tea,1
T001219,Rice,3
T001219,Flour,4
T001219,Bananas,1
T001219,Onions,4
T001220,Butter,1
T001220,Orange Juice,1
T001220,Chicken,2
T001220,Bananas,3
T001220,Bread,4
T001221,Cheese,4
T001221,Eggs,1
T001221,Milk,1
T001221,Beef,2
T001221,Bread,3
T001222,Apples,4
T001222,Sugar,1
T001222,Eggs,1
T001222,Orange Juice,1
T001223,Apples,2
T001223,Butter,4
T001223,Tea,2
T001223,Pasta,2
T001223,Flour,2
T001223,Tomatoes,2
T001223,Onions,4
T001224,Cheese,4
T001224,Eggs,1
T001224,Sugar,4
T001224,Yogurt,4
T001224,Milk,2
T001224,Bananas,3
T001224,Coffee,3
T001225,Onions,4
T001226,Eggs,3
T001226,Butter,2
T001226,Milk,1
T001226,Beef,4
T001226,Tomatoes,3
T001226,Bread,4
T001227,Eggs,3
T001227,Butter,1
T001227,Pasta,1
T001227,Yogurt,2
T001227,Chicken,4
T001227,Milk,4
T001227,Bread,4
T001228,Butter,4
T001229,Apples,2
T001229,Rice,4
T001229,Pasta,1
T001229,Flour,4
T001229,Bananas,3
T001230,Cheese,4
T001230,Eggs,3
T001230,Butter,1
T001230,Orange Juice,1
T001230,Pasta,1
T001230,Rice,2
T001230,Chicken,4
T001230,Milk,4
T001230,Flour,4
T001230,Tomatoes,1
T001230,Onions,4
T001231,Eggs,4
T001231,Butter,4
T001231,Beef,3
T001231,Bananas,1
T001231,Bread,1
T001232,Apples,2
T001232,Sugar,4
T001232,Tea,2
T001232,Yogurt,2
T001232,Tomatoes,3
T001233,Butter,3
T001233,Bread,2
T001233,Yogurt,3
T001234,Beef,3
T001235,Apples,4
T001235,Cheese,3
T001235,Rice,3
T001236,Flour,4
T001236,Sugar,3
T001236,Rice,3
T001237,Cheese,2
T001237,Eggs,4
T001237,Yogurt,4
T001237,Milk,1
T001237,Chicken,4
T001237,Flour,2
T001237,Coffee,4
T001237,Onions,1
T001238,Sugar,3
T001238,Butter,3
T001238,Yogurt,4
T001238,Rice,3
T001238,Milk,3
T001238,Coffee,2
T001239,Apples,2
T001239,Butter,4
T001239,Flour,4
T001239,Tomatoes,1
T001239,Onions,4
T001240,Apples,4
T001240,Cheese,3
T001240,Eggs,3
T001240,Yogurt,3
T001240,Milk,4
T001240,Pasta,2
T001240,Flour,2
T001240,Tomatoes,2
T001240,Bread,2
T001240,Onions,4
T001241,Apples,4
T001241,Yogurt,2
T001241,Pasta,4
T001241,Flour,2
T001241,Tomatoes,4
T001241,Onions,2
T001242,Chicken,1
T001242,Cheese,3
T001242,Pasta,3
T001243,Sugar,1
T001243,Milk,2
T001243,Flour,3
T001243,Bananas,4
T001243,Coffee,2
T001243,Onions,1
T001244,Sugar,4
T001244,Butter,3
T001244,Milk,1
T001244,Chicken,3
T001244,Flour,4
T001244,Bananas,1
T001244,Coffee,4
T001244,Bread,1
T001245,Apples,2
T001245,Sugar,4
T001246,Butter,3
T001246,Eggs,3
T001246,Bread,4
T001246,Milk,4
T001247,Tomatoes,4
T001247,Eggs,3
T001247,Pasta,4
T001247,Onions,1
T001248,Cheese,3
T001248,Eggs,2
T001248,Tea,3
T001248,Rice,1
T001248,Milk,2
T001248,Bananas,1
T001248,Bread,1
T001249,Sugar,2
T001249,Eggs,1
T001249,Butter,1
T001249,Tea,2
T001249,Pasta,3
T001249,Rice,4
T001249,Milk,3
T001249,Beef,2
T001249,Flour,1
T001249,Tomatoes,4
T001250,Rice,1
T001250,Onions,1
T001251,Apples,3
T001251,Eggs,2
T001251,Tea,2
T001251,Rice,2
T001251,Chicken,4
T001251,Beef,3
T001251,Flour,3
T001251,Bread,4
T001252,Bananas,3
T001252,Onions,2
T001252,Tea,1
T001253,Apples,1
T001253,Coffee,1
T001253,Sugar,1
T001253,Orange Juice,2
T001253,Bananas,4
T001253,Tomatoes,1
T001254,Sugar,4
T001254,Butter,1
T001254,Yogurt,2
T001254,Milk,3
T001254,Flour,1
T001254,Coffee,3
T001254,Bread,2
T001254,Tomatoes,1
T001255,Sugar,1
T001255,Orange Juice,1
T001255,Milk,1
T001255,Chicken,1
T001255,Flour,2
T001255,Coffee,2
T001256,Apples,1
T001256,Tomatoes,1
T001256,Pasta,1
T001256,Onions,4
T001257,Tomatoes,3
T001258,Flour,3
T001258,Sugar,4
T001258,Yogurt,2
T001258,Onions,4
T001259,Sugar,1
T001259,Tea,1
T001260,Flour,4
T001260,Bananas,4
T001260,Chicken,4
T001261,Sugar,2
T001262,Cheese,3
T001262,Butter,1
T001262,Pasta,1
T001262,Milk,3
T001262,Chicken,1
T001262,Rice,2
T001262,Flour,1
T001262,Tomatoes,1
T001262,Bread,1
T001263,Cheese,1
T001263,Rice,3
T001263,Pasta,2
T001263,Chicken,2
T001263,Flour,4
T001264,Apples,2
T001264,Tomatoes,1
T001264,Pasta,2
T001264,Onions,1
T001265,Apples,4
T001265,Sugar,3
T001265,Flour,4
T001266,Bananas,4
T001266,Cheese,3
T001266,Orange Juice,4
T001267,Cheese,4
T001267,Eggs,3
T001267,Butter,2
T001267,Yogurt,1
T001267,Tomatoes,2
T001267,Bread,1
T001268,Apples,4
T001268,Eggs,3
T001268,Yogurt,3
T001268,Milk,4
T001268,Coffee,1
T001268,Bread,1
T001268,Tomatoes,4
T001269,Eggs,2
T001269,Butter,4
T001269,Orange Juice,2
T001269,Milk,3
T001269,Flour,1
T001269,Tomatoes,2
T001269,Bread,2
T001270,Cheese,2
T001270,Tea,2
T001270,Chicken,3
T001270,Beef,1
T001270,Flour,1
T001271,Beef,1
T001272,Apples,4
T001272,Eggs,2
T001272,Butter,3
T001272,Pasta,1
T001272,Bananas,3
T001272,Tomatoes,4
T001272,Bread,1
T001273,Sugar,1
T001273,Eggs,4
T001273,Butter,4
T001273,Coffee,2
T001273,Bread,1
T001273,Tomatoes,4
T001274,Tomatoes,4
T001275,Apples,3
T001275,Cheese,2
T001275,Orange Juice,2
T001275,Yogurt,2
T001276,Butter,3
T001276,Tea,4
T001276,Rice,2
T001276,Milk,1
T001276,Chicken,4
T001276,Flour,4
T001276,Bananas,2
T001276,Tomatoes,1
T001277,Apples,1
T001277,Tomatoes,1
T001277,Sugar,3
T001278,Sugar,3
T001278,Eggs,4
T001278,Yogurt,1
T001278,Chicken,2
T001278,Beef,3
T001278,Coffee,4
T001278,Bread,3
T001279,Flour,1
T001279,Yogurt,2
T001279,Onions,4
T001280,Bananas,1
T001280,Onions,3
T001281,Orange Juice,4
T001281,Rice,1
T001281,Flour,1
T001281,Bananas,3
T001281,Onions,3
T001282,Flour,1
T001282,Orange Juice,2
T001283,Sugar,2
T001283,Milk,2
T001283,Beef,2
T001283,Flour,2
T001283,Coffee,2
T001283,Onions,4
T001284,Cheese,3
T001284,Eggs,4
T001284,Butter,2
T001284,Milk,1
T001284,Chicken,2
T001284,Flour,2
T001284,Bananas,2
T001285,Orange Juice,3
T001285,Yogurt,3
T001285,Flour,3
T001285,Bananas,4
T001285,Bread,4
T001285,Onions,3
T001286,Apples,1
T001286,Tea,4
T001286,Milk,4
T001286,Chicken,3
T001286,Coffee,1
T001286,Bread,1
T001286,Onions,2
T001287,Cheese,1
T001287,Butter,1
T001288,Bananas,1
T001289,Sugar,2
T001289,Cheese,2
T001289,Rice,4
T001289,Pasta,1
T001289,Milk,3
T001289,Coffee,3
T001289,Onions,4
T001290,Beef,2
T001290,Yogurt,3
T001290,Rice,3
T001290,Tea,2
T001291,Eggs,3
T001292,Sugar,1
T001292,Butter,2
T001292,Tea,4
T001292,Rice,1
T001292,Bread,4
T001293,Apples,4
T001293,Cheese,1
T001293,Butter,4
T001293,Milk,3
T001293,Coffee,4
T001294,Apples,1
T001294,Eggs,2
T001294,Butter,2
T001294,Milk,4
T001295,Sugar,2
T001295,Butter,1
T001295,Orange Juice,2
T001295,Onions,3
T001296,Chicken,1
T001296,Coffee,4
T001296,Butter,4
T001296,Sugar,1
T001297,Beef,3
T001297,Yogurt,1
T001298,Eggs,2
T001298,Bread,1
T001298,Beef,1
T001298,Milk,4
T001299,Rice,4
T001300,Tomatoes,1
T001301,Tea,1
T001302,Eggs,1
T001303,Chicken,3
T001303,Coffee,3
T001303,Tomatoes,4
T001303,Milk,2
T001304,Eggs,4
T001304,Bread,2
T001305,Apples,3
T001305,Sugar,3
T001305,Tea,2
T001305,Tomatoes,3
T001305,Onions,1
T001306,Sugar,4
T001306,Eggs,1
T001306,Rice,3
T001306,Chicken,2
T001306,Coffee,3
T001306,Tomatoes,2
T001306,Onions,2
T001307,Eggs,2
T001307,Butter,1
T001307,Chicken,3
T001307,Beef,1
T001307,Bread,2
T001308,Eggs,4
T001308,Butter,2
T001308,Tea,3
T001308,Rice,1
T001308,Beef,1
T001308,Bananas,1
T001308,Tomatoes,3
T001309,Apples,1
T001309,Sugar,2
T001309,Butter,2
T001309,Pasta,3
T001309,Rice,1
T001309,Beef,2
T001309,Tomatoes,3
T001309,Onions,2
T001310,Bananas,3
T001310,Coffee,4
T001310,Sugar,2
T001310,Yogurt,3
T001311,Apples,1
T001311,Sugar,2
T001311,Butter,3
T001311,Rice,4
T001311,Milk,4
T001311,Bananas,3
T001311,Coffee,4
T001311,Bread,4
T001311,Tomatoes,1
T001312,Tomatoes,2
T001313,Apples,1
T001313,Cheese,4
T001313,Eggs,2
T001313,Bread,1
T001314,Eggs,1
T001314,Tea,1
T001314,Yogurt,2
T001314,Beef,3
T001314,Bread,1
T001314,Onions,2
T001315,Apples,3
T001315,Sugar,3
T001315,Eggs,1
T001315,Orange Juice,3
T001315,Pasta,2
T001315,Milk,1
T001315,Chicken,4
T001315,Bananas,4
T001315,Tomatoes,1
T001315,Bread,3
T001316,Cheese,4
T001317,Onions,2
T001317,Beef,4
T001317,Tea,2
T001318,Apples,4
T001318,Butter,4
T001318,Bread,1
T001318,Rice,3
T001319,Apples,4
T001319,Butter,2
T001319,Rice,4
T001319,Milk,4
T001319,Chicken,3
T001319,Pasta,1
T001319,Coffee,4
T001319,Bread,3
T001319,Onions,4
T001320,Sugar,4
T001320,Eggs,2
T001320,Butter,1
T001320,Milk,2
T001320,Chicken,4
T001320,Flour,3
T001321,Cheese,1
T001321,Sugar,3
T001321,Butter,4
T001321,Yogurt,1
T001321,Beef,1
T001321,Coffee,1
T001321,Onions,1
T001322,Coffee,4
T001322,Milk,4
T001322,Tea,2
T001323,Eggs,3
T001323,Butter,3
T001323,Rice,3
T001323,Yogurt,1
T001323,Pasta,1
T001323,Tomatoes,1
T001323,Bread,3
T001323,Onions,3
T001324,Sugar,1
T001324,Eggs,3
T001324,Butter,4
T001324,Rice,1
T001324,Chicken,2
T001324,Beef,1
T001324,Tomatoes,4
T001325,Eggs,3
T001325,Butter,3
T001325,Milk,4
T001325,Chicken,1
T001325,Beef,1
T001325,Flour,2
T001325,Tomatoes,3
T001325,Bread,1
T001326,Eggs,3
T001326,Butter,3
T001326,Pasta,3
T001326,Milk,1
T001326,Bananas,2
T001326,Tomatoes,4
T001326,Onions,1
T001327,Bananas,4
T001328,Sugar,4
T001328,Cheese,2
T001328,Butter,3
T001328,Orange Juice,3
T001328,Eggs,3
T001328,Tea,3
T001328,Pasta,3
T001328,Bread,2
T001328,Onions,3
T001329,Beef,1
T001329,Tomatoes,4
T001329,Eggs,4
T001329,Rice,2
T001330,Eggs,4
T001330,Butter,3
T001330,Pasta,2
T001330,Yogurt,3
T001330,Chicken,1
T001330,Bread,4
T001331,Eggs,4
T001331,Tea,4
T001331,Milk,2
T001331,Chicken,1
T001331,Tomatoes,1
T001331,Bread,1
T001332,Sugar,1
T001332,Butter,1
T001332,Pasta,4
T001332,Chicken,4
T001332,Flour,1
T001332,Bread,3
T001332,Onions,4
T001333,Apples,4
T001333,Eggs,4
T001333,Butter,3
T001333,Bananas,1
T001333,Bread,1
T001334,Butter,3
T001334,Eggs,1
T001334,Bread,1
T001335,Coffee,1
T001335,Sugar,1
T001335,Tomatoes,1
T001335,Pasta,3
T001336,Apples,2
T001336,Tea,3
T001336,Rice,1
T001336,Milk,1
T001336,Pasta,1
T001336,Bananas,4
T001336,Tomatoes,3
T001336,Onions,2
T001337,Tomatoes,3
T001338,Sugar,4
T001338,Rice,4
T001338,Chicken,3
T001338,Bananas,1
T001338,Onions,4
T001339,Sugar,4
T001339,Eggs,3
T001339,Butter,1
T001339,Orange Juice,1
T001339,Tea,1
T001339,Milk,2
T001339,Coffee,1
T001339,Onions,2
T001340,Cheese,1
T001340,Onions,2
T001341,Eggs,4
T001341,Butter,2
T001341,Pasta,2
T001341,Beef,1
T001341,Flour,1
T001341,Bread,1
T001341,Onions,2
T001342,Eggs,2
T001342,Tea,1
T001342,Pasta,1
T001342,Milk,1
T001342,Tomatoes,1
T001342,Bread,2
T001342,Onions,4
T001343,Apples,2
T001343,Butter,1
T001343,Tea,1
T001343,Rice,3
T001343,Milk,1
T001343,Coffee,1
T001343,Bread,2
T001344,Bananas,3
T001344,Coffee,1
T001344,Sugar,1
T001344,Beef,4
T001345,Flour,3
T001345,Bread,4
T001346,Apples,4
T001346,Sugar,4
T001346,Eggs,4
T001346,Butter,4
T001346,Bananas,2
T001346,Onions,4
T001347,Butter,2
T001347,Orange Juice,4
T001347,Rice,1
T001348,Apples,3
T001348,Sugar,1
T001348,Butter,2
T001348,Rice,2
T001348,Milk,3
T001348,Pasta,3
T001348,Flour,3
T001348,Coffee,4
T001348,Bread,1
T001348,Tomatoes,4
T001348,Onions,3
T001349,Apples,4
T001349,Cheese,4
T001349,Butter,2
T001349,Tea,2
T001349,Chicken,1
T001349,Flour,2
T001349,Bread,1
T001350,Orange Juice,4
T001350,Yogurt,3
T001351,Beef,4
T001351,Tea,2
T001352,Apples,4
T001352,Sugar,1
T001352,Eggs,3
T001352,Orange Juice,3
T001352,Tea,2
T001352,Coffee,4
T001352,Bread,3
T001353,Sugar,3
T001353,Eggs,3
T001353,Tea,4
T001353,Rice,2
T001353,Milk,1
T001353,Bread,1
T001353,Onions,1
T001354,Yogurt,2
T001355,Orange Juice,3
T001356,Orange Juice,1
T001357,Sugar,4
T001357,Orange Juice,2
T001357,Milk,3
T001357,Chicken,1
T001357,Coffee,1
T001357,Onions,2
T001358,Apples,2
T001358,Sugar,1
T001358,Eggs,4
T001358,Butter,1
T001358,Milk,3
T001358,Bananas,2
T001358,Tomatoes,3
T001359,Apples,4
T001359,Tomatoes,4
T001359,Eggs,3
T001359,Cheese,2
T001360,Apples,2
T001360,Yogurt,2
T001360,Tea,2
T001361,Flour,3
T001361,Tea,4
T001362,Cheese,2
T001362,Eggs,3
T001362,Sugar,4
T001362,Orange Juice,1
T001362,Rice,4
T001362,Flour,2
T001363,Bananas,4
T001364,Cheese,1
T001364,Tea,1
T001365,Eggs,1
T001365,Butter,3
T001365,Rice,3
T001365,Beef,3
T001365,Bread,2
T001366,Butter,4
T001366,Orange Juice,2
T001366,Pasta,2
T001366,Chicken,4
T001366,Bananas,2
T001366,Onions,3
T001367,Apples,1
T001367,Butter,3
T001368,Yogurt,2
T001368,Orange Juice,2
T001368,Beef,1
T001369,Tea,3
T001370,Eggs,2
T001370,Butter,1
T001370,Orange Juice,1
T001370,Yogurt,1
T001370,Milk,4
T001370,Chicken,3
T001370,Beef,3
T001370,Tomatoes,3
T001371,Tomatoes,2
T001371,Yogurt,2
T001372,Eggs,2
T001372,Butter,2
T001372,Orange Juice,4
T001372,Chicken,1
T001372,Beef,2
T001372,Flour,1
T001372,Bananas,4
T001372,Bread,3
T001372,Onions,2
T001373,Apples,3
T001373,Orange Juice,2
T001373,Tea,4
T001373,Yogurt,1
T001373,Tomatoes,4
T001373,Bread,3
T001374,Chicken,1
T001374,Eggs,1
T001375,Apples,4
T001375,Sugar,4
T001375,Pasta,2
T001375,Beef,1
T001375,Flour,4
T001375,Bananas,4
T001375,Coffee,2
T001375,Onions,2
T001376,Tomatoes,4
T001376,Pasta,3
T001376,Tea,3
T001377,Cheese,3
T001377,Eggs,3
T001377,Pasta,2
T001377,Milk,2
T001377,Chicken,3
T001377,Beef,2
T001377,Tomatoes,1
T001377,Bread,3
T001377,Onions,2
T001378,Apples,1
T001378,Orange Juice,4
T001378,Pasta,4
T001379,Chicken,1
T001379,Orange Juice,4
T001380,Cheese,4
T001380,Sugar,2
T001380,Rice,3
T001380,Milk,4
T001380,Beef,2
T001380,Coffee,1
T001380,Bread,1
T001380,Onions,3
T001381,Sugar,3
T001381,Cheese,4
T001381,Tea,1
T001381,Chicken,3
T001381,Beef,3
T001382,Eggs,1
T001382,Butter,4
T001382,Orange Juice,2
T001382,Bananas,3
T001382,Tomatoes,4
T001382,Bread,3
T001383,Butter,2
T001383,Bread,3
T001383,Yogurt,2
T001383,Tea,3
T001384,Sugar,3
T001384,Rice,1
T001384,Chicken,1
T001384,Flour,3
T001384,Bananas,1
T001384,Coffee,4
T001384,Onions,4
T001385,Sugar,1
T001385,Orange Juice,2
T001385,Rice,1
T001385,Yogurt,4
T001385,Chicken,2
T001386,Apples,2
T001386,Tomatoes,3
T001386,Butter,4
T001387,Eggs,3
T001387,Butter,3
T001387,Tea,3
T001387,Milk,3
T001387,Bread,4
T001387,Onions,4
T001388,Chicken,3
T001388,Tomatoes,2
T001388,Tea,4
T001388,Onions,4
T001389,Eggs,2
T001389,Butter,4
T001389,Yogurt,1
T001389,Milk,2
T001390,Sugar,3
T001390,Eggs,4
T001390,Butter,1
T001390,Orange Juice,1
T001390,Milk,1
T001390,Beef,3
T001390,Coffee,3
T001390,Bread,1
T001390,Tomatoes,3
T001391,Butter,4
T001391,Orange Juice,2
T001391,Rice,4
T001391,Yogurt,2
T001391,Milk,4
T001391,Beef,1
T001392,Chicken,3
T001392,Tea,3
T001393,Butter,4
T001393,Eggs,2
T001393,Bread,1
T001394,Apples,2
T001394,Cheese,2
T001394,Eggs,3
T001394,Butter,4
T001394,Yogurt,1
T001394,Milk,3
T001394,Rice,2
T001394,Flour,3
T001394,Bread,2
T001395,Cheese,4
T001396,Sugar,2
T001396,Butter,4
T001396,Orange Juice,4
T001396,Bread,4
T001396,Onions,1
T001397,Cheese,1
T001397,Pasta,4
T001397,Yogurt,1
T001397,Rice,4
T001397,Bananas,3
T001398,Apples,4
T001398,Sugar,3
T001398,Eggs,3
T001398,Butter,2
T001398,Milk,2
T001398,Coffee,1
T001398,Bread,3
T001399,Eggs,3
T001399,Butter,2
T001400,Butter,4
T001400,Tea,2
T001400,Chicken,2
T001400,Tomatoes,1
T001400,Bread,2
T001401,Chicken,4
T001401,Butter,1
T001401,Bread,2
T001401,Tea,2
T001402,Coffee,2
T001402,Beef,1
T001403,Sugar,2
T001403,Butter,4
T001404,Apples,4
T001404,Rice,2
T001405,Sugar,4
T001405,Pasta,1
T001405,Milk,3
T001405,Chicken,1
T001405,Flour,3
T001405,Coffee,1
T001405,Onions,1
T001406,Sugar,4
T001406,Milk,4
T001406,Chicken,2
T001406,Coffee,1
T001406,Onions,3
T001407,Pasta,3
T001407,Milk,4
T001407,Flour,1
T001407,Bananas,2
T001407,Coffee,4
T001407,Tomatoes,2
T001407,Onions,2
T001408,Butter,4
T001408,Rice,1
T001408,Pasta,2
T001408,Beef,3
T001408,Tomatoes,4
T001409,Orange Juice,2
T001409,Yogurt,4
T001410,Cheese,2
T001410,Butter,3
T001410,Tea,1
T001410,Tomatoes,3
T001410,Bread,4
T001411,Coffee,3
T001411,Butter,3
T001411,Orange Juice,3
T001411,Milk,4
T001411,Beef,3
T001411,Tomatoes,3
T001411,Bread,3
T001411,Onions,2
T001412,Sugar,3
T001412,Eggs,2
T001412,Butter,2
T001412,Milk,2
T001412,Flour,4
T001412,Coffee,1
T001413,Tomatoes,2
T001413,Eggs,3
T001413,Bread,3
T001413,Butter,4
T001414,Cheese,1
T001414,Bread,2
T001414,Orange Juice,1
T001415,Coffee,3
T001415,Rice,3
T001416,Sugar,4
T001416,Eggs,2
T001416,Tea,2
T001416,Milk,4
T001416,Bread,3
T001417,Tomatoes,3
T001417,Tea,4
T001418,Cheese,4
T001418,Sugar,3
T001418,Rice,3
T001418,Yogurt,1
T001418,Pasta,3
T001418,Milk,4
T001418,Coffee,1
T001418,Tomatoes,1
T001418,Onions,2
T001419,Sugar,3
T001419,Eggs,3
T001419,Orange Juice,4
T001419,Rice,1
T001419,Beef,1
T001419,Tomatoes,4
T001420,Chicken,1
T001420,Orange Juice,4
T001420,Beef,4
T001420,Onions,3
T001421,Sugar,4
T001421,Eggs,1
T001421,Orange Juice,4
T001421,Tea,2
T001421,Milk,1
T001421,Bananas,3
T001421,Coffee,2
T001421,Tomatoes,3
T001422,Eggs,4
T001422,Orange Juice,3
T001422,Pasta,3
T001422,Yogurt,2
T001422,Tomatoes,1
T001422,Onions,4
T001423,Sugar,3
T001423,Eggs,1
T001423,Butter,3
T001423,Rice,3
T001423,Milk,4
T001423,Chicken,2
T001423,Bread,4
T001424,Cheese,1
T001424,Eggs,1
T001424,Butter,4
T001424,Orange Juice,1
T001424,Milk,4
T001424,Chicken,2
T001424,Bread,4
T001425,Rice,2
T001426,Cheese,4
T001426,Rice,3
T001427,Cheese,4
T001427,Butter,2
T001427,Tea,1
T001427,Pasta,3
T001427,Beef,4
T001427,Bananas,1
T001427,Tomatoes,2
T001428,Sugar,4
T001428,Rice,4
T001428,Pasta,1
T001428,Tomatoes,2
T001428,Onions,2
T001429,Cheese,1
T001429,Chicken,4
T001429,Beef,4
T001429,Tomatoes,3
T001429,Onions,4
T001430,Eggs,1
T001430,Butter,2
T001430,Orange Juice,1
T001430,Tea,1
T001431,Eggs,1
T001431,Butter,4
T001431,Milk,2
T001431,Beef,2
T001431,Tomatoes,1
T001432,Apples,3
T001432,Butter,4
T001432,Bananas,2
T001432,Bread,4
T001432,Onions,4
T001433,Chicken,4
T001433,Coffee,4
T001434,Sugar,3
T001434,Cheese,3
T001434,Beef,1
T001434,Coffee,3
T001434,Onions,4
T001435,Flour,2
T001435,Bananas,4
T001436,Apples,1
T001436,Coffee,3
T001436,Sugar,2
T001436,Eggs,2
T001436,Butter,4
T001436,Flour,1
T001436,Tomatoes,3
T001436,Bread,3
T001436,Onions,2
T001437,Sugar,4
T001437,Eggs,3
T001437,Tea,4
T001437,Milk,4
T001437,Coffee,4
T001438,Sugar,1
T001438,Eggs,2
T001438,Butter,4
T001438,Rice,1
T001438,Milk,3
T001438,Beef,2
T001438,Flour,3
T001438,Coffee,3
T001438,Bread,2
T001439,Apples,1
T001439,Cheese,3
T001439,Tea,2
T001439,Beef,3
T001439,Bananas,1
T001439,Tomatoes,1
T001440,Tomatoes,3
T001440,Butter,3
T001440,Onions,3
T001441,Bread,1
T001441,Milk,1
T001442,Sugar,1
T001442,Eggs,3
T001442,Butter,2
T001442,Orange Juice,1
T001442,Pasta,3
T001443,Butter,2
T001444,Apples,2
T001444,Sugar,3
T001444,Cheese,1
T001444,Orange Juice,1
T001444,Chicken,4
T001444,Flour,1
T001445,Orange Juice,4
T001446,Cheese,2
T001446,Orange Juice,4
T001446,Onions,1
T001447,Sugar,1
T001447,Eggs,4
T001447,Butter,1
T001447,Orange Juice,4
T001447,Rice,4
T001447,Milk,3
T001447,Chicken,1
T001447,Bananas,1
T001447,Onions,3
T001448,Sugar,1
T001448,Orange Juice,2
T001448,Yogurt,3
T001448,Flour,1
T001448,Bananas,2
T001448,Tomatoes,1
T001449,Tea,2
T001449,Chicken,2
T001449,Beef,3
T001449,Flour,2
T001449,Coffee,2
T001449,Bread,1
T001449,Onions,2
T001450,Cheese,4
T001450,Eggs,4
T001450,Butter,4
T001450,Tea,3
T001450,Yogurt,1
T001450,Beef,3
T001450,Flour,3
T001450,Bread,1
T001451,Sugar,3
T001451,Eggs,1
T001451,Orange Juice,3
T001451,Milk,1
T001451,Bananas,1
T001451,Coffee,4
T001451,Onions,1
T001452,Tomatoes,2
T001453,Eggs,2
T001453,Butter,1
T001453,Milk,3
T001453,Bananas,3
T001453,Bread,1
T001454,Apples,1
T001454,Cheese,2
T001454,Eggs,4
T001454,Butter,2
T001454,Yogurt,4
T001454,Pasta,1
T001454,Bread,2
T001454,Onions,2
T001455,Chicken,3
T001455,Bananas,3
T001456,Cheese,3
T001456,Eggs,1
T001456,Sugar,2
T001456,Rice,2
T001456,Bread,2
T001457,Apples,1
T001457,Butter,2
T001457,Orange Juice,4
T001457,Rice,3
T001457,Milk,3
T001457,Chicken,2
T001457,Onions,2
T001458,Eggs,1
T001458,Butter,2
T001458,Rice,1
T001458,Pasta,3
T001458,Yogurt,4
T001458,Milk,4
T001458,Beef,4
T001458,Bread,1
T001458,Onions,1
T001459,Sugar,3
T001459,Butter,2
T001459,Orange Juice,2
T001459,Chicken,4
T001459,Beef,1
T001459,Coffee,3
T001459,Tomatoes,3
T001459,Onions,4
T001460,Chicken,2
T001460,Bananas,1
T001460,Eggs,2
T001460,Yogurt,3
T001461,Sugar,4
T001461,Eggs,2
T001461,Butter,3
T001461,Milk,3
T001461,Bananas,4
T001461,Coffee,2
T001462,Eggs,4
T001462,Butter,4
T001462,Tea,4
T001462,Milk,4
T001462,Bread,4
T001462,Onions,2
T001463,Yogurt,2
T001464,Sugar,1
T001464,Orange Juice,3
T001464,Milk,2
T001464,Beef,3
T001464,Bananas,3
T001464,Coffee,1
T001464,Tomatoes,3
T001465,Cheese,4
T001465,Sugar,4
T001465,Yogurt,3
T001465,Rice,4
T001465,Chicken,1
T001465,Bread,1
T001465,Onions,3
T001466,Sugar,4
T001466,Butter,3
T001466,Tea,3
T001466,Yogurt,4
T001466,Tomatoes,2
T001466,Onions,1
T001467,Sugar,2
T001467,Eggs,4
T001467,Butter,1
T001467,Orange Juice,2
T001467,Milk,3
T001467,Chicken,3
T001467,Bananas,2
T001467,Bread,4
T001468,Apples,1
T001468,Orange Juice,1
T001468,Pasta,4
T001468,Bananas,3
T001468,Onions,1
T001469,Apples,2
T001469,Onions,3
T001470,Bananas,1
T001470,Bread,4
T001470,Milk,4
T001471,Cheese,1
T001471,Eggs,3
T001471,Butter,2
T001471,Rice,1
T001471,Beef,1
T001471,Bread,1
T001471,Onions,3
T001472,Tomatoes,2
T001472,Pasta,3
T001472,Onions,3
T001473,Bananas,1
T001474,Eggs,3
T001474,Rice,1
T001474,Pasta,1
T001474,Milk,3
T001474,Tomatoes,3
T001474,Onions,1
T001475,Flour,4
T001475,Bananas,1
T001475,Butter,1
T001475,Bread,3
T001476,Eggs,1
T001476,Pasta,4
T001476,Milk,4
T001476,Flour,2
T001476,Tomatoes,4
T001476,Bread,3
T001476,Onions,4
T001477,Eggs,1
T001477,Bread,4
T001477,Onions,1
T001478,Apples,3
T001478,Butter,3
T001478,Pasta,1
T001478,Tomatoes,2
T001478,Onions,4
T001479,Apples,3
T001479,Cheese,3
T001479,Sugar,3
T001479,Butter,3
T001479,Rice,1
T001479,Beef,3
T001479,Bananas,3
T001479,Coffee,3
T001479,Bread,4
T001480,Eggs,4
T001480,Butter,1
T001480,Tea,3
T001480,Chicken,3
T001480,Beef,4
T001480,Bread,1
T001481,Sugar,2
T001481,Cheese,2
T001481,Pasta,2
T001481,Onions,1
T001482,Apples,4
T001482,Coffee,2
T001482,Eggs,2
T001482,Butter,4
T001482,Tea,3
T001482,Milk,4
T001482,Tomatoes,4
T001483,Cheese,4
T001483,Eggs,4
T001483,Butter,3
T001483,Rice,3
T001483,Milk,2
T001483,Pasta,4
T001484,Butter,3
T001484,Pasta,1
T001484,Beef,3
T001484,Tomatoes,3
T001484,Onions,4
T001485,Apples,2
T001485,Sugar,1
T001485,Cheese,3
T001485,Butter,3
T001485,Eggs,3
T001485,Bread,2
T001486,Eggs,3
T001486,Tea,1
T001486,Flour,2
T001486,Bananas,3
T001486,Coffee,1
T001486,Tomatoes,2
T001487,Eggs,4
T001487,Butter,1
T001487,Pasta,4
T001487,Yogurt,3
T001487,Milk,2
T001487,Tomatoes,4
T001487,Onions,1
T001488,Sugar,2
T001488,Eggs,3
T001488,Orange Juice,2
T001488,Tea,3
T001488,Pasta,2
T001488,Milk,2
T001488,Coffee,2
T001488,Bread,4
T001489,Butter,1
T001489,Orange Juice,1
T001489,Pasta,1
T001489,Chicken,4
T001489,Bread,3
T001489,Onions,2
T001490,Tomatoes,4
T001491,Cheese,4
T001491,Orange Juice,2
T001491,Pasta,1
T001491,Bananas,1
T001491,Bread,2
T001491,Onions,4
T001492,Flour,1
T001492,Orange Juice,4
T001493,Butter,1
T001493,Bread,1
T001493,Rice,3
T001494,Rice,2
T001494,Cheese,3
T001494,Yogurt,1
T001495,Sugar,3
T001495,Eggs,4
T001495,Butter,4
T001495,Tea,3
T001495,Milk,3
T001495,Coffee,2
T001495,Bread,4
T001495,Onions,1
T001496,Chicken,2
T001496,Bread,4
T001496,Rice,3
T001496,Milk,2
T001497,Sugar,3
T001497,Cheese,2
T001497,Butter,4
T001497,Orange Juice,2
T001497,Chicken,4
T001497,Onions,1
T001498,Eggs,4
T001498,Yogurt,1
T001498,Pasta,3
T001498,Tomatoes,2
T001498,Bread,2
T001498,Onions,3
T001499,Eggs,4
T001499,Butter,1
T001499,Bread,2
T001500,Eggs,1
T001500,Butter,3
T001500,Orange Juice,2
T001500,Yogurt,4
T001500,Milk,4
T001500,Bread,3
T001501,Pasta,1
T001501,Onions,4
T001502,Cheese,2
T001502,Eggs,1
T001502,Butter,4
T001502,Pasta,1
T001502,Milk,4
T001502,Beef,2
T001502,Tomatoes,4
T001503,Beef,1
T001503,Tomatoes,2
T001503,Orange Juice,3
T001503,Rice,2
T001504,Sugar,3
T001504,Butter,4
T001504,Orange Juice,4
T001504,Rice,2
T001504,Yogurt,4
T001504,Bread,1
T001504,Onions,4
T001505,Tea,1
T001505,Rice,4
T001505,Yogurt,2
T001505,Beef,3
T001505,Bananas,1
T001505,Onions,1
T001506,Cheese,2
T001506,Pasta,3
T001506,Onions,2
T001507,Apples,3
T001507,Eggs,4
T001507,Chicken,4
T001507,Milk,4
T001508,Sugar,2
T001508,Bread,2
T001508,Orange Juice,2
T001508,Rice,3
T001509,Apples,2
T001509,Sugar,1
T001509,Eggs,1
T001509,Butter,3
T001509,Milk,2
T001509,Beef,2
T001509,Coffee,1
T001509,Tomatoes,1
T001510,Sugar,3
T001510,Butter,4
T001510,Yogurt,4
T001510,Milk,2
T001510,Bread,2
T001511,Apples,1
T001511,Tomatoes,1
T001511,Chicken,1
T001512,Sugar,3
T001512,Eggs,2
T001512,Butter,1
T001512,Flour,3
T001512,Bananas,4
T001512,Bread,1
T001513,Sugar,2
T001513,Eggs,4
T001513,Butter,3
T001513,Tea,1
T001513,Yogurt,4
T001513,Milk,1
T001513,Beef,3
T001513,Bread,1
T001514,Apples,1
T001515,Sugar,4
T001515,Milk,1
T001515,Coffee,3
T001515,Tomatoes,1
T001515,Onions,4
T001516,Apples,1
T001516,Cheese,3
T001517,Apples,3
T001517,Sugar,1
T001517,Cheese,2
T001517,Rice,1
T001517,Yogurt,3
T001517,Bananas,1
T001517,Tomatoes,1
T001518,Beef,4
T001518,Onions,1
T001519,Sugar,1
T001519,Butter,4
T001519,Orange Juice,4
T001519,Rice,4
T001519,Chicken,3
T001519,Coffee,3
T001519,Bread,2
T001519,Tomatoes,3
T001520,Sugar,1
T001520,Tea,2
T001520,Rice,2
T001520,Milk,4
T001520,Coffee,2
T001520,Onions,4
T001521,Sugar,1
T001521,Beef,1
T001521,Onions,3
T001522,Apples,1
T001522,Eggs,4
T001522,Bread,3
T001523,Apples,1
T001523,Sugar,4
T001523,Eggs,3
T001523,Butter,4
T001523,Tea,1
T001523,Flour,4
T001523,Bread,1
T001523,Onions,1
T001524,Butter,4
T001525,Beef,3
T001526,Flour,4
T001526,Orange Juice,3
T001526,Rice,2
T001527,Cheese,1
T001527,Butter,4
T001527,Tea,2
T001527,Rice,1
T001527,Yogurt,1
T001528,Chicken,3
T001528,Sugar,1
T001528,Tea,3
T001529,Sugar,3
T001529,Eggs,2
T001529,Butter,2
T001529,Cheese,1
T001529,Orange Juice,4
T001529,Pasta,2
T001529,Milk,3
T001529,Tomatoes,2
T001529,Bread,4
T001529,Onions,3
T001530,Cheese,1
T001530,Butter,2
T001530,Yogurt,1
T001530,Rice,4
T001530,Chicken,3
T001530,Beef,3
T001531,Apples,3
T001531,Eggs,3
T001531,Rice,3
T001531,Pasta,4
T001531,Tomatoes,4
T001532,Sugar,2
T001533,Eggs,2
T001533,Butter,3
T001533,Chicken,4
T001533,Beef,3
T001533,Tomatoes,2
T001533,Bread,2
T001534,Apples,3
T001535,Eggs,4
T001535,Pasta,4
T001535,Yogurt,1
T001535,Milk,2
T001535,Beef,4
T001535,Bananas,1
T001535,Tomatoes,4
T001535,Bread,4
T001535,Onions,4
T001536,Eggs,2
T001536,Butter,4
T001536,Orange Juice,4
T001536,Yogurt,3
T001536,Milk,1
T001536,Flour,3
T001536,Tomatoes,1
T001536,Bread,4
T001537,Apples,4
T001537,Butter,1
T001537,Orange Juice,3
T001537,Tea,4
T001537,Milk,3
T001537,Beef,1
T001537,Bread,4
T001538,Cheese,3
T001538,Butter,3
T001538,Onions,2
T001539,Apples,3
T001539,Bananas,3
T001539,Yogurt,2
T001540,Eggs,4
T001540,Butter,3
T001540,Yogurt,1
T001540,Milk,2
T001540,Chicken,2
T001540,Rice,1
T001540,Beef,4
T001540,Bananas,3
T001540,Bread,3
T001541,Rice,2
T001542,Eggs,2
T001542,Butter,3
T001542,Tea,2
T001542,Rice,4
T001542,Pasta,4
T001542,Tomatoes,4
T001542,Bread,3
T001543,Apples,2
T001543,Cheese,1
T001543,Rice,3
T001543,Yogurt,2
T001543,Chicken,2
T001543,Pasta,1
T001543,Tomatoes,4
T001543,Onions,4
T001544,Tea,3
T001544,Onions,4
T001545,Sugar,2
T001545,Yogurt,2
T001545,Beef,2
T001545,Coffee,2
T001545,Tomatoes,1
T001546,Cheese,1
T001546,Sugar,2
T001546,Butter,4
T001546,Eggs,2
T001546,Pasta,4
T001546,Flour,1
T001546,Coffee,1
T001546,Bread,1
T001546,Tomatoes,1
T001546,Onions,3
T001547,Eggs,4
T001547,Butter,4
T001547,Orange Juice,3
T001547,Milk,2
T001548,Butter,3
T001549,Eggs,3
T001549,Pasta,2
T001549,Bananas,2
T001549,Tomatoes,3
T001549,Onions,4
T001550,Apples,4
T001550,Tea,4
T001551,Apples,4
T001551,Sugar,2
T001551,Eggs,1
T001551,Butter,3
T001551,Pasta,4
T001551,Milk,2
T001551,Flour,1
T001551,Bananas,3
T001551,Coffee,3
T001552,Apples,2
T001552,Bread,2
T001553,Cheese,1
T001553,Sugar,2
T001553,Butter,1
T001553,Rice,4
T001553,Milk,3
T001553,Coffee,3
T001553,Bread,4
T001554,Flour,1
T001554,Chicken,1
T001555,Eggs,2
T001555,Butter,1
T001555,Chicken,2
T001555,Beef,1
T001555,Bananas,4
T001555,Bread,2
T001556,Eggs,3
T001556,Butter,1
T001556,Pasta,3
T001556,Milk,3
T001556,Bread,2
T001556,Onions,2
T001557,Cheese,4
T001557,Eggs,3
T001558,Cheese,4
T001558,Sugar,3
T001558,Eggs,2
T001558,Orange Juice,2
T001558,Milk,2
T001558,Coffee,4
T001558,Bread,1
T001558,Tomatoes,2
T001558,Onions,1
T001559,Apples,3
T001559,Eggs,2
T001559,Orange Juice,3
T001559,Tea,1
T001559,Pasta,3
T001559,Milk,1
T001559,Flour,3
T001559,Onions,1
T001560,Yogurt,2
T001560,Rice,4
T001560,Tea,1
T001561,Tomatoes,2
T001561,Eggs,4
T001561,Butter,3
T001561,Beef,2
T001562,Sugar,1
T001562,Butter,1
T001562,Tea,2
T001562,Pasta,2
T001562,Milk,1
T001562,Chicken,1
T001562,Coffee,4
T001562,Bread,4
T001562,Tomatoes,2
T001562,Onions,3
T001563,Apples,1
T001564,Butter,2
T001564,Orange Juice,4
T001564,Pasta,3
T001564,Chicken,1
T001564,Bananas,1
T001564,Tomatoes,1
T001564,Onions,3
T001565,Eggs,3
T001565,Orange Juice,3
T001566,Sugar,2
T001566,Cheese,2
T001566,Tea,4
T001566,Rice,2
T001566,Chicken,2
T001567,Flour,2
T001567,Cheese,2
T001567,Yogurt,4
T001568,Tea,3
T001568,Pasta,4
T001568,Flour,3
T001568,Tomatoes,1
T001568,Onions,3
T001569,Flour,1
T001569,Pasta,4
T001569,Yogurt,3
T001569,Beef,1
T001570,Orange Juice,4
T001570,Pasta,4
T001570,Beef,3
T001570,Flour,1
T001570,Tomatoes,2
T001570,Onions,2
T001571,Onions,4
T001572,Sugar,2
T001572,Tomatoes,1
T001572,Pasta,4
T001572,Onions,2
T001573,Apples,3
T001573,Sugar,4
T001574,Apples,4
T001574,Butter,4
T001574,Orange Juice,1
T001574,Milk,2
T001574,Chicken,2
T001574,Flour,4
T001574,Tomatoes,3
T001575,Sugar,3
T001575,Orange Juice,1
T001575,Rice,3
T001575,Pasta,3
T001575,Milk,1
T001575,Beef,1
T001575,Coffee,2
T001575,Tomatoes,1
T001575,Onions,2
T001576,Sugar,3
T001576,Eggs,1
T001576,Butter,4
T001576,Rice,2
T001576,Chicken,1
T001576,Flour,4
T001576,Bananas,1
T001576,Bread,4
T001577,Sugar,4
T001577,Eggs,4
T001577,Butter,4
T001577,Tea,2
T001577,Milk,1
T001577,Beef,4
T001578,Chicken,4
T001578,Bananas,3
T001578,Apples,3
T001579,Apples,2
T001579,Cheese,4
T001579,Eggs,1
T001579,Butter,4
T001579,Tea,2
T001579,Flour,2
T001580,Sugar,2
T001580,Eggs,2
T001580,Butter,2
T001580,Rice,2
T001580,Bread,2
T001581,Coffee,2
T001581,Sugar,2
T001581,Butter,3
T001581,Orange Juice,1
T001581,Milk,1
T001581,Tomatoes,2
T001582,Cheese,2
T001582,Eggs,2
T001582,Butter,4
T001582,Yogurt,4
T001582,Rice,1
T001582,Bread,4
T001582,Onions,3
T001583,Sugar,2
T001583,Eggs,4
T001583,Pasta,3
T001583,Rice,1
T001583,Milk,1
T001583,Bread,2
T001584,Cheese,2
T001584,Eggs,3
T001584,Butter,2
T001584,Milk,3
T001585,Sugar,3
T001585,Eggs,2
T001585,Butter,4
T001585,Milk,4
T001585,Coffee,3
T001585,Bread,2
T001586,Apples,3
T001586,Cheese,4
T001586,Sugar,4
T001586,Tomatoes,4
T001587,Butter,3
T001587,Orange Juice,1
T001587,Rice,2
T001587,Beef,2
T001587,Bread,2
T001588,Cheese,4
T001588,Eggs,2
T001588,Butter,3
T001588,Tea,2
T001588,Pasta,2
T001588,Bananas,3
T001588,Bread,4
T001588,Onions,3
T001589,Butter,3
T001590,Apples,4
T001590,Eggs,4
T001590,Tea,2
T001590,Rice,1
T001590,Tomatoes,2
T001590,Onions,1
T001591,Apples,4
T001591,Milk,4
T001591,Bananas,1
T001591,Coffee,4
T001591,Tomatoes,3
T001592,Onions,4
T001593,Apples,4
T001594,Cheese,1
T001594,Tea,1
T001594,Pasta,1
T001594,Flour,2
T001594,Bananas,2
T001594,Tomatoes,2
T001595,Apples,1
T001595,Eggs,1
T001595,Rice,3
T001595,Bread,2
T001595,Onions,1
T001596,Flour,4
T001596,Beef,4
T001596,Chicken,2
T001596,Rice,2
T001597,Cheese,1
T001597,Sugar,2
T001597,Butter,3
T001597,Yogurt,3
T001597,Rice,1
T001597,Chicken,4
T001597,Coffee,3
T001597,Bread,2
T001598,Tea,1
T001599,Tomatoes,3
T001599,Pasta,4
T001599,Onions,3
T001600,Butter,1
T001600,Tea,1
T001600,Pasta,2
T001600,Beef,4
T001600,Onions,2
T001601,Apples,4
T001601,Eggs,2
T001601,Butter,1
T001601,Yogurt,1
T001601,Rice,3
T001601,Pasta,3
T001601,Milk,3
T001601,Flour,1
T001601,Tomatoes,4
T001601,Bread,3
T001601,Onions,1
T001602,Bananas,4
T001602,Sugar,3
T001602,Orange Juice,4
T001602,Rice,3
T001603,Sugar,2
T001603,Butter,1
T001603,Yogurt,1
T001603,Beef,4
T001603,Bananas,1
T001603,Bread,4
T001604,Eggs,2
T001604,Tea,4
T001604,Chicken,1
T001604,Beef,1
T001604,Flour,2
T001604,Tomatoes,2
T001605,Sugar,4
T001605,Butter,2
T001605,Tea,2
T001605,Milk,2
T001605,Bananas,1
T001605,Coffee,3
T001605,Bread,4
T001606,Apples,1
T001606,Eggs,4
T001606,Butter,4
T001606,Orange Juice,4
T001606,Yogurt,1
T001606,Pasta,4
T001606,Milk,2
T001606,Coffee,2
T001606,Onions,4
T001607,Beef,4
T001608,Cheese,4
T001608,Sugar,3
T001608,Butter,2
T001608,Milk,3
T001608,Flour,1
T001608,Coffee,3
T001608,Bread,3
T001608,Tomatoes,2
T001609,Sugar,3
T001609,Butter,4
T001609,Orange Juice,2
T001609,Yogurt,3
T001609,Rice,2
T001609,Tomatoes,2
T001609,Bread,4
T001610,Eggs,1
T001610,Orange Juice,4
T001610,Tea,4
T001610,Yogurt,1
T001610,Rice,1
T001610,Tomatoes,3
T001611,Chicken,4
T001611,Cheese,4
T001611,Orange Juice,3
T001612,Bananas,3
T001612,Eggs,2
T001612,Rice,4
T001613,Apples,3
T001613,Yogurt,1
T001614,Eggs,3
T001615,Cheese,1
T001615,Eggs,3
T001615,Orange Juice,1
T001615,Pasta,3
T001615,Milk,2
T001615,Beef,3
T001615,Bananas,3
T001615,Tomatoes,3
T001615,Bread,3
T001616,Butter,4
T001616,Onions,3
T001617,Bananas,4
T001617,Cheese,2
T001617,Beef,3
T001618,Tomatoes,2
T001618,Orange Juice,2
T001619,Tea,3
T001619,Chicken,1
T001619,Beef,1
T001619,Flour,1
T001619,Bananas,3
T001620,Eggs,3
T001620,Butter,4
T001620,Orange Juice,4
T001620,Yogurt,4
T001620,Pasta,2
T001620,Milk,3
T001620,Beef,2
T001620,Bread,2
T001621,Butter,3
T001621,Milk,3
T001622,Sugar,2
T001622,Cheese,1
T001622,Eggs,3
T001622,Milk,4
T001622,Chicken,2
T001622,Beef,2
T001622,Flour,4
T001622,Coffee,3
T001622,Bread,2
T001623,Bananas,2
T001624,Apples,4
T001624,Pasta,4
T001624,Bananas,1
T001624,Tomatoes,3
T001624,Onions,3
T001625,Sugar,4
T001625,Eggs,1
T001625,Orange Juice,4
T001625,Yogurt,3
T001625,Pasta,4
T001625,Milk,2
T001625,Coffee,1
T001625,Tomatoes,3
T001625,Onions,3
T001626,Cheese,4
T001626,Orange Juice,2
T001626,Pasta,4
T001626,Tomatoes,3
T001626,Onions,4
T001627,Apples,2
T001627,Eggs,3
T001627,Milk,4
T001627,Chicken,1
T001627,Bread,1
T001628,Flour,1
T001628,Yogurt,1
T001628,Onions,3
T001629,Eggs,4
T001629,Butter,2
T001629,Pasta,4
T001629,Chicken,2
T001629,Tomatoes,1
T001629,Onions,1
T001630,Cheese,3
T001630,Onions,3
T001630,Pasta,4
T001630,Tea,1
T001631,Apples,2
T001631,Eggs,4
T001631,Tea,1
T001631,Chicken,2
T001631,Beef,1
T001631,Bread,3
T001632,Chicken,4
T001632,Apples,3
T001632,Tomatoes,3
T001632,Yogurt,3
T001633,Sugar,3
T001633,Cheese,2
T001633,Butter,2
T001633,Eggs,3
T001633,Rice,4
T001633,Flour,4
T001633,Coffee,2
T001633,Bread,4
T001634,Eggs,3
T001634,Butter,1
T001634,Tea,3
T001634,Yogurt,2
T001634,Beef,3
T001634,Onions,4
T001635,Sugar,4
T001635,Cheese,2
T001635,Butter,4
T001635,Rice,3
T001635,Flour,3
T001635,Bananas,4
T001636,Apples,1
T001636,Cheese,3
T001636,Sugar,2
T001636,Butter,2
T001636,Rice,2
T001636,Pasta,2
T001637,Flour,2
T001637,Yogurt,2
T001638,Butter,4
T001639,Tomatoes,1
T001640,Sugar,3
T001641,Sugar,1
T001641,Orange Juice,2
T001641,Yogurt,3
T001641,Milk,4
T001641,Coffee,2
T001642,Apples,2
T001642,Tomatoes,3
T001642,Yogurt,3
T001643,Coffee,4
T001643,Sugar,1
T001643,Yogurt,2
T001643,Milk,4
T001644,Apples,1
T001644,Sugar,1
T001644,Tea,3
T001644,Rice,2
T001644,Chicken,1
T001644,Beef,3
T001644,Onions,4
T001645,Cheese,4
T001645,Sugar,2
T001645,Tea,3
T001645,Milk,1
T001645,Coffee,4
T001646,Tea,2
T001647,Flour,3
T001647,Cheese,2
T001647,Eggs,3
T001647,Sugar,2
T001648,Cheese,3
T001648,Tomatoes,2
T001648,Pasta,4
T001648,Onions,1
T001649,Sugar,3
T001649,Eggs,4
T001649,Orange Juice,2
T001649,Pasta,1
T001649,Yogurt,2
T001649,Milk,3
T001649,Bread,2
T001650,Cheese,1
T001650,Eggs,4
T001650,Tea,3
T001650,Rice,3
T001650,Onions,1
T001651,Flour,4
T001652,Sugar,2
T001652,Butter,3
T001652,Yogurt,4
T001652,Milk,2
T001652,Beef,3
T001652,Coffee,1
T001653,Apples,1
T001653,Eggs,1
T001653,Tea,2
T001653,Pasta,2
T001653,Yogurt,1
T001653,Beef,3
T001653,Onions,3
T001654,Eggs,4
T001654,Butter,4
T001654,Orange Juice,2
T001654,Milk,4
T001654,Beef,1
T001654,Bread,2
T001655,Sugar,4
T001655,Pasta,3
T001655,Chicken,3
T001655,Flour,1
T001655,Onions,3
T001656,Coffee,2
T001656,Sugar,3
T001656,Milk,2
T001657,Apples,3
T001657,Cheese,4
T001657,Eggs,2
T001657,Rice,2
T001657,Chicken,4
T001657,Flour,2
T001657,Bread,1
T001658,Eggs,4
T001658,Butter,2
T001658,Yogurt,3
T001658,Milk,4
T001658,Bananas,1
T001658,Bread,1
T001659,Orange Juice,4
T001659,Pasta,4
T001659,Onions,4
T001660,Onions,2
T001661,Sugar,1
T001661,Cheese,4
T001661,Orange Juice,3
T001661,Yogurt,1
T001661,Chicken,2
T001661,Bananas,4
T001662,Apples,4
T001662,Cheese,1
T001662,Eggs,4
T001662,Yogurt,4
T001662,Chicken,1
T001662,Bread,4
T001662,Onions,4
T001663,Apples,3
T001663,Eggs,2
T001663,Pasta,4
T001663,Tomatoes,1
T001663,Bread,3
T001664,Cheese,3
T001664,Orange Juice,2
T001664,Pasta,3
T001664,Yogurt,4
T001664,Flour,4
T001664,Tomatoes,2
T001664,Onions,1
T001665,Eggs,3
T001665,Butter,2
T001665,Pasta,4
T001665,Rice,2
T001665,Milk,2
T001665,Bread,1
T001665,Onions,2
T001666,Sugar,3
T001666,Eggs,3
T001666,Butter,3
T001666,Yogurt,4
T001666,Pasta,2
T001666,Milk,3
T001666,Coffee,2
T001666,Bread,3
T001666,Tomatoes,1
T001666,Onions,1
T001667,Tomatoes,1
T001668,Tea,4
T001668,Rice,3
T001668,Pasta,4
T001668,Milk,4
T001668,Coffee,2
T001668,Tomatoes,2
T001668,Onions,3
T001669,Sugar,2
T001669,Cheese,1
T001670,Bananas,1
T001670,Eggs,4
T001670,Bread,4
T001670,Yogurt,4
T001671,Apples,2
T001671,Orange Juice,2
T001671,Yogurt,4
T001671,Beef,1
T001671,Flour,3
T001671,Bananas,3
T001672,Cheese,4
T001672,Eggs,4
T001672,Sugar,4
T001672,Orange Juice,3
T001672,Tea,1
T001672,Yogurt,2
T001672,Chicken,4
T001673,Cheese,3
T001673,Eggs,2
T001673,Yogurt,2
T001673,Pasta,4
T001673,Flour,2
T001673,Tomatoes,3
T001674,Apples,1
T001674,Bananas,1
T001674,Sugar,3
T001674,Rice,3
T001675,Sugar,4
T001675,Orange Juice,3
T001675,Tea,4
T001675,Milk,3
T001675,Beef,3
T001675,Coffee,2
T001676,Eggs,1
T001676,Bread,4
T001676,Beef,3
T001676,Milk,3
T001677,Butter,4
T001677,Tea,4
T001677,Beef,4
T001677,Tomatoes,3
T001677,Bread,3
T001677,Onions,2
T001678,Chicken,2
T001678,Cheese,4
T001678,Bread,1
T001679,Eggs,3
T001679,Butter,4
T001679,Pasta,2
T001679,Bananas,3
T001679,Tomatoes,1
T001679,Bread,1
T001680,Sugar,1
T001680,Butter,3
T001680,Tea,3
T001680,Rice,4
T001680,Flour,1
T001681,Apples,1
T001681,Orange Juice,4
T001681,Tea,1
T001681,Onions,4
T001682,Cheese,1
T001682,Pasta,4
T001682,Flour,4
T001682,Bananas,2
T001682,Onions,4
T001683,Butter,2
T001683,Orange Juice,4
T001683,Yogurt,3
T001683,Onions,1
T001684,Apples,4
T001684,Sugar,3
T001684,Rice,2
T001684,Chicken,3
T001684,Bananas,4
T001684,Coffee,4
T001685,Eggs,3
T001685,Butter,4
T001685,Rice,4
T001685,Milk,3
T001685,Chicken,4
T001685,Bread,1
T001686,Apples,3
T001686,Eggs,1
T001686,Butter,4
T001686,Orange Juice,3
T001686,Rice,1
T001686,Flour,4
T001686,Onions,3
T001687,Apples,2
T001687,Eggs,2
T001687,Rice,3
T001687,Milk,1
T001687,Beef,3
T001687,Coffee,3
T001688,Cheese,3
T001688,Eggs,2
T001688,Sugar,2
T001688,Pasta,2
T001688,Chicken,3
T001688,Coffee,3
T001688,Bread,4
T001688,Tomatoes,2
T001688,Onions,4
T001689,Cheese,3
T001689,Butter,2
T001689,Orange Juice,3
T001689,Tea,3
T001689,Tomatoes,4
T001689,Bread,2
T001690,Apples,2
T001690,Sugar,1
T001690,Eggs,4
T001690,Orange Juice,3
T001690,Rice,1
T001690,Milk,4
T001690,Coffee,3
T001690,Tomatoes,2
T001691,Sugar,3
T001691,Butter,2
T001691,Chicken,4
T001691,Bananas,3
T001691,Tomatoes,4
T001691,Bread,3
T001691,Onions,4
T001692,Chicken,2
T001692,Tomatoes,1
T001692,Orange Juice,4
T001693,Sugar,4
T001693,Eggs,3
T001693,Yogurt,2
T001693,Chicken,1
T001693,Bananas,3
T001693,Bread,2
T001694,Orange Juice,4
T001694,Rice,4
T001694,Milk,4
T001694,Bananas,1
T001694,Coffee,1
T001695,Cheese,4
T001695,Eggs,2
T001695,Bread,1
T001695,Butter,3
T001696,Eggs,3
T001696,Tea,3
T001696,Rice,2
T001696,Tomatoes,2
T001696,Bread,4
T001696,Onions,4
T001697,Apples,4
T001697,Tea,2
T001697,Milk,3
T001697,Tomatoes,2
T001697,Bread,4
T001698,Apples,3
T001698,Sugar,3
T001698,Eggs,1
T001698,Butter,4
T001698,Milk,1
T001698,Coffee,4
T001698,Bread,4
T001699,Flour,2
T001699,Cheese,2
T001699,Beef,3
T001700,Sugar,1
T001700,Cheese,1
T001700,Eggs,4
T001700,Butter,2
T001700,Milk,1
T001700,Bananas,3
T001700,Coffee,1
T001700,Bread,4
T001701,Orange Juice,4
T001701,Pasta,1
T001701,Yogurt,2
T001701,Bananas,2
T001701,Onions,3
T001702,Cheese,2
T001702,Eggs,4
T001702,Butter,3
T001702,Milk,2
T001702,Flour,2
T001702,Coffee,1
T001702,Bread,4
T001702,Onions,2
T001703,Apples,2
T001703,Sugar,2
T001703,Milk,4
T001703,Chicken,1
T001703,Coffee,3
T001703,Tomatoes,4
T001704,Apples,2
T001704,Cheese,4
T001704,Tea,2
T001704,Yogurt,1
T001704,Chicken,4
T001704,Bananas,1
T001704,Tomatoes,2
T001705,Tea,3
T001706,Tomatoes,3
T001707,Cheese,2
T001707,Bread,2
T001707,Beef,4
T001707,Tea,1
T001708,Apples,2
T001708,Cheese,4
T001708,Butter,1
T001708,Yogurt,2
T001708,Milk,4
T001708,Chicken,4
T001708,Coffee,2
T001708,Bread,4
T001709,Cheese,2
T001709,Sugar,4
T001709,Butter,2
T001709,Yogurt,4
T001709,Chicken,3
T001709,Beef,1
T001709,Tomatoes,4
T001710,Rice,2
T001710,Onions,2
T001711,Sugar,4
T001711,Eggs,4
T001711,Butter,4
T001711,Orange Juice,4
T001711,Rice,3
T001711,Milk,4
T001711,Coffee,3
T001711,Tomatoes,1
T001711,Onions,3
T001712,Apples,1
T001712,Cheese,4
T001712,Flour,1
T001712,Coffee,4
T001712,Tomatoes,2
T001713,Butter,2
T001713,Orange Juice,3
T001713,Rice,2
T001713,Yogurt,4
T001713,Pasta,2
T001713,Tomatoes,1
T001713,Bread,3
T001713,Onions,4
T001714,Flour,4
T001715,Apples,3
T001715,Sugar,3
T001715,Eggs,2
T001715,Rice,1
T001715,Yogurt,3
T001716,Sugar,4
T001716,Eggs,4
T001716,Butter,2
T001716,Pasta,3
T001716,Yogurt,3
T001716,Milk,3
T001716,Chicken,2
T001716,Tomatoes,3
T001716,Bread,3
T001717,Eggs,3
T001718,Sugar,4
T001718,Butter,3
T001718,Orange Juice,1
T001718,Milk,1
T001718,Beef,4
T001718,Flour,2
T001719,Sugar,4
T001719,Eggs,4
T001719,Butter,1
T001719,Tea,4
T001719,Beef,1
T001719,Bread,4
T001720,Apples,2
T001720,Coffee,2
T001720,Butter,3
T001720,Tea,1
T001720,Yogurt,1
T001720,Milk,2
T001720,Flour,1
T001720,Tomatoes,3
T001720,Bread,3
T001721,Cheese,1
T001721,Butter,4
T001721,Orange Juice,1
T001721,Rice,3
T001721,Flour,1
T001721,Bananas,2
T001721,Tomatoes,3
T001722,Sugar,3
T001722,Eggs,3
T001722,Butter,2
T001722,Orange Juice,3
T001722,Rice,2
T001722,Yogurt,1
T001722,Milk,3
T001722,Pasta,3
T001722,Flour,2
T001722,Tomatoes,3
T001722,Bread,4
T001722,Onions,1
T001723,Apples,2
T001723,Orange Juice,1
T001723,Tea,2
T001723,Pasta,1
T001723,Yogurt,4
T001723,Flour,3
T001723,Bananas,1
T001723,Onions,4
T001724,Flour,4
T001725,Sugar,1
T001725,Eggs,1
T001725,Butter,3
T001725,Tea,1
T001725,Pasta,1
T001725,Milk,1
T001725,Coffee,1
T001725,Bread,4
T001725,Onions,1
T001726,Apples,4
T001726,Eggs,4
T001726,Orange Juice,1
T001726,Pasta,1
T001726,Milk,4
T001726,Beef,1
T001726,Tomatoes,2
T001726,Bread,2
T001726,Onions,1
T001727,Bananas,2
T001727,Sugar,2
T001727,Cheese,4
T001727,Onions,3
T001728,Butter,2
T001728,Orange Juice,3
T001728,Pasta,2
T001728,Flour,2
T001728,Bananas,2
T001728,Tomatoes,1
T001728,Onions,2
T001729,Cheese,2
T001729,Eggs,1
T001729,Butter,1
T001730,Sugar,1
T001730,Eggs,1
T001730,Butter,2
T001730,Pasta,1
T001730,Yogurt,2
T001730,Chicken,2
T001730,Milk,3
T001730,Flour,4
T001730,Coffee,4
T001730,Bread,2
T001730,Tomatoes,3
T001731,Coffee,3
T001731,Cheese,1
T001732,Apples,3
T001732,Sugar,2
T001732,Eggs,3
T001732,Butter,4
T001732,Milk,2
T001732,Bananas,1
T001732,Onions,3
T001733,Apples,2
T001733,Sugar,3
T001733,Eggs,4
T001733,Tea,2
T001733,Milk,1
T001733,Bananas,1
T001733,Bread,3
T001734,Chicken,3
T001734,Tomatoes,3
T001735,Cheese,3
T001735,Eggs,2
T001735,Yogurt,1
T001735,Rice,3
T001735,Tomatoes,1
T001735,Bread,2
T001736,Apples,4
T001736,Cheese,4
T001736,Butter,2
T001736,Orange Juice,4
T001736,Yogurt,4
T001736,Pasta,2
T001736,Tomatoes,1
T001736,Onions,1
T001737,Tomatoes,1
T001737,Pasta,3
T001737,Onions,4
T001738,Cheese,2
T001738,Eggs,4
T001738,Butter,1
T001738,Orange Juice,1
T001738,Flour,3
T001738,Tomatoes,2
T001738,Bread,1
T001738,Onions,1
T001739,Apples,4
T001739,Cheese,3
T001739,Eggs,4
T001739,Tea,3
T001739,Coffee,4
T001739,Bread,2
T001740,Eggs,2
T001741,Eggs,3
T001741,Butter,1
T001741,Milk,1
T001741,Bread,3
T001741,Onions,4
T001742,Sugar,3
T001743,Chicken,2
T001743,Butter,1
T001744,Eggs,4
T001744,Butter,3
T001744,Rice,1
T001744,Bread,1
T001744,Onions,3
T001745,Apples,1
T001745,Sugar,3
T001745,Eggs,1
T001745,Butter,2
T001745,Beef,3
T001745,Coffee,3
T001745,Bread,4
T001745,Tomatoes,1
T001746,Flour,2
T001746,Bananas,1
T001746,Eggs,1
T001747,Apples,3
T001747,Sugar,4
T001747,Eggs,2
T001747,Butter,1
T001747,Tea,3
T001747,Rice,3
T001747,Chicken,3
T001747,Bread,1
T001748,Sugar,3
T001749,Rice,1
T001749,Tea,2
T001750,Apples,2
T001750,Orange Juice,3
T001750,Pasta,1
T001750,Yogurt,3
T001750,Rice,1
T001750,Milk,4
T001750,Coffee,4
T001750,Onions,2
T001751,Sugar,3
T001751,Eggs,1
T001751,Butter,2
T001751,Tea,1
T001751,Milk,3
T001751,Chicken,4
T001751,Flour,2
T001751,Bread,1
T001751,Onions,2
T001752,Apples,3
T001752,Sugar,4
T001752,Yogurt,3
T001752,Rice,4
T001752,Coffee,4
T001753,Sugar,4
T001753,Pasta,4
T001753,Rice,1
T001753,Tomatoes,1
T001753,Onions,2
T001754,Apples,4
T001754,Sugar,1
T001754,Eggs,3
T001754,Butter,1
T001754,Pasta,1
T001754,Flour,2
T001754,Coffee,1
T001754,Bread,1
T001754,Tomatoes,2
T001754,Onions,3
T001755,Chicken,1
T001755,Rice,2
T001756,Eggs,4
T001756,Butter,4
T001756,Tea,3
T001756,Pasta,1
T001756,Milk,1
T001756,Chicken,1
T001756,Beef,1
T001756,Bread,3
T001756,Onions,4
T001757,Tea,2
T001757,Chicken,1
T001757,Beef,2
T001757,Flour,3
T001757,Tomatoes,2
T001758,Apples,4
T001758,Eggs,1
T001758,Butter,2
T001758,Yogurt,1
T001758,Beef,1
T001758,Bread,2
T001759,Beef,3
T001759,Yogurt,1
T001759,Rice,2
T001759,Tea,4
T001760,Apples,3
T001760,Sugar,4
T001760,Eggs,3
T001760,Cheese,1
T001760,Butter,1
T001760,Milk,2
T001760,Chicken,2
T001760,Bread,4
T001760,Onions,2
T001761,Apples,2
T001761,Eggs,2
T001761,Rice,1
T001762,Eggs,4
T001762,Butter,4
T001762,Orange Juice,4
T001762,Milk,4
T001762,Beef,1
T001762,Bread,4
T001763,Sugar,4
T001763,Eggs,1
T001763,Butter,2
T001763,Orange Juice,4
T001763,Tea,2
T001763,Pasta,2
T001763,Milk,3
T001763,Coffee,1
T001763,Bread,1
T001763,Tomatoes,2
T001763,Onions,3
T001764,Eggs,1
T001764,Tea,1
T001764,Pasta,1
T001764,Beef,2
T001764,Flour,4
T001764,Tomatoes,4
T001764,Onions,2
T001765,Flour,2
T001766,Apples,2
T001766,Eggs,4
T001767,Chicken,1
T001767,Tomatoes,4
T001767,Flour,1
T001767,Tea,2
T001768,Flour,2
T001769,Orange Juice,3
T001769,Pasta,1
T001769,Rice,1
T001769,Beef,2
T001769,Tomatoes,3
T001770,Butter,3
T001770,Bread,3
T001771,Tomatoes,1
T001771,Pasta,1
T001771,Onions,1
T001772,Milk,4
T001772,Butter,3
T001772,Bread,2
T001772,Tea,4
T001773,Apples,1
T001774,Cheese,3
T001774,Eggs,4
T001774,Bread,3
T001774,Butter,1
T001775,Cheese,1
T001776,Eggs,1
T001776,Butter,3
T001776,Tea,3
T001776,Milk,1
T001776,Flour,1
T001776,Bananas,1
T001776,Bread,4
T001777,Tomatoes,2
T001777,Pasta,3
T001777,Tea,4
T001778,Eggs,4
T001778,Orange Juice,2
T001778,Rice,2
T001778,Milk,2
T001778,Chicken,2
T001778,Bread,4
T001778,Onions,3
T001779,Sugar,3
T001779,Eggs,2
T001779,Butter,1
T001779,Milk,4
T001779,Beef,2
T001779,Coffee,3
T001779,Tomatoes,2
T001779,Onions,4
T001780,Eggs,2
T001780,Bread,4
T001780,Beef,1
T001781,Bananas,2
T001781,Cheese,3
T001781,Orange Juice,3
T001781,Yogurt,2
T001782,Butter,3
T001782,Pasta,3
T001782,Rice,2
T001782,Flour,3
T001782,Onions,2
T001783,Cheese,4
T001783,Eggs,2
T001783,Tea,1
T001783,Yogurt,3
T001783,Milk,4
T001783,Flour,1
T001783,Coffee,3
T001784,Bananas,2
T001784,Rice,2
T001785,Apples,4
T001785,Beef,3
T001786,Bananas,3
T001786,Eggs,3
T001786,Bread,3
T001786,Milk,1
T001787,Pasta,2
T001787,Onions,4
T001788,Tea,1
T001789,Cheese,2
T001790,Flour,1
T001791,Eggs,2
T001791,Orange Juice,1
T001792,Chicken,1
T001792,Bananas,3
T001792,Orange Juice,3
T001793,Butter,1
T001793,Bread,3
T001794,Tea,2
T001795,Coffee,1
T001795,Orange Juice,1
T001795,Beef,1
T001796,Pasta,2
T001796,Onions,1
T001797,Butter,3
T001797,Orange Juice,1
T001797,Tea,3
T001797,Yogurt,4
T001797,Milk,3
T001797,Flour,4
T001797,Coffee,1
T001797,Bread,2
T001798,Cheese,3
T001798,Eggs,3
T001798,Butter,1
T001798,Chicken,2
T001798,Bread,1
T001799,Butter,2
T001799,Eggs,3
T001799,Bread,4
T001799,Orange Juice,2
T001800,Orange Juice,3
T001801,Flour,1
T001801,Orange Juice,2
T001802,Sugar,1
T001802,Tea,2
T001802,Rice,1
T001802,Pasta,4
T001802,Tomatoes,1
T001802,Onions,4
T001803,Tomatoes,2
T001803,Orange Juice,2
T001803,Pasta,2
T001803,Onions,1
T001804,Bananas,3
T001804,Eggs,1
T001804,Orange Juice,1
T001804,Onions,4
T001805,Eggs,4
T001805,Onions,2
T001806,Flour,1
T001807,Apples,2
T001807,Sugar,3
T001807,Butter,1
T001807,Milk,1
T001807,Chicken,4
T001807,Coffee,3
T001807,Bread,3
T001807,Tomatoes,1
T001808,Apples,3
T001808,Cheese,4
T001808,Eggs,4
T001808,Butter,1
T001808,Yogurt,2
T001808,Milk,1
T001808,Coffee,3
T001808,Bread,1
T001809,Yogurt,1
T001809,Beef,1
T001810,Apples,1
T001810,Butter,2
T001810,Orange Juice,2
T001810,Milk,4
T001810,Beef,4
T001810,Bread,3
T001811,Rice,2
T001811,Bananas,2
T001811,Pasta,2
T001811,Onions,3
T001812,Bananas,1
T001812,Eggs,4
T001813,Orange Juice,3
T001814,Eggs,1
T001814,Butter,2
T001814,Rice,4
T001814,Chicken,3
T001814,Beef,3
T001814,Flour,2
T001814,Onions,3
T001815,Sugar,1
T001815,Eggs,2
T001815,Tea,1
T001815,Rice,1
T001815,Pasta,3
T001815,Milk,2
T001815,Coffee,2
T001815,Bread,4
T001815,Onions,3
T001816,Cheese,2
T001816,Eggs,1
T001816,Butter,1
T001816,Sugar,3
T001816,Tea,1
T001816,Rice,4
T001816,Flour,2
T001816,Coffee,2
T001817,Eggs,1
T001817,Butter,1
T001817,Yogurt,2
T001817,Milk,4
T001817,Chicken,2
T001817,Bread,2
T001817,Onions,1
T001818,Cheese,3
T001818,Eggs,1
T001818,Pasta,2
T001818,Bananas,4
T001818,Tomatoes,3
T001818,Bread,2
T001818,Onions,1
T001819,Rice,1
T001820,Eggs,1
T001820,Butter,1
T001820,Yogurt,2
T001820,Rice,1
T001820,Flour,2
T001821,Eggs,1
T001821,Butter,4
T001821,Milk,2
T001821,Beef,2
T001821,Flour,1
T001821,Bread,3
T001822,Chicken,2
T001822,Tea,4
T001823,Sugar,1
T001823,Beef,4
T001824,Eggs,4
T001824,Rice,1
T001824,Milk,1
T001824,Beef,3
T001824,Bananas,2
T001824,Onions,2
T001825,Apples,2
T001825,Butter,4
T001825,Orange Juice,2
T001825,Tea,2
T001825,Yogurt,4
T001825,Milk,1
T001825,Tomatoes,1
T001825,Onions,1
T001826,Tomatoes,1
T001826,Pasta,4
T001827,Butter,2
T001827,Pasta,2
T001827,Beef,3
T001827,Bananas,1
T001827,Tomatoes,2
T001828,Bananas,1
T001828,Pasta,4
T001828,Orange Juice,1
T001828,Rice,2
T001829,Cheese,3
T001829,Sugar,3
T001829,Orange Juice,4
T001829,Beef,4
T001829,Flour,4
T001829,Tomatoes,1
T001830,Apples,2
T001830,Sugar,2
T001830,Cheese,3
T001830,Eggs,2
T001830,Butter,1
T001830,Pasta,4
T001830,Milk,4
T001830,Bananas,1
T001830,Onions,2
T001831,Butter,2
T001831,Pasta,3
T001831,Onions,1
T001832,Apples,4
T001832,Cheese,3
T001832,Sugar,2
T001832,Butter,4
T001832,Milk,2
T001832,Beef,1
T001832,Flour,4
T001832,Coffee,4
T001833,Apples,2
T001833,Cheese,2
T001833,Eggs,4
T001833,Bananas,1
T001833,Onions,2
T001834,Apples,1
T001834,Sugar,1
T001834,Eggs,1
T001834,Butter,4
T001834,Pasta,1
T001834,Chicken,3
T001834,Beef,4
T001834,Tomatoes,2
T001834,Bread,4
T001834,Onions,2
T001835,Cheese,4
T001835,Butter,2
T001835,Tea,4
T001835,Yogurt,1
T001835,Milk,2
T001835,Rice,4
T001835,Beef,1
T001835,Tomatoes,3
T001836,Sugar,3
T001836,Eggs,4
T001836,Butter,4
T001836,Milk,1
T001836,Coffee,4
T001836,Bread,2
T001836,Onions,4
T001837,Rice,4
T001838,Eggs,3
T001838,Butter,1
T001838,Orange Juice,2
T001838,Tea,2
T001838,Rice,4
T001838,Chicken,3
T001838,Bread,4
T001839,Chicken,1
T001839,Butter,1
T001839,Tea,2
T001839,Flour,4
T001840,Sugar,3
T001840,Butter,2
T001840,Orange Juice,4
T001840,Beef,1
T001840,Tomatoes,4
T001840,Onions,1
T001841,Tomatoes,3
T001841,Pasta,1
T001841,Onions,1
T001842,Apples,2
T001842,Sugar,3
T001842,Yogurt,1
T001842,Beef,4
T001842,Tomatoes,3
T001842,Bread,1
T001843,Cheese,4
T001843,Eggs,4
T001843,Sugar,2
T001843,Tea,2
T001843,Milk,1
T001843,Coffee,2
T001844,Butter,1
T001844,Orange Juice,4
T001844,Rice,3
T001844,Chicken,3
T001844,Bread,3
T001845,Cheese,1
T001845,Eggs,2
T001845,Butter,4
T001845,Milk,2
T001845,Bread,1
T001846,Eggs,3
T001846,Butter,1
T001846,Bread,1
T001846,Milk,2
T001847,Cheese,1
T001847,Orange Juice,2
T001847,Pasta,2
T001847,Onions,2
T001848,Sugar,3
T001848,Butter,2
T001848,Orange Juice,2
T001848,Yogurt,4
T001848,Flour,2
T001848,Bananas,3
T001848,Tomatoes,3
T001849,Sugar,4
T001850,Sugar,2
T001850,Yogurt,1
T001851,Apples,2
T001851,Tea,1
T001851,Pasta,3
T001851,Tomatoes,2
T001851,Bread,3
T001851,Onions,3
T001852,Coffee,3
T001852,Milk,4
T001853,Butter,1
T001853,Orange Juice,4
T001853,Tea,4
T001853,Pasta,4
T001853,Milk,4
T001853,Flour,2
T001853,Bananas,4
T001853,Onions,3
T001854,Flour,1
T001855,Sugar,3
T001855,Tea,3
T001855,Flour,1
T001855,Bananas,2
T001855,Coffee,4
T001856,Chicken,1
T001857,Tomatoes,4
T001857,Orange Juice,2
T001858,Bananas,1
T001858,Cheese,3
T001859,Apples,4
T001859,Orange Juice,2
T001860,Apples,4
T001860,Cheese,4
T001860,Eggs,1
T001860,Butter,2
T001860,Tea,3
T001860,Rice,4
T001860,Milk,4
T001860,Chicken,2
T001860,Beef,2
T001860,Bread,3
T001861,Rice,3
T001862,Sugar,1
T001862,Eggs,2
T001862,Milk,3
T001862,Beef,1
T001862,Flour,1
T001862,Coffee,1
T001862,Bread,2
T001863,Apples,4
T001863,Butter,3
T001863,Orange Juice,3
T001863,Milk,2
T001863,Coffee,3
T001864,Apples,3
T001864,Cheese,2
T001864,Eggs,1
T001864,Butter,4
T001864,Milk,4
T001864,Bananas,4
T001864,Bread,4
T001865,Pasta,4
T001865,Onions,4
T001866,Butter,3
T001866,Pasta,4
T001866,Milk,1
T001866,Tomatoes,4
T001866,Bread,2
T001866,Onions,4
T001867,Onions,3
T001868,Apples,2
T001868,Cheese,1
T001868,Eggs,1
T001868,Butter,2
T001868,Bread,1
T001869,Tomatoes,1
T001870,Cheese,4
T001870,Sugar,4
T001870,Milk,1
T001870,Beef,3
T001870,Flour,4
T001870,Coffee,4
T001870,Onions,4
T001871,Chicken,4
T001871,Sugar,3
T001871,Cheese,2
T001871,Tea,4
T001872,Orange Juice,4
T001872,Milk,2
T001872,Beef,3
T001872,Flour,2
T001872,Bananas,3
T001872,Bread,1
T001872,Onions,4
T001873,Eggs,4
T001873,Butter,2
T001873,Tea,2
T001873,Rice,2
T001873,Yogurt,4
T001873,Pasta,4
T001873,Tomatoes,3
T001873,Bread,3
T001874,Orange Juice,2
T001875,Sugar,4
T001875,Eggs,1
T001875,Butter,4
T001875,Pasta,2
T001875,Milk,3
T001875,Coffee,1
T001875,Bread,3
T001875,Tomatoes,2
T001876,Chicken,1
T001877,Sugar,3
T001877,Cheese,3
T001877,Orange Juice,2
T001877,Yogurt,4
T001877,Milk,2
T001877,Coffee,4
T001878,Onions,1
T001879,Apples,1
T001879,Chicken,4
T001879,Pasta,3
T001880,Apples,3
T001880,Butter,2
T001880,Tea,3
T001880,Yogurt,2
T001880,Rice,4
T001880,Beef,2
T001880,Flour,3
T001881,Apples,3
T001881,Orange Juice,2
T001881,Pasta,1
T001881,Flour,4
T001881,Onions,1
T001882,Butter,4
T001882,Tea,2
T001882,Yogurt,4
T001882,Milk,2
T001882,Flour,3
T001882,Bananas,1
T001882,Onions,2
T001883,Apples,2
T001883,Cheese,3
T001883,Eggs,4
T001883,Sugar,2
T001883,Tea,4
T001883,Onions,1
T001884,Cheese,4
T001885,Eggs,4
T001885,Butter,3
T001885,Tea,2
T001885,Rice,3
T001885,Milk,2
T001885,Chicken,1
T001885,Beef,4
T001885,Flour,4
T001885,Bread,3
T001885,Onions,2
T001886,Bananas,3
T001887,Apples,4
T001887,Tomatoes,1
T001887,Butter,1
T001888,Coffee,1
T001888,Sugar,1
T001888,Onions,1
T001889,Chicken,4
T001889,Bananas,4
T001889,Tea,3
T001889,Flour,4
T001890,Bananas,3
T001890,Orange Juice,4
T001891,Cheese,4
T001891,Eggs,2
T001891,Orange Juice,4
T001891,Rice,3
T001891,Milk,1
T001891,Beef,1
T001891,Tomatoes,4
T001892,Apples,2
T001892,Orange Juice,1
T001892,Pasta,3
T001892,Tomatoes,1
T001892,Onions,3
T001893,Eggs,2
T001893,Butter,2
T001893,Milk,2
T001894,Cheese,2
T001894,Eggs,2
T001894,Butter,4
T001894,Tea,1
T001894,Milk,2
T001894,Flour,2
T001894,Bread,4
T001895,Sugar,2
T001895,Milk,3
T001895,Beef,3
T001895,Flour,4
T001895,Coffee,2
T001896,Eggs,4
T001896,Butter,3
T001896,Tea,1
T001896,Milk,3
T001896,Chicken,2
T001896,Beef,2
T001896,Bananas,1
T001896,Bread,4
T001897,Sugar,4
T001897,Orange Juice,4
T001897,Pasta,1
T001897,Chicken,2
T001897,Tomatoes,1
T001897,Onions,2
T001898,Sugar,1
T001898,Tea,3
T001899,Beef,4
T001899,Rice,3
T001900,Bananas,3
T001901,Beef,2
T001902,Sugar,4
T001902,Butter,1
T001902,Orange Juice,2
T001902,Rice,3
T001902,Milk,2
T001902,Coffee,1
T001902,Bread,2
T001902,Onions,4
T001903,Apples,3
T001903,Eggs,4
T001903,Butter,1
T001903,Pasta,2
T001903,Yogurt,4
T001903,Chicken,3
T001903,Tomatoes,2
T001903,Bread,3
T001904,Eggs,1
T001904,Butter,4
T001904,Tea,2
T001904,Yogurt,4
T001904,Milk,2
T001904,Chicken,4
T001904,Bread,4
T001905,Eggs,3
T001905,Butter,1
T001906,Orange Juice,2
T001906,Tea,4
T001906,Rice,4
T001906,Pasta,4
T001906,Flour,2
T001906,Tomatoes,1
T001906,Onions,2
T001907,Flour,3
T001907,Cheese,1
T001908,Bananas,1
T001908,Tomatoes,1
T001908,Yogurt,1
T001908,Pasta,1
T001909,Eggs,2
T001909,Butter,1
T001909,Tea,4
T001909,Rice,3
T001909,Milk,1
T001909,Flour,2
T001909,Bananas,2
T001909,Bread,2
T001910,Apples,4
T001910,Butter,1
T001910,Tea,1
T001910,Rice,2
T001910,Pasta,4
T001910,Milk,1
T001910,Beef,2
T001910,Tomatoes,2
T001910,Bread,3
T001910,Onions,1
T001911,Chicken,1
T001911,Eggs,3
T001911,Yogurt,4
T001912,Beef,4
T001912,Tea,4
T001913,Chicken,1
T001913,Butter,4
T001913,Bread,4
T001913,Milk,4
T001914,Apples,4
T001914,Butter,3
T001914,Tea,2
T001914,Pasta,1
T001914,Rice,4
T001914,Flour,3
T001914,Tomatoes,4
T001914,Onions,1
T001915,Apples,1
T001915,Butter,2
T001915,Yogurt,3
T001915,Pasta,1
T001915,Flour,1
T001915,Tomatoes,3
T001915,Onions,2
T001916,Orange Juice,2
T001916,Beef,4
T001916,Tea,3
T001917,Flour,3
T001917,Orange Juice,1
T001918,Sugar,2
T001918,Eggs,2
T001918,Butter,3
T001918,Pasta,3
T001918,Milk,3
T001918,Beef,1
T001918,Tomatoes,2
T001918,Bread,3
T001918,Onions,3
T001919,Sugar,2
T001919,Eggs,4
T001919,Orange Juice,1
T001919,Chicken,3
T001919,Coffee,4
T001920,Apples,3
T001920,Yogurt,2
T001920,Milk,4
T001920,Chicken,3
T001920,Beef,3
T001920,Coffee,4
T001920,Onions,1
T001921,Pasta,1
T001921,Onions,3
T001922,Cheese,1
T001922,Eggs,2
T001922,Rice,1
T001922,Yogurt,2
T001922,Bananas,1
T001922,Tomatoes,2
T001923,Flour,2
T001923,Apples,2
T001923,Tomatoes,2
T001923,Onions,3
T001924,Orange Juice,4
T001925,Butter,3
T001925,Eggs,3
T001925,Bread,4
T001926,Flour,4
T001926,Beef,4
T001927,Apples,3
T001927,Cheese,2
T001927,Yogurt,3
T001927,Pasta,1
T001927,Chicken,3
T001927,Rice,3
T001927,Flour,1
T001927,Tomatoes,2
T001927,Onions,3
T001928,Chicken,1
T001928,Tomatoes,1
T001928,Yogurt,1
T001928,Onions,4
T001929,Eggs,4
T001929,Butter,4
T001929,Tea,4
T001929,Milk,2
T001929,Bread,1
T001930,Rice,4
T001930,Onions,2
T001931,Eggs,2
T001931,Butter,1
T001931,Orange Juice,3
T001931,Tea,2
T001931,Rice,2
T001931,Bananas,3
T001932,Flour,2
T001932,Bananas,3
T001932,Sugar,1
T001932,Eggs,4
T001933,Chicken,1
T001933,Tomatoes,1
T001933,Butter,3
T001934,Eggs,4
T001934,Butter,3
T001934,Milk,4
T001934,Coffee,1
T001934,Bread,4
T001935,Chicken,1
T001935,Cheese,1
T001935,Beef,1
T001936,Chicken,4
T001936,Butter,1
T001936,Rice,3
T001937,Beef,1
T001937,Rice,4
T001937,Onions,2
T001938,Sugar,3
T001938,Butter,4
T001938,Tea,1
T001938,Yogurt,1
T001938,Flour,2
T001938,Coffee,1
T001938,Tomatoes,4
T001939,Eggs,1
T001939,Butter,2
T001939,Orange Juice,2
T001939,Flour,3
T001939,Bananas,1
T001939,Bread,3
T001939,Onions,1
T001940,Apples,3
T001940,Sugar,3
T001940,Eggs,3
T001940,Orange Juice,2
T001940,Tea,2
T001940,Milk,3
T001940,Bananas,2
T001940,Tomatoes,2
T001940,Bread,2
T001941,Bananas,3
T001941,Orange Juice,3
T001942,Eggs,1
T001942,Butter,2
T001942,Rice,4
T001942,Milk,4
T001942,Coffee,1
T001942,Bread,2
T001942,Tomatoes,2
T001943,Sugar,3
T001943,Eggs,2
T001943,Butter,4
T001943,Tea,3
T001943,Rice,3
T001943,Milk,1
T001943,Beef,2
T001943,Bananas,1
T001943,Bread,4
T001944,Sugar,3
T001944,Butter,3
T001944,Milk,3
T001944,Flour,4
T001944,Bananas,4
T001944,Coffee,1
T001944,Bread,2
T001945,Apples,3
T001945,Sugar,4
T001945,Cheese,3
T001945,Tea,4
T001945,Beef,3
T001945,Bananas,1
T001945,Onions,3
T001946,Cheese,4
T001946,Eggs,2
T001946,Tomatoes,3
T001946,Pasta,1
T001947,Bread,1
T001948,Chicken,2
T001948,Tomatoes,2
T001948,Eggs,2
T001949,Apples,3
T001949,Cheese,3
T001949,Sugar,3
T001949,Eggs,4
T001949,Milk,2
T001949,Bananas,2
T001949,Coffee,2
T001949,Bread,1
T001950,Apples,4
T001950,Cheese,3
T001950,Eggs,3
T001950,Orange Juice,2
T001950,Yogurt,3
T001950,Chicken,2
T001950,Beef,2
T001950,Bread,1
T001951,Butter,1
T001951,Rice,2
T001951,Tea,3
T001952,Orange Juice,4
T001952,Pasta,3
T001952,Flour,3
T001952,Tomatoes,1
T001952,Onions,3
T001953,Coffee,4
T001953,Eggs,4
T001953,Sugar,1
T001954,Tomatoes,1
T001954,Butter,1
T001954,Pasta,1
T001954,Milk,2
T001955,Flour,2
T001955,Bananas,4
T001955,Eggs,1
T001956,Chicken,1
T001956,Beef,4
T001957,Cheese,1
T001957,Eggs,1
T001957,Butter,3
T001957,Orange Juice,4
T001957,Sugar,3
T001957,Milk,1
T001957,Coffee,1
T001957,Bread,4
T001957,Tomatoes,2
T001958,Pasta,3
T001959,Milk,2
T001959,Beef,2
T001959,Flour,4
T001959,Tomatoes,4
T001959,Bread,2
T001960,Butter,2
T001960,Yogurt,4
T001960,Milk,2
T001960,Chicken,2
T001960,Tomatoes,2
T001960,Bread,2
T001961,Tea,2
T001962,Apples,4
T001962,Eggs,2
T001962,Butter,2
T001962,Tea,2
T001962,Milk,2
T001962,Bread,3
T001962,Onions,4
T001963,Beef,2
T001963,Bread,2
T001963,Rice,2
T001963,Onions,1
T001964,Eggs,4
T001964,Butter,1
T001964,Yogurt,3
T001964,Milk,1
T001964,Bananas,2
T001964,Tomatoes,3
T001964,Bread,1
T001965,Cheese,4
T001965,Butter,3
T001965,Milk,2
T001965,Beef,3
T001965,Flour,1
T001965,Bread,4
T001965,Onions,1
T001966,Eggs,2
T001966,Orange Juice,4
T001966,Yogurt,4
T001966,Tea,4
T001967,Flour,2
T001967,Orange Juice,1
T001968,Coffee,3
T001968,Butter,3
T001968,Tea,1
T001968,Yogurt,2
T001968,Milk,1
T001968,Bananas,4
T001968,Tomatoes,4
T001968,Bread,2
T001969,Yogurt,3
T001970,Bananas,3
T001970,Butter,2
T001971,Bananas,3
T001971,Tomatoes,1
T001971,Pasta,4
T001971,Tea,4
T001972,Beef,1
T001973,Sugar,3
T001973,Rice,1
T001973,Tea,1
T001974,Eggs,2
T001974,Orange Juice,4
T001974,Tea,4
T001974,Pasta,1
T001974,Rice,1
T001974,Coffee,2
T001974,Onions,2
T001975,Cheese,3
T001975,Eggs,2
T001975,Butter,1
T001975,Orange Juice,1
T001975,Yogurt,3
T001975,Milk,4
T001975,Beef,3
T001975,Bread,2
T001976,Sugar,1
T001976,Butter,1
T001976,Rice,2
T001976,Pasta,1
T001976,Tomatoes,4
T001977,Chicken,1
T001977,Sugar,4
T001977,Butter,4
T001977,Rice,1
T001978,Beef,3
T001978,Bread,4
T001978,Rice,1
T001979,Butter,2
T001979,Orange Juice,4
T001979,Rice,2
T001979,Pasta,3
T001979,Flour,1
T001979,Tomatoes,1
T001979,Onions,1
T001980,Apples,1
T001980,Eggs,3
T001980,Beef,3
T001980,Flour,1
T001980,Bananas,1
T001980,Coffee,2
T001981,Sugar,1
T001981,Cheese,4
T001981,Chicken,2
T001981,Bananas,3
T001981,Onions,2
T001982,Eggs,1
T001982,Bread,3
T001982,Milk,2
T001983,Eggs,2
T001983,Tea,3
T001983,Yogurt,1
T001983,Milk,3
T001983,Chicken,4
T001983,Bananas,4
T001983,Bread,1
T001984,Butter,1
T001984,Orange Juice,4
T001984,Pasta,3
T001984,Bananas,4
T001984,Tomatoes,1
T001984,Onions,1
T001985,Cheese,4
T001985,Yogurt,3
T001985,Pasta,4
T001985,Tomatoes,2
T001985,Onions,2
T001986,Coffee,3
T001986,Cheese,3
T001986,Butter,3
T001986,Tea,2
T001986,Milk,2
T001986,Chicken,3
T001986,Tomatoes,4
T001986,Bread,3
T001987,Tea,3
T001988,Chicken,3
T001988,Bananas,1
T001988,Cheese,4
T001988,Beef,2
T001989,Cheese,1
T001989,Tomatoes,2
T001989,Pasta,4
T001990,Coffee,3
T001990,Sugar,4
T001990,Butter,2
T001990,Milk,1
T001991,Apples,1
T001991,Cheese,4
T001991,Sugar,3
T001991,Tea,4
T001991,Pasta,1
T001991,Milk,3
T001991,Chicken,4
T001991,Coffee,1
T001991,Tomatoes,2
T001991,Onions,3
T001992,Sugar,2
T001992,Tea,4
T001992,Milk,4
T001992,Chicken,4
T001992,Flour,1
T001992,Coffee,1
T001992,Bread,1
T001993,Pasta,4
T001993,Onions,1
T001994,Apples,3
T001994,Coffee,4
T001994,Sugar,2
T001994,Tea,4
T001994,Milk,3
T001994,Chicken,2
T001994,Beef,4
T001994,Tomatoes,3
T001994,Onions,1
T001995,Apples,1
T001996,Sugar,1
T001996,Eggs,2
T001996,Milk,1
T001996,Beef,3
T001996,Bananas,4
T001996,Coffee,1
T001996,Bread,2
T001996,Tomatoes,1
T001997,Cheese,1
T001998,Coffee,2
T001998,Beef,2
T001998,Tea,2
T001999,Apples,3
T001999,Butter,4
T001999,Pasta,1
T001999,Chicken,2
T001999,Bananas,4
T001999,Tomatoes,3
T001999,Onions,4
T002000,Sugar,3
T002001,Apples,4
T002001,Eggs,2
T002001,Butter,4
T002001,Pasta,2
T002001,Yogurt,3
T002001,Flour,4
T002001,Tomatoes,4
T002001,Onions,3
T002002,Cheese,4
T002002,Eggs,1
T002002,Tea,1
T002002,Pasta,3
T002002,Bananas,3
T002002,Tomatoes,2
T002002,Bread,1
T002003,Butter,4
T002003,Beef,2
T002003,Onions,1
T002004,Flour,4
T002004,Bread,3
T002004,Milk,4
T002005,Cheese,3
T002005,Butter,1
T002005,Milk,4
T002005,Tomatoes,4
T002005,Onions,2
T002006,Flour,3
T002007,Eggs,4
T002007,Milk,4
T002008,Eggs,3
T002008,Orange Juice,1
T002008,Chicken,3
T002008,Coffee,4
T002008,Onions,4
T002009,Bananas,3
T002009,Coffee,2
T002009,Sugar,2
T002009,Milk,2
T002010,Bananas,2
T002010,Tomatoes,3
T002010,Beef,1
T002010,Onions,3
T002011,Cheese,1
T002011,Eggs,2
T002011,Butter,1
T002011,Milk,3
T002011,Chicken,1
T002011,Bananas,3
T002012,Yogurt,2
T002013,Eggs,1
T002013,Pasta,1
T002013,Milk,1
T002013,Yogurt,3
T002013,Rice,4
T002013,Flour,4
T002013,Bananas,2
T002013,Tomatoes,1
T002013,Bread,4
T002013,Onions,3
T002014,Cheese,3
T002014,Sugar,3
T002014,Butter,4
T002014,Orange Juice,2
T002014,Eggs,4
T002014,Tea,1
T002014,Milk,3
T002014,Flour,1
T002014,Bread,2
T002015,Apples,2
T002015,Eggs,4
T002015,Orange Juice,4
T002015,Tea,4
T002015,Yogurt,2
T002015,Beef,1
T002015,Bread,2
T002015,Onions,1
T002016,Eggs,1
T002016,Butter,4
T002016,Yogurt,4
T002016,Pasta,3
T002016,Milk,2
T002016,Bananas,1
T002016,Tomatoes,3
T002016,Bread,3
T002016,Onions,3
T002017,Tea,3
T002017,Yogurt,3
T002017,Rice,2
T002017,Chicken,3
T002017,Onions,3
T002018,Sugar,4
T002018,Eggs,3
T002018,Butter,3
T002018,Milk,2
T002018,Coffee,2
T002019,Chicken,3
T002020,Eggs,1
T002020,Yogurt,2
T002020,Milk,4
T002020,Chicken,1
T002020,Tomatoes,2
T002020,Bread,1
T002021,Butter,2
T002021,Eggs,2
T002021,Bread,4
T002021,Orange Juice,1
T002022,Orange Juice,2
T002023,Flour,3
T002024,Butter,4
T002024,Orange Juice,2
T002024,Tea,3
T002024,Milk,4
T002024,Beef,4
T002024,Flour,1
T002024,Bread,3
T002025,Cheese,4
T002025,Eggs,4
T002025,Butter,2
T002025,Tea,2
T002025,Rice,3
T002025,Milk,2
T002026,Eggs,3
T002026,Butter,2
T002026,Bananas,2
T002026,Bread,4
T002026,Onions,4
T002027,Sugar,3
T002027,Orange Juice,3
T002027,Tea,3
T002027,Rice,3
T002027,Pasta,3
T002027,Flour,3
T002027,Tomatoes,2
T002027,Onions,4
T002028,Flour,2
T002028,Yogurt,4
T002029,Sugar,1
T002029,Eggs,4
T002029,Butter,2
T002029,Tea,1
T002029,Milk,3
T002029,Chicken,1
T002029,Beef,4
T002029,Coffee,4
T002029,Bread,3
T002030,Sugar,2
T002030,Eggs,3
T002030,Butter,3
T002030,Rice,3
T002030,Bread,3
T002031,Chicken,1
T002031,Butter,1
T002031,Orange Juice,4
T002032,Chicken,4
T002032,Butter,1
T002032,Eggs,4
T002032,Bread,3
T002033,Chicken,3
T002033,Eggs,4
T002033,Bread,4
T002034,Sugar,3
T002034,Butter,3
T002034,Orange Juice,1
T002034,Milk,3
T002034,Coffee,3
T002034,Bread,3
T002035,Apples,1
T002035,Eggs,3
T002035,Butter,4
T002035,Rice,4
T002035,Yogurt,2
T002035,Bread,3
T002035,Onions,2
T002036,Apples,2
T002036,Tea,1
T002036,Milk,2
T002036,Chicken,3
T002036,Bananas,2
T002036,Coffee,1
T002037,Apples,2
T002037,Sugar,4
T002037,Cheese,2
T002037,Orange Juice,1
T002037,Rice,1
T002037,Bananas,3
T002037,Tomatoes,1
T002038,Cheese,1
T002038,Tea,1
T002039,Apples,1
T002039,Eggs,3
T002039,Pasta,2
T002039,Bananas,2
T002039,Tomatoes,2
T002039,Onions,2
T002040,Apples,4
T002040,Bananas,4
T002040,Bread,2
T002040,Milk,1
T002041,Apples,3
T002041,Sugar,4
T002041,Rice,3
T002041,Milk,3
T002041,Chicken,3
T002041,Coffee,1
T002042,Butter,3
T002042,Tea,3
T002043,Flour,1
T002043,Bananas,4
T002043,Orange Juice,3
T002043,Rice,4
T002044,Apples,1
T002044,Eggs,2
T002044,Rice,3
T002044,Yogurt,4
T002044,Beef,2
T002044,Tomatoes,1
T002045,Sugar,3
T002045,Yogurt,4
T002046,Eggs,2
T002046,Rice,1
T002046,Beef,3
T002046,Bananas,2
T002046,Tomatoes,3
T002047,Eggs,1
T002047,Butter,3
T002047,Yogurt,2
T002047,Milk,3
T002047,Coffee,2
T002047,Tomatoes,2
T002048,Sugar,2
T002048,Eggs,3
T002048,Butter,3
T002048,Tea,3
T002048,Pasta,2
T002048,Beef,3
T002048,Tomatoes,2
T002049,Flour,2
T002049,Rice,2
T002049,Bread,3
T002049,Beef,1
T002050,Cheese,3
T002050,Sugar,4
T002050,Butter,1
T002050,Orange Juice,2
T002050,Yogurt,3
T002050,Milk,1
T002050,Bananas,4
T002050,Coffee,2
T002050,Onions,2
T002051,Chicken,3
T002051,Onions,3
T002052,Apples,1
T002052,Butter,2
T002052,Yogurt,1
T002052,Chicken,3
T002052,Bananas,3
T002053,Eggs,3
T002053,Butter,4
T002053,Pasta,2
T002053,Chicken,2
T002053,Tomatoes,4
T002053,Bread,1
T002054,Cheese,3
T002054,Pasta,4
T002054,Chicken,1
T002054,Tomatoes,1
T002054,Onions,3
T002055,Apples,2
T002055,Cheese,3
T002055,Eggs,2
T002055,Yogurt,1
T002055,Chicken,3
T002055,Bread,2
T002056,Apples,4
T002056,Butter,3
T002056,Rice,2
T002056,Pasta,2
T002056,Yogurt,4
T002056,Tomatoes,2
T002056,Bread,3
T002057,Flour,2
T002057,Yogurt,2
T002057,Eggs,2
T002057,Pasta,1
T002058,Cheese,3
T002058,Eggs,1
T002058,Orange Juice,4
T002058,Pasta,3
T002058,Chicken,1
T002058,Flour,2
T002058,Onions,4
T002059,Apples,4
T002059,Eggs,2
T002059,Butter,1
T002059,Milk,4
T002059,Beef,2
T002059,Bread,4
T002060,Apples,1
T002060,Cheese,1
T002060,Eggs,4
T002060,Butter,3
T002060,Pasta,1
T002060,Milk,3
T002060,Flour,1
T002060,Bananas,2
T002060,Bread,2
T002061,Bananas,1
T002061,Tomatoes,3
T002062,Eggs,4
T002062,Butter,4
T002062,Orange Juice,1
T002062,Rice,2
T002062,Bread,4
T002063,Onions,1
T002064,Cheese,2
T002064,Eggs,1
T002064,Tomatoes,1
T002065,Tea,1
T002066,Eggs,2
T002066,Pasta,4
T002066,Yogurt,3
T002066,Chicken,3
T002066,Milk,4
T002066,Bread,4
T002067,Apples,2
T002067,Sugar,3
T002067,Pasta,3
T002067,Chicken,4
T002067,Beef,2
T002067,Flour,2
T002067,Bananas,1
T002067,Tomatoes,3
T002068,Coffee,2
T002068,Sugar,2
T002068,Orange Juice,2
T002068,Milk,3
T002069,Apples,1
T002069,Cheese,1
T002069,Butter,1
T002069,Bananas,3
T002069,Tomatoes,2
T002070,Cheese,3
T002070,Butter,2
T002070,Tea,3
T002070,Yogurt,4
T002070,Flour,1
T002070,Bananas,3
T002070,Bread,3
T002070,Onions,3
T002071,Apples,2
T002071,Tea,1
T002071,Chicken,3
T002071,Beef,1
T002071,Onions,1
T002072,Coffee,3
T002072,Sugar,3
T002072,Orange Juice,3
T002072,Yogurt,3
T002073,Beef,1
T002074,Sugar,1
T002074,Tea,3
T002074,Rice,4
T002074,Milk,2
T002074,Beef,4
T002074,Onions,4
T002075,Sugar,2
T002075,Orange Juice,4
T002075,Rice,3
T002075,Pasta,4
T002075,Milk,2
T002075,Flour,2
T002075,Coffee,1
T002075,Tomatoes,1
T002075,Onions,1
T002076,Eggs,2
T002076,Butter,3
T002076,Rice,4
T002076,Milk,2
T002076,Beef,3
T002076,Coffee,4
T002076,Bread,1
T002076,Onions,1
T002077,Sugar,4
T002077,Eggs,2
T002077,Pasta,2
T002077,Yogurt,1
T002077,Tomatoes,1
T002077,Onions,2
T002078,Yogurt,3
T002078,Tea,4
T002079,Apples,2
T002079,Coffee,3
T002079,Cheese,3
T002079,Eggs,1
T002079,Rice,2
T002079,Yogurt,3
T002079,Milk,3
T002079,Tomatoes,1
T002080,Apples,2
T002080,Butter,2
T002080,Pasta,3
T002080,Coffee,1
T002080,Tomatoes,1
T002080,Onions,4
T002081,Eggs,4
T002081,Butter,4
T002081,Milk,1
T002081,Chicken,1
T002081,Flour,3
T002081,Bananas,3
T002082,Chicken,1
T002082,Coffee,1
T002082,Sugar,3
T002082,Milk,1
T002083,Cheese,3
T002083,Eggs,2
T002083,Butter,1
T002083,Sugar,2
T002083,Milk,2
T002083,Flour,3
T002083,Bananas,4
T002083,Coffee,3
T002083,Bread,4
T002084,Pasta,3
T002085,Apples,3
T002085,Yogurt,1
T002086,Eggs,4
T002086,Butter,1
T002086,Orange Juice,3
T002086,Yogurt,1
T002086,Rice,2
T002086,Beef,2
T002086,Bananas,4
T002086,Bread,1
T002087,Flour,2
T002088,Onions,2
T002089,Eggs,1
T002089,Orange Juice,1
T002089,Yogurt,3
T002089,Chicken,2
T002089,Beef,4
T002089,Bananas,2
T002090,Apples,2
T002090,Beef,3
T002091,Butter,4
T002091,Orange Juice,4
T002091,Rice,2
T002091,Chicken,4
T002091,Bananas,4
T002091,Tomatoes,1
T002092,Bananas,2
T002093,Pasta,2
T002093,Bananas,3
T002093,Coffee,4
T002093,Tomatoes,4
T002093,Onions,4
T002094,Apples,3
T002094,Cheese,3
T002094,Yogurt,3
T002095,Cheese,3
T002095,Eggs,2
T002095,Tea,2
T002095,Pasta,4
T002095,Yogurt,3
T002096,Tomatoes,1
T002096,Onions,3
T002096,Pasta,2
T002096,Tea,1
T002097,Orange Juice,4
T002097,Tea,2
T002097,Pasta,4
T002097,Rice,4
T002097,Onions,1
T002098,Cheese,1
T002099,Apples,1
T002099,Eggs,2
T002099,Rice,4
T002099,Milk,1
T002099,Chicken,3
T002099,Bananas,2
T002100,Apples,4
T002100,Sugar,2
T002100,Pasta,4
T002100,Beef,2
T002100,Coffee,4
T002100,Tomatoes,3
T002101,Butter,2
T002101,Tea,2
T002101,Pasta,2
T002101,Milk,4
T002101,Chicken,3
T002101,Beef,4
T002101,Tomatoes,4
T002101,Onions,2
T002102,Rice,2
T002102,Tomatoes,4
T002102,Pasta,3
T002102,Onions,2
T002103,Butter,2
T002103,Beef,2
T002103,Milk,3
T002104,Apples,2
T002104,Butter,1
T002104,Orange Juice,4
T002104,Tea,2
T002104,Rice,1
T002104,Milk,1
T002104,Tomatoes,3
T002105,Sugar,3
T002105,Butter,2
T002105,Milk,4
T002105,Chicken,4
T002105,Beef,4
T002105,Flour,1
T002105,Tomatoes,2
T002106,Eggs,2
T002106,Orange Juice,4
T002106,Chicken,2
T002106,Beef,2
T002106,Bananas,2
T002106,Onions,1
T002107,Orange Juice,2
T002108,Cheese,4
T002108,Rice,4
T002108,Pasta,2
T002108,Yogurt,3
T002108,Beef,3
T002108,Tomatoes,3
T002109,Eggs,4
T002109,Butter,3
T002109,Rice,3
T002109,Flour,3
T002109,Bread,1
T002110,Sugar,1
T002110,Butter,1
T002110,Orange Juice,4
T002110,Rice,4
T002110,Pasta,2
T002110,Bananas,4
T002110,Tomatoes,2
T002110,Bread,4
T002110,Onions,1
T002111,Apples,3
T002111,Sugar,1
T002111,Rice,3
T002111,Milk,1
T002111,Chicken,2
T002111,Coffee,2
T002112,Bananas,3
T002112,Coffee,2
T002112,Butter,2
T002113,Chicken,2
T002114,Cheese,3
T002114,Eggs,4
T002114,Butter,2
T002114,Flour,4
T002114,Bread,1
T002115,Sugar,1
T002115,Cheese,2
T002115,Yogurt,4
T002115,Milk,1
T002115,Coffee,1
T002115,Tomatoes,4
T002116,Eggs,3
T002116,Butter,2
T002116,Orange Juice,2
T002116,Chicken,3
T002116,Bread,4
T002117,Apples,2
T002117,Eggs,1
T002117,Bread,4
T002118,Sugar,3
T002118,Eggs,3
T002118,Butter,4
T002118,Yogurt,1
T002118,Milk,2
T002118,Beef,3
T002118,Coffee,4
T002118,Bread,4
T002118,Onions,2
T002119,Sugar,3
T002119,Butter,2
T002119,Yogurt,1
T002119,Chicken,4
T002119,Flour,4
T002119,Coffee,4
T002120,Apples,1
T002120,Eggs,2
T002120,Butter,3
T002120,Tea,2
T002120,Milk,3
T002120,Flour,2
T002120,Bananas,1
T002120,Bread,2
T002120,Onions,2
T002121,Chicken,1
T002121,Bananas,3
T002121,Sugar,2
T002122,Apples,4
T002122,Butter,4
T002122,Orange Juice,3
T002122,Rice,4
T002123,Butter,3
T002123,Tea,4
T002123,Pasta,4
T002123,Chicken,3
T002123,Tomatoes,3
T002123,Onions,3
T002124,Cheese,1
T002124,Butter,3
T002124,Beef,3
T002125,Apples,4
T002125,Butter,1
T002125,Milk,3
T002125,Flour,4
T002125,Bread,3
T002126,Beef,4
T002127,Eggs,3
T002127,Butter,1
T002127,Tea,3
T002127,Pasta,3
T002127,Rice,3
T002127,Onions,3
T002128,Apples,3
T002128,Tomatoes,3
T002128,Pasta,4
T002128,Onions,4
T002129,Flour,4
T002129,Butter,4
T002129,Eggs,3
T002129,Bread,2
T002130,Sugar,1
T002130,Eggs,2
T002130,Butter,3
T002130,Pasta,3
T002130,Beef,2
T002130,Coffee,2
T002130,Bread,4
T002130,Tomatoes,2
T002130,Onions,4
T002131,Bananas,3
T002131,Cheese,2
T002132,Flour,4
T002132,Apples,1
T002132,Eggs,4
T002133,Chicken,1
T002133,Sugar,1
T002134,Flour,4
T002134,Bread,3
T002134,Milk,4
T002135,Tomatoes,1
T002135,Pasta,1
T002135,Onions,1
T002136,Orange Juice,1
T002136,Tea,3
T002137,Sugar,4
T002137,Eggs,2
T002137,Butter,3
T002137,Milk,1
T002137,Flour,4
T002137,Coffee,2
T002137,Bread,4
T002138,Flour,4
T002138,Eggs,1
T002138,Bread,2
T002139,Apples,4
T002139,Sugar,4
T002139,Rice,4
T002139,Pasta,4
T002139,Milk,2
T002139,Beef,1
T002139,Coffee,3
T002139,Tomatoes,4
T002139,Onions,2
T002140,Sugar,1
T002140,Eggs,4
T002140,Cheese,1
T002140,Tea,2
T002141,Chicken,2
T002141,Butter,2
T002141,Bread,1
T002142,Cheese,4
T002142,Orange Juice,4
T002142,Rice,1
T002143,Butter,4
T002143,Orange Juice,4
T002143,Rice,1
T002143,Milk,3
T002143,Chicken,4
T002143,Flour,2
T002143,Bananas,4
T002143,Bread,4
T002144,Apples,1
T002144,Cheese,3
T002144,Butter,4
T002144,Tea,3
T002144,Bread,2
T002145,Cheese,3
T002145,Eggs,2
T002145,Sugar,3
T002145,Yogurt,2
T002145,Beef,4
T002145,Flour,2
T002146,Sugar,4
T002146,Cheese,2
T002146,Eggs,3
T002146,Yogurt,2
T002146,Milk,2
T002146,Coffee,1
T002146,Onions,1
T002147,Orange Juice,2
T002147,Tea,2
T002147,Pasta,1
T002147,Beef,1
T002147,Flour,2
T002147,Coffee,1
T002147,Tomatoes,1
T002147,Onions,1
T002148,Sugar,4
T002148,Orange Juice,1
T002148,Tea,3
T002148,Rice,3
T002148,Bananas,1
T002148,Coffee,4
T002148,Tomatoes,4
T002148,Onions,3
T002149,Butter,1
T002149,Tea,3
T002149,Rice,3
T002149,Beef,2
T002149,Tomatoes,4
T002149,Bread,2
T002150,Beef,4
T002150,Tea,1
T002151,Coffee,2
T002151,Sugar,3
T002151,Tomatoes,4
T002151,Tea,3
T002152,Sugar,1
T002152,Eggs,3
T002152,Yogurt,4
T002152,Pasta,4
T002152,Chicken,1
T002152,Bread,4
T002152,Onions,1
T002153,Sugar,1
T002153,Eggs,1
T002153,Cheese,4
T002153,Orange Juice,4
T002153,Tea,1
T002153,Pasta,4
T002153,Bananas,3
T002153,Tomatoes,3
T002153,Onions,3
T002154,Sugar,2
T002154,Butter,3
T002154,Yogurt,2
T002154,Beef,1
T002154,Coffee,2
T002155,Flour,4
T002155,Beef,3
T002155,Onions,1
T002156,Eggs,3
T002156,Chicken,4
T002156,Beef,4
T002156,Tomatoes,2
T002156,Onions,4
T002157,Bananas,2
T002157,Eggs,2
T002157,Beef,3
T002158,Sugar,2
T002158,Rice,2
T002158,Milk,1
T002158,Bananas,4
T002158,Coffee,4
T002158,Tomatoes,3
T002159,Butter,2
T002159,Tea,1
T002159,Chicken,4
T002159,Tomatoes,1
T002159,Onions,1
T002160,Tomatoes,4
T002160,Butter,3
T002160,Pasta,4
T002160,Onions,1
T002161,Flour,2
T002161,Bananas,2
T002161,Eggs,2
T002162,Butter,3
T002162,Pasta,2
T002162,Yogurt,4
T002162,Chicken,2
T002162,Milk,4
T002162,Beef,1
T002162,Onions,4
T002163,Flour,2
T002163,Apples,1
T002163,Tomatoes,1
T002164,Bananas,4
T002164,Sugar,1
T002165,Butter,4
T002165,Bread,3
T002165,Milk,3
T002166,Tomatoes,2
T002166,Eggs,2
T002166,Cheese,3
T002166,Yogurt,3
T002167,Orange Juice,3
T002167,Tea,1
T002168,Cheese,4
T002168,Sugar,1
T002168,Milk,1
T002168,Chicken,2
T002168,Beef,2
T002168,Flour,1
T002168,Coffee,4
T002168,Tomatoes,2
T002169,Apples,2
T002169,Butter,1
T002169,Tea,4
T002169,Milk,2
T002169,Coffee,2
T002169,Tomatoes,1
T002170,Apples,2
T002170,Eggs,4
T002170,Orange Juice,2
T002170,Chicken,2
T002170,Beef,3
T002170,Tomatoes,1
T002171,Apples,4
T002171,Sugar,2
T002171,Eggs,1
T002171,Butter,2
T002171,Rice,3
T002171,Milk,3
T002171,Beef,2
T002171,Coffee,2
T002171,Bread,3
T002172,Apples,4
T002172,Orange Juice,3
T002172,Yogurt,3
T002172,Pasta,3
T002172,Chicken,4
T002172,Tomatoes,1
T002172,Onions,3
T002173,Cheese,3
T002173,Eggs,3
T002173,Butter,3
T002173,Orange Juice,1
T002173,Tea,2
T002173,Chicken,3
T002173,Tomatoes,4
T002174,Apples,3
T002174,Cheese,1
T002174,Tea,4
T002174,Rice,1
T002174,Chicken,1
T002174,Flour,1
T002175,Sugar,2
T002175,Eggs,3
T002175,Butter,1
T002175,Pasta,2
T002175,Milk,2
T002175,Bananas,4
T002175,Coffee,2
T002175,Tomatoes,3
T002176,Orange Juice,1
T002177,Flour,2
T002177,Sugar,4
T002177,Bread,2
T002177,Milk,3
T002178,Apples,4
T002178,Sugar,1
T002178,Eggs,4
T002178,Butter,1
T002178,Yogurt,1
T002178,Milk,1
T002178,Bread,1
T002179,Sugar,4
T002179,Eggs,2
T002179,Cheese,1
T002179,Orange Juice,4
T002179,Tea,4
T002179,Milk,2
T002179,Coffee,2
T002179,Onions,2
T002180,Eggs,4
T002180,Pasta,4
T002180,Beef,4
T002180,Tomatoes,3
T002180,Onions,4
T002181,Flour,2
T002181,Rice,4
T002182,Sugar,4
T002182,Eggs,1
T002182,Butter,3
T002182,Orange Juice,3
T002182,Yogurt,2
T002182,Pasta,4
T002182,Milk,3
T002182,Tomatoes,1
T002182,Bread,1
T002182,Onions,2
T002183,Sugar,2
T002183,Eggs,1
T002183,Butter,2
T002183,Yogurt,3
T002183,Milk,1
T002183,Tomatoes,2
T002183,Bread,2
T002184,Sugar,4
T002184,Yogurt,3
T002184,Milk,1
T002184,Chicken,3
T002184,Coffee,1
T002185,Flour,3
T002185,Sugar,3
T002186,Butter,1
T002186,Orange Juice,3
T002186,Pasta,1
T002186,Milk,3
T002186,Bananas,1
T002186,Coffee,2
T002186,Tomatoes,1
T002187,Eggs,2
T002187,Bread,4
T002187,Milk,4
T002188,Sugar,3
T002188,Eggs,1
T002188,Butter,4
T002188,Yogurt,1
T002188,Bread,2
T002189,Cheese,4
T002189,Eggs,4
T002189,Butter,1
T002189,Tea,4
T002189,Rice,2
T002189,Milk,1
T002189,Flour,1
T002190,Sugar,2
T002190,Eggs,1
T002190,Butter,1
T002190,Tea,4
T002190,Milk,3
T002190,Tomatoes,2
T002190,Bread,1
T002190,Onions,1
T002191,Cheese,3
T002191,Sugar,1
T002191,Yogurt,2
T002191,Pasta,4
T002191,Milk,3
T002191,Coffee,4
T002191,Tomatoes,4
T002192,Orange Juice,3
T002193,Rice,2
T002193,Bananas,3
T002193,Beef,3
T002193,Onions,4
T002194,Sugar,4
T002194,Tea,1
T002194,Pasta,2
T002194,Chicken,2
T002194,Beef,3
T002194,Bananas,4
T002194,Coffee,3
T002195,Apples,3
T002195,Sugar,2
T002195,Cheese,3
T002195,Eggs,4
T002195,Butter,2
T002195,Milk,3
T002195,Flour,1
T002195,Bread,3
T002196,Cheese,3
T002196,Eggs,1
T002196,Butter,4
T002196,Orange Juice,2
T002196,Milk,2
T002196,Beef,4
T002196,Flour,4
T002196,Tomatoes,4
T002197,Chicken,1
T002197,Tomatoes,3
T002197,Pasta,1
T002197,Onions,3
T002198,Coffee,3
T002198,Sugar,3
T002198,Beef,4
T002198,Milk,2
T002199,Orange Juice,3
T002199,Pasta,1
T002199,Yogurt,1
T002199,Chicken,4
T002199,Tomatoes,3
T002199,Onions,4
T002200,Flour,4
T002200,Eggs,4
T002201,Eggs,4
T002201,Butter,3
T002201,Tea,3
T002201,Milk,1
T002201,Beef,3
T002201,Flour,4
T002201,Tomatoes,1
T002201,Bread,1
T002201,Onions,3
T002202,Beef,4
T002202,Onions,3
T002203,Chicken,3
T002203,Sugar,1
T002203,Rice,4
T002204,Sugar,1
T002204,Rice,2
T002204,Yogurt,4
T002204,Beef,3
T002204,Coffee,3
T002204,Onions,1
T002205,Cheese,4
T002205,Eggs,2
T002205,Butter,4
T002205,Rice,3
T002205,Pasta,4
T002205,Yogurt,2
T002205,Milk,3
T002205,Bread,4
T002205,Onions,1
T002206,Butter,4
T002206,Tea,3
T002206,Flour,2
T002206,Tomatoes,4
T002206,Onions,2
T002207,Butter,4
T002207,Chicken,3
T002207,Flour,3
T002207,Bananas,2
T002207,Onions,1
T002208,Bananas,2
T002208,Rice,2
T002208,Onions,3
T002209,Cheese,2
T002209,Butter,1
T002209,Tea,1
T002209,Yogurt,4
T002209,Tomatoes,1
T002209,Bread,1
T002210,Cheese,4
T002210,Eggs,3
T002210,Butter,1
T002210,Flour,3
T002210,Bananas,3
T002210,Bread,4
T002211,Bananas,1
T002211,Onions,4
T002212,Butter,2
T002212,Orange Juice,2
T002212,Rice,3
T002212,Tea,1
T002213,Orange Juice,4
T002213,Rice,1
T002213,Yogurt,2
T002213,Coffee,2
T002213,Onions,4
T002214,Apples,4
T002214,Eggs,1
T002214,Orange Juice,2
T002214,Milk,3
T002214,Bananas,2
T002214,Bread,2
T002214,Onions,1
T002215,Onions,2
T002216,Flour,3
T002216,Bananas,4
T002216,Rice,2
T002216,Onions,2
T002217,Eggs,1
T002217,Orange Juice,3
T002217,Tea,1
T002217,Pasta,2
T002217,Milk,4
T002217,Beef,4
T002217,Coffee,1
T002217,Bread,2
T002217,Tomatoes,2
T002217,Onions,3
T002218,Pasta,4
T002218,Rice,3
T002218,Onions,1
T002219,Eggs,1
T002219,Orange Juice,3
T002219,Beef,4
T002219,Milk,4
T002220,Tomatoes,2
T002220,Bread,1
T002220,Onions,1
T002221,Bananas,3
T002221,Cheese,3
T002222,Orange Juice,4
T002222,Tea,1
T002222,Pasta,4
T002222,Rice,4
T002222,Chicken,1
T002222,Beef,3
T002222,Tomatoes,4
T002223,Sugar,3
T002223,Cheese,3
T002223,Butter,4
T002223,Yogurt,4
T002223,Flour,2
T002223,Bananas,2
T002224,Sugar,2
T002224,Eggs,4
T002224,Butter,1
T002224,Pasta,4
T002224,Flour,1
T002224,Bananas,4
T002224,Bread,2
T002224,Onions,3
T002225,Eggs,3
T002225,Butter,3
T002225,Rice,1
T002225,Milk,4
T002225,Chicken,4
T002225,Flour,1
T002225,Tomatoes,4
T002225,Bread,2
T002226,Chicken,3
T002226,Rice,2
T002226,Yogurt,1
T002226,Flour,1
T002227,Eggs,1
T002227,Butter,1
T002227,Rice,1
T002227,Chicken,3
T002227,Beef,2
T002227,Bananas,1
T002227,Tomatoes,1
T002227,Bread,4
T002228,Apples,4
T002228,Sugar,2
T002228,Eggs,4
T002228,Butter,3
T002228,Milk,2
T002228,Beef,1
T002228,Flour,4
T002228,Coffee,4
T002228,Bread,3
T002228,Tomatoes,1
T002229,Cheese,4
T002229,Eggs,4
T002229,Bread,1
T002229,Butter,3
T002230,Sugar,1
T002230,Eggs,2
T002230,Butter,3
T002230,Chicken,4
T002230,Beef,1
T002230,Coffee,2
T002230,Bread,2
T002231,Apples,1
T002231,Bananas,1
T002231,Beef,3
T002232,Cheese,2
T002232,Eggs,3
T002232,Butter,1
T002232,Bananas,3
T002232,Bread,2
T002233,Butter,3
T002233,Eggs,3
T002233,Bread,3
T002233,Milk,4
T002234,Sugar,4
T002234,Orange Juice,1
T002235,Cheese,2
T002235,Butter,3
T002235,Yogurt,4
T002235,Milk,4
T002235,Bananas,2
T002235,Bread,1
T002236,Butter,2
T002236,Bread,4
T002236,Milk,3
T002237,Sugar,4
T002237,Orange Juice,1
T002237,Beef,2
T002237,Flour,2
T002237,Tomatoes,1
T002238,Apples,2
T002238,Sugar,3
T002238,Eggs,2
T002238,Butter,4
T002238,Orange Juice,4
T002238,Pasta,3
T002238,Milk,3
T002238,Beef,2
T002238,Tomatoes,4
T002238,Bread,4
T002238,Onions,2
T002239,Apples,1
T002239,Cheese,3
T002239,Butter,4
T002239,Milk,4
T002239,Bananas,2
T002239,Bread,2
T002240,Sugar,3
T002240,Butter,2
T002240,Orange Juice,2
T002240,Yogurt,1
T002240,Milk,3
T002240,Coffee,2
T002240,Bread,4
T002241,Eggs,3
T002241,Butter,1
T002241,Tea,1
T002241,Rice,3
T002241,Beef,2
T002241,Flour,1
T002241,Bread,3
T002242,Coffee,1
T002242,Sugar,1
T002243,Apples,2
T002243,Eggs,3
T002243,Tea,3
T002243,Yogurt,4
T002243,Bananas,2
T002243,Coffee,4
T002243,Tomatoes,2
T002244,Cheese,4
T002244,Eggs,3
T002244,Butter,2
T002244,Orange Juice,3
T002244,Beef,4
T002244,Bananas,1
T002245,Apples,4
T002245,Bananas,1
T002245,Yogurt,1
T002245,Flour,4
T002246,Eggs,4
T002246,Orange Juice,1
T002246,Yogurt,3
T002246,Milk,3
T002246,Onions,4
T002247,Tea,2
T002248,Butter,2
T002248,Bread,2
T002249,Apples,1
T002249,Coffee,4
T002249,Milk,3
T002250,Coffee,2
T002250,Sugar,2
T002250,Butter,2
T002250,Yogurt,2
T002250,Milk,3
T002250,Beef,4
T002250,Tomatoes,4
T002250,Bread,1
T002250,Onions,1
T002251,Apples,4
T002251,Tea,1
T002251,Chicken,1
T002251,Flour,4
T002251,Tomatoes,3
T002251,Bread,4
T002252,Bananas,4
T002252,Tomatoes,4
T002252,Eggs,4
T002252,Milk,4
T002253,Beef,1
T002254,Tea,2
T002255,Flour,3
T002255,Bananas,2
T002255,Pasta,3
T002255,Apples,1
T002256,Apples,1
T002256,Butter,3
T002256,Tea,2
T002256,Pasta,4
T002256,Milk,2
T002256,Chicken,4
T002256,Beef,1
T002256,Tomatoes,4
T002256,Bread,4
T002256,Onions,2
T002257,Tea,3
T002258,Sugar,2
T002258,Tea,4
T002258,Yogurt,1
T002258,Milk,1
T002258,Coffee,3
T002259,Cheese,4
T002259,Orange Juice,2
T002259,Yogurt,1
T002260,Sugar,4
T002260,Eggs,2
T002260,Butter,1
T002260,Orange Juice,3
T002260,Rice,3
T002260,Milk,1
T002260,Bread,1
T002261,Flour,2
T002262,Bananas,1
T002262,Tea,2
T002263,Orange Juice,4
T002263,Yogurt,1
T002264,Apples,2
T002264,Sugar,3
T002264,Cheese,4
T002264,Orange Juice,1
T002264,Tea,1
T002264,Pasta,2
T002264,Bananas,1
T002264,Tomatoes,2
T002265,Coffee,1
T002265,Milk,1
T002266,Chicken,4
T002266,Tomatoes,1
T002267,Pasta,1
T002267,Chicken,1
T002267,Flour,2
T002267,Tomatoes,1
T002267,Onions,2
T002268,Tomatoes,4
T002268,Eggs,1
T002268,Bread,1
T002268,Pasta,3
T002269,Coffee,4
T002269,Eggs,1
T002269,Orange Juice,2
T002269,Tea,3
T002269,Pasta,4
T002269,Milk,3
T002269,Tomatoes,4
T002270,Coffee,4
T002270,Eggs,2
T002270,Bread,1
T002270,Milk,4
T002271,Apples,2
T002271,Butter,2
T002271,Rice,4
T002271,Milk,2
T002271,Tomatoes,4
T002271,Onions,3
T002272,Butter,1
T002272,Yogurt,1
T002272,Milk,3
T002272,Bread,2
T002272,Onions,1
T002273,Eggs,1
T002273,Tea,1
T002273,Milk,4
T002273,Chicken,1
T002273,Coffee,2
T002273,Bread,2
T002273,Tomatoes,3
T002274,Apples,1
T002274,Butter,3
T002274,Milk,1
T002274,Tomatoes,1
T002274,Bread,3
T002274,Onions,4
T002275,Cheese,4
T002275,Eggs,1
T002275,Butter,3
T002275,Orange Juice,2
T002275,Milk,1
T002275,Bananas,2
T002275,Bread,1
T002276,Tomatoes,3
T002276,Tea,1
T002277,Eggs,2
T002278,Apples,4
T002278,Cheese,1
T002278,Beef,3
T002279,Apples,2
T002279,Flour,2
T002280,Eggs,3
T002280,Butter,4
T002280,Bread,3
T002280,Beef,3
T002281,Apples,2
T002281,Eggs,1
T002281,Butter,3
T002281,Orange Juice,3
T002281,Rice,2
T002281,Milk,4
T002281,Chicken,4
T002281,Flour,1
T002281,Bread,4
T002282,Butter,4
T002282,Beef,1
T002283,Apples,1
T002283,Eggs,1
T002283,Butter,3
T002283,Orange Juice,4
T002283,Milk,2
T002283,Bread,2
T002284,Coffee,2
T002284,Cheese,1
T002284,Sugar,3
T002284,Orange Juice,3
T002284,Tea,3
T002284,Tomatoes,4
T002284,Onions,3
T002285,Apples,1
T002285,Butter,2
T002285,Rice,3
T002285,Yogurt,1
T002285,Bread,2
T002285,Onions,4
T002286,Eggs,1
T002286,Butter,2
T002286,Orange Juice,2
T002286,Tea,2
T002286,Pasta,3
T002286,Milk,1
T002286,Flour,3
T002286,Bread,4
T002286,Onions,3
T002287,Cheese,1
T002287,Tea,1
T002287,Yogurt,4
T002287,Chicken,4
T002287,Bread,1
T002287,Onions,4
T002288,Apples,2
T002288,Eggs,3
T002288,Butter,1
T002288,Orange Juice,4
T002288,Tea,1
T002288,Milk,3
T002288,Beef,1
T002288,Bread,2
T002288,Onions,3
T002289,Butter,1
T002289,Orange Juice,1
T002289,Yogurt,1
T002289,Tea,3
T002290,Chicken,3
T002290,Apples,1
T002290,Butter,2
T002290,Flour,1
T002291,Tea,4
T002292,Tea,1
T002292,Pasta,3
T002292,Milk,3
T002292,Chicken,1
T002292,Bananas,2
T002292,Tomatoes,3
T002292,Bread,1
T002292,Onions,2
T002293,Tomatoes,4
T002293,Eggs,2
T002294,Sugar,4
T002294,Rice,2
T002294,Yogurt,3
T002294,Pasta,2
T002294,Coffee,3
T002294,Tomatoes,4
T002294,Onions,3
T002295,Chicken,2
T002295,Orange Juice,4
T002296,Chicken,2
T002296,Eggs,2
T002296,Butter,1
T002296,Milk,4
T002297,Cheese,4
T002297,Eggs,3
T002297,Yogurt,2
T002297,Milk,1
T002297,Tomatoes,2
T002297,Bread,4
T002298,Sugar,2
T002298,Rice,2
T002298,Milk,4
T002298,Bananas,2
T002298,Coffee,2
T002299,Flour,2
T002300,Sugar,4
T002300,Tea,2
T002300,Milk,4
T002300,Flour,4
T002300,Coffee,4
T002301,Sugar,3
T002301,Cheese,1
T002301,Milk,2
T002302,Butter,1
T002302,Beef,2
T002303,Sugar,4
T002303,Tea,4
T002303,Yogurt,4
T002303,Milk,4
T002303,Flour,4
T002303,Coffee,2
T002304,Butter,3
T002304,Tea,2
T002304,Rice,4
T002304,Beef,1
T002304,Onions,4
T002305,Butter,2
T002305,Tea,1
T002305,Milk,2
T002305,Flour,3
T002305,Bread,1
T002305,Onions,2
T002306,Pasta,2
T002306,Onions,3
T002307,Apples,4
T002307,Butter,1
T002307,Orange Juice,2
T002307,Tea,1
T002307,Yogurt,3
T002307,Coffee,4
T002307,Bread,3
T002308,Apples,3
T002308,Sugar,2
T002308,Eggs,1
T002308,Pasta,1
T002308,Rice,2
T002308,Flour,2
T002308,Bananas,3
T002308,Coffee,1
T002308,Tomatoes,4
T002308,Onions,1
T002309,Apples,4
T002309,Bananas,1
T002309,Pasta,4
T002309,Tea,1
T002310,Eggs,1
T002310,Tea,4
T002310,Pasta,2
T002310,Bananas,3
T002310,Tomatoes,3
T002310,Bread,1
T002310,Onions,1
T002311,Apples,1
T002311,Sugar,4
T002311,Yogurt,2
T002311,Pasta,4
T002311,Rice,4
T002311,Beef,1
T002311,Bananas,4
T002311,Coffee,4
T002311,Tomatoes,1
T002311,Onions,4
T002312,Yogurt,4
T002312,Onions,1
T002313,Eggs,3
T002313,Butter,2
T002313,Rice,1
T002313,Milk,2
T002313,Bananas,1
T002313,Bread,3
T002314,Beef,3
T002315,Cheese,1
T002315,Eggs,1
T002315,Butter,4
T002315,Sugar,2
T002315,Pasta,3
T002315,Chicken,1
T002315,Tomatoes,3
T002315,Onions,1
T002316,Cheese,2
T002316,Eggs,3
T002316,Orange Juice,3
T002316,Tea,3
T002316,Milk,1
T002316,Chicken,3
T002316,Tomatoes,4
T002316,Bread,4
T002317,Apples,3
T002317,Pasta,2
T002317,Bananas,3
T002317,Tomatoes,1
T002317,Onions,1
T002318,Apples,2
T002319,Sugar,4
T002319,Eggs,1
T002319,Orange Juice,4
T002319,Milk,3
T002319,Bananas,4
T002319,Coffee,2
T002320,Onions,2
T002321,Cheese,4
T002321,Eggs,1
T002321,Orange Juice,2
T002321,Tea,3
T002321,Rice,2
T002321,Flour,2
T002321,Bread,2
T002322,Coffee,1
T002322,Cheese,1
T002322,Orange Juice,1
T002323,Beef,4
T002323,Cheese,1
T002323,Rice,4
T002324,Tea,3
T002325,Apples,2
T002325,Butter,2
T002325,Onions,1
T002326,Cheese,3
T002326,Beef,3
T002327,Cheese,4
T002327,Eggs,2
T002327,Butter,2
T002327,Flour,2
T002327,Bread,1
T002327,Onions,3
T002328,Bananas,1
T002329,Butter,2
T002329,Yogurt,1
T002329,Milk,2
T002329,Bananas,4
T002329,Tomatoes,4
T002329,Bread,2
T002329,Onions,2
T002330,Eggs,2
T002330,Butter,4
T002330,Orange Juice,4
T002330,Tea,2
T002330,Yogurt,4
T002330,Chicken,1
T002330,Flour,1
T002330,Bread,3
T002331,Eggs,1
T002331,Butter,4
T002331,Milk,1
T002332,Tomatoes,1
T002332,Yogurt,2
T002332,Tea,2
T002333,Butter,4
T002333,Milk,3
T002333,Flour,3
T002333,Bananas,2
T002333,Coffee,2
T002333,Tomatoes,4
T002334,Rice,1
T002334,Beef,4
T002334,Yogurt,3
T002334,Tea,2
T002335,Apples,1
T002335,Cheese,3
T002335,Sugar,4
T002335,Yogurt,1
T002335,Flour,3
T002335,Bananas,3
T002335,Onions,3
T002336,Bananas,4
T002336,Onions,3
T002337,Sugar,3
T002337,Tomatoes,2
T002337,Pasta,3
T002337,Onions,3
T002338,Apples,2
T002338,Sugar,1
T002339,Yogurt,4
T002340,Orange Juice,2
T002340,Rice,4
T002340,Chicken,2
T002340,Beef,2
T002340,Bananas,2
T002341,Yogurt,2
T002341,Beef,2
T002341,Tea,1
T002342,Eggs,4
T002342,Pasta,2
T002342,Rice,3
T002342,Tomatoes,1
T002342,Onions,2
T002343,Apples,4
T002343,Coffee,3
T002343,Eggs,3
T002343,Milk,2
T002344,Eggs,1
T002344,Butter,3
T002344,Yogurt,3
T002344,Bananas,2
T002344,Bread,2
T002345,Orange Juice,3
T002346,Eggs,1
T002346,Yogurt,2
T002346,Milk,2
T002346,Chicken,3
T002346,Beef,1
T002346,Bread,2
T002347,Sugar,4
T002347,Eggs,2
T002347,Butter,1
T002347,Orange Juice,1
T002347,Tea,3
T002347,Yogurt,2
T002347,Milk,1
T002347,Bananas,4
T002347,Coffee,4
T002347,Bread,4
T002348,Butter,3
T002348,Rice,3
T002348,Pasta,2
T002348,Beef,4
T002348,Tomatoes,2
T002349,Cheese,2
T002349,Tea,1
T002349,Pasta,4
T002349,Beef,4
T002349,Bananas,3
T002349,Tomatoes,4
T002349,Bread,4
T002350,Sugar,1
T002350,Butter,4
T002350,Orange Juice,3
T002350,Beef,1
T002350,Flour,2
T002350,Bananas,3
T002350,Onions,4
T002351,Butter,4
T002351,Rice,3
T002351,Yogurt,3
T002351,Flour,2
T002351,Bananas,2
T002352,Apples,3
T002352,Sugar,4
T002353,Sugar,3
T002353,Orange Juice,3
T002353,Chicken,1
T002353,Coffee,1
T002353,Tomatoes,4
T002353,Onions,1
T002354,Cheese,3
T002354,Eggs,2
T002354,Rice,4
T002354,Onions,3
T002355,Butter,3
T002355,Tea,2
T002355,Pasta,1
T002355,Milk,2
T002356,Apples,3
T002356,Cheese,1
T002356,Onions,4
T002357,Cheese,2
T002357,Tea,3
T002358,Chicken,3
T002358,Tea,2
T002359,Apples,4
T002359,Eggs,4
T002359,Butter,3
T002359,Milk,4
T002359,Bananas,4
T002359,Tomatoes,1
T002359,Bread,4
T002360,Beef,4
T002361,Apples,1
T002361,Sugar,1
T002361,Eggs,1
T002361,Butter,2
T002361,Milk,1
T002361,Chicken,4
T002361,Coffee,3
T002361,Bread,1
T002362,Chicken,3
T002362,Butter,4
T002362,Orange Juice,2
T002362,Beef,2
T002363,Butter,3
T002363,Onions,2
T002364,Bananas,2
T002364,Coffee,4
T002364,Butter,3
T002364,Milk,2
T002365,Apples,2
T002365,Flour,3
T002366,Sugar,2
T002366,Eggs,2
T002366,Butter,2
T002366,Tea,4
T002366,Rice,4
T002366,Milk,3
T002366,Bananas,2
T002366,Bread,1
T002367,Eggs,1
T002367,Bread,4
T002367,Rice,1
T002367,Milk,2
T002368,Eggs,3
T002368,Butter,4
T002368,Orange Juice,3
T002368,Tea,1
T002368,Rice,1
T002368,Milk,3
T002368,Tomatoes,3
T002368,Bread,2
T002369,Bananas,4
T002369,Tomatoes,3
T002369,Eggs,2
T002369,Pasta,3
T002370,Sugar,4
T002370,Eggs,1
T002370,Butter,4
T002370,Milk,4
T002370,Beef,3
T002371,Apples,4
T002371,Sugar,2
T002371,Cheese,2
T002371,Orange Juice,1
T002371,Tea,4
T002371,Flour,1
T002371,Onions,2
T002372,Apples,2
T002372,Cheese,4
T002372,Orange Juice,3
T002372,Beef,1
T002373,Apples,3
T002373,Pasta,2
T002373,Yogurt,2
T002373,Chicken,4
T002373,Bananas,1
T002373,Onions,3
T002374,Butter,2
T002374,Pasta,3
T002374,Rice,3
T002374,Beef,2
T002374,Tomatoes,3
T002374,Onions,1
T002375,Eggs,2
T002375,Butter,1
T002375,Orange Juice,4
T002375,Yogurt,2
T002375,Beef,1
T002375,Flour,3
T002375,Tomatoes,3
T002375,Bread,3
T002376,Coffee,3
T002376,Sugar,4
T002376,Eggs,1
T002376,Milk,4
T002376,Beef,2
T002376,Flour,1
T002376,Tomatoes,1
T002376,Onions,4
T002377,Apples,1
T002377,Sugar,1
T002377,Tea,3
T002377,Pasta,4
T002377,Rice,4
T002377,Milk,1
T002377,Beef,2
T002377,Bananas,4
T002377,Coffee,1
T002377,Tomatoes,2
T002377,Onions,3
T002378,Cheese,2
T002378,Eggs,4
T002378,Butter,4
T002378,Tea,1
T002378,Rice,2
T002378,Milk,1
T002378,Flour,4
T002378,Bananas,2
T002378,Bread,3
T002379,Sugar,4
T002379,Eggs,3
T002379,Butter,1
T002379,Tea,3
T002379,Yogurt,1
T002379,Milk,1
T002379,Pasta,3
T002379,Beef,4
T002379,Tomatoes,1
T002379,Bread,1
T002379,Onions,3
T002380,Apples,4
T002380,Eggs,1
T002380,Butter,2
T002380,Rice,2
T002380,Milk,3
T002380,Pasta,2
T002380,Bananas,2
T002380,Coffee,3
T002380,Bread,1
T002380,Tomatoes,4
T002380,Onions,1
T002381,Eggs,2
T002381,Butter,3
T002381,Yogurt,3
T002381,Milk,1
T002382,Onions,2
T002383,Flour,1
T002383,Cheese,4
T002384,Apples,1
T002384,Cheese,2
T002384,Eggs,3
T002384,Butter,2
T002384,Yogurt,4
T002384,Onions,3
T002385,Apples,4
T002385,Tomatoes,3
T002385,Eggs,3
T002385,Tea,4
T002386,Apples,2
T002386,Cheese,3
T002386,Eggs,4
T002386,Butter,1
T002386,Sugar,2
T002386,Rice,1
T002386,Milk,1
T002386,Coffee,4
T002386,Bread,4
T002386,Tomatoes,2
T002387,Apples,1
T002387,Butter,3
T002387,Orange Juice,1
T002387,Tea,1
T002387,Chicken,3
T002387,Onions,1
T002388,Tea,1
T002389,Sugar,1
T002389,Rice,4
T002389,Yogurt,1
T002389,Chicken,2
T002389,Pasta,3
T002389,Tomatoes,2
T002390,Yogurt,2
T002391,Eggs,2
T002391,Butter,4
T002391,Tea,2
T002391,Pasta,1
T002391,Bananas,2
T002391,Coffee,2
T002391,Onions,3
T002392,Flour,4
T002392,Apples,1
T002392,Tomatoes,3
T002392,Rice,4
T002393,Sugar,4
T002393,Butter,2
T002393,Tea,2
T002393,Milk,2
T002393,Coffee,3
T002394,Apples,2
T002394,Cheese,4
T002394,Eggs,3
T002394,Yogurt,4
T002394,Milk,4
T002394,Beef,4
T002394,Flour,4
T002394,Coffee,3
T002395,Tomatoes,3
T002395,Pasta,4
T002395,Onions,4
T002396,Sugar,4
T002396,Eggs,2
T002396,Butter,4
T002396,Tea,4
T002396,Rice,1
T002396,Pasta,3
T002396,Flour,1
T002396,Bread,4
T002397,Flour,3
T002398,Eggs,4
T002398,Butter,2
T002398,Pasta,4
T002398,Milk,4
T002398,Tomatoes,4
T002398,Bread,3
T002398,Onions,1
T002399,Bananas,4
T002400,Eggs,3
T002400,Butter,4
T002400,Milk,3
T002400,Bread,2
T002400,Onions,3
T002401,Eggs,3
T002401,Butter,1
T002401,Pasta,1
T002401,Yogurt,3
T002401,Rice,4
T002401,Milk,1
T002401,Bananas,3
T002401,Tomatoes,2
T002401,Bread,4
T002401,Onions,1
T002402,Cheese,2
T002402,Eggs,1
T002402,Sugar,2
T002402,Orange Juice,2
T002402,Butter,3
T002402,Tea,2
T002402,Milk,2
T002402,Flour,1
T002402,Coffee,2
T002402,Bread,3
T002403,Butter,2
T002403,Pasta,2
T002403,Chicken,2
T002403,Bananas,2
T002403,Bread,1
T002403,Onions,1
T002404,Orange Juice,4
T002404,Yogurt,4
T002404,Rice,1
T002404,Bananas,2
T002404,Tomatoes,2
T002405,Butter,1
T002405,Orange Juice,4
T002405,Yogurt,4
T002406,Apples,2
T002406,Sugar,2
T002406,Eggs,1
T002406,Butter,1
T002406,Milk,3
T002406,Bread,4
T002407,Butter,3
T002407,Milk,3
T002408,Apples,1
T002408,Eggs,1
T002408,Chicken,1
T002409,Yogurt,1
T002410,Eggs,3
T002410,Rice,1
T002410,Tea,2
T002411,Apples,4
T002411,Cheese,3
T002411,Eggs,1
T002411,Butter,1
T002411,Rice,4
T002411,Milk,2
T002411,Chicken,1
T002411,Pasta,2
T002411,Yogurt,2
T002411,Bread,3
T002412,Sugar,1
T002412,Eggs,2
T002412,Butter,2
T002412,Pasta,1
T002412,Yogurt,3
T002412,Milk,3
T002412,Coffee,3
T002412,Bread,2
T002412,Onions,4
T002413,Butter,2
T002413,Tea,2
T002413,Rice,1
T002413,Pasta,3
T002413,Beef,3
T002413,Bread,1
T002414,Bananas,4
T002414,Tea,2
T002415,Butter,3
T002415,Tea,2
T002416,Apples,3
T002416,Sugar,1
T002416,Bananas,1
T002416,Coffee,1
T002416,Onions,3
T002417,Cheese,1
T002417,Eggs,1
T002417,Butter,2
T002417,Tea,3
T002417,Rice,4
T002417,Milk,1
T002417,Flour,3
T002417,Bananas,3
T002417,Bread,2
T002418,Eggs,2
T002418,Butter,2
T002418,Orange Juice,1
T002418,Pasta,4
T002418,Milk,1
T002418,Coffee,2
T002418,Bread,4
T002418,Tomatoes,3
T002419,Eggs,4
T002419,Orange Juice,1
T002419,Pasta,1
T002419,Chicken,2
T002419,Bananas,3
T002419,Tomatoes,3
T002419,Onions,2
T002420,Eggs,2
T002421,Bananas,1
T002421,Eggs,4
T002421,Tea,4
T002422,Sugar,4
T002422,Eggs,3
T002422,Butter,1
T002422,Orange Juice,3
T002422,Rice,4
T002422,Milk,3
T002422,Beef,2
T002422,Coffee,3
T002423,Eggs,2
T002423,Tea,1
T002423,Rice,1
T002423,Yogurt,1
T002423,Onions,2
T002424,Sugar,1
T002424,Eggs,3
T002424,Butter,4
T002424,Tea,4
T002424,Milk,4
T002424,Chicken,1
T002424,Coffee,4
T002424,Bread,3
T002425,Eggs,4
T002425,Butter,1
T002425,Milk,2
T002425,Chicken,2
T002425,Bananas,4
T002425,Tomatoes,2
T002425,Bread,1
T002425,Onions,3
T002426,Chicken,2
T002426,Beef,4
T002426,Rice,4
T002426,Onions,1
T002427,Sugar,4
T002427,Eggs,1
T002427,Yogurt,1
T002427,Chicken,4
T002427,Tomatoes,2
T002427,Bread,3
T002428,Cheese,1
T002429,Sugar,1
T002429,Eggs,1
T002429,Bread,1
T002429,Butter,4
T002430,Sugar,4
T002430,Butter,2
T002430,Pasta,4
T002430,Flour,3
T002430,Bananas,4
T002431,Chicken,1
T002431,Rice,2
T002431,Tea,3
T002432,Sugar,4
T002432,Cheese,3
T002432,Eggs,3
T002432,Butter,4
T002432,Tea,4
T002432,Milk,2
T002432,Chicken,3
T002432,Beef,4
T002433,Butter,2
T002433,Eggs,2
T002433,Bread,3
T002433,Milk,2
T002434,Chicken,4
T002434,Bread,3
T002434,Milk,3
T002435,Chicken,4
T002435,Sugar,3
T002435,Butter,3
T002435,Rice,4
T002436,Yogurt,3
T002437,Chicken,4
T002437,Tomatoes,2
T002438,Eggs,2
T002438,Pasta,1
T002438,Yogurt,4
T002438,Milk,3
T002438,Beef,2
T002438,Tomatoes,3
T002438,Bread,2
T002439,Orange Juice,3
T002439,Tea,2
T002439,Pasta,1
T002439,Tomatoes,3
T002439,Onions,2
T002440,Flour,4
T002440,Eggs,2
T002441,Sugar,4
T002441,Eggs,1
T002441,Butter,1
T002441,Rice,3
T002441,Yogurt,4
T002441,Milk,3
T002441,Coffee,4
T002441,Onions,4
T002442,Sugar,2
T002442,Eggs,4
T002442,Butter,4
T002442,Tea,4
T002442,Bananas,2
T002442,Coffee,2
T002442,Bread,4
T002442,Onions,4
T002443,Sugar,3
T002443,Pasta,1
T002443,Milk,2
T002443,Coffee,1
T002443,Onions,4
T002444,Sugar,4
T002444,Milk,1
T002444,Chicken,1
T002444,Coffee,4
T002444,Bread,1
T002444,Onions,4
T002445,Butter,4
T002445,Orange Juice,2
T002445,Onions,2
T002446,Tomatoes,1
T002447,Sugar,1
T002447,Beef,3
T002448,Tomatoes,4
T002448,Yogurt,4
T002448,Tea,4
T002449,Cheese,3
T002449,Eggs,3
T002449,Butter,3
T002449,Beef,4
T002449,Bread,2
T002450,Sugar,4
T002450,Eggs,1
T002450,Milk,2
T002450,Chicken,1
T002450,Coffee,3
T002450,Bread,2
T002451,Sugar,3
T002451,Eggs,4
T002451,Rice,2
T002451,Milk,3
T002451,Coffee,1
T002451,Tomatoes,2
T002451,Onions,4
T002452,Apples,2
T002452,Butter,1
T002452,Bread,2
T002453,Pasta,1
T002453,Yogurt,3
T002453,Beef,2
T002453,Bananas,1
T002453,Tomatoes,1
T002454,Apples,4
T002454,Sugar,3
T002455,Apples,4
T002455,Cheese,3
T002455,Beef,1
T002456,Sugar,1
T002456,Eggs,2
T002456,Butter,1
T002456,Tea,3
T002456,Rice,1
T002456,Chicken,1
T002456,Bread,4
T002457,Tomatoes,4
T002457,Eggs,1
T002457,Orange Juice,2
T002458,Apples,4
T002458,Cheese,4
T002459,Bananas,3
T002459,Milk,3
T002460,Sugar,2
T002460,Eggs,2
T002460,Butter,2
T002460,Yogurt,1
T002460,Beef,4
T002460,Bread,2
T002461,Flour,1
T002461,Tomatoes,3
T002461,Cheese,1
T002462,Cheese,3
T002462,Eggs,4
T002462,Bread,3
T002462,Pasta,4
T002463,Tomatoes,2
T002463,Eggs,2
T002463,Bread,3
T002464,Sugar,3
T002464,Tea,1
T002464,Pasta,3
T002464,Tomatoes,1
T002464,Onions,3
T002465,Apples,3
T002465,Cheese,4
T002465,Eggs,3
T002465,Orange Juice,3
T002465,Rice,3
T002465,Chicken,3
T002465,Bread,1
T002465,Onions,3
T002466,Butter,2
T002466,Yogurt,2
T002466,Rice,1
T002466,Milk,3
T002466,Bread,2
T002467,Butter,2
T002467,Eggs,4
T002467,Bread,3
T002467,Milk,4
T002468,Eggs,3
T002468,Butter,1
T002468,Yogurt,2
T002468,Beef,4
T002468,Flour,3
T002468,Bread,2
T002469,Chicken,2
T002469,Coffee,2
T002469,Bread,3
T002469,Milk,2
T002470,Sugar,2
T002470,Eggs,1
T002470,Tomatoes,2
T002471,Butter,3
T002472,Eggs,2
T002472,Butter,2
T002472,Orange Juice,1
T002472,Tea,2
T002472,Yogurt,1
T002472,Milk,4
T002472,Bread,2
T002473,Cheese,1
T002474,Flour,1
T002475,Apples,2
T002475,Butter,2
T002475,Tea,2
T002475,Beef,3
T002475,Flour,4
T002475,Bananas,4
T002476,Sugar,3
T002476,Eggs,1
T002476,Butter,3
T002476,Orange Juice,2
T002476,Yogurt,4
T002476,Pasta,3
T002476,Milk,4
T002476,Beef,4
T002476,Coffee,4
T002476,Bread,3
T002477,Eggs,3
T002477,Orange Juice,4
T002477,Tea,1
T002478,Pasta,2
T002479,Sugar,3
T002479,Eggs,4
T002479,Butter,4
T002479,Tea,4
T002479,Chicken,1
T002479,Bananas,2
T002479,Bread,2
T002479,Onions,4
T002480,Apples,2
T002480,Orange Juice,1
T002480,Beef,4
T002480,Bread,2
T002480,Onions,3
T002481,Cheese,3
T002481,Orange Juice,4
T002481,Yogurt,1
T002481,Pasta,4
T002481,Chicken,2
T002481,Rice,1
T002481,Tomatoes,3
T002482,Sugar,3
T002482,Butter,3
T002482,Orange Juice,3
T002482,Milk,2
T002482,Chicken,2
T002482,Flour,2
T002482,Bananas,1
T002482,Coffee,4
T002482,Onions,1
T002483,Apples,4
T002483,Eggs,2
T002483,Tea,2
T002483,Pasta,1
T002483,Bread,1
T002483,Onions,3
T002484,Sugar,4
T002484,Eggs,1
T002484,Butter,3
T002484,Tea,2
T002484,Rice,2
T002484,Chicken,3
T002484,Beef,3
T002485,Eggs,3
T002485,Butter,1
T002486,Apples,1
T002486,Eggs,1
T002486,Butter,2
T002486,Pasta,4
T002486,Flour,4
T002486,Tomatoes,1
T002487,Cheese,3
T002487,Sugar,1
T002487,Eggs,3
T002487,Yogurt,3
T002487,Milk,4
T002487,Flour,2
T002487,Coffee,2
T002487,Bread,4
T002487,Onions,1
T002488,Apples,3
T002488,Pasta,3
T002488,Milk,4
T002488,Chicken,4
T002488,Tomatoes,4
T002488,Bread,1
T002488,Onions,1
T002489,Coffee,2
T002489,Butter,4
T002489,Tomatoes,4
T002490,Yogurt,1
T002491,Butter,4
T002491,Rice,2
T002492,Coffee,3
T002492,Butter,2
T002492,Beef,2
T002492,Milk,3
T002493,Bananas,1
T002493,Cheese,3
T002493,Beef,1
T002493,Tea,1
T002494,Coffee,1
T002494,Sugar,4
T002495,Cheese,3
T002495,Eggs,3
T002495,Butter,4
T002495,Yogurt,2
T002495,Milk,2
T002495,Beef,1
T002495,Bread,1
T002495,Onions,2
T002496,Cheese,2
T002496,Eggs,2
T002496,Milk,1
T002496,Flour,3
T002496,Bananas,4
T002496,Tomatoes,4
T002496,Bread,1
T002496,Onions,2
T002497,Sugar,4
T002497,Tea,4
T002497,Yogurt,3
T002497,Pasta,2
T002497,Chicken,3
T002497,Flour,1
T002497,Tomatoes,2
T002498,Bananas,2
T002498,Tea,4
T002499,Apples,1
T002499,Sugar,2
T002499,Yogurt,4
T002499,Milk,3
T002499,Bananas,2
T002499,Coffee,2
T002500,Chicken,4
T002500,Tea,4
T002501,Cheese,3
T002501,Eggs,2
T002501,Butter,1
T002501,Tea,3
T002501,Rice,3
T002501,Pasta,3
T002501,Milk,4
T002501,Tomatoes,2
T002501,Bread,2
T002501,Onions,2
T002502,Orange Juice,1
T002503,Butter,1
T002503,Eggs,4
T002503,Bread,4
T002503,Rice,2
T002504,Sugar,2
T002505,Cheese,3
T002505,Butter,4
T002505,Tea,3
T002505,Pasta,3
T002505,Tomatoes,2
T002505,Onions,1
T002506,Apples,3
T002506,Sugar,2
T002506,Eggs,2
T002506,Orange Juice,3
T002506,Flour,1
T002506,Onions,2
T002507,Eggs,3
T002507,Butter,4
T002507,Tea,2
T002507,Chicken,3
T002507,Bananas,1
T002507,Tomatoes,2
T002507,Bread,2
T002508,Rice,3
T002509,Sugar,4
T002509,Eggs,3
T002509,Rice,4
T002509,Chicken,3
T002509,Beef,1
T002509,Tomatoes,2
T002509,Bread,2
T002510,Butter,1
T002510,Orange Juice,2
T002510,Tea,4
T002511,Chicken,1
T002512,Eggs,3
T002512,Orange Juice,3
T002512,Tea,4
T002512,Rice,4
T002512,Chicken,3
T002512,Tomatoes,4
T002512,Bread,3
T002512,Onions,3
T002513,Sugar,2
T002514,Cheese,4
T002514,Tea,1
T002514,Pasta,2
T002514,Yogurt,2
T002514,Bananas,1
T002514,Tomatoes,1
T002514,Onions,2
T002515,Cheese,4
T002515,Butter,1
T002515,Tea,1
T002515,Pasta,4
T002515,Milk,2
T002515,Chicken,1
T002515,Tomatoes,1
T002515,Bread,2
T002515,Onions,4
T002516,Apples,2
T002516,Eggs,3
T002516,Butter,3
T002516,Tea,4
T002516,Pasta,1
T002516,Beef,4
T002516,Bananas,2
T002516,Tomatoes,4
T002516,Bread,2
T002516,Onions,4
T002517,Chicken,2
T002517,Bananas,3
T002517,Cheese,3
T002517,Tea,4
T002518,Sugar,1
T002518,Eggs,3
T002518,Butter,3
T002518,Orange Juice,4
T002518,Yogurt,1
T002518,Beef,3
T002518,Flour,1
T002518,Bread,1
T002519,Chicken,3
T002519,Tea,1
T002520,Tomatoes,1
T002520,Rice,1
T002521,Chicken,3
T002521,Sugar,2
T002521,Butter,4
T002522,Apples,2
T002522,Butter,3
T002522,Milk,2
T002522,Bread,2
T002522,Onions,4
T002523,Apples,2
T002523,Rice,3
T002523,Yogurt,1
T002523,Chicken,2
T002523,Beef,3
T002523,Bananas,2
T002524,Butter,4
T002524,Orange Juice,2
T002524,Yogurt,3
T002524,Milk,3
T002524,Bread,3
T002525,Sugar,4
T002525,Rice,1
T002526,Orange Juice,4
T002526,Tea,3
T002526,Pasta,2
T002526,Chicken,3
T002526,Flour,3
T002526,Bananas,2
T002526,Tomatoes,2
T002527,Sugar,2
T002527,Butter,1
T002527,Tea,2
T002527,Yogurt,4
T002527,Pasta,4
T002527,Tomatoes,4
T002527,Onions,4
T002528,Tomatoes,4
T002528,Pasta,2
T002529,Orange Juice,2
T002529,Tea,3
T002529,Yogurt,1
T002529,Chicken,4
T002529,Tomatoes,3
T002530,Sugar,4
T002530,Beef,3
T002531,Eggs,4
T002531,Butter,4
T002531,Orange Juice,3
T002531,Beef,2
T002531,Flour,2
T002531,Bananas,4
T002531,Tomatoes,1
T002531,Bread,4
T002532,Sugar,4
T002532,Butter,3
T002532,Orange Juice,3
T002532,Tea,4
T002532,Yogurt,3
T002532,Coffee,2
T002533,Cheese,1
T002534,Sugar,2
T002534,Butter,1
T002534,Bread,4
T002534,Milk,4
T002535,Sugar,3
T002535,Orange Juice,4
T002535,Yogurt,3
T002535,Rice,3
T002535,Pasta,2
T002535,Beef,3
T002535,Tomatoes,3
T002536,Butter,2
T002536,Bread,3
T002536,Onions,3
T002537,Chicken,3
T002537,Beef,1
T002538,Apples,3
T002538,Sugar,3
T002538,Cheese,1
T002538,Butter,1
T002538,Eggs,3
T002538,Yogurt,2
T002538,Bananas,1
T002538,Bread,3
T002538,Onions,1
T002539,Eggs,3
T002539,Orange Juice,4
T002539,Rice,4
T002539,Pasta,1
T002539,Chicken,2
T002539,Milk,2
T002539,Coffee,1
T002539,Bread,1
T002539,Tomatoes,2
T002540,Cheese,3
T002540,Orange Juice,2
T002540,Tea,4
T002540,Yogurt,1
T002540,Chicken,3
T002540,Beef,4
T002540,Tomatoes,1
T002541,Sugar,4
T002541,Eggs,4
T002541,Cheese,3
T002541,Butter,1
T002541,Beef,3
T002541,Tomatoes,3
T002541,Bread,4
T002541,Onions,2
T002542,Apples,4
T002542,Cheese,2
T002542,Pasta,1
T002542,Chicken,1
T002542,Flour,3
T002542,Tomatoes,4
T002542,Onions,4
T002543,Eggs,3
T002543,Butter,1
T002543,Milk,2
T002543,Beef,2
T002543,Bread,3
T002544,Sugar,3
T002544,Eggs,4
T002544,Butter,4
T002544,Tea,3
T002544,Yogurt,4
T002544,Milk,2
T002544,Flour,3
T002545,Eggs,3
T002545,Bread,1
T002545,Milk,1
T002546,Flour,1
T002546,Tomatoes,3
T002546,Pasta,3
T002546,Onions,4
T002547,Cheese,4
T002548,Cheese,3
T002548,Sugar,2
T002548,Orange Juice,2
T002548,Flour,1
T002548,Bananas,1
T002548,Coffee,3
T002548,Onions,2
T002549,Apples,4
T002549,Bananas,4
T002549,Coffee,1
T002549,Cheese,4
T002550,Eggs,2
T002550,Butter,4
T002550,Rice,3
T002550,Yogurt,1
T002550,Chicken,3
T002550,Bread,4
T002551,Sugar,2
T002551,Butter,3
T002551,Rice,3
T002551,Chicken,2
T002551,Beef,2
T002551,Bananas,2
T002552,Sugar,2
T002552,Eggs,3
T002552,Yogurt,4
T002552,Milk,4
T002552,Bread,4
T002553,Cheese,3
T002553,Sugar,4
T002553,Rice,3
T002553,Chicken,1
T002553,Coffee,4
T002554,Orange Juice,1
T002555,Cheese,2
T002555,Butter,1
T002555,Tea,3
T002555,Chicken,2
T002555,Beef,1
T002555,Bread,2
T002556,Eggs,1
T002556,Butter,4
T002556,Rice,1
T002556,Pasta,3
T002556,Beef,1
T002556,Coffee,2
T002556,Bread,2
T002556,Tomatoes,4
T002557,Cheese,3
T002557,Butter,1
T002557,Rice,3
T002557,Pasta,3
T002557,Bananas,2
T002557,Bread,1
T002558,Apples,4
T002558,Butter,4
T002558,Milk,1
T002558,Chicken,3
T002558,Bananas,1
T002558,Bread,3
T002559,Apples,1
T002559,Eggs,3
T002559,Butter,3
T002559,Orange Juice,3
T002559,Tea,1
T002559,Pasta,3
T002559,Milk,1
T002559,Flour,4
T002559,Tomatoes,2
T002559,Onions,1
T002560,Onions,4
T002561,Apples,4
T002561,Butter,2
T002561,Orange Juice,2
T002561,Yogurt,1
T002561,Milk,4
T002561,Beef,2
T002561,Tomatoes,3
T002561,Bread,2
T002562,Bananas,4
T002563,Rice,4
T002564,Sugar,3
T002564,Yogurt,1
T002564,Milk,2
T002564,Chicken,1
T002564,Coffee,2
T002564,Onions,3
T002565,Sugar,1
T002565,Eggs,2
T002565,Butter,1
T002565,Tea,3
T002565,Milk,2
T002565,Coffee,4
T002565,Bread,1
T002565,Onions,2
T002566,Apples,1
T002566,Sugar,4
T002566,Eggs,4
T002566,Butter,2
T002566,Chicken,1
T002566,Bananas,4
T002566,Bread,2
T002567,Flour,1
T002567,Eggs,2
T002567,Onions,4
T002568,Apples,1
T002568,Yogurt,3
T002568,Pasta,4
T002568,Flour,4
T002568,Tomatoes,1
T002569,Flour,2
T002569,Coffee,4
T002569,Butter,4
T002569,Sugar,4
T002570,Chicken,2
T002571,Apples,3
T002572,Sugar,4
T002572,Eggs,4
T002572,Orange Juice,1
T002572,Tea,2
T002572,Yogurt,3
T002572,Flour,3
T002572,Tomatoes,3
T002573,Bananas,4
T002573,Coffee,2
T002573,Milk,3
T002574,Sugar,1
T002574,Eggs,1
T002574,Butter,1
T002574,Chicken,2
T002574,Bread,3
T002575,Coffee,2
T002575,Sugar,3
T002575,Orange Juice,1
T002576,Sugar,4
T002576,Eggs,2
T002576,Butter,4
T002576,Milk,4
T002576,Flour,3
T002577,Apples,1
T002577,Cheese,4
T002577,Eggs,4
T002577,Butter,4
T002577,Rice,4
T002577,Beef,1
T002578,Sugar,3
T002578,Eggs,1
T002578,Butter,3
T002578,Orange Juice,2
T002578,Rice,4
T002578,Milk,3
T002578,Chicken,1
T002578,Coffee,4
T002578,Bread,2
T002579,Bread,3
T002579,Tea,2
T002580,Eggs,3
T002580,Butter,1
T002580,Orange Juice,2
T002580,Tea,2
T002580,Beef,3
T002580,Tomatoes,2
T002580,Bread,4
T002581,Apples,2
T002581,Sugar,3
T002581,Eggs,4
T002581,Butter,4
T002581,Pasta,4
T002581,Bread,1
T002581,Onions,2
T002582,Apples,1
T002583,Butter,3
T002583,Orange Juice,2
T002583,Tea,3
T002583,Pasta,1
T002583,Chicken,2
T002583,Flour,1
T002583,Tomatoes,2
T002584,Cheese,4
T002584,Butter,1
T002584,Orange Juice,2
T002584,Tea,4
T002584,Rice,4
T002584,Milk,1
T002584,Beef,1
T002584,Bananas,2
T002584,Bread,1
T002585,Apples,1
T002585,Pasta,1
T002585,Yogurt,2
T002585,Beef,3
T002585,Tomatoes,3
T002585,Onions,1
T002586,Tea,3
T002587,Beef,3
T002588,Flour,2
T002588,Tomatoes,2
T002588,Pasta,2
T002589,Rice,2
T002590,Eggs,1
T002590,Butter,1
T002590,Orange Juice,2
T002590,Yogurt,4
T002590,Milk,1
T002590,Beef,3
T002590,Flour,4
T002590,Bread,4
T002591,Cheese,1
T002591,Yogurt,4
T002592,Apples,3
T002592,Sugar,1
T002592,Beef,1
T002593,Sugar,1
T002593,Rice,2
T002593,Milk,4
T002593,Flour,1
T002593,Coffee,4
T002593,Tomatoes,3
T002593,Onions,2
T002594,Tomatoes,2
T002594,Yogurt,2
T002594,Beef,2
T002595,Apples,4
T002595,Coffee,4
T002595,Sugar,4
T002595,Milk,2
T002596,Sugar,1
T002596,Eggs,4
T002596,Butter,4
T002596,Pasta,3
T002596,Rice,2
T002596,Chicken,1
T002596,Yogurt,1
T002596,Coffee,2
T002596,Bread,3
T002596,Tomatoes,1
T002597,Orange Juice,4
T002598,Onions,4
T002599,Cheese,2
T002599,Eggs,1
T002599,Butter,4
T002599,Milk,4
T002599,Tomatoes,4
T002599,Bread,1
T002600,Apples,2
T002600,Sugar,3
T002600,Eggs,1
T002600,Butter,4
T002600,Tea,1
T002600,Milk,4
T002600,Coffee,4
T002600,Bread,4
T002600,Tomatoes,1
T002601,Sugar,4
T002601,Rice,3
T002601,Milk,4
T002601,Coffee,3
T002601,Tomatoes,1
T002601,Onions,4
T002602,Flour,2
T002602,Butter,4
T002602,Onions,4
T002603,Sugar,3
T002603,Pasta,4
T002603,Milk,1
T002603,Flour,4
T002603,Coffee,3
T002603,Tomatoes,3
T002604,Cheese,2
T002604,Sugar,3
T002604,Orange Juice,2
T002604,Tea,3
T002604,Pasta,4
T002604,Beef,2
T002604,Onions,2
T002605,Apples,2
T002605,Butter,2
T002605,Tea,1
T002605,Yogurt,3
T002605,Beef,4
T002605,Flour,1
T002605,Bananas,2
T002606,Flour,3
T002606,Coffee,1
T002606,Tomatoes,2
T002606,Milk,4
T002607,Eggs,3
T002607,Butter,1
T002607,Milk,3
T002607,Bananas,2
T002607,Bread,1
T002607,Onions,4
T002608,Chicken,1
T002608,Eggs,1
T002609,Butter,4
T002609,Pasta,3
T002609,Yogurt,1
T002609,Rice,2
T002609,Milk,4
T002609,Beef,3
T002609,Bananas,2
T002609,Coffee,1
T002609,Bread,4
T002609,Tomatoes,2
T002609,Onions,1
T002610,Chicken,3
T002610,Apples,4
T002610,Coffee,1
T002610,Milk,2
T002611,Sugar,4
T002612,Coffee,3
T002612,Cheese,4
T002612,Milk,1
T002613,Orange Juice,1
T002613,Yogurt,4
T002614,Eggs,4
T002614,Butter,3
T002614,Orange Juice,4
T002614,Yogurt,3
T002614,Rice,3
T002614,Bread,1
T002615,Flour,2
T002615,Tea,3
T002616,Sugar,3
T002616,Butter,1
T002616,Pasta,2
T002616,Tomatoes,4
T002616,Onions,1
T002617,Apples,2
T002617,Butter,2
T002617,Eggs,2
T002617,Bread,2
T002618,Eggs,1
T002618,Butter,1
T002618,Tea,3
T002618,Tomatoes,4
T002618,Bread,3
T002619,Bananas,3
T002619,Rice,4
T002620,Flour,1
T002620,Chicken,4
T002621,Rice,2
T002621,Sugar,3
T002621,Butter,2
T002621,Beef,3
T002622,Sugar,3
T002622,Orange Juice,2
T002622,Milk,1
T002622,Chicken,1
T002622,Beef,2
T002622,Flour,3
T002622,Bananas,2
T002622,Coffee,2
T002622,Tomatoes,4
T002623,Eggs,3
T002623,Butter,1
T002623,Rice,4
T002623,Yogurt,2
T002623,Tomatoes,4
T002623,Bread,3
T002624,Apples,2
T002624,Sugar,4
T002624,Eggs,1
T002624,Butter,1
T002624,Tea,2
T002624,Milk,3
T002624,Chicken,1
T002624,Beef,3
T002625,Apples,4
T002625,Butter,1
T002625,Orange Juice,3
T002625,Rice,3
T002625,Pasta,1
T002625,Milk,4
T002625,Beef,2
T002625,Flour,4
T002625,Tomatoes,4
T002626,Flour,4
T002626,Sugar,1
T002626,Tea,4
T002627,Butter,4
T002627,Bread,1
T002627,Beef,2
T002628,Sugar,4
T002628,Butter,4
T002628,Milk,4
T002628,Chicken,1
T002628,Coffee,2
T002628,Bread,2
T002629,Cheese,2
T002629,Rice,4
T002629,Pasta,2
T002629,Yogurt,2
T002629,Flour,1
T002629,Tomatoes,4
T002629,Bread,1
T002630,Apples,1
T002630,Sugar,1
T002630,Eggs,1
T002630,Butter,4
T002630,Orange Juice,3
T002630,Bread,4
T002630,Onions,1
T002631,Coffee,1
T002631,Sugar,1
T002631,Rice,2
T002631,Milk,1
T002632,Chicken,3
T002632,Bananas,4
T002632,Rice,1
T002633,Cheese,3
T002633,Sugar,1
T002633,Orange Juice,3
T002633,Rice,4
T002633,Beef,2
T002633,Coffee,1
T002633,Tomatoes,3
T002633,Onions,2
T002634,Apples,4
T002634,Sugar,3
T002634,Eggs,4
T002634,Butter,4
T002634,Orange Juice,2
T002634,Milk,4
T002634,Flour,3
T002634,Coffee,1
T002634,Bread,2
T002635,Cheese,4
T002635,Sugar,1
T002635,Pasta,4
T002635,Tomatoes,2
T002635,Onions,4
T002636,Rice,4
T002637,Eggs,3
T002637,Butter,3
T002637,Pasta,2
T002637,Milk,4
T002637,Coffee,4
T002637,Bread,2
T002637,Onions,4
T002638,Tomatoes,2
T002638,Pasta,4
T002638,Onions,1
T002639,Cheese,1
T002640,Butter,4
T002640,Bread,3
T002640,Milk,1
T002641,Eggs,3
T002641,Yogurt,2
T002641,Milk,2
T002641,Flour,4
T002641,Coffee,1
T002641,Onions,3
T002642,Flour,1
T002643,Bananas,2
T002643,Tomatoes,4
T002643,Beef,4
T002644,Apples,1
T002644,Sugar,1
T002644,Butter,4
T002644,Orange Juice,3
T002644,Tea,3
T002644,Tomatoes,1
T002644,Onions,1
T002645,Coffee,1
T002645,Milk,3
T002646,Apples,3
T002646,Sugar,4
T002646,Butter,1
T002646,Rice,4
T002647,Sugar,1
T002647,Butter,4
T002647,Pasta,3
T002647,Yogurt,1
T002647,Rice,4
T002647,Milk,2
T002647,Flour,1
T002647,Coffee,1
T002647,Tomatoes,1
T002647,Onions,2
T002648,Coffee,3
T002648,Orange Juice,3
T002648,Beef,3
T002648,Milk,1
T002649,Tomatoes,1
T002649,Eggs,1
T002649,Beef,4
T002650,Sugar,2
T002650,Eggs,1
T002650,Orange Juice,2
T002650,Pasta,2
T002650,Yogurt,1
T002650,Beef,2
T002650,Bananas,1
T002650,Coffee,2
T002650,Tomatoes,3
T002651,Apples,2
T002651,Butter,3
T002651,Bread,2
T002651,Rice,2
T002652,Butter,3
T002652,Pasta,2
T002652,Milk,2
T002652,Chicken,2
T002652,Bananas,2
T002652,Tomatoes,1
T002652,Onions,3
T002653,Flour,2
T002653,Cheese,2
T002653,Coffee,1
T002653,Sugar,3
T002654,Tomatoes,1
T002654,Pasta,1
T002654,Onions,2
T002655,Flour,2
T002655,Eggs,4
T002655,Tea,2
T002656,Bananas,4
T002656,Tomatoes,1
T002656,Yogurt,4
T002657,Eggs,1
T002657,Butter,4
T002657,Milk,2
T002657,Bananas,4
T002657,Bread,1
T002658,Sugar,4
T002658,Eggs,1
T002658,Orange Juice,3
T002658,Chicken,1
T002658,Onions,2
T002659,Butter,3
T002659,Rice,1
T002660,Apples,1
T002660,Eggs,4
T002660,Tea,4
T002660,Rice,1
T002660,Beef,3
T002660,Bread,1
T002660,Onions,3
T002661,Apples,4
T002661,Sugar,2
T002661,Eggs,1
T002661,Butter,4
T002661,Bread,2
T002661,Onions,1
T002662,Bananas,4
T002662,Coffee,3
T002662,Sugar,3
T002662,Tea,1
T002663,Sugar,2
T002663,Butter,1
T002663,Tea,3
T002663,Chicken,1
T002663,Beef,4
T002664,Apples,4
T002664,Sugar,3
T002664,Tea,1
T002664,Chicken,1
T002664,Flour,1
T002664,Coffee,2
T002665,Sugar,3
T002666,Orange Juice,2
T002666,Rice,2
T002667,Sugar,2
T002667,Butter,2
T002667,Tea,1
T002667,Bananas,4
T002667,Tomatoes,3
T002668,Sugar,2
T002668,Eggs,1
T002668,Butter,3
T002668,Milk,4
T002668,Coffee,1
T002669,Eggs,1
T002669,Tea,1
T002669,Milk,4
T002669,Chicken,3
T002669,Beef,4
T002669,Flour,4
T002670,Beef,1
T002671,Apples,2
T002671,Sugar,3
T002671,Eggs,4
T002671,Butter,2
T002671,Orange Juice,1
T002671,Pasta,1
T002671,Milk,2
T002671,Bread,4
T002672,Tomatoes,1
T002672,Rice,4
T002673,Apples,3
T002673,Cheese,4
T002673,Butter,3
T002673,Tea,1
T002673,Rice,3
T002673,Milk,2
T002673,Beef,1
T002673,Bread,1
T002674,Eggs,1
T002674,Butter,1
T002674,Rice,2
T002674,Pasta,3
T002674,Yogurt,1
T002674,Milk,4
T002674,Bread,1
T002675,Butter,2
T002675,Rice,3
T002675,Pasta,3
T002675,Chicken,2
T002675,Yogurt,3
T002675,Beef,1
T002675,Bread,4
T002676,Rice,2
T002677,Apples,3
T002677,Orange Juice,3
T002677,Rice,1
T002677,Beef,4
T002677,Bananas,1
T002678,Sugar,2
T002678,Butter,4
T002678,Milk,3
T002678,Chicken,3
T002678,Flour,4
T002678,Coffee,2
T002678,Bread,1
T002679,Eggs,4
T002679,Butter,1
T002679,Orange Juice,3
T002679,Yogurt,4
T002679,Tomatoes,1
T002680,Cheese,1
T002680,Eggs,3
T002680,Butter,2
T002680,Orange Juice,4
T002680,Milk,2
T002680,Flour,2
T002680,Bread,4
T002680,Onions,3
T002681,Onions,2
T002682,Sugar,1
T002682,Rice,3
T002683,Apples,3
T002684,Sugar,1
T002684,Eggs,4
T002684,Butter,3
T002684,Tea,3
T002684,Pasta,2
T002684,Beef,2
T002684,Flour,4
T002684,Coffee,4
T002684,Bread,4
T002684,Onions,1
T002685,Sugar,4
T002685,Butter,4
T002685,Milk,2
T002685,Chicken,2
T002685,Beef,2
T002685,Coffee,1
T002685,Tomatoes,2
T002685,Onions,2
T002686,Coffee,1
T002686,Cheese,3
T002686,Eggs,2
T002686,Beef,2
T002686,Tomatoes,2
T002686,Onions,2
T002687,Apples,3
T002687,Butter,1
T002687,Chicken,2
T002687,Flour,2
T002687,Tomatoes,3
T002688,Cheese,1
T002688,Eggs,3
T002688,Sugar,1
T002688,Tea,2
T002688,Chicken,2
T002688,Bananas,3
T002689,Apples,1
T002689,Eggs,4
T002689,Chicken,2
T002689,Bananas,4
T002689,Onions,3
T002690,Yogurt,3
T002690,Beef,1
T002691,Bananas,1
T002691,Onions,4
T002692,Sugar,4
T002692,Eggs,1
T002692,Cheese,3
T002692,Butter,3
T002692,Yogurt,2
T002692,Bananas,3
T002692,Tomatoes,1
T002692,Bread,4
T002693,Chicken,3
T002693,Cheese,4
T002693,Eggs,3
T002693,Pasta,2
T002694,Cheese,2
T002694,Eggs,2
T002694,Butter,1
T002694,Orange Juice,1
T002694,Milk,3
T002694,Bread,4
T002695,Apples,2
T002695,Cheese,3
T002695,Butter,2
T002695,Tea,2
T002695,Milk,2
T002695,Beef,1
T002695,Bread,1
T002696,Sugar,2
T002696,Eggs,4
T002696,Butter,1
T002696,Milk,3
T002696,Bananas,4
T002696,Coffee,4
T002696,Bread,3
T002697,Flour,3
T002697,Butter,3
T002697,Eggs,4
T002697,Bread,2
T002698,Butter,3
T002698,Tea,2
T002698,Rice,2
T002698,Pasta,2
T002698,Milk,4
T002698,Tomatoes,3
T002698,Bread,2
T002698,Onions,4
T002699,Cheese,4
T002699,Eggs,4
T002699,Butter,4
T002699,Yogurt,2
T002699,Milk,2
T002699,Rice,2
T002699,Beef,3
T002699,Bread,2
T002700,Apples,3
T002700,Cheese,3
T002700,Onions,4
T002701,Sugar,2
T002701,Butter,2
T002701,Rice,4
T002701,Flour,1
T002701,Bananas,2
T002702,Coffee,4
T002702,Eggs,2
T002702,Butter,2
T002702,Rice,1
T002702,Chicken,2
T002702,Tomatoes,3
T002702,Onions,4
T002703,Apples,4
T002703,Eggs,1
T002703,Yogurt,3
T002703,Beef,2
T002703,Tomatoes,4
T002704,Apples,4
T002704,Sugar,3
T002704,Pasta,4
T002704,Milk,1
T002704,Beef,1
T002704,Coffee,1
T002704,Tomatoes,2
T002704,Onions,3
T002705,Sugar,2
T002705,Yogurt,4
T002705,Onions,4
T002706,Yogurt,4
T002707,Butter,1
T002707,Orange Juice,1
T002707,Pasta,2
T002707,Tomatoes,3
T002707,Bread,4
T002707,Onions,1
T002708,Tea,1
T002709,Apples,3
T002709,Cheese,3
T002709,Sugar,1
T002709,Beef,4
T002709,Tomatoes,4
T002709,Onions,3
T002710,Apples,4
T002710,Sugar,4
T002710,Eggs,4
T002710,Butter,2
T002710,Orange Juice,3
T002710,Beef,3
T002711,Sugar,1
T002711,Eggs,4
T002711,Butter,1
T002711,Milk,1
T002711,Bread,3
T002712,Apples,2
T002712,Butter,2
T002712,Yogurt,4
T002712,Pasta,4
T002712,Milk,3
T002712,Beef,3
T002712,Coffee,1
T002712,Bread,3
T002712,Tomatoes,3
T002713,Apples,2
T002713,Onions,3
T002713,Yogurt,1
T002713,Flour,4
T002714,Eggs,4
T002714,Butter,4
T002714,Orange Juice,2
T002714,Rice,3
T002714,Pasta,4
T002714,Chicken,2
T002714,Tomatoes,2
T002714,Bread,4
T002714,Onions,2
T002715,Sugar,1
T002715,Eggs,2
T002715,Orange Juice,4
T002715,Pasta,2
T002715,Chicken,1
T002715,Tomatoes,2
T002715,Onions,2
T002716,Sugar,2
T002716,Eggs,3
T002716,Chicken,4
T002716,Flour,3
T002716,Tomatoes,3
T002717,Cheese,3
T002718,Sugar,4
T002718,Tea,2
T002718,Yogurt,3
T002718,Milk,4
T002718,Flour,3
T002718,Coffee,1
T002719,Sugar,1
T002719,Eggs,2
T002719,Orange Juice,2
T002719,Yogurt,3
T002719,Pasta,1
T002719,Chicken,4
T002719,Bread,3
T002719,Onions,4
T002720,Cheese,1
T002720,Orange Juice,4
T002720,Chicken,3
T002720,Flour,2
T002720,Bananas,2
T002720,Tomatoes,1
T002721,Butter,3
T002721,Rice,1
T002721,Chicken,3
T002721,Beef,1
T002721,Flour,3
T002722,Butter,3
T002722,Eggs,3
T002722,Bread,2
T002722,Orange Juice,2
T002723,Apples,2
T002723,Cheese,3
T002723,Eggs,3
T002723,Tea,4
T002723,Beef,1
T002723,Flour,1
T002723,Tomatoes,1
T002723,Bread,4
T002724,Butter,1
T002724,Milk,4
T002725,Pasta,3
T002725,Milk,1
T002725,Beef,1
T002725,Tomatoes,4
T002725,Onions,1
T002726,Eggs,2
T002726,Orange Juice,2
T002726,Milk,1
T002726,Beef,3
T002726,Coffee,4
T002727,Eggs,3
T002728,Cheese,2
T002728,Eggs,2
T002728,Butter,4
T002728,Tea,1
T002728,Yogurt,3
T002728,Tomatoes,3
T002728,Onions,3
T002729,Butter,1
T002730,Tomatoes,3
T002731,Tomatoes,1
T002731,Bread,1
T002732,Apples,3
T002732,Butter,1
T002732,Rice,4
T002732,Coffee,4
T002732,Bread,1
T002733,Coffee,3
T002733,Sugar,4
T002733,Rice,4
T002733,Milk,1
T002734,Cheese,3
T002734,Orange Juice,3
T002734,Tea,2
T002734,Pasta,2
T002734,Yogurt,1
T002734,Tomatoes,2
T002734,Onions,1
T002735,Apples,2
T002735,Sugar,2
T002735,Eggs,2
T002735,Tea,1
T002735,Milk,3
T002735,Bananas,4
T002735,Bread,3
T002736,Orange Juice,3
T002737,Apples,3
T002737,Butter,3
T002737,Flour,4
T002738,Sugar,3
T002738,Eggs,1
T002738,Butter,4
T002738,Tea,3
T002738,Rice,4
T002738,Beef,2
T002738,Onions,4
T002739,Sugar,3
T002739,Butter,3
T002739,Onions,4
T002740,Coffee,2
T002740,Sugar,2
T002741,Apples,2
T002741,Yogurt,2
T002741,Rice,2
T002741,Bananas,1
T002741,Bread,4
T002742,Apples,4
T002742,Cheese,1
T002742,Eggs,4
T002742,Butter,4
T002742,Orange Juice,3
T002742,Tea,1
T002742,Rice,2
T002742,Milk,2
T002742,Yogurt,1
T002743,Flour,2
T002743,Eggs,1
T002743,Yogurt,4
T002743,Tea,4
T002744,Apples,2
T002744,Sugar,1
T002744,Chicken,1
T002744,Flour,2
T002744,Coffee,3
T002744,Tomatoes,2
T002745,Apples,2
T002745,Tomatoes,4
T002745,Flour,1
T002746,Beef,4
T002746,Onions,2
T002747,Apples,4
T002747,Coffee,3
T002747,Sugar,4
T002747,Butter,1
T002747,Yogurt,1
T002747,Milk,1
T002747,Chicken,3
T002747,Tomatoes,1
T002748,Coffee,1
T002748,Cheese,2
T002748,Bread,4
T002748,Milk,2
T002749,Butter,2
T002749,Orange Juice,3
T002749,Tea,3
T002749,Rice,2
T002749,Beef,3
T002749,Bread,3
T002750,Chicken,1
T002750,Onions,3
T002750,Tea,4
T002751,Flour,4
T002752,Sugar,2
T002752,Milk,2
T002752,Coffee,4
T002752,Tomatoes,1
T002752,Onions,4
T002753,Sugar,3
T002753,Eggs,3
T002753,Pasta,3
T002753,Rice,3
T002753,Chicken,3
T002753,Milk,2
T002753,Bread,2
T002753,Onions,1
T002754,Onions,3
T002755,Flour,4
T002756,Sugar,4
T002756,Eggs,2
T002756,Butter,4
T002756,Pasta,2
T002756,Milk,3
T002756,Beef,2
T002756,Flour,2
T002756,Coffee,3
T002756,Bread,3
T002756,Tomatoes,3
T002756,Onions,2
T002757,Bananas,4
T002757,Eggs,1
T002757,Butter,3
T002757,Onions,4
T002758,Sugar,1
T002758,Butter,3
T002758,Tea,4
T002758,Rice,3
T002758,Chicken,2
T002758,Flour,2
T002758,Onions,2
T002759,Cheese,2
T002759,Sugar,3
T002759,Butter,4
T002759,Tea,2
T002759,Yogurt,1
T002759,Rice,1
T002759,Beef,4
T002760,Tomatoes,2
T002760,Pasta,1
T002760,Tea,3
T002761,Chicken,1
T002762,Eggs,4
T002762,Butter,1
T002762,Milk,4
T002762,Chicken,2
T002762,Tomatoes,2
T002763,Orange Juice,1
T002764,Apples,2
T002764,Sugar,2
T002764,Butter,2
T002764,Tea,1
T002764,Pasta,2
T002764,Milk,3
T002764,Bread,3
T002764,Onions,4
T002765,Cheese,3
T002765,Eggs,1
T002765,Milk,2
T002765,Beef,1
T002765,Bread,1
T002766,Sugar,2
T002766,Butter,1
T002766,Yogurt,1
T002766,Chicken,4
T002766,Bananas,4
T002766,Onions,3
T002767,Eggs,1
T002767,Butter,2
T002767,Beef,4
T002767,Flour,3
T002767,Bread,1
T002768,Sugar,1
T002768,Eggs,1
T002768,Butter,1
T002768,Rice,1
T002768,Milk,1
T002768,Flour,2
T002768,Tomatoes,2
T002768,Bread,3
T002769,Eggs,2
T002769,Butter,2
T002769,Orange Juice,3
T002769,Yogurt,4
T002769,Chicken,4
T002769,Bananas,3
T002769,Bread,2
T002770,Cheese,2
T002770,Eggs,3
T002770,Butter,2
T002770,Orange Juice,1
T002770,Sugar,2
T002770,Pasta,3
T002770,Milk,4
T002770,Coffee,2
T002770,Onions,4
T002771,Sugar,4
T002771,Butter,4
T002771,Orange Juice,1
T002771,Beef,1
T002772,Butter,2
T002772,Tea,4
T002773,Cheese,1
T002773,Butter,4
T002773,Orange Juice,2
T002774,Tomatoes,3
T002774,Pasta,2
T002774,Onions,3
T002775,Yogurt,3
T002776,Orange Juice,1
T002776,Onions,2
T002777,Flour,4
T002777,Rice,2
T002777,Onions,3
T002778,Apples,2
T002778,Sugar,3
T002778,Eggs,4
T002778,Butter,4
T002778,Tea,3
T002778,Chicken,3
T002779,Eggs,3
T002779,Pasta,3
T002779,Yogurt,3
T002779,Beef,3
T002779,Tomatoes,1
T002780,Sugar,3
T002780,Orange Juice,1
T002780,Tea,2
T002780,Flour,2
T002780,Tomatoes,2
T002781,Eggs,2
T002781,Butter,2
T002781,Orange Juice,2
T002781,Tea,1
T002781,Pasta,4
T002781,Milk,1
T002781,Chicken,1
T002781,Bananas,4
T002781,Tomatoes,1
T002781,Bread,3
T002782,Tea,3
T002783,Apples,2
T002783,Tomatoes,3
T002783,Eggs,1
T002783,Pasta,4
T002784,Sugar,3
T002784,Orange Juice,1
T002784,Yogurt,1
T002784,Pasta,3
T002784,Chicken,2
T002784,Tomatoes,4
T002785,Bananas,2
T002785,Eggs,3
T002785,Bread,4
T002786,Apples,1
T002786,Cheese,2
T002786,Eggs,2
T002786,Flour,2
T002786,Bread,2
T002787,Sugar,2
T002787,Onions,1
T002787,Tea,2
T002788,Apples,3
T002788,Sugar,1
T002788,Eggs,2
T002788,Butter,4
T002788,Yogurt,4
T002788,Milk,1
T002788,Flour,4
T002788,Bananas,1
T002788,Coffee,4
T002788,Bread,1
T002788,Onions,3
T002789,Apples,3
T002789,Sugar,3
T002789,Rice,4
T002789,Tea,2
T002790,Eggs,4
T002790,Beef,3
T002790,Tea,3
T002791,Apples,2
T002791,Butter,1
T002791,Yogurt,3
T002791,Onions,2
T002792,Chicken,1
T002792,Tea,3
T002793,Eggs,4
T002793,Butter,4
T002793,Pasta,4
T002793,Yogurt,4
T002793,Tomatoes,1
T002793,Onions,1
T002794,Eggs,1
T002794,Yogurt,4
T002794,Milk,4
T002794,Bread,2
T002794,Onions,4
T002795,Coffee,3
T002795,Eggs,4
T002795,Sugar,3
T002795,Milk,4
T002796,Sugar,3
T002796,Eggs,4
T002796,Bread,3
T002796,Butter,4
T002797,Coffee,1
T002797,Yogurt,2
T002798,Chicken,2
T002798,Bananas,1
T002798,Orange Juice,2
T002798,Flour,3
T002799,Sugar,3
T002799,Cheese,4
T002799,Butter,2
T002799,Orange Juice,4
T002799,Eggs,1
T002799,Beef,2
T002799,Onions,2
T002800,Tea,4
T002801,Eggs,4
T002801,Butter,3
T002801,Tea,1
T002801,Rice,4
T002801,Milk,3
T002801,Chicken,3
T002801,Flour,2
T002801,Bananas,1
T002801,Bread,1
T002801,Onions,2
T002802,Sugar,2
T002802,Beef,1
T002802,Tea,2
T002803,Apples,2
T002803,Sugar,3
T002803,Eggs,1
T002803,Butter,2
T002803,Bananas,2
T002803,Tomatoes,4
T002803,Bread,2
T002804,Bananas,1
T002804,Cheese,1
T002805,Cheese,1
T002805,Eggs,1
T002805,Bread,1
T002805,Butter,2
T002806,Cheese,3
T002806,Sugar,2
T002806,Tea,2
T002806,Yogurt,1
T002806,Chicken,1
T002806,Beef,4
T002806,Flour,2
T002806,Coffee,4
T002807,Apples,3
T002807,Butter,4
T002807,Orange Juice,4
T002807,Pasta,1
T002807,Milk,4
T002807,Chicken,3
T002807,Tomatoes,1
T002808,Sugar,1
T002808,Eggs,4
T002808,Milk,1
T002808,Bananas,3
T002808,Coffee,1
T002809,Sugar,2
T002810,Sugar,1
T002810,Cheese,4
T002810,Eggs,1
T002810,Butter,2
T002810,Tea,2
T002810,Yogurt,4
T002810,Milk,1
T002810,Coffee,3
T002811,Eggs,4
T002811,Butter,2
T002811,Chicken,2
T002811,Beef,1
T002811,Coffee,1
T002811,Bread,1
T002811,Onions,4
T002812,Chicken,1
T002812,Flour,2
T002813,Butter,2
T002814,Coffee,2
T002814,Sugar,3
T002814,Eggs,3
T002814,Milk,1
T002815,Apples,4
T002815,Sugar,3
T002815,Butter,1
T002815,Orange Juice,3
T002815,Beef,1
T002815,Onions,3
T002816,Bread,2
T002816,Yogurt,2
T002817,Flour,2
T002817,Coffee,3
T002817,Eggs,3
T002817,Rice,1
T002818,Butter,3
T002818,Bananas,3
T002818,Tomatoes,3
T002818,Bread,1
T002818,Onions,4
T002819,Beef,2
T002819,Tomatoes,4
T002819,Pasta,4
T002819,Onions,4
T002820,Apples,1
T002820,Eggs,2
T002821,Cheese,1
T002821,Eggs,3
T002821,Orange Juice,2
T002821,Tea,2
T002821,Rice,3
T002821,Onions,2
T002822,Butter,3
T002822,Bread,3
T002822,Orange Juice,2
T002822,Milk,3
T002823,Tea,4
T002824,Butter,1
T002824,Orange Juice,3
T002824,Pasta,1
T002824,Chicken,4
T002824,Beef,1
T002824,Bananas,4
T002824,Tomatoes,4
T002825,Sugar,2
T002825,Butter,1
T002825,Yogurt,3
T002825,Chicken,4
T002825,Beef,4
T002825,Flour,3
T002825,Coffee,3
T002826,Bananas,1
T002826,Onions,1
T002827,Eggs,1
T002828,Eggs,1
T002828,Butter,1
T002828,Beef,3
T002828,Milk,1
T002829,Sugar,4
T002829,Butter,3
T002829,Milk,1
T002829,Tomatoes,4
T002829,Bread,2
T002830,Eggs,1
T002830,Butter,3
T002830,Tea,3
T002830,Milk,1
T002830,Coffee,4
T002830,Bread,2
T002831,Eggs,1
T002831,Butter,4
T002831,Yogurt,1
T002831,Milk,4
T002831,Coffee,4
T002831,Bread,4
T002832,Tomatoes,2
T002832,Orange Juice,1
T002832,Beef,3
T002832,Tea,1
T002833,Cheese,3
T002833,Eggs,3
T002833,Orange Juice,2
T002833,Yogurt,2
T002833,Pasta,3
T002833,Chicken,1
T002833,Tomatoes,1
T002833,Bread,1
T002833,Onions,3
T002834,Butter,1
T002834,Bread,2
T002834,Onions,1
T002835,Eggs,1
T002835,Butter,3
T002835,Bread,3
T002835,Yogurt,2
T002836,Apples,2
T002836,Sugar,3
T002836,Orange Juice,3
T002836,Yogurt,1
T002836,Chicken,3
T002836,Flour,1
T002836,Bread,3
T002837,Cheese,2
T002837,Eggs,2
T002837,Butter,2
T002837,Yogurt,2
T002837,Flour,4
T002838,Butter,1
T002838,Pasta,4
T002838,Milk,4
T002838,Coffee,3
T002838,Onions,1
T002839,Apples,4
T002840,Beef,4
T002841,Pasta,4
T002841,Tomatoes,1
T002841,Rice,2
T002842,Apples,2
T002842,Cheese,4
T002842,Orange Juice,1
T002842,Tea,1
T002842,Chicken,2
T002842,Bananas,2
T002843,Butter,1
T002843,Eggs,4
T002843,Bread,3
T002843,Milk,2
T002844,Cheese,4
T002844,Yogurt,3
T002844,Pasta,4
T002844,Beef,4
T002844,Flour,4
T002844,Tomatoes,2
T002844,Onions,2
T002845,Apples,3
T002845,Butter,4
T002845,Orange Juice,2
T002845,Tea,1
T002845,Rice,1
T002845,Milk,2
T002845,Chicken,3
T002846,Tomatoes,3
T002846,Pasta,2
T002846,Onions,2
T002847,Cheese,2
T002847,Orange Juice,1
T002847,Tea,4
T002847,Rice,2
T002847,Milk,4
T002847,Flour,3
T002848,Apples,2
T002848,Tea,3
T002848,Pasta,4
T002848,Tomatoes,4
T002848,Onions,2
T002849,Apples,2
T002849,Sugar,4
T002849,Eggs,4
T002849,Rice,2
T002849,Pasta,4
T002849,Bananas,4
T002849,Tomatoes,4
T002849,Bread,3
T002849,Onions,2
T002850,Eggs,3
T002850,Butter,4
T002850,Tea,1
T002850,Pasta,2
T002850,Milk,4
T002850,Bananas,4
T002850,Tomatoes,1
T002850,Bread,1
T002850,Onions,3
T002851,Cheese,4
T002851,Pasta,2
T002851,Onions,2
T002852,Eggs,4
T002852,Orange Juice,4
T002852,Yogurt,4
T002852,Milk,3
T002852,Flour,4
T002852,Bread,2
T002852,Onions,4
T002853,Eggs,4
T002853,Rice,2
T002853,Pasta,3
T002853,Yogurt,4
T002853,Chicken,4
T002853,Flour,2
T002853,Tomatoes,1
T002853,Onions,2
T002854,Eggs,4
T002854,Orange Juice,1
T002854,Tea,1
T002854,Pasta,3
T002854,Milk,1
T002854,Bananas,4
T002854,Onions,3
T002855,Sugar,1
T002855,Eggs,3
T002855,Butter,4
T002855,Tea,1
T002855,Milk,1
T002855,Beef,3
T002855,Coffee,3
T002855,Bread,4
T002856,Sugar,2
T002856,Butter,3
T002856,Onions,1
T002857,Eggs,4
T002857,Butter,1
T002857,Tea,3
T002857,Yogurt,3
T002857,Milk,3
T002857,Flour,2
T002858,Apples,1
T002858,Eggs,2
T002858,Chicken,4
T002858,Bread,1
T002859,Tomatoes,3
T002859,Orange Juice,3
T002859,Cheese,3
T002859,Rice,4
T002860,Cheese,3
T002860,Eggs,1
T002860,Tea,3
T002861,Sugar,3
T002861,Yogurt,4
T002861,Tea,3
T002862,Butter,1
T002862,Onions,4
T002863,Sugar,1
T002863,Eggs,2
T002863,Butter,3
T002863,Tea,1
T002863,Milk,4
T002863,Flour,2
T002863,Bananas,4
T002863,Coffee,3
T002863,Bread,1
T002863,Onions,2
T002864,Eggs,1
T002864,Butter,4
T002864,Milk,3
T002864,Chicken,2
T002864,Bread,2
T002865,Flour,3
T002865,Cheese,4
T002865,Butter,4
T002865,Onions,1
T002866,Eggs,4
T002866,Butter,2
T002866,Pasta,1
T002866,Milk,3
T002866,Tomatoes,4
T002866,Bread,2
T002866,Onions,2
T002867,Sugar,1
T002867,Eggs,3
T002867,Butter,1
T002867,Orange Juice,3
T002867,Onions,1
T002868,Eggs,3
T002868,Butter,3
T002868,Tea,2
T002868,Yogurt,4
T002868,Milk,4
T002868,Chicken,2
T002868,Coffee,1
T002868,Bread,3
T002868,Onions,2
T002869,Bananas,2
T002869,Eggs,4
T002869,Rice,1
T002870,Sugar,3
T002870,Cheese,2
T002870,Butter,2
T002870,Milk,2
T002870,Beef,3
T002870,Tomatoes,4
T002870,Bread,3
T002871,Cheese,1
T002871,Butter,3
T002871,Rice,1
T002871,Chicken,2
T002871,Beef,2
T002872,Sugar,3
T002872,Eggs,3
T002872,Yogurt,2
T002872,Milk,4
T002872,Beef,4
T002872,Coffee,3
T002872,Onions,4
T002873,Sugar,4
T002873,Milk,3
T002873,Flour,4
T002873,Bananas,3
T002873,Coffee,3
T002873,Tomatoes,3
T002874,Eggs,3
T002874,Butter,2
T002874,Orange Juice,2
T002874,Rice,4
T002874,Coffee,1
T002875,Eggs,1
T002876,Sugar,1
T002876,Tea,2
T002876,Beef,4
T002876,Coffee,3
T002876,Tomatoes,4
T002877,Eggs,2
T002877,Orange Juice,2
T002877,Yogurt,2
T002878,Bananas,3
T002879,Onions,4
T002880,Cheese,1
T002880,Eggs,4
T002880,Sugar,4
T002880,Orange Juice,1
T002880,Rice,2
T002880,Milk,1
T002880,Coffee,2
T002881,Rice,4
T002881,Butter,1
T002881,Pasta,1
T002881,Onions,1
T002882,Yogurt,3
T002882,Onions,4
T002883,Eggs,4
T002883,Tea,3
T002883,Yogurt,4
T002883,Milk,4
T002883,Pasta,3
T002883,Bananas,4
T002883,Tomatoes,2
T002883,Bread,3
T002883,Onions,3
T002884,Sugar,3
T002884,Cheese,2
T002884,Milk,4
T002884,Chicken,4
T002884,Bananas,2
T002884,Bread,3
T002885,Onions,3
T002886,Orange Juice,3
T002887,Apples,4
T002888,Butter,1
T002888,Pasta,2
T002888,Milk,4
T002888,Beef,3
T002888,Flour,1
T002888,Coffee,1
T002888,Onions,2
T002889,Eggs,3
T002889,Butter,1
T002889,Tea,2
T002889,Rice,4
T002889,Yogurt,3
T002889,Chicken,1
T002889,Bananas,2
T002890,Sugar,2
T002890,Eggs,4
T002890,Tea,1
T002890,Pasta,3
T002890,Milk,4
T002890,Rice,3
T002890,Flour,4
T002890,Coffee,3
T002890,Bread,1
T002890,Tomatoes,2
T002890,Onions,2
T002891,Apples,3
T002891,Cheese,3
T002891,Butter,4
T002891,Orange Juice,3
T002891,Tomatoes,3
T002892,Sugar,4
T002892,Orange Juice,2
T002892,Onions,2
T002893,Beef,2
T002893,Butter,4
T002893,Rice,1
T002894,Eggs,1
T002895,Sugar,3
T002895,Eggs,1
T002895,Butter,4
T002895,Tea,2
T002895,Milk,1
T002895,Chicken,2
T002895,Coffee,3
T002895,Bread,1
T002896,Bananas,2
T002896,Butter,3
T002897,Tomatoes,2
T002897,Eggs,3
T002897,Pasta,2
T002897,Onions,4
T002898,Cheese,3
T002898,Pasta,2
T002898,Rice,4
T002898,Bread,3
T002898,Onions,2
T002899,Apples,3
T002899,Eggs,3
T002899,Pasta,2
T002899,Tomatoes,4
T002899,Onions,3
T002900,Flour,4
T002901,Apples,4
T002901,Sugar,1
T002901,Cheese,4
T002901,Butter,2
T002901,Orange Juice,3
T002901,Rice,2
T002902,Chicken,3
T002903,Butter,2
T002903,Eggs,1
T002903,Bread,3
T002904,Cheese,3
T002904,Orange Juice,3
T002904,Rice,3
T002904,Chicken,3
T002904,Bananas,1
T002905,Eggs,2
T002905,Butter,3
T002905,Pasta,4
T002905,Bread,2
T002905,Onions,4
T002906,Butter,2
T002906,Bread,4
T002906,Tomatoes,3
T002907,Cheese,2
T002907,Rice,2
T002908,Apples,1
T002908,Sugar,1
T002908,Eggs,4
T002908,Butter,2
T002908,Cheese,1
T002908,Milk,1
T002908,Beef,1
T002908,Coffee,3
T002909,Apples,3
T002909,Cheese,2
T002909,Beef,4
T002910,Sugar,3
T002910,Butter,4
T002910,Orange Juice,1
T002910,Beef,2
T002910,Flour,1
T002910,Onions,3
T002911,Sugar,4
T002911,Rice,3
T002911,Pasta,3
T002911,Bananas,2
T002911,Tomatoes,2
T002911,Bread,2
T002912,Eggs,3
T002912,Butter,2
T002913,Apples,3
T002913,Sugar,3
T002913,Eggs,3
T002913,Butter,1
T002913,Pasta,3
T002913,Milk,2
T002913,Bananas,4
T002913,Coffee,4
T002913,Tomatoes,2
T002914,Sugar,2
T002914,Pasta,3
T002914,Onions,2
T002915,Sugar,3
T002915,Eggs,1
T002915,Orange Juice,3
T002915,Rice,4
T002915,Milk,4
T002915,Flour,1
T002915,Bananas,4
T002915,Coffee,4
T002916,Tea,3
T002916,Onions,1
T002917,Cheese,1
T002917,Eggs,1
T002918,Apples,2
T002918,Butter,2
T002918,Yogurt,2
T002918,Chicken,4
T002918,Onions,3
T002919,Cheese,2
T002919,Orange Juice,4
T002919,Onions,2
T002919,Tea,2
T002920,Orange Juice,3
T002921,Sugar,4
T002921,Eggs,4
T002921,Tea,2
T002921,Coffee,2
T002921,Tomatoes,2
T002922,Sugar,1
T002923,Rice,3
T002924,Sugar,1
T002924,Eggs,2
T002924,Butter,3
T002924,Orange Juice,1
T002924,Chicken,3
T002924,Flour,4
T002924,Bananas,2
T002925,Butter,3
T002925,Tea,3
T002925,Rice,1
T002925,Milk,2
T002925,Bananas,1
T002925,Coffee,3
T002925,Bread,4
T002925,Tomatoes,4
T002926,Chicken,3
T002926,Bananas,1
T002926,Yogurt,2
T002927,Eggs,3
T002927,Butter,2
T002927,Milk,4
T002927,Coffee,4
T002927,Bread,3
T002927,Onions,4
T002928,Cheese,1
T002928,Sugar,3
T002928,Rice,1
T002928,Milk,4
T002928,Beef,4
T002928,Coffee,1
T002929,Cheese,4
T002929,Eggs,1
T002929,Butter,2
T002929,Tea,3
T002929,Yogurt,2
T002929,Pasta,1
T002929,Beef,4
T002929,Tomatoes,2
T002929,Bread,3
T002930,Eggs,4
T002930,Butter,1
T002930,Yogurt,3
T002930,Milk,1
T002930,Bread,1
T002931,Rice,2
T002931,Bananas,4
T002931,Tomatoes,2
T002931,Pasta,3
T002932,Tomatoes,3
T002932,Eggs,1
T002932,Butter,3
T002932,Milk,3
T002933,Apples,1
T002933,Eggs,3
T002933,Butter,2
T002933,Rice,2
T002933,Beef,3
T002933,Bread,4
T002934,Butter,2
T002934,Tea,3
T002934,Milk,3
T002934,Beef,3
T002934,Flour,2
T002934,Bananas,1
T002934,Coffee,4
T002935,Cheese,4
T002935,Sugar,1
T002935,Pasta,3
T002935,Beef,3
T002935,Tomatoes,1
T002935,Onions,3
T002936,Apples,3
T002936,Milk,1
T002936,Beef,2
T002936,Coffee,4
T002936,Tomatoes,2
T002937,Apples,4
T002937,Cheese,3
T002937,Eggs,1
T002937,Butter,3
T002937,Milk,3
T002937,Bread,1
T002937,Onions,2
T002938,Tomatoes,2
T002938,Tea,4
T002939,Coffee,4
T002939,Sugar,4
T002939,Milk,1
T002940,Sugar,2
T002940,Cheese,4
T002940,Milk,2
T002940,Bananas,1
T002940,Coffee,1
T002941,Eggs,1
T002941,Bread,4
T002941,Milk,1
T002942,Sugar,1
T002942,Eggs,4
T002942,Butter,1
T002942,Milk,3
T002942,Beef,1
T002942,Coffee,4
T002942,Bread,2
T002942,Tomatoes,4
T002943,Flour,3
T002943,Eggs,4
T002943,Yogurt,1
T002944,Tomatoes,3
T002944,Rice,4
T002945,Cheese,3
T002945,Orange Juice,1
T002945,Tea,2
T002945,Beef,4
T002945,Onions,2
T002946,Sugar,4
T002947,Butter,3
T002948,Sugar,3
T002948,Butter,3
T002948,Onions,4
T002949,Eggs,1
T002949,Butter,2
T002949,Rice,2
T002949,Chicken,2
T002949,Onions,2
T002950,Cheese,4
T002950,Sugar,4
T002950,Orange Juice,1
T002950,Tea,2
T002950,Rice,2
T002950,Yogurt,4
T002950,Bananas,1
T002951,Cheese,3
T002951,Butter,1
T002951,Milk,3
T002951,Chicken,3
T002951,Beef,4
T002951,Bananas,3
T002952,Apples,2
T002952,Tea,2
T002952,Rice,2
T002952,Milk,4
T002952,Beef,3
T002952,Bread,3
T002953,Sugar,3
T002954,Sugar,2
T002954,Milk,3
T002954,Coffee,4
T002954,Tomatoes,1
T002954,Onions,1
T002955,Apples,3
T002955,Sugar,3
T002955,Eggs,4
T002955,Butter,1
T002955,Orange Juice,4
T002955,Pasta,3
T002955,Milk,3
T002955,Beef,1
T002955,Coffee,4
T002955,Bread,1
T002955,Onions,3
T002956,Cheese,3
T002956,Sugar,4
T002956,Eggs,2
T002956,Beef,2
T002956,Coffee,2
T002956,Bread,1
T002956,Tomatoes,1
T002957,Coffee,3
T002957,Eggs,1
T002957,Onions,1
T002957,Milk,3
T002958,Apples,3
T002959,Sugar,1
T002959,Orange Juice,1
T002959,Rice,4
T002959,Yogurt,3
T002959,Chicken,4
T002959,Beef,1
T002960,Sugar,4
T002960,Butter,4
T002960,Yogurt,1
T002960,Milk,2
T002960,Bananas,2
T002960,Coffee,1
T002961,Coffee,2
T002961,Cheese,4
T002961,Sugar,2
T002961,Orange Juice,1
T002961,Milk,3
T002961,Beef,4
T002961,Flour,4
T002961,Tomatoes,1
T002961,Onions,2
T002962,Eggs,4
T002962,Butter,3
T002962,Rice,2
T002962,Milk,1
T002962,Chicken,1
T002962,Bananas,1
T002962,Tomatoes,3
T002963,Sugar,1
T002963,Eggs,2
T002963,Butter,2
T002963,Milk,3
T002963,Beef,3
T002963,Coffee,1
T002963,Tomatoes,3
T002964,Yogurt,4
T002965,Tomatoes,3
T002965,Pasta,2
T002965,Onions,4
T002966,Eggs,3
T002966,Rice,3
T002967,Cheese,3
T002967,Eggs,2
T002967,Sugar,4
T002967,Pasta,3
T002967,Milk,2
T002967,Coffee,1
T002967,Tomatoes,1
T002967,Onions,1
T002968,Flour,3
T002969,Chicken,4
T002969,Orange Juice,4
T002969,Pasta,1
T002969,Onions,3
T002970,Flour,1
T002970,Chicken,2
T002970,Orange Juice,1
T002970,Rice,3
T002971,Butter,1
T002971,Eggs,1
T002971,Bread,3
T002971,Beef,1
T002972,Coffee,4
T002972,Orange Juice,2
T002972,Tea,2
T002972,Milk,3
T002972,Beef,4
T002972,Flour,2
T002972,Tomatoes,2
T002973,Flour,2
T002973,Butter,1
T002974,Cheese,4
T002974,Eggs,3
T002974,Orange Juice,4
T002974,Tea,2
T002974,Flour,4
T002975,Apples,4
T002976,Apples,2
T002976,Tomatoes,3
T002976,Butter,2
T002976,Onions,3
T002977,Apples,3
T002977,Sugar,4
T002977,Eggs,1
T002977,Butter,2
T002977,Tea,4
T002977,Milk,1
T002977,Bread,2
T002978,Apples,3
T002978,Cheese,4
T002978,Sugar,1
T002978,Milk,3
T002978,Beef,3
T002978,Bananas,2
T002978,Coffee,3
T002979,Eggs,3
T002980,Flour,3
T002980,Rice,3
T002981,Tea,4
T002981,Pasta,3
T002981,Rice,3
T002981,Tomatoes,2
T002981,Onions,2
T002982,Butter,4
T002982,Tea,2
T002982,Rice,3
T002982,Beef,4
T002982,Tomatoes,3
T002982,Onions,1
T002983,Tomatoes,2
T002983,Onions,2
T002984,Eggs,4
T002984,Butter,3
T002984,Orange Juice,1
T002984,Pasta,4
T002984,Flour,4
T002984,Bread,2
T002984,Onions,2
T002985,Butter,1
T002985,Orange Juice,2
T002985,Tea,1
T002985,Rice,2
T002985,Pasta,1
T002985,Flour,2
T002985,Coffee,3
T002985,Bread,1
T002985,Onions,1
T002986,Butter,3
T002986,Tea,4
T002986,Pasta,1
T002986,Milk,3
T002986,Coffee,2
T002986,Tomatoes,3
T002986,Onions,1
T002987,Apples,1
T002988,Butter,4
T002988,Orange Juice,2
T002988,Tea,3
T002988,Yogurt,4
T002988,Rice,3
T002988,Milk,4
T002988,Beef,2
T002988,Coffee,4
T002989,Eggs,2
T002989,Butter,1
T002989,Chicken,2
T002989,Bananas,4
T002989,Bread,4
T002990,Sugar,2
T002990,Tea,4
T002990,Yogurt,4
T002990,Milk,4
T002990,Chicken,2
T002990,Coffee,4
T002991,Cheese,4
T002991,Eggs,1
T002991,Butter,4
T002991,Pasta,1
T002991,Milk,2
T002992,Butter,1
T002992,Rice,4
T002992,Chicken,4
T002992,Tomatoes,3
T002992,Bread,4
T002992,Onions,2
T002993,Apples,3
T002993,Pasta,1
T002993,Chicken,2
T002993,Flour,2
T002993,Onions,3
T002994,Apples,4
T002994,Eggs,1
T002994,Butter,4
T002994,Yogurt,3
T002994,Chicken,4
T002994,Flour,2
T002994,Onions,3
T002995,Eggs,4
T002995,Butter,1
T002995,Orange Juice,1
T002995,Milk,1
T002995,Flour,2
T002995,Coffee,3
T002995,Bread,4
T002995,Onions,2
T002996,Apples,3
T002996,Tea,3
T002996,Yogurt,2
T002996,Pasta,4
T002996,Beef,2
T002996,Flour,1
T002996,Bananas,4
T002997,Eggs,2
T002997,Orange Juice,4
T002998,Apples,1
T002998,Sugar,2
T002998,Eggs,4
T002998,Butter,1
T002998,Orange Juice,3
T002998,Milk,2
T002998,Coffee,3
T002998,Bread,2
T002999,Cheese,3
T002999,Sugar,2
T002999,Butter,1
T002999,Tea,1
T002999,Pasta,3
T002999,Flour,3
T002999,Tomatoes,3
T002999,Bread,3
T002999,Onions,4
T003000,Sugar,2
T003000,Butter,3
T003000,Orange Juice,2
T003000,Beef,1
T003000,Flour,2
T003001,Sugar,3
T003001,Butter,4
T003001,Tea,1
T003001,Milk,3
T003001,Bananas,1
T003001,Bread,4
T003002,Yogurt,4
T003003,Coffee,1
T003003,Orange Juice,1
T003003,Milk,4
T003004,Apples,2
T003004,Chicken,2
T003004,Yogurt,4
T003004,Tea,2
T003005,Tomatoes,4
T003005,Pasta,1
T003005,Onions,1
T003006,Apples,2
T003006,Eggs,4
T003006,Butter,4
T003006,Tea,2
T003006,Milk,3
T003006,Bread,4
T003007,Sugar,1
T003007,Tea,2
T003007,Pasta,1
T003007,Onions,3
T003008,Eggs,1
T003008,Butter,4
T003008,Rice,3
T003008,Milk,3
T003008,Beef,3
T003008,Bananas,3
T003008,Onions,1
T003009,Apples,3
T003009,Eggs,1
T003009,Tea,4
T003009,Yogurt,2
T003009,Bananas,4
T003009,Bread,3
T003009,Onions,3
T003010,Apples,2
T003010,Eggs,1
T003010,Pasta,4
T003010,Rice,3
T003010,Chicken,4
T003010,Milk,3
T003010,Bread,4
T003010,Onions,2
T003011,Rice,4
T003012,Apples,1
T003012,Eggs,3
T003012,Butter,4
T003012,Milk,1
T003012,Chicken,1
T003012,Beef,3
T003012,Flour,3
T003012,Bread,2
T003013,Sugar,1
T003013,Orange Juice,2
T003013,Pasta,3
T003013,Chicken,2
T003013,Tomatoes,1
T003013,Onions,4
T003014,Apples,4
T003014,Sugar,4
T003014,Eggs,1
T003014,Butter,4
T003014,Milk,4
T003014,Bananas,3
T003014,Coffee,2
T003014,Bread,1
T003014,Tomatoes,1
T003015,Cheese,2
T003015,Tea,1
T003015,Rice,2
T003015,Yogurt,3
T003015,Chicken,4
T003015,Beef,2
T003015,Flour,4
T003016,Apples,4
T003016,Sugar,4
T003016,Tea,2
T003016,Yogurt,2
T003016,Tomatoes,3
T003016,Onions,1
T003017,Eggs,3
T003017,Butter,3
T003017,Milk,3
T003017,Bread,1
T003017,Onions,2
T003018,Cheese,4
T003018,Eggs,1
T003018,Orange Juice,3
T003018,Tea,4
T003018,Pasta,1
T003018,Milk,1
T003018,Flour,1
T003018,Coffee,4
T003018,Onions,1
T003019,Apples,2
T003019,Sugar,3
T003019,Eggs,3
T003019,Rice,3
T003019,Pasta,2
T003019,Bananas,3
T003019,Onions,1
T003020,Apples,1
T003020,Pasta,4
T003020,Onions,3
T003021,Coffee,2
T003021,Eggs,4
T003021,Tea,2
T003022,Coffee,4
T003022,Sugar,4
T003022,Milk,3
T003023,Apples,1
T003023,Eggs,4
T003023,Butter,2
T003023,Chicken,3
T003023,Beef,3
T003024,Apples,3
T003024,Sugar,3
T003024,Butter,4
T003024,Orange Juice,3
T003024,Tea,4
T003024,Milk,3
T003024,Bananas,3
T003024,Coffee,1
T003024,Bread,1
T003025,Sugar,4
T003026,Chicken,1
T003026,Onions,3
T003026,Tea,1
T003027,Eggs,4
T003027,Orange Juice,4
T003028,Apples,4
T003028,Sugar,2
T003029,Tea,1
T003029,Chicken,3
T003029,Beef,3
T003029,Flour,4
T003029,Bananas,4
T003030,Cheese,4
T003030,Butter,1
T003030,Flour,1
T003030,Tomatoes,3
T003030,Bread,1
T003031,Sugar,1
T003031,Tea,3
T003031,Pasta,4
T003031,Yogurt,1
T003031,Chicken,2
T003031,Flour,3
T003032,Apples,2
T003032,Sugar,3
T003032,Rice,4
T003032,Chicken,4
T003032,Beef,1
T003032,Flour,2
T003033,Butter,4
T003033,Yogurt,1
T003033,Milk,1
T003033,Bananas,1
T003033,Coffee,2
T003033,Bread,4
T003034,Bananas,3
T003034,Orange Juice,3
T003035,Bananas,3
T003035,Orange Juice,1
T003035,Pasta,1
T003036,Coffee,2
T003036,Sugar,4
T003036,Milk,3
T003037,Bananas,3
T003037,Sugar,1
T003038,Tomatoes,3
T003038,Pasta,3
T003038,Tea,2
T003039,Sugar,1
T003039,Yogurt,1
T003039,Orange Juice,2
T003039,Beef,2
T003040,Apples,1
T003040,Coffee,3
T003040,Cheese,1
T003040,Flour,1
T003040,Bananas,3
T003040,Tomatoes,3
T003041,Pasta,1
T003041,Beef,1
T003042,Yogurt,4
T003043,Beef,1
T003044,Apples,1
T003044,Cheese,1
T003044,Eggs,1
T003044,Butter,2
T003044,Orange Juice,2
T003044,Sugar,4
T003044,Milk,2
T003044,Flour,3
T003044,Coffee,4
T003044,Bread,4
T003044,Tomatoes,4
T003045,Rice,1
T003046,Apples,2
T003046,Tomatoes,2
T003046,Cheese,1
T003046,Rice,4
T003047,Cheese,4
T003047,Yogurt,4
T003047,Milk,1
T003047,Chicken,4
T003047,Flour,3
T003047,Bananas,2
T003047,Coffee,4
T003047,Onions,1
T003048,Sugar,3
T003048,Rice,2
T003048,Pasta,3
T003048,Chicken,2
T003048,Milk,1
T003048,Coffee,1
T003049,Sugar,3
T003049,Eggs,4
T003049,Tea,1
T003049,Rice,2
T003049,Milk,2
T003049,Coffee,3
T003050,Chicken,4
T003050,Tomatoes,3
T003050,Flour,2
T003050,Onions,2
T003051,Bananas,2
T003051,Bread,2
T003051,Beef,4
T003051,Tea,1
T003052,Eggs,2
T003052,Butter,2
T003052,Yogurt,2
T003052,Rice,1
T003052,Milk,3
T003052,Bananas,2
T003052,Coffee,2
T003052,Bread,4
T003053,Apples,3
T003053,Eggs,4
T003053,Butter,1
T003053,Rice,1
T003053,Milk,4
T003053,Chicken,3
T003053,Flour,3
T003053,Tomatoes,1
T003054,Cheese,4
T003054,Sugar,1
T003054,Butter,1
T003054,Orange Juice,2
T003054,Yogurt,1
T003054,Milk,3
T003054,Beef,4
T003054,Bananas,3
T003054,Coffee,1
T003055,Sugar,3
T003055,Cheese,4
T003055,Orange Juice,2
T003055,Chicken,4
T003055,Coffee,2
T003056,Chicken,2
T003056,Tomatoes,2
T003056,Pasta,3
T003056,Onions,2
T003057,Chicken,4
T003058,Cheese,2
T003058,Eggs,2
T003058,Butter,4
T003058,Yogurt,2
T003058,Beef,4
T003058,Tomatoes,4
T003058,Bread,2
T003059,Bananas,4
T003059,Eggs,3
T003059,Bread,3
T003060,Coffee,1
T003060,Sugar,3
T003060,Tea,2
T003061,Coffee,3
T003061,Cheese,3
T003061,Sugar,1
T003061,Butter,4
T003061,Eggs,1
T003061,Tomatoes,1
T003061,Bread,2
T003061,Onions,4
T003062,Sugar,4
T003062,Eggs,1
T003062,Rice,1
T003062,Yogurt,3
T003062,Milk,1
T003062,Beef,2
T003062,Coffee,4
T003062,Onions,1
T003063,Sugar,1
T003063,Beef,4
T003064,Cheese,4
T003064,Sugar,3
T003064,Orange Juice,1
T003064,Tea,4
T003064,Milk,4
T003064,Chicken,3
T003064,Coffee,2
T003064,Tomatoes,1
T003064,Onions,1
T003065,Apples,3
T003065,Yogurt,4
T003065,Pasta,2
T003065,Beef,1
T003065,Bananas,2
T003066,Apples,4
T003066,Eggs,3
T003066,Butter,2
T003066,Yogurt,3
T003066,Chicken,3
T003066,Beef,2
T003066,Bread,3
T003066,Onions,2
T003067,Sugar,2
T003067,Butter,1
T003067,Rice,3
T003067,Milk,1
T003067,Yogurt,1
T003067,Chicken,1
T003067,Bread,1
T003067,Onions,2
T003068,Cheese,2
T003068,Sugar,2
T003068,Butter,1
T003068,Eggs,1
T003068,Tea,4
T003068,Yogurt,1
T003068,Milk,3
T003068,Beef,2
T003068,Bananas,3
T003068,Coffee,3
T003068,Bread,3
T003069,Apples,1
T003069,Bananas,1
T003069,Beef,1
T003069,Tea,2
T003070,Apples,4
T003070,Sugar,4
T003070,Eggs,3
T003070,Butter,2
T003070,Milk,3
T003070,Chicken,1
T003070,Tomatoes,4
T003070,Onions,4
T003071,Eggs,2
T003071,Tea,3
T003071,Rice,3
T003071,Pasta,1
T003071,Chicken,3
T003071,Beef,4
T003071,Tomatoes,2
T003071,Onions,4
T003072,Apples,1
T003072,Eggs,3
T003072,Butter,1
T003072,Rice,1
T003072,Coffee,2
T003072,Bread,2
T003072,Onions,4
T003073,Sugar,1
T003073,Eggs,2
T003073,Milk,1
T003073,Chicken,4
T003073,Coffee,4
T003074,Butter,3
T003074,Eggs,3
T003074,Bread,2
T003074,Rice,2
T003075,Eggs,2
T003075,Butter,3
T003075,Tea,2
T003075,Yogurt,4
T003075,Milk,3
T003075,Flour,4
T003075,Coffee,2
T003075,Onions,4
T003076,Eggs,3
T003076,Butter,3
T003076,Rice,3
T003076,Flour,3
T003076,Coffee,1
T003077,Eggs,3
T003077,Butter,3
T003077,Yogurt,3
T003077,Chicken,2
T003077,Beef,2
T003077,Flour,2
T003077,Tomatoes,1
T003077,Bread,1
T003078,Cheese,3
T003078,Eggs,1
T003078,Butter,3
T003079,Tomatoes,1
T003079,Pasta,3
T003079,Onions,3
T003080,Sugar,1
T003080,Cheese,2
T003080,Tea,2
T003080,Milk,4
T003080,Chicken,4
T003080,Coffee,2
T003080,Onions,2
T003081,Apples,2
T003081,Pasta,2
T003081,Beef,2
T003081,Tomatoes,1
T003081,Onions,4
T003082,Flour,1
T003082,Butter,1
T003082,Bread,1
T003082,Milk,1
T003083,Flour,2
T003083,Tomatoes,1
T003083,Beef,4
T003083,Tea,4
T003084,Tomatoes,3
T003084,Orange Juice,1
T003084,Cheese,1
T003084,Milk,4
T003085,Coffee,2
T003085,Sugar,4
T003085,Eggs,1
T003085,Cheese,1
T003085,Butter,3
T003085,Milk,1
T003085,Bananas,1
T003085,Tomatoes,4
T003085,Bread,4
T003086,Sugar,3
T003086,Orange Juice,1
T003086,Yogurt,1
T003086,Milk,3
T003086,Coffee,3
T003087,Butter,4
T003087,Eggs,1
T003087,Bread,3
T003087,Milk,3
T003088,Tomatoes,4
T003088,Eggs,4
T003088,Pasta,3
T003088,Onions,3
T003089,Butter,1
T003090,Apples,2
T003090,Orange Juice,4
T003090,Tea,3
T003090,Yogurt,4
T003090,Chicken,1
T003090,Bananas,4
T003090,Tomatoes,1
T003091,Sugar,1
T003091,Cheese,4
T003091,Butter,2
T003091,Eggs,3
T003091,Tea,3
T003091,Beef,3
T003091,Bread,4
T003091,Onions,3
T003092,Eggs,3
T003093,Tea,1
T003093,Yogurt,1
T003093,Rice,2
T003093,Milk,1
T003093,Tomatoes,1
T003093,Bread,1
T003093,Onions,3
T003094,Tomatoes,3
T003094,Pasta,1
T003095,Eggs,2
T003095,Butter,3
T003095,Rice,4
T003095,Milk,1
T003095,Chicken,4
T003095,Beef,4
T003095,Flour,2
T003096,Apples,2
T003096,Eggs,1
T003096,Rice,3
T003096,Milk,1
T003096,Chicken,4
T003096,Tomatoes,1
T003096,Bread,1
T003097,Eggs,4
T003097,Butter,4
T003097,Milk,2
T003097,Tomatoes,3
T003097,Bread,2
T003098,Sugar,4
T003098,Eggs,3
T003098,Tea,2
T003098,Chicken,1
T003098,Coffee,1
T003099,Tomatoes,2
T003099,Tea,4
T003100,Apples,1
T003100,Sugar,2
T003100,Eggs,1
T003100,Orange Juice,3
T003100,Tea,3
T003100,Milk,1
T003100,Chicken,1
T003100,Bread,2
T003100,Onions,1
T003101,Orange Juice,4
T003102,Bananas,4
T003102,Beef,4
T003103,Yogurt,1
T003104,Sugar,1
T003104,Orange Juice,1
T003104,Rice,1
T003104,Flour,3
T003104,Coffee,3
T003105,Apples,2
T003105,Butter,3
T003105,Beef,4
T003105,Onions,3
T003106,Apples,4
T003106,Sugar,2
T003106,Cheese,3
T003106,Orange Juice,4
T003106,Tea,4
T003107,Eggs,1
T003107,Butter,2
T003107,Yogurt,2
T003107,Rice,2
T003107,Chicken,2
T003107,Bananas,4
T003107,Onions,1
T003108,Sugar,1
T003108,Orange Juice,4
T003108,Pasta,3
T003108,Milk,3
T003108,Coffee,3
T003108,Tomatoes,1
T003108,Onions,4
T003109,Beef,4
T003109,Tea,2
T003110,Flour,4
T003110,Sugar,4
T003110,Yogurt,4
T003111,Butter,3
T003111,Tea,2
T003111,Milk,1
T003111,Bananas,1
T003111,Coffee,1
T003111,Tomatoes,4
T003112,Bananas,3
T003113,Coffee,2
T003113,Milk,3
T003114,Sugar,4
T003114,Eggs,4
T003114,Butter,1
T003114,Bread,1
T003114,Onions,3
T003115,Butter,1
T003115,Eggs,3
T003115,Bread,2
T003115,Milk,2
T003116,Butter,2
T003116,Orange Juice,1
T003116,Tea,4
T003116,Rice,1
T003116,Milk,3
T003116,Bananas,1
T003116,Coffee,4
T003116,Bread,4
T003116,Tomatoes,1
T003117,Sugar,1
T003117,Eggs,3
T003117,Pasta,4
T003117,Milk,4
T003117,Beef,2
T003117,Flour,3
T003117,Bananas,4
T003117,Coffee,1
T003117,Bread,2
T003117,Tomatoes,4
T003117,Onions,2
T003118,Apples,1
T003118,Eggs,3
T003118,Butter,1
T003118,Pasta,4
T003118,Tomatoes,2
T003118,Onions,2
T003119,Cheese,1
T003119,Eggs,4
T003119,Pasta,4
T003119,Tomatoes,2
T003119,Onions,4
T003120,Sugar,4
T003120,Butter,4
T003120,Tea,1
T003120,Yogurt,4
T003120,Pasta,1
T003120,Coffee,1
T003120,Bread,1
T003120,Onions,4
T003121,Bread,1
T003121,Milk,2
T003122,Eggs,1
T003122,Orange Juice,3
T003122,Tea,4
T003122,Pasta,3
T003122,Chicken,2
T003122,Beef,1
T003122,Bananas,1
T003122,Bread,2
T003123,Apples,2
T003123,Sugar,3
T003123,Orange Juice,4
T003123,Flour,1
T003123,Coffee,4
T003123,Bread,4
T003123,Onions,4
T003124,Apples,1
T003124,Sugar,4
T003124,Eggs,1
T003124,Orange Juice,1
T003124,Yogurt,4
T003124,Bananas,1
T003124,Bread,1
T003125,Apples,2
T003125,Cheese,2
T003125,Rice,1
T003126,Cheese,1
T003126,Butter,4
T003126,Orange Juice,3
T003126,Chicken,4
T003126,Flour,2
T003126,Bananas,2
T003126,Tomatoes,2
T003127,Cheese,3
T003127,Eggs,3
T003127,Butter,1
T003127,Milk,3
T003127,Coffee,4
T003127,Bread,3
T003128,Sugar,2
T003128,Eggs,3
T003128,Butter,1
T003128,Tea,4
T003128,Rice,3
T003128,Milk,2
T003128,Coffee,2
T003128,Bread,1
T003129,Sugar,3
T003129,Eggs,2
T003129,Butter,4
T003129,Yogurt,1
T003129,Pasta,4
T003129,Coffee,4
T003129,Bread,3
T003129,Onions,2
T003130,Apples,3
T003130,Sugar,4
T003130,Eggs,4
T003130,Butter,2
T003130,Yogurt,1
T003130,Milk,4
T003130,Coffee,1
T003130,Tomatoes,4
T003131,Sugar,1
T003131,Eggs,1
T003131,Yogurt,4
T003131,Beef,3
T003131,Coffee,1
T003131,Bread,4
T003132,Eggs,4
T003132,Butter,4
T003132,Tea,4
T003132,Milk,4
T003133,Eggs,3
T003133,Butter,4
T003133,Pasta,2
T003133,Onions,2
T003134,Apples,4
T003134,Sugar,3
T003134,Eggs,1
T003134,Butter,4
T003134,Yogurt,1
T003134,Pasta,1
T003134,Milk,1
T003134,Beef,1
T003134,Coffee,2
T003134,Bread,2
T003134,Tomatoes,1
T003135,Eggs,2
T003135,Butter,4
T003135,Pasta,2
T003135,Milk,1
T003135,Chicken,4
T003135,Rice,3
T003135,Flour,3
T003135,Bread,1
T003135,Onions,1
T003136,Onions,3
T003136,Beef,3
T003136,Tea,1
T003137,Cheese,2
T003137,Eggs,1
T003137,Butter,1
T003137,Sugar,3
T003137,Bread,2
T003138,Apples,2
T003138,Eggs,1
T003138,Chicken,4
T003138,Tomatoes,2
T003138,Onions,3
T003139,Tomatoes,2
T003139,Sugar,3
T003139,Orange Juice,2
T003139,Milk,1
T003140,Apples,2
T003140,Sugar,4
T003140,Eggs,4
T003140,Milk,1
T003140,Chicken,2
T003140,Bananas,4
T003140,Coffee,2
T003141,Butter,4
T003141,Bread,1
T003142,Eggs,2
T003142,Butter,4
T003142,Orange Juice,4
T003142,Pasta,1
T003142,Yogurt,2
T003142,Flour,2
T003142,Bread,3
T003142,Onions,2
T003143,Apples,4
T003143,Cheese,3
T003143,Sugar,1
T003143,Rice,2
T003143,Pasta,4
T003143,Flour,1
T003143,Tomatoes,3
T003143,Onions,4
T003144,Eggs,3
T003144,Yogurt,3
T003144,Flour,2
T003144,Tomatoes,1
T003144,Onions,1
T003145,Cheese,1
T003145,Tea,1
T003145,Flour,3
T003145,Bananas,3
T003145,Onions,3
T003146,Apples,1
T003146,Orange Juice,2
T003146,Yogurt,2
T003146,Chicken,3
T003146,Bananas,2
T003146,Tomatoes,1
T003146,Onions,4
T003147,Butter,2
T003147,Beef,2
T003148,Butter,1
T003148,Orange Juice,2
T003148,Tea,4
T003148,Rice,2
T003148,Beef,1
T003148,Flour,4
T003148,Bread,1
T003149,Bananas,2
T003149,Tea,1
T003149,Orange Juice,3
T003149,Onions,4
T003150,Apples,4
T003150,Eggs,3
T003150,Chicken,3
T003150,Bread,1
T003151,Apples,2
T003151,Orange Juice,1
T003151,Beef,4
T003152,Sugar,3
T003152,Tea,4
T003152,Pasta,2
T003152,Milk,4
T003152,Bananas,4
T003152,Coffee,3
T003152,Tomatoes,1
T003152,Onions,3
T003153,Butter,1
T003153,Orange Juice,4
T003153,Milk,1
T003153,Coffee,4
T003153,Bread,4
T003154,Butter,2
T003154,Yogurt,2
T003154,Chicken,2
T003154,Bread,1
T003154,Onions,3
T003155,Flour,3
T003155,Orange Juice,1
T003156,Pasta,2
T003156,Onions,4
T003157,Coffee,4
T003157,Cheese,2
T003158,Cheese,1
T003158,Sugar,4
T003158,Pasta,2
T003158,Flour,4
T003158,Coffee,2
T003158,Tomatoes,1
T003158,Onions,3
T003159,Apples,2
T003159,Eggs,3
T003159,Butter,2
T003159,Tea,4
T003159,Pasta,1
T003159,Milk,1
T003159,Coffee,3
T003159,Bread,2
T003159,Tomatoes,3
T003159,Onions,3
T003160,Apples,3
T003160,Sugar,1
T003160,Butter,1
T003160,Tea,1
T003160,Milk,3
T003160,Bread,2
T003160,Onions,4
T003161,Tomatoes,3
T003162,Eggs,2
T003162,Butter,3
T003162,Milk,2
T003162,Bananas,3
T003162,Onions,3
T003163,Apples,2
T003163,Rice,2
T003163,Tomatoes,4
T003163,Pasta,2
T003164,Bread,2
T003164,Milk,3
T003165,Coffee,2
T003165,Sugar,1
T003165,Milk,2
T003166,Eggs,3
T003166,Butter,1
T003166,Yogurt,4
T003166,Milk,3
T003166,Chicken,4
T003166,Beef,2
T003166,Bananas,3
T003166,Bread,1
T003166,Onions,2
T003167,Orange Juice,1
T003167,Pasta,1
T003167,Chicken,2
T003167,Beef,1
T003167,Tomatoes,4
T003167,Onions,3
T003168,Yogurt,4
T003169,Butter,3
T003169,Orange Juice,3
T003169,Tea,3
T003169,Pasta,1
T003169,Chicken,3
T003169,Bananas,4
T003169,Tomatoes,1
T003170,Sugar,4
T003170,Beef,3
T003171,Cheese,1
T003171,Eggs,1
T003171,Orange Juice,1
T003171,Beef,4
T003171,Flour,3
T003171,Tomatoes,1
T003172,Rice,2
T003172,Yogurt,4
T003173,Sugar,2
T003173,Eggs,3
T003173,Tea,4
T003173,Coffee,2
T003173,Bread,2
T003173,Tomatoes,1
T003173,Onions,4
T003174,Apples,1
T003174,Sugar,1
T003174,Tea,3
T003174,Pasta,2
T003174,Milk,1
T003174,Chicken,2
T003174,Beef,2
T003174,Coffee,3
T003174,Tomatoes,3
T003174,Onions,1
T003175,Bananas,1
T003175,Tomatoes,4
T003175,Cheese,4
T003175,Tea,2
T003176,Apples,2
T003176,Sugar,2
T003176,Rice,2
T003177,Rice,3
T003177,Pasta,4
T003177,Yogurt,2
T003177,Chicken,3
T003177,Flour,4
T003177,Tomatoes,4
T003178,Cheese,4
T003178,Eggs,1
T003178,Butter,2
T003178,Milk,4
T003178,Tomatoes,3
T003178,Bread,1
T003179,Flour,1
T003179,Rice,4
T003180,Sugar,2
T003180,Eggs,4
T003180,Yogurt,4
T003180,Rice,3
T003180,Bananas,4
T003180,Bread,1
T003180,Onions,1
T003181,Bananas,2
T003181,Pasta,1
T003181,Onions,2
T003182,Apples,3
T003182,Eggs,4
T003182,Orange Juice,2
T003182,Chicken,2
T003182,Beef,4
T003182,Coffee,1
T003182,Onions,1
T003183,Apples,4
T003183,Cheese,3
T003183,Butter,3
T003183,Orange Juice,1
T003183,Beef,1
T003183,Flour,3
T003183,Tomatoes,1
T003183,Bread,4
T003184,Eggs,2
T003184,Pasta,1
T003184,Rice,3
T003184,Tomatoes,4
T003184,Onions,4
T003185,Eggs,1
T003185,Tea,1
T003185,Rice,1
T003185,Bananas,2
T003185,Tomatoes,4
T003186,Beef,4
T003186,Butter,4
T003186,Rice,1
T003186,Milk,3
T003187,Apples,4
T003187,Eggs,3
T003187,Tea,2
T003187,Milk,1
T003187,Coffee,1
T003188,Sugar,4
T003188,Butter,2
T003188,Bananas,1
T003188,Coffee,3
T003188,Bread,4
T003189,Orange Juice,4
T003189,Rice,1
T003189,Chicken,4
T003189,Bananas,4
T003189,Tomatoes,1
T003190,Sugar,1
T003190,Eggs,4
T003190,Bread,2
T003190,Milk,2
T003191,Coffee,1
T003191,Sugar,3
T003191,Milk,2
T003192,Flour,2
T003193,Eggs,2
T003194,Apples,4
T003194,Eggs,4
T003194,Tea,4
T003194,Yogurt,4
T003194,Rice,2
T003194,Bananas,4
T003195,Sugar,3
T003195,Butter,1
T003195,Pasta,2
T003195,Rice,1
T003195,Flour,1
T003195,Bananas,2
T003195,Coffee,2
T003195,Tomatoes,4
T003195,Onions,1
T003196,Sugar,4
T003196,Orange Juice,3
T003196,Tea,2
T003196,Yogurt,4
T003196,Milk,4
T003196,Bananas,3
T003196,Coffee,3
T003197,Apples,1
T003197,Cheese,2
T003197,Orange Juice,2
T003197,Tea,2
T003197,Pasta,4
T003197,Rice,2
T003197,Chicken,2
T003197,Onions,2
T003198,Cheese,2
T003198,Sugar,1
T003198,Butter,4
T003198,Tea,3
T003198,Yogurt,1
T003198,Milk,3
T003198,Coffee,4
T003199,Apples,4
T003199,Coffee,2
T003199,Sugar,1
T003199,Eggs,4
T003199,Milk,3
T003199,Chicken,3
T003199,Tomatoes,4
T003200,Apples,3
T003200,Eggs,1
T003200,Butter,3
T003200,Chicken,3
T003200,Beef,3
T003200,Bread,1
T003201,Apples,4
T003201,Eggs,4
T003201,Rice,1
T003201,Milk,1
T003201,Tomatoes,4
T003201,Onions,3
T003202,Cheese,3
T003202,Eggs,2
T003202,Butter,4
T003202,Sugar,2
T003202,Pasta,3
T003202,Milk,1
T003202,Tomatoes,4
T003202,Onions,2
T003203,Butter,4
T003203,Pasta,1
T003203,Bananas,2
T003203,Tomatoes,1
T003203,Onions,4
T003204,Tomatoes,4
T003204,Yogurt,3
T003205,Butter,1
T003205,Bread,1
T003205,Milk,2
T003206,Cheese,1
T003206,Eggs,3
T003206,Sugar,4
T003206,Orange Juice,3
T003206,Chicken,1
T003206,Beef,3
T003206,Bananas,4
T003207,Eggs,1
T003207,Butter,2
T003207,Tea,3
T003207,Tomatoes,1
T003207,Bread,2
T003208,Chicken,4
T003208,Orange Juice,3
T003209,Cheese,4
T003209,Tea,3
T003210,Cheese,4
T003210,Eggs,4
T003210,Orange Juice,3
T003210,Yogurt,1
T003210,Milk,2
T003210,Pasta,1
T003210,Beef,3
T003210,Bananas,2
T003210,Onions,1
T003211,Butter,3
T003211,Eggs,3
T003211,Bread,3
T003212,Sugar,3
T003212,Beef,4
T003213,Apples,1
T003213,Eggs,2
T003213,Butter,2
T003213,Yogurt,3
T003213,Milk,1
T003213,Flour,4
T003213,Tomatoes,3
T003213,Bread,2
T003214,Sugar,1
T003214,Eggs,2
T003214,Butter,2
T003214,Tea,3
T003214,Beef,1
T003214,Tomatoes,4
T003215,Sugar,2
T003215,Cheese,1
T003215,Orange Juice,2
T003215,Pasta,4
T003215,Bananas,3
T003215,Coffee,1
T003215,Onions,3
T003216,Beef,1
T003217,Apples,4
T003217,Cheese,1
T003217,Eggs,2
T003217,Pasta,1
T003217,Milk,3
T003217,Coffee,2
T003217,Onions,4
T003218,Apples,2
T003218,Eggs,1
T003219,Cheese,4
T003219,Eggs,3
T003219,Milk,4
T003219,Beef,3
T003219,Bread,3
T003220,Pasta,1
T003220,Rice,1
T003220,Beef,1
T003220,Tomatoes,4
T003220,Onions,2
T003221,Tomatoes,4
T003221,Butter,2
T003221,Orange Juice,3
T003222,Chicken,2
T003222,Eggs,4
T003223,Eggs,2
T003223,Rice,3
T003223,Milk,1
T003223,Coffee,3
T003223,Bread,4
T003224,Chicken,2
T003224,Cheese,2
T003224,Bread,2
T003224,Butter,3
T003225,Eggs,4
T003225,Butter,2
T003225,Yogurt,1
T003225,Milk,2
T003225,Flour,1
T003225,Bread,1
T003226,Orange Juice,4
T003226,Tea,1
T003226,Pasta,2
T003226,Tomatoes,3
T003226,Onions,1
T003227,Orange Juice,2
T003228,Flour,4
T003228,Cheese,1
T003228,Beef,1
T003229,Tomatoes,3
T003229,Pasta,1
T003229,Onions,2
T003230,Bananas,2
T003231,Cheese,1
T003231,Eggs,2
T003231,Pasta,1
T003231,Chicken,1
T003231,Tomatoes,1
T003231,Bread,4
T003231,Onions,2
T003232,Cheese,4
T003232,Sugar,2
T003232,Yogurt,2
T003233,Eggs,3
T003233,Yogurt,2
T003233,Pasta,4
T003233,Bananas,1
T003233,Tomatoes,3
T003233,Onions,4
T003234,Chicken,3
T003235,Sugar,2
T003235,Eggs,2
T003235,Pasta,4
T003235,Rice,2
T003235,Flour,3
T003235,Bananas,1
T003235,Tomatoes,2
T003235,Bread,3
T003235,Onions,3
T003236,Apples,1
T003236,Butter,1
T003236,Orange Juice,1
T003236,Pasta,4
T003236,Chicken,3
T003236,Bananas,4
T003236,Tomatoes,3
T003236,Onions,4
T003237,Apples,1
T003237,Orange Juice,4
T003237,Flour,2
T003238,Yogurt,1
T003238,Onions,1
T003239,Tea,2
T003240,Bananas,3
T003240,Pasta,1
T003240,Onions,2
T003241,Bananas,4
T003241,Cheese,4
T003241,Eggs,1
T003242,Bananas,4
T003242,Cheese,3
T003242,Pasta,3
T003242,Onions,3
T003243,Eggs,2
T003243,Rice,1
T003243,Yogurt,2
T003243,Milk,3
T003243,Tomatoes,1
T003243,Bread,2
T003244,Sugar,2
T003244,Cheese,1
T003244,Butter,3
T003244,Orange Juice,1
T003244,Eggs,3
T003244,Tea,4
T003244,Rice,3
T003244,Bread,3
T003244,Onions,2
T003245,Eggs,1
T003245,Pasta,4
T003245,Milk,3
T003245,Beef,3
T003245,Bananas,4
T003245,Tomatoes,3
T003245,Onions,3
T003246,Chicken,2
T003246,Yogurt,3
T003246,Orange Juice,2
T003246,Rice,3
T003247,Eggs,1
T003247,Butter,2
T003247,Milk,3
T003247,Flour,1
T003247,Bread,1
T003248,Eggs,4
T003248,Butter,3
T003248,Tea,3
T003248,Pasta,2
T003248,Bananas,3
T003248,Bread,2
T003248,Onions,3
T003249,Cheese,1
T003249,Sugar,1
T003249,Butter,2
T003249,Orange Juice,1
T003249,Yogurt,4
T003249,Chicken,1
T003250,Pasta,3
T003250,Rice,4
T003250,Chicken,4
T003250,Yogurt,2
T003250,Beef,2
T003250,Tomatoes,2
T003251,Eggs,3
T003251,Flour,2
T003251,Tomatoes,4
T003251,Bread,1
T003251,Onions,1
T003252,Apples,3
T003252,Eggs,2
T003252,Butter,4
T003252,Milk,3
T003252,Bananas,4
T003252,Tomatoes,1
T003252,Bread,2
T003252,Onions,2
T003253,Apples,4
T003253,Cheese,1
T003253,Eggs,3
T003253,Butter,4
T003253,Pasta,4
T003253,Milk,4
T003253,Tomatoes,2
T003253,Bread,3
T003253,Onions,1
T003254,Flour,3
T003254,Sugar,4
T003254,Onions,3
T003254,Tea,3
T003255,Cheese,4
T003255,Eggs,4
T003255,Sugar,1
T003255,Milk,2
T003255,Coffee,3
T003255,Onions,2
T003256,Flour,2
T003256,Coffee,1
T003256,Sugar,2
T003256,Milk,4
T003257,Apples,3
T003257,Cheese,4
T003257,Pasta,3
T003257,Flour,1
T003257,Tomatoes,4
T003257,Onions,4
T003258,Sugar,1
T003258,Eggs,3
T003258,Bread,3
T003259,Flour,4
T003259,Butter,2
T003259,Bread,1
T003259,Yogurt,1
T003260,Cheese,3
T003260,Eggs,3
T003260,Butter,4
T003260,Chicken,2
T003260,Beef,3
T003260,Coffee,1
T003260,Bread,3
T003261,Sugar,4
T003261,Cheese,3
T003261,Yogurt,2
T003261,Milk,1
T003261,Coffee,3
T003261,Tomatoes,3
T003262,Sugar,3
T003262,Butter,3
T003262,Tea,1
T003262,Milk,3
T003262,Tomatoes,2
T003262,Bread,1
T003263,Eggs,1
T003263,Butter,4
T003263,Pasta,2
T003263,Yogurt,1
T003263,Milk,4
T003263,Beef,2
T003263,Bread,1
T003263,Onions,4
T003264,Eggs,2
T003264,Pasta,4
T003265,Bananas,1
T003265,Eggs,4
T003265,Bread,3
T003265,Rice,4
T003266,Tomatoes,2
T003266,Pasta,4
T003266,Onions,2
T003267,Pasta,4
T003267,Milk,1
T003267,Chicken,2
T003267,Flour,4
T003267,Bananas,1
T003267,Tomatoes,3
T003267,Bread,3
T003268,Tomatoes,2
T003268,Eggs,2
T003268,Cheese,3
T003268,Onions,1
T003269,Butter,2
T003270,Apples,3
T003271,Rice,3
T003272,Eggs,4
T003272,Butter,3
T003272,Beef,2
T003272,Bananas,2
T003272,Bread,4
T003272,Onions,4
T003273,Milk,4
T003273,Bread,4
T003273,Onions,1
T003274,Flour,2
T003274,Onions,3
T003275,Butter,3
T003275,Bread,2
T003275,Beef,3
T003276,Orange Juice,3
T003277,Butter,4
T003277,Bread,4
T003277,Orange Juice,3
T003277,Yogurt,3
T003278,Eggs,4
T003278,Butter,3
T003279,Beef,1
T003279,Sugar,1
T003279,Pasta,4
T003280,Sugar,4
T003280,Eggs,3
T003280,Butter,2
T003280,Milk,1
T003280,Coffee,4
T003280,Bread,4
T003280,Tomatoes,1
T003281,Eggs,3
T003281,Tea,4
T003282,Eggs,1
T003283,Sugar,2
T003283,Eggs,1
T003283,Butter,1
T003283,Pasta,2
T003283,Milk,2
T003283,Beef,2
T003283,Coffee,3
T003283,Bread,4
T003283,Tomatoes,2
T003283,Onions,2
T003284,Cheese,1
T003284,Butter,2
T003284,Yogurt,1
T003285,Chicken,1
T003285,Tomatoes,4
T003285,Pasta,2
T003285,Tea,2
T003286,Chicken,3
T003286,Cheese,1
T003286,Flour,4
T003286,Tea,2
T003287,Apples,1
T003287,Eggs,1
T003287,Pasta,3
T003287,Yogurt,3
T003287,Bread,3
T003287,Onions,3
T003288,Sugar,4
T003288,Cheese,3
T003288,Butter,4
T003288,Rice,3
T003288,Chicken,1
T003288,Flour,2
T003288,Bananas,4
T003289,Tomatoes,4
T003289,Rice,4
T003289,Tea,1
T003290,Orange Juice,1
T003291,Flour,4
T003291,Apples,2
T003292,Chicken,2
T003292,Sugar,1
T003293,Flour,2
T003293,Bananas,1
T003293,Sugar,1
T003294,Eggs,3
T003294,Milk,3
T003294,Beef,3
T003294,Flour,2
T003294,Bread,2
T003294,Onions,3
T003295,Eggs,2
T003295,Milk,1
T003295,Pasta,1
T003295,Onions,2
T003296,Tomatoes,3
T003296,Pasta,2
T003296,Onions,3
T003297,Apples,3
T003297,Sugar,4
T003297,Tea,1
T003297,Pasta,2
T003297,Rice,3
T003297,Milk,1
T003297,Flour,4
T003297,Coffee,2
T003297,Bread,2
T003297,Onions,3
T003298,Cheese,3
T003299,Chicken,2
T003299,Cheese,3
T003299,Sugar,3
T003299,Yogurt,4
T003300,Bananas,3
T003300,Butter,1
T003300,Eggs,3
T003300,Bread,1
T003301,Apples,1
T003301,Eggs,1
T003301,Pasta,2
T003301,Milk,2
T003301,Chicken,2
T003301,Tomatoes,3
T003301,Bread,1
T003302,Flour,4
T003302,Coffee,3
T003302,Sugar,2
T003302,Milk,1
T003303,Tomatoes,1
T003304,Apples,2
T003304,Butter,4
T003304,Yogurt,2
T003304,Milk,4
T003304,Chicken,4
T003304,Beef,4
T003305,Eggs,4
T003305,Butter,2
T003305,Tea,1
T003305,Pasta,4
T003305,Milk,3
T003305,Coffee,2
T003305,Onions,2
T003306,Cheese,2
T003306,Eggs,1
T003306,Butter,1
T003306,Rice,2
T003306,Milk,3
T003306,Bread,3
T003306,Onions,4
T003307,Flour,4
T003307,Bananas,4
T003307,Coffee,4
T003307,Milk,2
T003308,Eggs,1
T003308,Butter,1
T003308,Orange Juice,1
T003308,Pasta,1
T003308,Tomatoes,2
T003308,Bread,4
T003308,Onions,2
T003309,Cheese,2
T003309,Butter,2
T003309,Yogurt,3
T003309,Pasta,1
T003309,Chicken,1
T003309,Bananas,4
T003309,Onions,4
T003310,Eggs,1
T003311,Sugar,3
T003311,Butter,1
T003311,Pasta,3
T003311,Rice,1
T003311,Milk,2
T003311,Coffee,2
T003311,Bread,4
T003311,Onions,2
T003312,Chicken,3
T003313,Cheese,4
T003313,Orange Juice,4
T003313,Tea,2
T003313,Rice,4
T003313,Chicken,2
T003313,Bananas,2
T003314,Eggs,4
T003314,Onions,2
T003314,Pasta,3
T003314,Tea,4
T003315,Beef,2
T003316,Chicken,4
T003316,Rice,3
T003316,Yogurt,2
T003316,Flour,4
T003317,Bananas,1
T003317,Cheese,3
T003317,Eggs,4
T003317,Sugar,1
T003318,Butter,2
T003318,Rice,3
T003318,Milk,2
T003318,Beef,4
T003318,Flour,1
T003318,Tomatoes,2
T003318,Bread,1
T003319,Bananas,2
T003319,Eggs,4
T003319,Butter,2
T003320,Apples,4
T003320,Onions,3
T003321,Sugar,2
T003322,Rice,3
T003322,Beef,2
T003323,Sugar,1
T003323,Orange Juice,3
T003323,Milk,3
T003323,Coffee,2
T003323,Bread,1
T003324,Tomatoes,3
T003324,Orange Juice,1
T003324,Tea,2
T003325,Bananas,1
T003325,Butter,3
T003325,Rice,3
T003325,Tea,2
T003326,Orange Juice,3
T003326,Tea,2
T003326,Yogurt,1
T003326,Rice,2
T003326,Bananas,4
T003327,Butter,3
T003327,Orange Juice,2
T003327,Yogurt,1
T003327,Bananas,4
T003327,Tomatoes,2
T003328,Sugar,2
T003328,Onions,4
T003329,Sugar,3
T003329,Butter,3
T003329,Milk,4
T003329,Flour,2
T003329,Bananas,2
T003329,Coffee,4
T003330,Sugar,4
T003330,Butter,1
T003330,Yogurt,4
T003330,Milk,4
T003330,Flour,1
T003330,Coffee,1
T003330,Bread,1
T003331,Coffee,4
T003331,Milk,4
T003332,Tomatoes,4
T003332,Tea,4
T003333,Apples,2
T003333,Sugar,4
T003333,Eggs,3
T003333,Orange Juice,3
T003333,Pasta,4
T003333,Flour,4
T003333,Coffee,3
T003333,Bread,2
T003333,Tomatoes,3
T003333,Onions,2
T003334,Flour,4
T003334,Butter,4
T003334,Tea,2
T003335,Butter,3
T003336,Cheese,4
T003336,Sugar,4
T003336,Milk,3
T003336,Chicken,3
T003336,Coffee,3
T003337,Apples,4
T003337,Butter,4
T003337,Rice,2
T003337,Yogurt,1
T003337,Milk,3
T003337,Bananas,3
T003337,Coffee,4
T003338,Butter,3
T003338,Orange Juice,4
T003338,Pasta,3
T003338,Beef,2
T003338,Bananas,3
T003338,Tomatoes,3
T003338,Onions,1
T003339,Eggs,3
T003339,Bread,4
T003339,Milk,4
T003340,Chicken,4
T003340,Rice,4
T003341,Sugar,2
T003341,Eggs,3
T003341,Bread,4
T003341,Milk,4
T003342,Eggs,2
T003342,Butter,3
T003342,Tea,2
T003342,Tomatoes,3
T003342,Onions,3
T003343,Sugar,3
T003343,Yogurt,1
T003343,Rice,1
T003344,Tomatoes,4
T003344,Butter,4
T003344,Cheese,2
T003345,Apples,1
T003345,Eggs,2
T003345,Pasta,2
T003345,Rice,2
T003345,Chicken,2
T003345,Tomatoes,2
T003345,Bread,3
T003345,Onions,2
T003346,Apples,1
T003346,Eggs,2
T003346,Butter,1
T003346,Yogurt,1
T003346,Milk,4
T003346,Bananas,1
T003346,Coffee,2
T003346,Bread,4
T003347,Apples,1
T003348,Tomatoes,1
T003348,Bread,4
T003348,Milk,1
T003349,Eggs,4
T003349,Tea,4
T003350,Cheese,4
T003350,Butter,3
T003350,Chicken,1
T003350,Flour,1
T003350,Bananas,3
T003350,Onions,1
T003351,Eggs,3
T003351,Butter,3
T003351,Orange Juice,3
T003351,Milk,4
T003351,Beef,2
T003351,Flour,1
T003351,Bread,4
T003352,Cheese,4
T003352,Eggs,2
T003352,Butter,2
T003352,Orange Juice,4
T003352,Yogurt,2
T003352,Bananas,3
T003352,Tomatoes,3
T003352,Bread,3
T003353,Apples,4
T003353,Cheese,2
T003353,Butter,3
T003353,Chicken,2
T003353,Beef,4
T003353,Bananas,3
T003353,Onions,4
T003354,Tomatoes,3
T003354,Pasta,3
T003354,Onions,3
T003355,Apples,4
T003355,Sugar,2
T003355,Butter,2
T003356,Flour,2
T003357,Cheese,3
T003357,Yogurt,3
T003357,Milk,4
T003357,Bananas,2
T003357,Bread,2
T003358,Apples,4
T003358,Rice,3
T003358,Eggs,2
T003358,Yogurt,2
T003359,Flour,1
T003359,Apples,1
T003359,Eggs,1
T003359,Onions,4
T003360,Tomatoes,2
T003360,Yogurt,4
T003361,Eggs,3
T003361,Bread,2
T003362,Flour,4
T003362,Bananas,1
T003362,Sugar,3
T003363,Cheese,4
T003363,Butter,3
T003363,Tea,3
T003364,Apples,2
T003364,Eggs,3
T003364,Butter,4
T003364,Milk,1
T003364,Chicken,3
T003364,Tomatoes,3
T003364,Bread,1
T003364,Onions,1
T003365,Eggs,1
T003365,Bread,2
T003366,Bananas,2
T003366,Cheese,1
T003367,Cheese,4
T003367,Eggs,1
T003367,Butter,3
T003367,Milk,3
T003367,Beef,2
T003367,Coffee,1
T003368,Apples,4
T003368,Rice,3
T003368,Coffee,3
T003368,Beef,4
T003369,Butter,2
T003369,Sugar,3
T003369,Bread,3
T003369,Beef,3
T003370,Butter,1
T003370,Yogurt,4
T003370,Pasta,3
T003370,Flour,4
T003370,Tomatoes,3
T003370,Onions,4
T003371,Eggs,1
T003371,Orange Juice,2
T003371,Yogurt,2
T003371,Milk,4
T003371,Bread,3
T003372,Sugar,3
T003372,Eggs,3
T003372,Butter,2
T003372,Beef,3
T003372,Bananas,2
T003372,Bread,3
T003373,Tomatoes,3
T003373,Eggs,3
T003373,Pasta,3
T003373,Onions,4
T003374,Apples,1
T003374,Sugar,4
T003374,Coffee,1
T003374,Orange Juice,1
T003375,Cheese,1
T003375,Butter,1
T003375,Onions,3
T003376,Cheese,4
T003376,Butter,4
T003376,Tea,1
T003376,Milk,2
T003376,Flour,2
T003376,Bread,4
T003377,Apples,2
T003377,Eggs,4
T003377,Butter,1
T003377,Coffee,2
T003377,Bread,4
T003378,Beef,2
T003378,Tea,3
T003379,Tomatoes,4
T003379,Eggs,4
T003379,Cheese,1
T003379,Rice,3
T003380,Apples,4
T003380,Pasta,4
T003380,Yogurt,3
T003380,Beef,4
T003380,Flour,4
T003380,Tomatoes,3
T003380,Onions,2
T003381,Onions,2
T003382,Sugar,1
T003382,Butter,2
T003382,Milk,2
T003382,Coffee,2
T003382,Bread,4
T003382,Tomatoes,4
T003383,Chicken,2
T003383,Bananas,4
T003384,Apples,1
T003384,Bananas,2
T003384,Butter,4
T003384,Bread,4
T003385,Sugar,3
T003386,Apples,3
T003386,Onions,4
T003386,Pasta,2
T003386,Flour,3
T003387,Tomatoes,1
T003387,Pasta,3
T003387,Onions,2
T003388,Sugar,1
T003388,Butter,4
T003388,Tea,1
T003388,Rice,1
T003388,Milk,1
T003388,Chicken,4
T003388,Coffee,1
T003388,Onions,3
T003389,Sugar,1
T003389,Eggs,1
T003389,Pasta,3
T003389,Milk,2
T003389,Coffee,3
T003389,Tomatoes,3
T003390,Eggs,4
T003390,Rice,2
T003390,Onions,4
T003391,Apples,1
T003391,Chicken,3
T003391,Rice,3
T003391,Onions,2
T003392,Apples,3
T003392,Sugar,4
T003392,Eggs,3
T003392,Butter,1
T003392,Milk,2
T003392,Chicken,3
T003392,Flour,4
T003392,Coffee,4
T003393,Sugar,2
T003393,Eggs,1
T003393,Milk,2
T003393,Beef,3
T003393,Coffee,2
T003393,Bread,1
T003393,Tomatoes,1
T003394,Eggs,4
T003394,Bread,3
T003394,Milk,2
T003395,Eggs,2
T003395,Butter,4
T003395,Orange Juice,2
T003395,Milk,1
T003395,Chicken,2
T003395,Bananas,3
T003396,Flour,1
T003396,Sugar,3
T003396,Beef,3
T003396,Onions,4
T003397,Bananas,1
T003397,Orange Juice,1
T003397,Yogurt,3
T003397,Onions,1
T003398,Sugar,4
T003399,Tea,3
T003400,Apples,4
T003400,Sugar,3
T003400,Pasta,2
T003400,Milk,4
T003400,Chicken,3
T003400,Flour,3
T003400,Tomatoes,3
T003400,Bread,3
T003400,Onions,3
T003401,Cheese,1
T003401,Sugar,3
T003402,Sugar,4
T003402,Milk,3
T003402,Beef,2
T003402,Flour,2
T003402,Coffee,1
T003402,Onions,1
T003403,Eggs,3
T003403,Butter,1
T003404,Eggs,3
T003404,Orange Juice,3
T003404,Tea,2
T003404,Pasta,3
T003404,Chicken,3
T003404,Beef,3
T003404,Tomatoes,1
T003405,Tomatoes,1
T003405,Pasta,1
T003406,Sugar,2
T003406,Eggs,3
T003406,Cheese,1
T003406,Butter,1
T003406,Yogurt,4
T003406,Tomatoes,1
T003406,Bread,4
T003406,Onions,4
T003407,Flour,1
T003407,Cheese,1
T003407,Coffee,3
T003407,Onions,1
T003408,Orange Juice,3
T003408,Rice,1
T003408,Yogurt,2
T003408,Pasta,3
T003408,Onions,1
T003409,Eggs,4
T003409,Butter,4
T003409,Milk,4
T003409,Chicken,1
T003409,Beef,2
T003409,Flour,4
T003410,Coffee,1
T003410,Tomatoes,3
T003410,Sugar,2
T003410,Beef,2
T003411,Cheese,4
T003411,Orange Juice,3
T003411,Tea,2
T003412,Eggs,4
T003412,Butter,3
T003412,Pasta,2
T003412,Milk,3
T003412,Bananas,3
T003412,Tomatoes,4
T003413,Apples,2
T003413,Butter,3
T003413,Chicken,3
T003413,Bread,3
T003414,Sugar,2
T003414,Eggs,1
T003414,Butter,4
T003414,Yogurt,3
T003414,Milk,3
T003414,Coffee,2
T003414,Bread,3
T003415,Yogurt,3
T003415,Beef,2
T003416,Tomatoes,2
T003417,Eggs,3
T003417,Onions,4
T003417,Pasta,2
T003417,Tea,4
T003418,Tomatoes,4
T003418,Orange Juice,1
T003419,Eggs,4
T003419,Yogurt,4
T003419,Flour,1
T003419,Tomatoes,1
T003419,Onions,1
T003420,Sugar,4
T003420,Cheese,4
T003420,Eggs,2
T003420,Butter,3
T003420,Rice,4
T003420,Milk,2
T003420,Pasta,3
T003420,Beef,4
T003420,Bread,4
T003420,Onions,4
T003421,Tomatoes,1
T003421,Tea,1
T003422,Butter,3
T003422,Eggs,2
T003422,Bread,2
T003423,Butter,4
T003423,Bread,1
T003423,Yogurt,3
T003424,Cheese,2
T003424,Eggs,1
T003424,Butter,2
T003424,Orange Juice,3
T003424,Chicken,3
T003424,Bananas,4
T003424,Bread,4
T003425,Sugar,4
T003425,Eggs,1
T003425,Cheese,3
T003425,Rice,2
T003425,Milk,2
T003426,Apples,1
T003426,Milk,2
T003426,Flour,3
T003426,Coffee,2
T003426,Bread,3
T003426,Tomatoes,2
T003427,Apples,2
T003427,Eggs,3
T003427,Butter,3
T003427,Yogurt,1
T003427,Rice,4
T003427,Chicken,2
T003427,Flour,1
T003427,Bread,3
T003428,Cheese,4
T003428,Eggs,1
T003428,Orange Juice,1
T003428,Rice,3
T003428,Chicken,4
T003428,Tomatoes,1
T003429,Apples,3
T003429,Butter,4
T003430,Sugar,1
T003430,Cheese,2
T003430,Butter,3
T003430,Rice,3
T003430,Chicken,1
T003430,Beef,2
T003431,Eggs,2
T003431,Milk,1
T003432,Cheese,1
T003432,Butter,2
T003432,Tea,3
T003432,Yogurt,4
T003432,Pasta,1
T003432,Beef,1
T003432,Tomatoes,2
T003432,Onions,2
T003433,Tea,4
T003434,Eggs,3
T003434,Orange Juice,2
T003434,Rice,4
T003434,Tomatoes,4
T003434,Onions,2
T003435,Sugar,2
T003435,Cheese,2
T003435,Rice,3
T003435,Flour,3
T003435,Bananas,3
T003435,Tomatoes,4
T003436,Tea,4
T003436,Onions,2
T003437,Chicken,2
T003437,Rice,3
T003437,Flour,4
T003438,Eggs,4
T003438,Chicken,2
T003438,Beef,3
T003438,Flour,3
T003438,Onions,2
T003439,Apples,1
T003439,Butter,4
T003439,Milk,1
T003439,Chicken,1
T003439,Bread,1
T003440,Tomatoes,2
T003440,Pasta,1
T003441,Apples,1
T003441,Orange Juice,4
T003441,Rice,2
T003441,Flour,1
T003441,Bananas,4
T003442,Apples,2
T003442,Sugar,1
T003442,Eggs,2
T003442,Butter,1
T003442,Orange Juice,3
T003442,Milk,1
T003442,Chicken,4
T003442,Beef,3
T003442,Bread,1
T003442,Onions,4
T003443,Chicken,2
T003444,Tea,1
T003445,Apples,3
T003445,Sugar,3
T003445,Orange Juice,4
T003445,Rice,3
T003446,Chicken,3
T003446,Coffee,2
T003446,Sugar,2
T003446,Onions,4
T003447,Cheese,2
T003447,Eggs,1
T003447,Orange Juice,2
T003447,Pasta,2
T003447,Bread,1
T003447,Onions,1
T003448,Sugar,2
T003448,Milk,2
T003448,Chicken,3
T003448,Beef,4
T003448,Bananas,4
T003448,Coffee,1
T003448,Tomatoes,4
T003449,Apples,2
T003449,Flour,3
T003449,Onions,3
T003450,Bananas,2
T003451,Chicken,4
T003451,Beef,3
T003452,Sugar,1
T003452,Eggs,1
T003452,Yogurt,2
T003452,Milk,3
T003452,Rice,3
T003452,Beef,3
T003452,Coffee,2
T003452,Bread,1
T003452,Tomatoes,4
T003453,Apples,4
T003453,Butter,2
T003453,Orange Juice,3
T003453,Tea,2
T003453,Bananas,1
T003454,Sugar,4
T003454,Eggs,2
T003454,Butter,2
T003454,Tea,3
T003454,Pasta,1
T003454,Coffee,4
T003454,Bread,4
T003454,Tomatoes,4
T003455,Apples,3
T003455,Eggs,4
T003455,Orange Juice,2
T003455,Yogurt,3
T003455,Rice,2
T003456,Cheese,3
T003456,Sugar,4
T003456,Eggs,1
T003456,Butter,1
T003456,Tea,4
T003456,Yogurt,4
T003456,Milk,3
T003457,Sugar,3
T003457,Rice,1
T003457,Yogurt,1
T003457,Milk,3
T003457,Bananas,2
T003457,Coffee,4
T003458,Sugar,1
T003458,Eggs,4
T003458,Butter,3
T003458,Tomatoes,4
T003458,Bread,3
T003458,Onions,2
T003459,Tea,4
T003460,Flour,2
T003460,Sugar,2
T003460,Bread,1
T003460,Orange Juice,1
T003461,Sugar,2
T003461,Cheese,1
T003461,Butter,4
T003461,Pasta,4
T003461,Milk,2
T003461,Flour,3
T003461,Tomatoes,3
T003461,Bread,1
T003461,Onions,2
T003462,Sugar,3
T003462,Orange Juice,1
T003462,Chicken,3
T003462,Flour,4
T003462,Coffee,4
T003463,Apples,2
T003463,Sugar,1
T003463,Eggs,2
T003463,Yogurt,3
T003463,Rice,4
T003463,Bananas,1
T003463,Bread,1
T003463,Onions,4
T003464,Bananas,1
T003464,Orange Juice,4
T003464,Onions,3
T003465,Cheese,1
T003465,Butter,4
T003465,Tea,2
T003465,Yogurt,1
T003465,Chicken,3
T003465,Beef,2
T003466,Apples,2
T003467,Beef,4
T003468,Eggs,4
T003468,Bread,2
T003468,Orange Juice,1
T003469,Chicken,1
T003469,Cheese,4
T003469,Onions,2
T003470,Cheese,1
T003470,Eggs,1
T003470,Butter,3
T003470,Rice,3
T003470,Yogurt,4
T003470,Pasta,2
T003470,Milk,2
T003470,Tomatoes,1
T003470,Bread,2
T003471,Sugar,2
T003471,Eggs,4
T003471,Butter,2
T003471,Milk,4
T003471,Beef,1
T003471,Coffee,2
T003471,Bread,1
T003472,Rice,3
T003472,Onions,1
T003473,Sugar,1
T003473,Eggs,4
T003473,Orange Juice,4
T003473,Chicken,1
T003473,Beef,4
T003473,Flour,2
T003473,Bananas,1
T003473,Coffee,3
T003474,Apples,3
T003474,Eggs,4
T003474,Tea,4
T003474,Milk,4
T003474,Chicken,1
T003474,Beef,4
T003474,Flour,1
T003474,Tomatoes,2
T003475,Coffee,4
T003475,Bananas,1
T003475,Sugar,2
T003475,Orange Juice,3
T003476,Sugar,1
T003476,Pasta,3
T003476,Rice,2
T003476,Chicken,4
T003476,Milk,2
T003476,Coffee,3
T003476,Onions,3
T003477,Apples,1
T003477,Tomatoes,1
T003477,Eggs,1
T003478,Tea,2
T003479,Bread,2
T003479,Milk,2
T003480,Sugar,3
T003480,Beef,4
T003481,Sugar,4
T003481,Eggs,2
T003481,Tea,1
T003481,Rice,3
T003481,Chicken,2
T003481,Bananas,4
T003481,Tomatoes,3
T003482,Onions,1
T003483,Eggs,4
T003483,Butter,3
T003483,Yogurt,3
T003483,Milk,2
T003483,Bread,4
T003484,Apples,2
T003484,Cheese,1
T003484,Sugar,4
T003484,Yogurt,3
T003484,Beef,3
T003484,Tomatoes,3
T003484,Onions,3
T003485,Rice,3
T003486,Orange Juice,2
T003486,Pasta,4
T003486,Rice,1
T003486,Chicken,4
T003486,Yogurt,4
T003486,Bananas,1
T003486,Tomatoes,4
T003486,Onions,2
T003487,Pasta,2
T003487,Rice,3
T003487,Onions,2
T003488,Apples,1
T003488,Butter,2
T003488,Orange Juice,1
T003488,Chicken,3
T003488,Flour,3
T003488,Onions,1
T003489,Bananas,3
T003490,Eggs,2
T003490,Butter,1
T003490,Yogurt,2
T003490,Milk,2
T003490,Bread,1
T003491,Cheese,3
T003491,Butter,1
T003491,Pasta,1
T003491,Rice,1
T003491,Beef,2
T003491,Onions,3
T003492,Eggs,2
T003492,Bread,4
T003493,Apples,2
T003493,Tea,1
T003493,Pasta,2
T003493,Bananas,2
T003493,Tomatoes,2
T003493,Onions,3
T003494,Bananas,3
T003494,Sugar,2
T003494,Butter,2
T003495,Butter,3
T003495,Rice,4
T003495,Flour,1
T003495,Bananas,2
T003495,Tomatoes,3
T003496,Eggs,2
T003496,Butter,4
T003496,Pasta,4
T003496,Flour,1
T003496,Bananas,1
T003496,Tomatoes,4
T003496,Bread,2
T003496,Onions,2
T003497,Sugar,1
T003497,Cheese,4
T003497,Butter,2
T003497,Tea,3
T003497,Milk,1
T003497,Chicken,2
T003497,Tomatoes,3
T003497,Bread,2
T003497,Onions,4
T003498,Apples,2
T003498,Rice,1
T003499,Flour,4
T003500,Beef,2
T003501,Sugar,4
T003501,Rice,2
T003501,Tea,1
T003502,Sugar,2
T003502,Orange Juice,3
T003502,Pasta,4
T003502,Yogurt,3
T003502,Milk,2
T003502,Coffee,3
T003502,Onions,2
T003503,Tomatoes,4
T003503,Butter,2
T003503,Onions,3
T003503,Tea,2
T003504,Sugar,4
T003504,Eggs,3
T003504,Rice,1
T003504,Milk,1
T003504,Chicken,4
T003504,Flour,2
T003504,Tomatoes,2
T003504,Bread,2
T003504,Onions,3
T003505,Flour,1
T003505,Cheese,1
T003505,Coffee,4
T003505,Milk,3
T003506,Chicken,3
T003506,Tomatoes,4
T003506,Rice,2
T003506,Tea,3
T003507,Chicken,2
T003507,Tomatoes,1
T003507,Eggs,3
T003507,Pasta,4
T003508,Butter,3
T003508,Milk,1
T003509,Apples,1
T003509,Eggs,3
T003509,Butter,3
T003509,Beef,2
T003509,Bananas,2
T003509,Bread,2
T003509,Onions,4
T003510,Apples,4
T003510,Sugar,3
T003510,Eggs,1
T003510,Orange Juice,1
T003510,Tea,1
T003510,Yogurt,1
T003510,Milk,2
T003510,Coffee,4
T003510,Bread,1
T003511,Bananas,2
T003511,Cheese,1
T003511,Yogurt,2
T003512,Eggs,4
T003512,Butter,1
T003512,Bread,2
T003512,Milk,4
T003513,Cheese,2
T003513,Eggs,3
T003513,Sugar,3
T003513,Milk,3
T003513,Chicken,2
T003513,Coffee,2
T003514,Cheese,3
T003514,Eggs,1
T003514,Onions,3
T003515,Apples,4
T003515,Sugar,4
T003515,Pasta,3
T003515,Chicken,3
T003515,Beef,2
T003515,Flour,2
T003516,Yogurt,3
T003517,Sugar,3
T003517,Eggs,3
T003517,Pasta,4
T003517,Milk,3
T003517,Bananas,2
T003517,Coffee,4
T003517,Bread,3
T003517,Tomatoes,1
T003517,Onions,3
T003518,Eggs,2
T003518,Butter,2
T003518,Milk,1
T003518,Bananas,2
T003518,Coffee,1
T003518,Bread,2
T003519,Cheese,1
T003519,Sugar,1
T003519,Eggs,2
T003519,Butter,1
T003519,Rice,4
T003519,Milk,4
T003519,Tomatoes,3
T003520,Rice,4
T003520,Tea,2
T003521,Tomatoes,4
T003521,Butter,1
T003522,Chicken,3
T003522,Tea,4
T003523,Apples,3
T003523,Cheese,1
T003523,Sugar,1
T003523,Orange Juice,2
T003523,Rice,4
T003523,Bananas,2
T003523,Coffee,2
T003524,Cheese,2
T003524,Eggs,1
T003524,Butter,4
T003524,Milk,1
T003524,Bread,2
T003524,Onions,4
T003525,Flour,2
T003526,Apples,1
T003526,Orange Juice,2
T003526,Tea,1
T003526,Rice,4
T003526,Chicken,3
T003526,Onions,4
T003527,Eggs,2
T003527,Butter,1
T003527,Orange Juice,2
T003527,Milk,4
T003527,Tomatoes,3
T003527,Bread,3
T003527,Onions,4
T003528,Apples,1
T003528,Eggs,3
T003528,Orange Juice,2
T003528,Tea,4
T003528,Yogurt,4
T003528,Beef,3
T003528,Coffee,2
T003529,Sugar,1
T003529,Orange Juice,1
T003529,Rice,3
T003530,Sugar,2
T003530,Eggs,1
T003530,Butter,2
T003530,Yogurt,4
T003530,Milk,2
T003530,Flour,1
T003530,Coffee,2
T003531,Eggs,1
T003531,Orange Juice,3
T003531,Yogurt,1
T003531,Milk,3
T003531,Chicken,4
T003531,Tomatoes,4
T003531,Onions,1
T003532,Flour,2
T003532,Tea,3
T003533,Cheese,2
T003533,Tea,4
T003533,Milk,1
T003533,Chicken,2
T003533,Coffee,4
T003534,Orange Juice,4
T003534,Tea,4
T003535,Chicken,3
T003535,Beef,3
T003536,Sugar,1
T003536,Eggs,3
T003536,Butter,1
T003536,Orange Juice,2
T003536,Pasta,1
T003536,Milk,1
T003536,Rice,4
T003536,Coffee,3
T003536,Tomatoes,1
T003537,Sugar,1
T003537,Eggs,4
T003537,Butter,1
T003537,Orange Juice,2
T003537,Beef,1
T003538,Apples,1
T003538,Eggs,2
T003538,Butter,4
T003538,Orange Juice,2
T003538,Yogurt,1
T003538,Chicken,1
T003538,Beef,3
T003538,Bread,2
T003538,Onions,1
T003539,Butter,3
T003539,Yogurt,3
T003539,Milk,3
T003539,Chicken,4
T003539,Bread,2
T003540,Cheese,4
T003540,Butter,4
T003540,Orange Juice,1
T003540,Rice,1
T003540,Pasta,4
T003540,Tomatoes,3
T003540,Onions,1
T003541,Flour,2
T003541,Beef,1
T003541,Rice,1
T003542,Orange Juice,3
T003543,Sugar,3
T003543,Eggs,3
T003543,Milk,1
T003543,Chicken,2
T003543,Coffee,1
T003544,Apples,4
T003544,Cheese,1
T003544,Flour,2
T003545,Sugar,3
T003545,Eggs,3
T003545,Butter,2
T003545,Orange Juice,2
T003545,Yogurt,1
T003545,Milk,1
T003545,Flour,1
T003545,Coffee,1
T003545,Bread,3
T003546,Yogurt,1
T003547,Apples,3
T003547,Eggs,1
T003547,Butter,3
T003547,Tea,4
T003547,Milk,4
T003547,Coffee,4
T003547,Bread,4
T003547,Onions,1
T003548,Eggs,1
T003548,Bread,2
T003548,Orange Juice,2
T003549,Sugar,3
T003549,Tea,4
T003549,Yogurt,1
T003549,Flour,1
T003549,Tomatoes,2
T003549,Onions,2
T003550,Apples,1
T003550,Cheese,3
T003550,Eggs,4
T003550,Butter,3
T003550,Yogurt,1
T003550,Milk,1
T003550,Chicken,2
T003550,Tomatoes,3
T003550,Bread,3
T003551,Apples,2
T003551,Eggs,4
T003552,Cheese,1
T003552,Eggs,2
T003552,Milk,3
T003552,Flour,1
T003552,Bread,2
T003553,Apples,2
T003553,Yogurt,3
T003553,Milk,2
T003553,Beef,4
T003553,Flour,1
T003553,Bananas,1
T003553,Coffee,3
T003554,Sugar,1
T003554,Eggs,2
T003554,Orange Juice,2
T003554,Pasta,4
T003554,Milk,2
T003554,Tomatoes,3
T003554,Bread,2
T003554,Onions,4
T003555,Eggs,3
T003555,Butter,2
T003555,Pasta,4
T003555,Milk,2
T003555,Chicken,3
T003555,Bananas,3
T003555,Tomatoes,2
T003555,Bread,4
T003555,Onions,3
T003556,Apples,4
T003556,Cheese,1
T003556,Eggs,2
T003556,Orange Juice,1
T003556,Bananas,2
T003556,Bread,3
T003557,Chicken,4
T003558,Apples,1
T003558,Sugar,2
T003558,Orange Juice,4
T003558,Tea,1
T003558,Chicken,2
T003558,Flour,3
T003558,Bananas,1
T003558,Coffee,4
T003559,Butter,2
T003560,Eggs,4
T003560,Butter,3
T003560,Rice,1
T003560,Beef,3
T003560,Bananas,2
T003560,Bread,4
T003561,Eggs,4
T003561,Yogurt,4
T003561,Rice,4
T003561,Pasta,4
T003561,Flour,4
T003561,Tomatoes,1
T003561,Onions,1
T003562,Cheese,1
T003562,Eggs,2
T003562,Butter,4
T003562,Rice,1
T003562,Chicken,4
T003562,Beef,3
T003563,Tomatoes,4
T003564,Flour,4
T003564,Cheese,3
T003565,Orange Juice,1
T003565,Onions,3
T003566,Sugar,3
T003566,Tea,2
T003566,Yogurt,1
T003566,Pasta,4
T003566,Tomatoes,1
T003566,Onions,4
T003567,Apples,3
T003567,Sugar,3
T003567,Eggs,1
T003567,Tea,1
T003567,Yogurt,4
T003567,Coffee,1
T003567,Onions,4
T003568,Eggs,3
T003568,Butter,4
T003568,Orange Juice,2
T003568,Milk,1
T003569,Coffee,4
T003569,Milk,2
T003570,Cheese,1
T003570,Sugar,1
T003570,Orange Juice,1
T003570,Rice,4
T003571,Apples,2
T003571,Butter,1
T003571,Tea,4
T003571,Yogurt,2
T003571,Flour,4
T003572,Eggs,4
T003572,Orange Juice,1
T003572,Yogurt,1
T003572,Rice,3
T003572,Milk,2
T003572,Flour,2
T003572,Tomatoes,3
T003573,Eggs,2
T003573,Butter,4
T003573,Tea,1
T003573,Milk,3
T003574,Cheese,3
T003574,Rice,2
T003575,Sugar,2
T003575,Eggs,4
T003575,Butter,2
T003575,Rice,1
T003575,Milk,2
T003575,Flour,2
T003575,Coffee,4
T003576,Yogurt,4
T003577,Cheese,3
T003577,Eggs,4
T003577,Butter,4
T003577,Tea,3
T003577,Milk,2
T003578,Eggs,1
T003578,Butter,2
T003578,Tea,3
T003578,Rice,2
T003578,Milk,2
T003578,Chicken,1
T003578,Beef,2
T003578,Bananas,2
T003578,Bread,3
T003579,Apples,2
T003579,Cheese,1
T003579,Orange Juice,1
T003579,Tea,1
T003579,Beef,2
T003579,Tomatoes,1
T003580,Coffee,2
T003580,Orange Juice,4
T003580,Yogurt,1
T003580,Milk,4
T003581,Tomatoes,4
T003581,Butter,2
T003582,Butter,1
T003583,Chicken,1
T003583,Bananas,4
T003583,Cheese,1
T003583,Yogurt,1
T003584,Sugar,1
T003584,Butter,1
T003584,Pasta,3
T003584,Flour,2
T003584,Tomatoes,1
T003585,Onions,4
T003586,Bananas,2
T003586,Yogurt,4
T003587,Beef,4
T003587,Tea,4
T003588,Apples,3
T003588,Butter,1
T003588,Tea,3
T003588,Rice,4
T003588,Bananas,2
T003589,Sugar,1
T003589,Eggs,3
T003589,Pasta,1
T003589,Milk,3
T003589,Flour,2
T003589,Coffee,2
T003589,Tomatoes,4
T003589,Onions,2
T003590,Apples,2
T003590,Orange Juice,3
T003590,Onions,2
T003591,Yogurt,1
T003592,Eggs,1
T003593,Sugar,2
T003593,Eggs,2
T003593,Butter,1
T003593,Orange Juice,4
T003593,Tea,3
T003593,Pasta,1
T003593,Coffee,3
T003593,Bread,4
T003593,Tomatoes,4
T003593,Onions,3
T003594,Cheese,2
T003594,Eggs,4
T003594,Yogurt,4
T003594,Pasta,2
T003594,Chicken,2
T003594,Tomatoes,3
T003594,Bread,2
T003595,Flour,2
T003595,Eggs,1
T003595,Butter,3
T003595,Milk,1
T003596,Chicken,1
T003596,Rice,4
T003596,Yogurt,4
T003597,Eggs,4
T003597,Butter,1
T003597,Pasta,3
T003597,Milk,2
T003597,Coffee,3
T003597,Tomatoes,2
T003597,Onions,3
T003598,Eggs,4
T003598,Tea,4
T003598,Milk,3
T003598,Chicken,4
T003598,Flour,2
T003598,Bananas,1
T003598,Bread,1
T003599,Apples,3
T003599,Cheese,2
T003599,Bread,2
T003600,Eggs,3
T003600,Yogurt,1
T003601,Flour,3
T003601,Sugar,4
T003601,Eggs,2
T003602,Apples,4
T003602,Bananas,2
T003602,Orange Juice,1
T003603,Apples,3
T003603,Bananas,4
T003603,Eggs,2
T003604,Apples,1
T003604,Sugar,4
T003604,Tea,4
T003604,Pasta,2
T003604,Bananas,3
T003604,Tomatoes,4
T003605,Apples,2
T003605,Sugar,1
T003605,Eggs,2
T003605,Butter,4
T003605,Milk,1
T003605,Beef,2
T003605,Coffee,3
T003605,Bread,3
T003605,Onions,2
T003606,Chicken,4
T003606,Butter,3
T003606,Pasta,3
T003606,Onions,4
T003607,Apples,2
T003607,Eggs,1
T003607,Butter,2
T003607,Flour,2
T003607,Bread,4
T003608,Apples,4
T003608,Eggs,1
T003608,Tea,1
T003608,Milk,1
T003608,Chicken,3
T003608,Coffee,1
T003608,Bread,1
T003608,Onions,3
T003609,Apples,3
T003609,Sugar,4
T003609,Eggs,2
T003609,Milk,4
T003609,Coffee,1
T003609,Bread,4
T003610,Tomatoes,1
T003610,Pasta,1
T003610,Onions,4
T003611,Apples,1
T003611,Cheese,4
T003611,Eggs,1
T003611,Orange Juice,1
T003611,Rice,4
T003611,Beef,2
T003612,Cheese,4
T003612,Sugar,2
T003612,Tea,1
T003612,Rice,4
T003612,Flour,3
T003612,Coffee,4
T003613,Chicken,4
T003613,Coffee,2
T003613,Sugar,4
T003613,Milk,3
T003614,Cheese,4
T003614,Butter,4
T003614,Yogurt,3
T003614,Rice,4
T003614,Chicken,2
T003614,Beef,4
T003614,Tomatoes,2
T003615,Cheese,3
T003615,Tea,4
T003616,Sugar,2
T003616,Tea,2
T003616,Yogurt,2
T003616,Rice,3
T003616,Tomatoes,2
T003616,Onions,2
T003617,Butter,1
T003617,Tea,3
T003617,Milk,2
T003617,Bananas,2
T003617,Tomatoes,1
T003617,Bread,2
T003617,Onions,2
T003618,Eggs,4
T003618,Orange Juice,2
T003619,Cheese,1
T003620,Apples,1
T003620,Sugar,3
T003620,Eggs,3
T003620,Milk,1
T003620,Chicken,3
T003620,Coffee,1
T003620,Bread,3
T003621,Eggs,1
T003621,Beef,3
T003621,Onions,2
T003622,Eggs,2
T003622,Butter,2
T003622,Orange Juice,4
T003622,Yogurt,3
T003622,Milk,1
T003622,Bread,2
T003623,Sugar,3
T003623,Cheese,2
T003623,Butter,4
T003623,Orange Juice,2
T003623,Beef,2
T003623,Bread,3
T003624,Butter,2
T003624,Eggs,4
T003624,Bread,1
T003624,Milk,2
T003625,Orange Juice,1
T003626,Tomatoes,1
T003626,Butter,4
T003627,Tomatoes,4
T003628,Pasta,4
T003628,Coffee,1
T003628,Bread,4
T003628,Tomatoes,2
T003628,Onions,1
T003629,Cheese,3
T003629,Eggs,1
T003629,Butter,2
T003629,Orange Juice,3
T003629,Yogurt,1
T003629,Milk,2
T003629,Bread,1
T003630,Cheese,3
T003630,Sugar,4
T003630,Butter,2
T003630,Coffee,4
T003630,Onions,1
T003631,Cheese,2
T003631,Sugar,2
T003631,Milk,3
T003631,Beef,4
T003631,Flour,4
T003631,Coffee,3
T003631,Tomatoes,3
T003631,Onions,3
T003632,Apples,3
T003632,Eggs,3
T003632,Yogurt,2
T003633,Apples,4
T003633,Cheese,1
T003633,Tea,2
T003633,Rice,1
T003633,Chicken,2
T003633,Flour,1
T003634,Sugar,1
T003634,Eggs,1
T003634,Cheese,3
T003634,Butter,1
T003634,Chicken,2
T003634,Bread,2
T003635,Sugar,2
T003635,Rice,1
T003635,Yogurt,4
T003635,Chicken,1
T003635,Beef,4
T003635,Flour,3
T003635,Bread,1
T003636,Rice,4
T003636,Yogurt,3
T003636,Flour,3
T003637,Rice,2
T003637,Tomatoes,4
T003637,Pasta,1
T003637,Onions,1
T003638,Apples,2
T003638,Sugar,3
T003638,Eggs,3
T003638,Orange Juice,2
T003638,Tea,4
T003638,Chicken,2
T003638,Flour,4
T003638,Bread,3
T003639,Butter,1
T003640,Eggs,2
T003641,Sugar,3
T003641,Cheese,3
T003641,Butter,2
T003641,Beef,1
T003641,Bananas,2
T003642,Cheese,3
T003642,Butter,3
T003643,Cheese,1
T003643,Eggs,4
T003643,Tea,1
T003643,Rice,3
T003643,Milk,3
T003643,Beef,1
T003643,Coffee,1
T003644,Tomatoes,3
T003644,Bread,1
T003644,Sugar,1
T003644,Rice,2
T003645,Tomatoes,2
T003646,Apples,2
T003646,Sugar,4
T003646,Pasta,3
T003646,Flour,2
T003646,Coffee,2
T003646,Tomatoes,3
T003646,Onions,2
T003647,Butter,2
T003647,Yogurt,4
T003647,Milk,2
T003647,Chicken,1
T003647,Beef,2
T003647,Tomatoes,1
T003647,Bread,2
T003647,Onions,2
T003648,Eggs,1
T003648,Tea,3
T003649,Sugar,4
T003649,Butter,4
T003649,Beef,1
T003650,Apples,3
T003650,Sugar,4
T003650,Rice,2
T003650,Milk,1
T003650,Chicken,2
T003650,Coffee,4
T003650,Tomatoes,2
T003651,Eggs,3
T003651,Rice,4
T003652,Apples,2
T003652,Cheese,2
T003652,Eggs,2
T003652,Tea,3
T003652,Rice,2
T003652,Flour,1
T003653,Sugar,1
T003653,Cheese,2
T003653,Rice,1
T003653,Tea,2
T003654,Sugar,2
T003654,Butter,1
T003654,Orange Juice,1
T003654,Rice,3
T003654,Milk,2
T003654,Chicken,3
T003654,Bread,4
T003655,Cheese,4
T003655,Eggs,1
T003655,Butter,4
T003655,Orange Juice,3
T003655,Rice,3
T003655,Milk,1
T003655,Beef,1
T003655,Tomatoes,4
T003655,Bread,3
T003656,Tea,3
T003657,Butter,1
T003657,Rice,2
T003657,Pasta,1
T003657,Milk,3
T003657,Chicken,2
T003657,Beef,1
T003657,Tomatoes,4
T003657,Bread,4
T003658,Apples,4
T003658,Coffee,4
T003658,Beef,3
T003659,Eggs,2
T003659,Butter,2
T003659,Orange Juice,3
T003659,Rice,1
T003659,Tomatoes,4
T003659,Onions,4
T003660,Sugar,2
T003660,Eggs,3
T003660,Butter,2
T003660,Tea,1
T003660,Pasta,1
T003660,Bananas,1
T003660,Tomatoes,4
T003661,Apples,4
T003661,Sugar,1
T003661,Eggs,3
T003661,Orange Juice,3
T003661,Bananas,1
T003661,Bread,2
T003662,Coffee,1
T003662,Butter,4
T003662,Tea,2
T003663,Apples,3
T003663,Bananas,4
T003663,Tea,4
T003664,Orange Juice,3
T003664,Pasta,1
T003664,Beef,1
T003664,Tomatoes,1
T003664,Onions,2
T003665,Apples,3
T003665,Orange Juice,2
T003665,Tea,1
T003665,Pasta,1
T003665,Tomatoes,2
T003666,Cheese,1
T003666,Eggs,2
T003666,Butter,2
T003666,Beef,2
T003666,Flour,2
T003666,Tomatoes,4
T003666,Bread,2
T003667,Flour,4
T003667,Eggs,1
T003667,Milk,2
T003668,Rice,1
T003668,Beef,3
T003669,Apples,4
T003669,Eggs,1
T003669,Butter,3
T003669,Orange Juice,1
T003669,Pasta,2
T003669,Milk,1
T003669,Coffee,1
T003669,Bread,1
T003669,Tomatoes,3
T003669,Onions,4
T003670,Flour,3
T003670,Eggs,1
T003670,Beef,2
T003671,Cheese,1
T003671,Butter,4
T003671,Orange Juice,4
T003671,Rice,1
T003671,Milk,4
T003671,Yogurt,1
T003671,Flour,2
T003671,Bread,4
T003672,Coffee,2
T003673,Butter,4
T003673,Tea,3
T003674,Apples,3
T003674,Eggs,3
T003674,Butter,3
T003674,Milk,3
T003674,Chicken,2
T003674,Tomatoes,2
T003674,Bread,3
T003675,Apples,3
T003675,Yogurt,3
T003675,Milk,3
T003675,Bananas,2
T003675,Coffee,3
T003676,Beef,1
T003676,Tea,3
T003677,Flour,4
T003677,Apples,2
T003677,Sugar,1
T003678,Chicken,2
T003678,Tomatoes,2
T003678,Onions,1
T003678,Tea,2
T003679,Sugar,1
T003679,Pasta,1
T003679,Milk,1
T003679,Chicken,3
T003679,Coffee,4
T003679,Tomatoes,4
T003679,Onions,2
T003680,Cheese,1
T003680,Eggs,1
T003680,Orange Juice,3
T003680,Milk,4
T003680,Beef,1
T003680,Flour,1
T003680,Bread,1
T003680,Onions,1
T003681,Coffee,1
T003681,Bread,2
T003681,Butter,4
T003681,Milk,4
T003682,Cheese,4
T003682,Eggs,3
T003682,Butter,4
T003682,Milk,2
T003682,Bananas,3
T003682,Onions,1
T003683,Sugar,3
T003683,Tea,3
T003683,Yogurt,2
T003683,Pasta,3
T003683,Tomatoes,4
T003683,Onions,2
T003684,Cheese,1
T003684,Onions,1
T003685,Cheese,3
T003685,Eggs,4
T003685,Butter,1
T003685,Orange Juice,4
T003685,Rice,4
T003685,Milk,4
T003685,Bread,4
T003686,Flour,2
T003686,Butter,2
T003686,Bread,1
T003686,Onions,2
T003687,Orange Juice,1
T003688,Apples,4
T003688,Sugar,2
T003688,Orange Juice,3
T003688,Rice,2
T003688,Pasta,3
T003688,Beef,1
T003688,Tomatoes,4
T003688,Onions,2
T003689,Eggs,3
T003689,Orange Juice,4
T003689,Pasta,4
T003689,Milk,3
T003689,Chicken,4
T003689,Beef,4
T003689,Onions,3
T003690,Eggs,2
T003690,Butter,2
T003690,Tea,3
T003690,Yogurt,4
T003690,Milk,4
T003690,Flour,1
T003690,Bread,4
T003691,Eggs,4
T003691,Butter,1
T003691,Milk,1
T003691,Tomatoes,2
T003691,Bread,2
T003692,Apples,3
T003692,Eggs,4
T003692,Tea,4
T003692,Rice,1
T003692,Pasta,1
T003692,Chicken,3
T003692,Beef,2
T003692,Onions,4
T003693,Sugar,4
T003693,Eggs,3
T003693,Butter,2
T003693,Milk,2
T003693,Flour,4
T003693,Bread,3
T003693,Onions,4
T003694,Sugar,3
T003694,Tomatoes,1
T003694,Onions,4
T003695,Sugar,2
T003695,Eggs,2
T003695,Butter,3
T003695,Tea,1
T003695,Milk,4
T003695,Chicken,4
T003695,Bread,2
T003696,Sugar,1
T003696,Cheese,1
T003696,Orange Juice,3
T003696,Tea,2
T003696,Rice,4
T003696,Flour,4
T003696,Tomatoes,4
T003697,Pasta,4
T003698,Cheese,2
T003698,Eggs,2
T003698,Butter,2
T003698,Rice,1
T003698,Yogurt,3
T003698,Milk,2
T003698,Beef,4
T003698,Bread,2
T003699,Tomatoes,1
T003699,Rice,1
T003700,Cheese,4
T003700,Eggs,4
T003700,Orange Juice,1
T003700,Pasta,1
T003700,Milk,4
T003700,Tomatoes,3
T003700,Bread,2
T003701,Eggs,1
T003702,Cheese,1
T003702,Sugar,4
T003702,Orange Juice,4
T003702,Chicken,4
T003702,Beef,1
T003702,Flour,2
T003703,Apples,2
T003703,Bananas,3
T003703,Eggs,2
T003703,Beef,3
T003704,Coffee,2
T003704,Butter,1
T003704,Tomatoes,3
T003704,Sugar,2
T003705,Chicken,2
T003705,Coffee,4
T003705,Yogurt,2
T003705,Milk,2
T003706,Cheese,3
T003706,Eggs,4
T003706,Onions,3
T003706,Tea,3
T003707,Apples,2
T003707,Yogurt,1
T003707,Rice,3
T003707,Bananas,4
T003707,Onions,2
T003708,Sugar,3
T003708,Butter,3
T003708,Milk,4
T003708,Coffee,1
T003708,Onions,1
T003709,Sugar,2
T003709,Eggs,2
T003709,Milk,3
T003710,Bananas,4
T003710,Eggs,2
T003710,Orange Juice,4
T003711,Apples,2
T003711,Cheese,4
T003711,Butter,3
T003711,Tea,1
T003711,Rice,2
T003711,Chicken,1
T003711,Bread,2
T003712,Apples,3
T003712,Butter,1
T003712,Orange Juice,3
T003712,Rice,3
T003712,Beef,3
T003712,Tomatoes,1
T003713,Eggs,2
T003713,Rice,4
T003713,Pasta,4
T003713,Milk,1
T003713,Bananas,2
T003713,Tomatoes,2
T003713,Bread,1
T003713,Onions,3
T003714,Sugar,1
T003714,Pasta,2
T003714,Bananas,3
T003714,Coffee,4
T003714,Tomatoes,2
T003714,Onions,2
T003715,Flour,1
T003715,Bananas,4
T003715,Orange Juice,1
T003716,Butter,3
T003716,Bread,2
T003717,Chicken,2
T003717,Coffee,3
T003717,Sugar,2
T003717,Onions,1
T003718,Eggs,4
T003718,Butter,4
T003718,Tea,3
T003718,Milk,3
T003718,Bread,4
T003719,Onions,2
T003720,Yogurt,2
T003720,Cheese,4
T003720,Eggs,2
T003720,Beef,2
T003721,Eggs,4
T003721,Butter,3
T003721,Tea,4
T003721,Rice,3
T003721,Milk,3
T003721,Beef,2
T003721,Bread,4
T003722,Sugar,4
T003722,Eggs,3
T003722,Tea,2
T003722,Milk,1
T003722,Bananas,4
T003722,Bread,3
T003722,Onions,1
T003723,Cheese,1
T003723,Orange Juice,1
T003723,Tomatoes,2
T003723,Bread,2
T003723,Onions,1
T003724,Sugar,1
T003724,Eggs,4
T003725,Sugar,2
T003725,Eggs,3
T003725,Pasta,2
T003725,Chicken,4
T003725,Beef,3
T003725,Coffee,3
T003725,Bread,1
T003725,Onions,4
T003726,Apples,2
T003726,Cheese,3
T003726,Pasta,2
T003726,Flour,4
T003726,Bread,1
T003727,Apples,4
T003727,Sugar,4
T003727,Cheese,3
T003727,Butter,4
T003727,Flour,4
T003727,Bananas,1
T003727,Onions,4
T003728,Sugar,4
T003728,Eggs,2
T003728,Butter,1
T003728,Tomatoes,2
T003729,Chicken,3
T003729,Bananas,2
T003729,Tomatoes,3
T003730,Cheese,1
T003730,Sugar,1
T003730,Orange Juice,3
T003730,Rice,1
T003730,Yogurt,1
T003730,Flour,2
T003730,Coffee,2
T003731,Sugar,4
T003731,Tomatoes,4
T003731,Yogurt,2
T003731,Onions,4
T003732,Eggs,1
T003732,Orange Juice,2
T003732,Tea,3
T003732,Tomatoes,1
T003732,Bread,4
T003732,Onions,3
T003733,Sugar,1
T003733,Tea,1
T003733,Beef,4
T003733,Coffee,4
T003733,Onions,1
T003734,Eggs,2
T003734,Butter,4
T003734,Orange Juice,4
T003734,Milk,1
T003734,Tomatoes,3
T003735,Sugar,3
T003735,Butter,2
T003735,Tea,3
T003735,Rice,3
T003735,Flour,3
T003735,Bananas,4
T003736,Cheese,1
T003736,Butter,4
T003736,Beef,1
T003736,Pasta,4
T003737,Apples,4
T003737,Butter,1
T003737,Pasta,4
T003737,Bananas,4
T003737,Tomatoes,3
T003737,Onions,2
T003738,Bananas,4
T003738,Butter,4
T003738,Rice,4
T003739,Eggs,1
T003739,Butter,3
T003739,Tea,4
T003739,Rice,1
T003739,Beef,3
T003739,Bread,1
T003740,Eggs,2
T003740,Yogurt,3
T003740,Milk,4
T003740,Coffee,2
T003740,Bread,2
T003740,Tomatoes,2
T003741,Sugar,2
T003741,Cheese,2
T003741,Butter,4
T003741,Eggs,4
T003741,Rice,4
T003741,Tomatoes,2
T003741,Bread,3
T003742,Eggs,3
T003742,Milk,2
T003742,Bread,2
T003742,Tea,2
T003743,Apples,2
T003743,Butter,3
T003743,Rice,4
T003743,Onions,1
T003744,Tomatoes,2
T003744,Bread,3
T003744,Onions,1
T003745,Eggs,2
T003745,Tea,1
T003746,Apples,2
T003746,Sugar,4
T003746,Eggs,4
T003746,Butter,1
T003746,Yogurt,1
T003746,Milk,3
T003746,Beef,4
T003746,Coffee,1
T003746,Bread,3
T003747,Coffee,4
T003747,Sugar,3
T003747,Milk,1
T003748,Cheese,4
T003748,Eggs,2
T003748,Butter,1
T003748,Yogurt,3
T003748,Milk,3
T003748,Bananas,1
T003748,Bread,3
T003749,Apples,3
T003749,Cheese,4
T003749,Tea,1
T003749,Rice,1
T003749,Yogurt,4
T003749,Chicken,4
T003749,Tomatoes,3
T003750,Cheese,4
T003751,Rice,2
T003752,Apples,1
T003752,Butter,3
T003752,Orange Juice,1
T003752,Tea,4
T003752,Chicken,4
T003752,Beef,2
T003752,Bananas,3
T003753,Chicken,3
T003753,Tomatoes,4
T003754,Tomatoes,2
T003754,Yogurt,3
T003754,Rice,1
T003755,Apples,2
T003755,Butter,2
T003755,Yogurt,1
T003755,Milk,3
T003755,Bread,1
T003756,Apples,1
T003756,Sugar,4
T003756,Eggs,2
T003756,Orange Juice,4
T003756,Rice,1
T003756,Yogurt,2
T003756,Milk,1
T003756,Beef,2
T003756,Bread,4
T003757,Butter,3
T003757,Tea,1
T003757,Yogurt,4
T003757,Pasta,4
T003757,Chicken,4
T003757,Tomatoes,4
T003758,Bananas,1
T003758,Sugar,3
T003758,Bread,2
T003758,Tomatoes,3
T003759,Chicken,2
T003759,Sugar,1
T003759,Yogurt,3
T003760,Butter,4
T003760,Tea,1
T003760,Pasta,3
T003760,Rice,1
T003760,Chicken,1
T003760,Coffee,3
T003760,Tomatoes,3
T003760,Onions,2
T003761,Flour,4
T003761,Tomatoes,4
T003761,Cheese,1
T003761,Beef,2
T003762,Eggs,2
T003762,Bread,3
T003763,Apples,2
T003763,Sugar,2
T003763,Tea,4
T003763,Pasta,2
T003763,Flour,4
T003763,Tomatoes,3
T003764,Apples,3
T003764,Eggs,1
T003764,Pasta,4
T003764,Bananas,3
T003764,Tomatoes,2
T003764,Bread,3
T003764,Onions,3
T003765,Bananas,4
T003766,Sugar,2
T003766,Cheese,4
T003766,Eggs,4
T003766,Tea,1
T003766,Rice,3
T003766,Chicken,1
T003766,Bread,3
T003766,Onions,1
T003767,Sugar,3
T003767,Eggs,2
T003767,Bread,3
T003767,Onions,3
T003768,Chicken,3
T003769,Sugar,2
T003769,Eggs,4
T003769,Butter,3
T003769,Pasta,1
T003769,Milk,3
T003769,Coffee,4
T003769,Bread,1
T003769,Tomatoes,3
T003769,Onions,3
T003770,Eggs,2
T003770,Yogurt,2
T003771,Apples,3
T003772,Butter,2
T003772,Orange Juice,2
T003772,Pasta,4
T003772,Milk,4
T003772,Chicken,2
T003772,Yogurt,3
T003772,Bananas,1
T003772,Onions,3
T003773,Apples,1
T003773,Bananas,2
T003773,Butter,2
T003774,Sugar,3
T003774,Eggs,2
T003774,Butter,2
T003774,Orange Juice,3
T003774,Tea,2
T003774,Rice,1
T003774,Milk,2
T003774,Bananas,1
T003774,Coffee,4
T003775,Flour,4
T003775,Apples,3
T003775,Butter,4
T003775,Bread,4
T003776,Apples,2
T003776,Sugar,2
T003776,Eggs,1
T003776,Orange Juice,1
T003776,Milk,3
T003776,Bananas,1
T003776,Coffee,2
T003776,Onions,3
T003777,Flour,4
T003777,Cheese,2
T003777,Orange Juice,3
T003777,Yogurt,3
T003778,Butter,4
T003778,Rice,4
T003778,Tea,2
T003779,Cheese,3
T003779,Butter,1
T003779,Yogurt,4
T003779,Chicken,4
T003779,Bananas,4
T003779,Onions,4
T003780,Apples,1
T003780,Butter,3
T003780,Tea,4
T003781,Cheese,3
T003781,Eggs,3
T003781,Butter,3
T003781,Yogurt,2
T003781,Rice,1
T003781,Bananas,1
T003781,Tomatoes,1
T003781,Bread,1
T003782,Eggs,4
T003783,Apples,4
T003783,Sugar,1
T003783,Eggs,3
T003783,Butter,2
T003783,Orange Juice,2
T003783,Rice,3
T003783,Milk,4
T003783,Bread,3
T003784,Flour,1
T003784,Butter,1
T003784,Yogurt,1
T003784,Tea,3
T003785,Apples,3
T003785,Orange Juice,2
T003785,Pasta,1
T003785,Rice,3
T003785,Chicken,4
T003785,Beef,2
T003786,Chicken,3
T003786,Flour,2
T003786,Onions,3
T003786,Tea,3
T003787,Chicken,2
T003787,Tea,2
T003787,Onions,3
T003788,Apples,4
T003788,Eggs,3
T003788,Butter,1
T003788,Orange Juice,1
T003788,Tea,4
T003788,Coffee,3
T003788,Bread,4
T003788,Onions,1
T003789,Apples,4
T003789,Sugar,1
T003789,Butter,3
T003789,Orange Juice,4
T003789,Rice,4
T003789,Flour,2
T003789,Tomatoes,4
T003790,Sugar,1
T003790,Orange Juice,2
T003790,Rice,2
T003790,Pasta,4
T003790,Tomatoes,2
T003790,Onions,2
T003791,Tomatoes,4
T003791,Butter,2
T003791,Orange Juice,1
T003791,Beef,4
T003792,Cheese,1
T003792,Eggs,4
T003792,Butter,1
T003792,Rice,3
T003792,Milk,3
T003792,Beef,2
T003792,Bananas,1
T003792,Onions,3
T003793,Tomatoes,1
T003793,Pasta,3
T003793,Onions,1
T003794,Butter,1
T003794,Eggs,3
T003794,Bread,3
T003794,Tea,3
T003795,Coffee,1
T003795,Sugar,2
T003795,Orange Juice,2
T003795,Yogurt,1
T003796,Apples,3
T003796,Eggs,4
T003796,Butter,2
T003796,Orange Juice,2
T003796,Tomatoes,1
T003797,Apples,3
T003797,Sugar,1
T003797,Pasta,4
T003797,Rice,1
T003797,Bananas,4
T003797,Coffee,1
T003797,Onions,3
T003798,Chicken,1
T003798,Butter,1
T003799,Eggs,1
T003799,Orange Juice,2
T003799,Pasta,4
T003799,Milk,1
T003799,Chicken,4
T003799,Flour,4
T003799,Bananas,2
T003799,Tomatoes,3
T003799,Onions,2
T003800,Tomatoes,1
T003800,Pasta,3
T003801,Sugar,4
T003801,Cheese,2
T003801,Orange Juice,1
T003801,Milk,1
T003801,Coffee,1
T003802,Sugar,3
T003802,Eggs,1
T003802,Butter,2
T003802,Rice,4
T003802,Pasta,4
T003802,Bread,4
T003803,Eggs,3
T003803,Butter,3
T003803,Orange Juice,4
T003803,Pasta,1
T003803,Milk,4
T003803,Beef,1
T003803,Tomatoes,2
T003803,Bread,3
T003804,Chicken,2
T003804,Eggs,3
T003804,Rice,3
T003804,Tea,3
T003805,Cheese,3
T003805,Yogurt,1
T003805,Tea,2
T003806,Sugar,1
T003806,Orange Juice,3
T003806,Cheese,2
T003806,Onions,4
T003807,Orange Juice,3
T003807,Onions,4
T003808,Apples,4
T003808,Cheese,2
T003808,Butter,2
T003808,Rice,3
T003808,Coffee,3
T003808,Bread,1
T003808,Tomatoes,3
T003809,Apples,3
T003809,Bananas,3
T003810,Chicken,1
T003810,Rice,3
T003811,Cheese,2
T003812,Apples,1
T003812,Coffee,3
T003812,Cheese,3
T003812,Sugar,1
T003812,Orange Juice,4
T003812,Tomatoes,2
T003813,Flour,4
T003813,Bananas,2
T003813,Tomatoes,2
T003813,Rice,3
T003814,Cheese,1
T003814,Orange Juice,1
T003814,Rice,2
T003814,Yogurt,4
T003814,Onions,1
T003815,Flour,1
T003816,Chicken,3
T003816,Bananas,4
T003816,Tomatoes,4
T003817,Eggs,3
T003817,Butter,3
T003817,Pasta,1
T003817,Flour,2
T003817,Tomatoes,2
T003818,Sugar,4
T003818,Butter,1
T003818,Orange Juice,1
T003818,Yogurt,1
T003818,Chicken,4
T003818,Flour,4
T003818,Onions,3
T003819,Cheese,3
T003819,Tea,3
T003819,Pasta,4
T003819,Tomatoes,4
T003819,Onions,4
T003820,Apples,3
T003820,Eggs,4
T003820,Butter,1
T003820,Milk,4
T003820,Flour,3
T003820,Bananas,1
T003820,Bread,1
T003821,Apples,4
T003821,Coffee,1
T003821,Milk,1
T003821,Tea,3
T003822,Apples,4
T003822,Tomatoes,4
T003822,Rice,4
T003822,Onions,2
T003823,Sugar,4
T003823,Eggs,4
T003823,Butter,2
T003823,Chicken,4
T003823,Bread,2
T003823,Onions,2
T003824,Chicken,3
T003824,Apples,3
T003825,Cheese,1
T003825,Eggs,2
T003825,Butter,1
T003825,Orange Juice,1
T003825,Tea,3
T003825,Pasta,3
T003825,Bread,2
T003825,Onions,3
T003826,Orange Juice,2
T003827,Coffee,3
T003827,Milk,2
T003828,Apples,2
T003828,Bananas,1
T003828,Sugar,2
T003828,Orange Juice,1
T003829,Eggs,4
T003829,Orange Juice,4
T003829,Tea,1
T003829,Yogurt,2
T003829,Beef,4
T003830,Bananas,2
T003830,Butter,2
T003831,Coffee,1
T003832,Cheese,4
T003832,Sugar,3
T003832,Tea,2
T003832,Milk,1
T003832,Beef,2
T003832,Flour,4
T003832,Coffee,1
T003832,Onions,4
T003833,Apples,4
T003833,Eggs,1
T003833,Butter,3
T003833,Yogurt,2
T003833,Chicken,1
T003833,Bread,4
T003834,Apples,3
T003834,Cheese,1
T003834,Eggs,1
T003834,Pasta,2
T003834,Milk,1
T003834,Bananas,2
T003834,Bread,4
T003834,Onions,1
T003835,Apples,1
T003835,Eggs,4
T003835,Tea,2
T003835,Milk,3
T003835,Bread,2
T003835,Onions,1
T003836,Flour,1
T003836,Butter,4
T003836,Orange Juice,2
T003836,Chicken,1
T003837,Flour,3
T003837,Sugar,2
T003837,Yogurt,2
T003838,Apples,1
T003838,Cheese,4
T003838,Butter,2
T003838,Tea,2
T003839,Sugar,2
T003840,Butter,1
T003840,Milk,4
T003840,Tomatoes,2
T003840,Bread,4
T003840,Onions,1
T003841,Tomatoes,3
T003841,Cheese,2
T003842,Apples,1
T003842,Eggs,4
T003842,Milk,3
T003842,Bread,2
T003842,Onions,1
T003843,Butter,3
T003843,Tea,1
T003843,Milk,3
T003843,Flour,1
T003843,Bananas,4
T003843,Coffee,4
T003843,Bread,1
T003843,Onions,3
T003844,Sugar,1
T003845,Bananas,4
T003845,Beef,4
T003846,Apples,3
T003846,Eggs,4
T003846,Orange Juice,2
T003846,Pasta,3
T003846,Beef,2
T003846,Flour,4
T003846,Onions,4
T003847,Eggs,1
T003847,Milk,2
T003847,Chicken,3
T003847,Flour,4
T003847,Tomatoes,4
T003847,Bread,1
T003848,Flour,1
T003848,Rice,3
T003848,Pasta,1
T003848,Onions,1
T003849,Cheese,4
T003849,Butter,3
T003849,Rice,1
T003850,Cheese,3
T003850,Butter,2
T003850,Tea,1
T003850,Chicken,4
T003850,Flour,3
T003851,Coffee,2
T003851,Sugar,2
T003851,Eggs,1
T003851,Orange Juice,2
T003851,Milk,2
T003851,Chicken,4
T003851,Tomatoes,2
T003852,Bread,1
T003853,Butter,3
T003853,Bread,4
T003853,Beef,3
T003854,Beef,2
T003855,Sugar,1
T003855,Yogurt,2
T003856,Bananas,3
T003856,Orange Juice,2
T003856,Yogurt,3
T003857,Eggs,2
T003857,Rice,1
T003858,Sugar,2
T003858,Tea,2
T003858,Coffee,4
T003858,Tomatoes,4
T003858,Onions,2
T003859,Coffee,3
T003859,Pasta,3
T003860,Cheese,1
T003860,Sugar,4
T003860,Eggs,1
T003860,Butter,4
T003860,Yogurt,4
T003860,Rice,1
T003860,Milk,2
T003860,Chicken,4
T003860,Flour,3
T003860,Bread,1
T003861,Flour,3
T003862,Tomatoes,3
T003862,Sugar,4
T003862,Cheese,4
T003862,Onions,4
T003863,Yogurt,1
T003863,Tea,4
T003864,Flour,1
T003864,Bread,2
T003865,Sugar,3
T003865,Eggs,4
T003865,Orange Juice,4
T003865,Tea,4
T003865,Milk,4
T003865,Chicken,3
T003865,Bananas,2
T003865,Coffee,4
T003865,Bread,4
T003866,Cheese,2
T003866,Eggs,2
T003866,Butter,3
T003866,Beef,4
T003866,Flour,1
T003867,Bananas,2
T003868,Chicken,1
T003869,Pasta,2
T003869,Beef,3
T003870,Apples,4
T003870,Sugar,2
T003870,Butter,4
T003870,Orange Juice,1
T003870,Rice,2
T003870,Flour,2
T003870,Coffee,4
T003870,Bread,4
T003871,Butter,3
T003871,Onions,1
T003871,Milk,1
T003872,Sugar,4
T003872,Cheese,1
T003872,Butter,4
T003872,Orange Juice,1
T003872,Eggs,2
T003872,Tea,3
T003872,Rice,1
T003872,Bread,3
T003873,Sugar,2
T003873,Eggs,4
T003873,Butter,2
T003873,Rice,4
T003873,Milk,1
T003874,Cheese,4
T003874,Eggs,3
T003874,Butter,1
T003874,Pasta,1
T003874,Beef,4
T003874,Tomatoes,1
T003874,Bread,2
T003874,Onions,3
T003875,Flour,2
T003875,Cheese,4
T003875,Pasta,2
T003876,Onions,4
T003877,Tomatoes,2
T003877,Yogurt,2
T003877,Beef,1
T003877,Tea,3
T003878,Sugar,2
T003878,Rice,1
T003879,Eggs,3
T003879,Butter,3
T003879,Tea,4
T003879,Rice,4
T003879,Pasta,3
T003879,Milk,2
T003879,Tomatoes,4
T003879,Onions,3
T003880,Pasta,3
T003880,Milk,4
T003880,Chicken,3
T003880,Coffee,2
T003880,Tomatoes,2
T003880,Onions,2
T003881,Cheese,3
T003881,Sugar,1
T003881,Butter,1
T003881,Beef,1
T003881,Coffee,4
T003881,Onions,1
T003882,Flour,3
T003882,Butter,4
T003882,Bread,1
T003882,Sugar,4
T003883,Sugar,4
T003883,Butter,4
T003883,Chicken,1
T003883,Beef,2
T003883,Tomatoes,1
T003884,Coffee,3
T003884,Cheese,1
T003884,Sugar,4
T003884,Butter,4
T003884,Milk,3
T003884,Flour,3
T003884,Tomatoes,3
T003884,Bread,2
T003885,Tea,2
T003886,Eggs,2
T003886,Butter,3
T003886,Milk,4
T003886,Flour,2
T003886,Tomatoes,4
T003886,Bread,1
T003887,Coffee,1
T003887,Milk,4
T003887,Onions,3
T003888,Milk,4
T003889,Butter,2
T003889,Orange Juice,4
T003889,Pasta,3
T003889,Flour,1
T003889,Onions,4
T003890,Eggs,3
T003890,Beef,1
T003891,Pasta,1
T003892,Butter,1
T003892,Orange Juice,1
T003892,Milk,3
T003892,Flour,4
T003892,Bananas,4
T003892,Bread,3
T003893,Cheese,3
T003893,Eggs,1
T003893,Butter,1
T003893,Tea,4
T003893,Milk,1
T003893,Bananas,4
T003893,Coffee,4
T003893,Bread,4
T003894,Sugar,2
T003894,Eggs,2
T003894,Tea,1
T003894,Rice,1
T003894,Milk,3
T003894,Flour,4
T003895,Butter,3
T003895,Orange Juice,2
T003895,Pasta,3
T003895,Yogurt,2
T003895,Beef,4
T003895,Tomatoes,1
T003895,Bread,1
T003895,Onions,3
T003896,Apples,2
T003896,Sugar,4
T003896,Coffee,4
T003896,Milk,4
T003897,Apples,2
T003897,Flour,3
T003897,Onions,3
T003898,Apples,1
T003898,Rice,4
T003898,Flour,1
T003899,Eggs,1
T003899,Butter,3
T003899,Orange Juice,1
T003899,Tea,3
T003899,Rice,1
T003899,Milk,4
T003899,Yogurt,1
T003899,Tomatoes,2
T003899,Bread,3
T003900,Cheese,4
T003900,Eggs,2
T003900,Sugar,2
T003900,Butter,1
T003900,Milk,4
T003900,Bread,1
T003901,Eggs,3
T003901,Butter,2
T003901,Yogurt,3
T003901,Flour,3
T003901,Coffee,3
T003902,Eggs,4
T003902,Bread,4
T003902,Yogurt,2
T003903,Sugar,3
T003903,Eggs,3
T003903,Butter,2
T003903,Coffee,4
T003903,Bread,4
T003903,Tomatoes,1
T003904,Cheese,4
T003904,Pasta,4
T003904,Yogurt,3
T003904,Rice,4
T003904,Bananas,2
T003904,Tomatoes,2
T003904,Onions,3
T003905,Sugar,2
T003905,Eggs,2
T003905,Butter,4
T003905,Rice,4
T003905,Milk,1
T003905,Tomatoes,2
T003905,Bread,3
T003906,Cheese,1
T003906,Eggs,3
T003906,Tea,2
T003906,Rice,4
T003906,Beef,1
T003906,Bananas,2
T003906,Bread,1
T003907,Apples,4
T003907,Butter,4
T003907,Yogurt,2
T003908,Sugar,4
T003908,Eggs,1
T003908,Butter,4
T003908,Rice,2
T003908,Milk,3
T003908,Beef,3
T003908,Flour,3
T003908,Bananas,4
T003908,Onions,3
T003909,Tea,4
T003910,Apples,4
T003910,Cheese,2
T003910,Orange Juice,3
T003910,Milk,2
T003910,Chicken,3
T003910,Flour,2
T003910,Coffee,3
T003911,Sugar,2
T003911,Eggs,2
T003911,Orange Juice,2
T003911,Pasta,1
T003911,Milk,1
T003911,Chicken,4
T003911,Coffee,3
T003911,Onions,3
T003912,Orange Juice,3
T003913,Sugar,1
T003913,Butter,2
T003913,Rice,4
T003913,Pasta,1
T003913,Milk,1
T003913,Flour,4
T003913,Coffee,3
T003913,Tomatoes,3
T003913,Onions,2
T003914,Rice,1
T003915,Eggs,1
T003915,Butter,4
T003915,Orange Juice,2
T003915,Yogurt,2
T003915,Milk,2
T003915,Coffee,2
T003916,Sugar,1
T003916,Eggs,2
T003916,Butter,3
T003916,Pasta,3
T003916,Chicken,3
T003916,Tomatoes,4
T003917,Cheese,4
T003917,Eggs,1
T003917,Butter,1
T003917,Milk,4
T003917,Bananas,3
T003917,Tomatoes,3
T003917,Bread,2
T003918,Sugar,4
T003918,Butter,1
T003918,Tea,4
T003918,Pasta,3
T003918,Beef,2
T003918,Coffee,2
T003918,Tomatoes,1
T003919,Butter,1
T003919,Tea,2
T003919,Yogurt,4
T003919,Bananas,3
T003919,Tomatoes,2
T003919,Onions,4
T003920,Cheese,2
T003920,Tea,4
T003920,Beef,1
T003920,Flour,3
T003920,Tomatoes,2
T003920,Onions,3
T003921,Apples,4
T003921,Flour,1
T003922,Flour,1
T003922,Tomatoes,1
T003922,Onions,1
T003923,Tea,2
T003923,Rice,2
T003923,Chicken,2
T003923,Bananas,1
T003923,Tomatoes,2
T003924,Cheese,4
T003924,Butter,2
T003924,Chicken,4
T003924,Beef,2
T003924,Bananas,4
T003924,Tomatoes,3
T003925,Eggs,1
T003925,Butter,1
T003925,Orange Juice,1
T003925,Pasta,2
T003925,Beef,4
T003925,Tomatoes,4
T003925,Onions,4
T003926,Sugar,1
T003926,Tea,3
T003926,Yogurt,2
T003926,Milk,3
T003926,Coffee,1
T003926,Tomatoes,2
T003926,Onions,3
T003927,Apples,2
T003927,Cheese,2
T003927,Tea,1
T003927,Yogurt,2
T003927,Rice,4
T003927,Chicken,1
T003927,Onions,3
T003928,Bananas,1
T003928,Rice,4
T003929,Cheese,3
T003929,Orange Juice,3
T003929,Flour,2
T003929,Bananas,3
T003929,Onions,1
T003930,Apples,2
T003930,Pasta,4
T003930,Milk,1
T003930,Flour,4
T003930,Bananas,3
T003930,Coffee,4
T003930,Tomatoes,1
T003930,Onions,2
T003931,Pasta,2
T003931,Yogurt,1
T003931,Rice,1
T003931,Tomatoes,1
T003931,Onions,4
T003932,Sugar,1
T003932,Eggs,1
T003932,Butter,4
T003932,Tea,2
T003932,Milk,3
T003932,Bread,4
T003933,Butter,2
T003933,Milk,4
T003933,Flour,2
T003933,Tomatoes,3
T003933,Bread,4
T003934,Cheese,4
T003934,Eggs,2
T003934,Butter,2
T003934,Yogurt,4
T003934,Milk,3
T003934,Chicken,3
T003934,Coffee,2
T003934,Bread,3
T003935,Tomatoes,3
T003935,Pasta,3
T003936,Eggs,4
T003936,Rice,4
T003936,Onions,4
T003937,Cheese,4
T003937,Butter,3
T003937,Yogurt,3
T003937,Pasta,2
T003937,Tomatoes,4
T003937,Bread,2
T003937,Onions,1
T003938,Flour,4
T003938,Sugar,3
T003938,Orange Juice,2
T003939,Cheese,1
T003939,Eggs,3
T003939,Butter,4
T003939,Pasta,2
T003939,Rice,4
T003939,Milk,2
T003939,Tomatoes,3
T003939,Bread,4
T003939,Onions,4
T003940,Bananas,3
T003940,Onions,1
T003941,Flour,2
T003941,Tomatoes,4
T003941,Butter,2
T003942,Chicken,3
T003942,Tomatoes,4
T003942,Orange Juice,3
T003942,Beef,1
T003943,Cheese,1
T003943,Butter,4
T003943,Milk,4
T003943,Bananas,1
T003943,Bread,4
T003944,Eggs,3
T003944,Pasta,1
T003944,Milk,1
T003944,Coffee,1
T003944,Bread,1
T003944,Tomatoes,3
T003945,Apples,2
T003945,Cheese,4
T003945,Flour,4
T003946,Orange Juice,4
T003947,Apples,1
T003947,Tomatoes,3
T003947,Beef,1
T003947,Flour,3
T003948,Eggs,1
T003948,Butter,2
T003948,Orange Juice,4
T003948,Yogurt,1
T003948,Milk,3
T003948,Chicken,1
T003948,Flour,1
T003948,Bread,4
T003949,Coffee,4
T003949,Cheese,2
T003949,Butter,4
T003949,Orange Juice,4
T003949,Pasta,2
T003949,Milk,4
T003949,Tomatoes,1
T003949,Bread,3
T003949,Onions,4
T003950,Pasta,1
T003950,Milk,2
T003950,Tomatoes,3
T003950,Bread,2
T003950,Onions,1
T003951,Milk,4
T003951,Bread,1
T003951,Tea,3
T003952,Cheese,4
T003952,Orange Juice,4
T003952,Beef,3
T003953,Flour,4
T003954,Sugar,4
T003954,Eggs,3
T003954,Butter,1
T003954,Tea,2
T003954,Milk,2
T003954,Onions,3
T003955,Eggs,3
T003955,Butter,4
T003955,Yogurt,2
T003955,Milk,1
T003956,Apples,3
T003956,Eggs,1
T003956,Rice,4
T003956,Milk,4
T003956,Tomatoes,2
T003957,Eggs,2
T003957,Butter,2
T003957,Orange Juice,1
T003957,Tea,3
T003957,Milk,3
T003957,Chicken,1
T003957,Bread,3
T003958,Apples,1
T003958,Pasta,2
T003958,Rice,3
T003958,Tomatoes,1
T003958,Onions,2
T003959,Bananas,1
T003959,Pasta,4
T003959,Orange Juice,3
T003959,Rice,4
T003960,Beef,1
T003960,Butter,4
T003960,Rice,4
T003961,Sugar,2
T003961,Butter,1
T003961,Orange Juice,1
T003961,Chicken,3
T003961,Tomatoes,2
T003961,Onions,1
T003962,Cheese,1
T003962,Eggs,3
T003962,Butter,2
T003962,Tea,1
T003962,Yogurt,4
T003962,Bread,3
T003962,Onions,2
T003963,Sugar,2
T003963,Beef,4
T003964,Eggs,3
T003964,Butter,4
T003964,Orange Juice,4
T003964,Tea,2
T003964,Rice,4
T003964,Bread,1
T003964,Onions,2
T003965,Apples,4
T003965,Eggs,1
T003965,Butter,3
T003965,Milk,3
T003965,Beef,2
T003965,Bread,4
T003966,Eggs,1
T003966,Orange Juice,4
T003966,Tea,4
T003966,Chicken,4
T003966,Bananas,1
T003966,Bread,3
T003966,Onions,3
T003967,Orange Juice,3
T003967,Pasta,1
T003967,Rice,3
T003967,Milk,1
T003967,Bananas,3
T003967,Coffee,3
T003967,Tomatoes,4
T003968,Apples,1
T003968,Tomatoes,4
T003968,Orange Juice,3
T003968,Pasta,3
T003969,Apples,1
T003969,Cheese,1
T003969,Sugar,4
T003969,Eggs,4
T003969,Butter,3
T003969,Pasta,1
T003969,Milk,1
T003969,Coffee,3
T003969,Onions,1
T003970,Sugar,3
T003970,Orange Juice,4
T003970,Milk,4
T003970,Chicken,3
T003970,Bananas,3
T003970,Coffee,1
T003971,Sugar,2
T003971,Eggs,2
T003972,Butter,1
T003972,Beef,2
T003972,Tea,2
T003973,Coffee,2
T003973,Sugar,3
T003973,Orange Juice,3
T003973,Cheese,1
T003974,Chicken,4
T003974,Tomatoes,4
T003974,Butter,4
T003974,Beef,2
T003975,Apples,1
T003975,Sugar,4
T003975,Butter,1
T003975,Orange Juice,1
T003975,Rice,2
T003975,Coffee,4
T003975,Tomatoes,3
T003975,Onions,2
T003976,Apples,4
T003976,Sugar,2
T003976,Eggs,4
T003976,Tea,4
T003976,Yogurt,1
T003976,Pasta,3
T003976,Rice,3
T003976,Tomatoes,3
T003977,Sugar,3
T003977,Eggs,1
T003977,Rice,4
T003977,Milk,1
T003977,Chicken,4
T003977,Coffee,1
T003977,Bread,4
T003978,Sugar,2
T003978,Eggs,3
T003978,Tea,4
T003978,Pasta,3
T003978,Flour,4
T003978,Tomatoes,1
T003978,Onions,1
T003979,Eggs,4
T003979,Butter,4
T003979,Yogurt,4
T003979,Chicken,3
T003979,Bread,4
T003980,Cheese,2
T003980,Eggs,4
T003980,Butter,2
T003980,Yogurt,1
T003980,Milk,4
T003980,Flour,4
T003980,Tomatoes,1
T003980,Bread,2
T003981,Eggs,2
T003981,Orange Juice,3
T003981,Yogurt,1
T003981,Chicken,2
T003981,Tomatoes,1
T003981,Bread,2
T003981,Onions,3
T003982,Butter,3
T003982,Bread,2
T003983,Apples,3
T003983,Sugar,3
T003983,Butter,1
T003983,Flour,1
T003983,Coffee,1
T003984,Orange Juice,4
T003984,Tea,2
T003985,Chicken,3
T003985,Sugar,2
T003985,Butter,4
T003985,Yogurt,4
T003986,Cheese,4
T003987,Butter,3
T003987,Yogurt,2
T003987,Milk,1
T003988,Tomatoes,2
T003989,Apples,4
T003990,Cheese,3
T003990,Butter,3
T003990,Chicken,1
T003990,Bananas,2
T003990,Tomatoes,2
T003991,Apples,2
T003991,Cheese,2
T003991,Rice,1
T003992,Yogurt,2
T003993,Eggs,3
T003993,Yogurt,3
T003994,Flour,1
T003994,Bananas,4
T003994,Bread,4
T003994,Tea,1
T003995,Apples,2
T003995,Butter,3
T003995,Tea,2
T003995,Chicken,1
T003995,Flour,1
T003996,Sugar,1
T003996,Butter,2
T003996,Orange Juice,2
T003996,Tea,3
T003996,Milk,1
T003996,Bananas,1
T003996,Coffee,3
T003996,Onions,3
T003997,Flour,1
T003997,Chicken,2
T003997,Beef,4
T003997,Onions,1
T003998,Coffee,4
T003998,Sugar,3
T003998,Orange Juice,2
T003998,Rice,3
T003998,Milk,4
T003998,Tomatoes,4
T003999,Flour,1
T003999,Beef,1
T004000,Sugar,3
T004000,Eggs,4
T004000,Butter,2
T004000,Milk,2
T004000,Flour,4
T004000,Bananas,2
T004001,Cheese,2
T004001,Eggs,4
T004001,Butter,1
T004001,Orange Juice,3
T004001,Pasta,4
T004001,Milk,4
T004001,Beef,4
T004001,Bread,2
T004002,Apples,1
T004002,Eggs,1
T004002,Orange Juice,2
T004002,Pasta,2
T004002,Milk,3
T004002,Coffee,4
T004002,Bread,4
T004002,Tomatoes,1
T004002,Onions,3
T004003,Flour,1
T004003,Tomatoes,2
T004003,Eggs,2
T004003,Yogurt,3
T004004,Sugar,2
T004004,Orange Juice,3
T004004,Pasta,2
T004004,Onions,3
T004005,Bananas,2
T004005,Eggs,4
T004005,Orange Juice,3
T004005,Beef,1
T004006,Apples,3
T004006,Eggs,3
T004006,Butter,1
T004006,Yogurt,4
T004006,Chicken,1
T004006,Tomatoes,3
T004006,Bread,4
T004006,Onions,4
T004007,Apples,4
T004007,Eggs,2
T004007,Butter,2
T004007,Tea,4
T004007,Yogurt,4
T004007,Beef,1
T004007,Bananas,2
T004007,Bread,3
T004008,Cheese,1
T004008,Eggs,1
T004008,Tea,2
T004008,Rice,2
T004008,Flour,1
T004008,Tomatoes,4
T004008,Onions,3
T004009,Butter,1
T004009,Orange Juice,3
T004009,Milk,3
T004009,Beef,1
T004009,Bread,1
T004010,Butter,4
T004010,Tea,3
T004010,Onions,1
T004011,Cheese,1
T004011,Butter,4
T004011,Orange Juice,1
T004011,Flour,1
T004011,Bread,3
T004012,Chicken,2
T004012,Yogurt,3
T004012,Onions,3
T004013,Eggs,2
T004013,Bread,3
T004013,Rice,3
T004014,Cheese,2
T004014,Sugar,2
T004014,Eggs,2
T004014,Yogurt,1
T004014,Bread,1
T004014,Onions,4
T004015,Cheese,2
T004015,Eggs,2
T004015,Sugar,2
T004015,Orange Juice,2
T004015,Rice,1
T004015,Yogurt,4
T004015,Chicken,4
T004016,Cheese,3
T004017,Cheese,1
T004017,Eggs,1
T004017,Butter,2
T004017,Orange Juice,3
T004017,Rice,4
T004017,Chicken,2
T004017,Bread,1
T004018,Sugar,3
T004018,Butter,3
T004018,Yogurt,3
T004018,Milk,2
T004018,Flour,1
T004018,Bananas,2
T004018,Coffee,3
T004019,Cheese,1
T004019,Onions,1
T004020,Sugar,1
T004020,Tea,3
T004020,Yogurt,2
T004020,Beef,4
T004020,Onions,2
T004021,Butter,3
T004021,Eggs,2
T004021,Bread,1
T004021,Milk,2
T004022,Apples,1
T004023,Butter,4
T004023,Eggs,4
T004023,Bread,4
T004023,Beef,4
T004024,Sugar,1
T004024,Tea,4
T004025,Apples,3
T004025,Cheese,1
T004025,Butter,3
T004025,Yogurt,2
T004025,Milk,1
T004025,Flour,4
T004025,Coffee,2
T004026,Eggs,3
T004026,Butter,2
T004026,Pasta,4
T004026,Milk,1
T004026,Tomatoes,4
T004026,Bread,1
T004026,Onions,3
T004027,Sugar,2
T004027,Tea,4
T004028,Bananas,1
T004028,Coffee,4
T004028,Eggs,2
T004028,Milk,3
T004029,Apples,1
T004029,Eggs,1
T004029,Butter,4
T004029,Orange Juice,1
T004029,Tea,1
T004029,Pasta,3
T004029,Bread,3
T004029,Onions,2
T004030,Sugar,2
T004030,Eggs,4
T004030,Butter,1
T004030,Milk,2
T004030,Beef,4
T004030,Flour,2
T004030,Coffee,1
T004030,Bread,2
T004031,Cheese,3
T004031,Eggs,3
T004032,Eggs,2
T004032,Yogurt,4
T004032,Pasta,1
T004032,Flour,4
T004032,Tomatoes,4
T004033,Cheese,1
T004033,Sugar,4
T004033,Butter,1
T004033,Tea,3
T004033,Yogurt,1
T004033,Milk,2
T004033,Bananas,2
T004033,Coffee,3
T004033,Onions,2
T004034,Eggs,2
T004034,Butter,2
T004034,Tea,4
T004034,Chicken,3
T004034,Bread,1
T004035,Coffee,4
T004035,Bread,4
T004035,Butter,3
T004035,Milk,3
T004036,Tea,3
T004036,Pasta,2
T004036,Flour,2
T004036,Bananas,1
T004036,Tomatoes,2
T004036,Onions,3
T004037,Tomatoes,4
T004038,Eggs,2
T004038,Butter,1
T004038,Yogurt,4
T004038,Milk,1
T004038,Beef,3
T004038,Flour,3
T004038,Bread,3
T004039,Apples,2
T004040,Flour,1
T004040,Apples,3
T004040,Eggs,3
T004040,Orange Juice,4
T004041,Flour,1
T004042,Bananas,3
T004042,Yogurt,1
T004043,Pasta,4
T004043,Eggs,4
T004043,Yogurt,2
T004043,Onions,2
T004044,Tomatoes,2
T004044,Pasta,2
T004045,Sugar,2
T004045,Bread,1
T004045,Yogurt,2
T004045,Tea,3
T004046,Apples,1
T004046,Eggs,4
T004046,Butter,1
T004046,Flour,2
T004046,Bread,1
T004047,Cheese,4
T004047,Eggs,2
T004047,Butter,3
T004047,Orange Juice,2
T004047,Milk,4
T004047,Beef,2
T004047,Bananas,3
T004047,Coffee,4
T004047,Bread,2
T004048,Yogurt,3
T004049,Chicken,2
T004049,Bananas,3
T004050,Eggs,4
T004050,Butter,1
T004050,Orange Juice,4
T004050,Milk,3
T004050,Bananas,3
T004050,Bread,3
T004051,Cheese,1
T004051,Butter,2
T004051,Beef,1
T004052,Bananas,4
T004052,Sugar,1
T004053,Tomatoes,3
T004053,Eggs,1
T004053,Yogurt,1
T004053,Onions,3
T004054,Tea,3
T004054,Beef,1
T004054,Onions,2
T004055,Butter,1
T004055,Milk,1
T004055,Flour,2
T004055,Bananas,1
T004055,Coffee,2
T004055,Onions,2
T004056,Bananas,3
T004057,Eggs,4
T004057,Butter,4
T004057,Orange Juice,4
T004057,Rice,1
T004057,Chicken,2
T004057,Beef,3
T004057,Tomatoes,3
T004057,Bread,3
T004058,Apples,1
T004059,Eggs,2
T004059,Rice,3
T004059,Chicken,3
T004059,Beef,2
T004059,Flour,1
T004060,Sugar,4
T004060,Eggs,4
T004060,Butter,2
T004060,Yogurt,1
T004060,Milk,3
T004060,Coffee,2
T004060,Bread,4
T004060,Tomatoes,1
T004061,Apples,4
T004061,Sugar,3
T004061,Eggs,1
T004061,Butter,1
T004061,Tea,4
T004061,Milk,2
T004061,Bread,3
T004062,Coffee,2
T004062,Sugar,2
T004062,Orange Juice,1
T004062,Tea,1
T004063,Eggs,4
T004063,Butter,1
T004063,Flour,1
T004063,Bananas,4
T004063,Tomatoes,3
T004063,Onions,4
T004064,Apples,1
T004064,Eggs,3
T004064,Tea,3
T004064,Milk,4
T004064,Chicken,4
T004064,Flour,1
T004064,Tomatoes,3
T004064,Bread,3
T004065,Cheese,1
T004065,Onions,3
T004066,Cheese,4
T004066,Eggs,1
T004066,Butter,2
T004066,Tea,2
T004066,Yogurt,2
T004066,Milk,4
T004066,Bread,4
T004067,Eggs,3
T004067,Orange Juice,3
T004067,Rice,2
T004067,Onions,1
T004068,Apples,2
T004068,Sugar,3
T004068,Cheese,2
T004068,Butter,2
T004068,Eggs,3
T004068,Milk,3
T004068,Beef,1
T004069,Butter,4
T004069,Bread,4
T004069,Milk,1
T004070,Flour,2
T004070,Cheese,2
T004070,Eggs,4
T004070,Tomatoes,1
T004071,Sugar,3
T004071,Tomatoes,2
T004072,Apples,1
T004072,Butter,3
T004072,Flour,4
T004073,Cheese,2
T004073,Bread,4
T004073,Yogurt,1
T004073,Milk,4
T004074,Sugar,2
T004074,Eggs,3
T004074,Butter,3
T004074,Yogurt,3
T004074,Milk,3
T004074,Beef,4
T004074,Coffee,4
T004074,Bread,2
T004075,Cheese,1
T004075,Sugar,4
T004075,Orange Juice,2
T004075,Milk,2
T004075,Coffee,4
T004076,Cheese,1
T004076,Yogurt,4
T004076,Onions,1
T004077,Beef,2
T004077,Bananas,1
T004077,Yogurt,3
T004078,Coffee,4
T004078,Butter,3
T004078,Sugar,1
T004078,Milk,3
T004079,Sugar,4
T004079,Butter,3
T004079,Orange Juice,1
T004079,Tea,2
T004079,Yogurt,3
T004079,Flour,3
T004080,Coffee,2
T004080,Sugar,3
T004080,Tomatoes,2
T004080,Beef,4
T004081,Sugar,4
T004081,Eggs,2
T004081,Butter,1
T004081,Rice,1
T004081,Yogurt,3
T004081,Flour,2
T004081,Coffee,3
T004082,Cheese,4
T004083,Apples,4
T004083,Butter,4
T004083,Orange Juice,1
T004083,Yogurt,4
T004083,Pasta,1
T004083,Tomatoes,1
T004083,Onions,1
T004084,Eggs,3
T004084,Yogurt,4
T004085,Flour,2
T004085,Chicken,3
T004085,Yogurt,1
T004085,Tea,4
T004086,Cheese,4
T004086,Sugar,2
T004086,Butter,3
T004086,Orange Juice,4
T004086,Rice,4
T004086,Beef,4
T004086,Tomatoes,4
T004087,Sugar,1
T004087,Eggs,1
T004087,Orange Juice,3
T004087,Rice,3
T004087,Chicken,1
T004087,Beef,3
T004087,Bananas,4
T004088,Apples,1
T004088,Sugar,4
T004088,Butter,4
T004088,Yogurt,4
T004088,Pasta,4
T004088,Chicken,2
T004088,Milk,4
T004088,Coffee,2
T004088,Tomatoes,4
T004088,Onions,2
T004089,Eggs,4
T004089,Tea,2
T004089,Pasta,1
T004089,Rice,1
T004089,Bananas,1
T004089,Onions,1
T004090,Cheese,4
T004091,Sugar,1
T004091,Butter,2
T004091,Orange Juice,2
T004091,Milk,3
T004091,Chicken,3
T004091,Coffee,3
T004092,Flour,3
T004092,Sugar,4
T004092,Butter,4
T004092,Milk,2
T004093,Cheese,1
T004093,Sugar,4
T004093,Eggs,4
T004093,Beef,4
T004093,Flour,3
T004093,Coffee,1
T004093,Bread,4
T004094,Cheese,2
T004094,Eggs,2
T004094,Butter,4
T004094,Rice,4
T004094,Chicken,2
T004094,Bananas,4
T004094,Tomatoes,2
T004094,Bread,4
T004095,Sugar,1
T004095,Eggs,1
T004095,Butter,2
T004095,Milk,1
T004095,Chicken,3
T004095,Flour,2
T004095,Coffee,2
T004095,Bread,1
T004096,Tomatoes,2
T004096,Eggs,4
T004096,Butter,4
T004096,Milk,4
T004097,Eggs,4
T004097,Butter,3
T004097,Tea,3
T004097,Bananas,2
T004097,Bread,4
T004098,Tomatoes,3
T004098,Orange Juice,4
T004098,Pasta,1
T004099,Apples,2
T004099,Tomatoes,4
T004099,Onions,2
T004100,Butter,2
T004100,Tea,1
T004100,Yogurt,2
T004100,Milk,2
T004100,Beef,2
T004100,Flour,3
T004100,Tomatoes,2
T004100,Bread,2
T004101,Eggs,4
T004102,Flour,2
T004102,Tomatoes,1
T004103,Apples,1
T004103,Sugar,4
T004103,Butter,3
T004103,Orange Juice,4
T004103,Tea,1
T004103,Yogurt,3
T004103,Pasta,3
T004103,Tomatoes,3
T004103,Bread,4
T004103,Onions,4
T004104,Sugar,4
T004104,Eggs,3
T004104,Tea,1
T004104,Milk,2
T004104,Beef,1
T004104,Flour,2
T004104,Coffee,3
T004105,Cheese,3
T004105,Eggs,1
T004105,Butter,4
T004105,Milk,3
T004105,Flour,3
T004105,Bananas,3
T004105,Bread,1
T004105,Onions,2
T004106,Apples,3
T004106,Tomatoes,1
T004106,Cheese,4
T004106,Tea,3
T004107,Sugar,3
T004107,Eggs,3
T004107,Butter,4
T004107,Chicken,4
T004107,Bread,3
T004107,Onions,1
T004108,Cheese,2
T004108,Sugar,3
T004108,Butter,4
T004108,Rice,1
T004108,Chicken,1
T004108,Tomatoes,2
T004108,Bread,3
T004109,Eggs,3
T004109,Butter,1
T004109,Rice,2
T004109,Yogurt,1
T004109,Milk,1
T004109,Pasta,2
T004109,Beef,3
T004109,Tomatoes,4
T004109,Onions,3
T004110,Apples,4
T004111,Apples,4
T004111,Sugar,3
T004111,Orange Juice,1
T004111,Yogurt,3
T004111,Milk,1
T004111,Chicken,1
T004111,Flour,1
T004111,Bananas,4
T004111,Coffee,4
T004112,Apples,3
T004112,Rice,3
T004112,Yogurt,3
T004112,Chicken,2
T004112,Onions,4
T004113,Eggs,4
T004113,Butter,2
T004113,Tea,2
T004113,Milk,1
T004113,Beef,3
T004113,Tomatoes,2
T004113,Bread,4
T004114,Apples,4
T004114,Eggs,1
T004114,Butter,3
T004114,Milk,3
T004114,Bread,3
T004115,Tea,2
T004115,Rice,3
T004115,Pasta,2
T004115,Tomatoes,4
T004115,Onions,1
T004116,Sugar,3
T004116,Eggs,4
T004116,Orange Juice,3
T004116,Milk,4
T004116,Onions,3
T004117,Apples,4
T004118,Cheese,4
T004118,Sugar,2
T004118,Butter,1
T004118,Milk,3
T004118,Chicken,3
T004118,Coffee,3
T004119,Apples,4
T004120,Apples,3
T004120,Cheese,2
T004120,Butter,2
T004120,Yogurt,1
T004120,Chicken,2
T004120,Bananas,4
T004120,Bread,4
T004121,Apples,3
T004121,Bananas,1
T004121,Rice,2
T004121,Beef,4
T004122,Cheese,4
T004122,Yogurt,3
T004122,Rice,2
T004122,Bananas,3
T004122,Bread,4
T004123,Apples,1
T004123,Eggs,2
T004123,Butter,3
T004123,Beef,2
T004123,Bananas,1
T004123,Bread,2
T004124,Tomatoes,2
T004124,Orange Juice,2
T004124,Beef,2
T004125,Butter,3
T004125,Orange Juice,3
T004125,Rice,3
T004125,Milk,3
T004125,Coffee,2
T004125,Bread,4
T004125,Tomatoes,1
T004126,Chicken,1
T004127,Sugar,2
T004128,Sugar,1
T004128,Butter,3
T004129,Sugar,3
T004129,Pasta,3
T004129,Milk,3
T004129,Beef,2
T004129,Coffee,4
T004129,Tomatoes,3
T004129,Onions,3
T004130,Eggs,2
T004130,Orange Juice,4
T004131,Apples,4
T004131,Sugar,3
T004131,Eggs,3
T004131,Tea,3
T004131,Rice,3
T004132,Bananas,4
T004132,Sugar,4
T004132,Bread,2
T004132,Onions,2
T004133,Eggs,4
T004133,Butter,1
T004133,Milk,2
T004133,Coffee,4
T004133,Bread,4
T004134,Apples,1
T004134,Tea,4
T004134,Pasta,3
T004134,Tomatoes,1
T004134,Onions,4
T004135,Cheese,3
T004135,Eggs,1
T004135,Orange Juice,2
T004135,Tea,1
T004136,Apples,4
T004137,Cheese,4
T004137,Butter,1
T004137,Pasta,4
T004137,Flour,3
T004137,Onions,1
T004138,Beef,1
T004139,Orange Juice,3
T004139,Yogurt,3
T004139,Beef,2
T004139,Flour,2
T004139,Bananas,1
T004140,Tea,2
T004141,Apples,1
T004141,Eggs,4
T004141,Butter,4
T004141,Yogurt,4
T004142,Bread,1
T004143,Cheese,3
T004144,Eggs,3
T004144,Butter,2
T004144,Orange Juice,3
T004144,Tea,3
T004144,Milk,1
T004144,Flour,3
T004144,Tomatoes,4
T004144,Bread,2
T004145,Cheese,2
T004145,Orange Juice,3
T004145,Pasta,2
T004145,Rice,2
T004145,Onions,3
T004146,Sugar,3
T004146,Cheese,3
T004146,Eggs,1
T004146,Rice,4
T004146,Coffee,4
T004146,Onions,1
T004147,Cheese,1
T004147,Pasta,4
T004147,Rice,2
T004147,Flour,1
T004147,Tomatoes,3
T004147,Onions,1
T004148,Apples,1
T004148,Cheese,1
T004148,Flour,1
T004148,Bananas,1
T004148,Tomatoes,1
T004148,Onions,2
T004149,Chicken,1
T004149,Eggs,4
T004150,Eggs,4
T004150,Butter,2
T004150,Tea,3
T004150,Rice,4
T004150,Milk,4
T004150,Pasta,1
T004150,Yogurt,3
T004150,Flour,2
T004150,Tomatoes,3
T004150,Bread,4
T004150,Onions,2
T004151,Eggs,1
T004151,Tea,3
T004151,Yogurt,4
T004151,Pasta,4
T004151,Milk,2
T004151,Beef,4
T004151,Bread,4
T004151,Onions,3
T004152,Yogurt,2
T004153,Sugar,2
T004153,Eggs,2
T004153,Butter,2
T004153,Yogurt,1
T004153,Pasta,4
T004153,Beef,1
T004153,Tomatoes,4
T004153,Bread,3
T004153,Onions,4
T004154,Apples,3
T004154,Sugar,4
T004154,Butter,2
T004154,Milk,1
T004154,Flour,2
T004154,Coffee,1
T004154,Bread,4
T004154,Tomatoes,1
T004155,Chicken,1
T004155,Coffee,4
T004155,Sugar,3
T004155,Onions,4
T004156,Eggs,1
T004156,Butter,3
T004156,Tea,4
T004156,Yogurt,2
T004156,Pasta,3
T004156,Milk,2
T004156,Coffee,1
T004156,Bread,4
T004156,Onions,3
T004157,Apples,4
T004157,Eggs,3
T004157,Pasta,4
T004157,Milk,3
T004157,Chicken,3
T004157,Coffee,1
T004157,Bread,2
T004157,Tomatoes,2
T004157,Onions,3
T004158,Sugar,3
T004158,Tea,1
T004158,Rice,1
T004158,Pasta,1
T004158,Tomatoes,3
T004158,Onions,3
T004159,Sugar,4
T004159,Yogurt,1
T004159,Rice,1
T004159,Milk,1
T004159,Coffee,2
T004160,Apples,1
T004160,Tomatoes,2
T004160,Pasta,4
T004161,Cheese,4
T004161,Eggs,2
T004161,Tea,4
T004161,Yogurt,1
T004161,Chicken,4
T004161,Beef,3
T004161,Bananas,3
T004161,Bread,1
T004162,Flour,3
T004162,Bananas,2
T004162,Yogurt,2
T004162,Tea,2
T004163,Chicken,2
T004163,Apples,4
T004163,Cheese,4
T004164,Apples,3
T004164,Butter,4
T004164,Onions,1
T004165,Eggs,1
T004165,Butter,1
T004165,Onions,2
T004166,Butter,2
T004166,Eggs,2
T004166,Bread,2
T004167,Coffee,1
T004167,Sugar,1
T004168,Pasta,4
T004168,Tomatoes,3
T004168,Rice,2
T004168,Onions,4
T004169,Tea,2
T004169,Yogurt,4
T004169,Rice,1
T004169,Coffee,2
T004169,Onions,2
T004170,Beef,1
T004171,Apples,1
T004171,Sugar,2
T004171,Eggs,2
T004171,Butter,4
T004171,Pasta,1
T004171,Coffee,1
T004171,Bread,4
T004171,Onions,1
T004172,Apples,3
T004172,Cheese,4
T004172,Orange Juice,2
T004172,Yogurt,1
T004172,Chicken,4
T004172,Bananas,4
T004173,Flour,1
T004173,Rice,1
T004174,Apples,2
T004174,Eggs,4
T004174,Rice,1
T004174,Pasta,2
T004174,Milk,3
T004174,Bread,1
T004175,Cheese,1
T004175,Eggs,4
T004175,Rice,3
T004175,Yogurt,1
T004175,Bananas,4
T004175,Bread,4
T004175,Onions,2
T004176,Sugar,1
T004176,Eggs,4
T004176,Butter,3
T004176,Pasta,3
T004176,Milk,2
T004176,Bananas,2
T004176,Coffee,2
T004176,Bread,3
T004176,Tomatoes,1
T004177,Cheese,3
T004177,Butter,2
T004178,Apples,2
T004178,Sugar,1
T004178,Onions,4
T004179,Apples,1
T004179,Bananas,3
T004179,Tomatoes,4
T004180,Sugar,2
T004180,Eggs,2
T004180,Rice,4
T004180,Chicken,4
T004180,Beef,3
T004180,Flour,4
T004181,Eggs,4
T004181,Orange Juice,1
T004181,Pasta,4
T004181,Rice,3
T004181,Milk,4
T004181,Bananas,2
T004181,Bread,2
T004182,Sugar,2
T004182,Eggs,2
T004182,Orange Juice,3
T004182,Milk,4
T004182,Beef,3
T004182,Flour,4
T004182,Bananas,4
T004182,Coffee,3
T004182,Onions,2
T004183,Apples,1
T004183,Tomatoes,1
T004183,Rice,2
T004184,Beef,4
T004184,Bananas,4
T004184,Rice,2
T004185,Apples,4
T004185,Coffee,4
T004185,Eggs,2
T004185,Butter,3
T004185,Rice,2
T004185,Milk,4
T004185,Tomatoes,4
T004185,Bread,1
T004186,Sugar,2
T004186,Tomatoes,1
T004186,Pasta,1
T004187,Chicken,2
T004187,Apples,2
T004188,Eggs,3
T004188,Pasta,4
T004188,Milk,3
T004188,Beef,3
T004188,Flour,1
T004188,Tomatoes,4
T004188,Bread,1
T004188,Onions,1
T004189,Apples,1
T004189,Sugar,1
T004189,Beef,3
T004190,Apples,2
T004190,Eggs,2
T004190,Bread,1
T004190,Beef,1
T004191,Butter,4
T004191,Tea,1
T004191,Pasta,2
T004191,Beef,4
T004191,Bananas,2
T004191,Bread,1
T004192,Cheese,3
T004192,Eggs,1
T004192,Butter,1
T004192,Rice,4
T004192,Flour,1
T004192,Tomatoes,3
T004192,Onions,4
T004193,Pasta,2
T004194,Sugar,3
T004194,Eggs,3
T004194,Butter,1
T004194,Yogurt,3
T004194,Milk,3
T004194,Coffee,4
T004194,Bread,4
T004194,Tomatoes,3
T004195,Tomatoes,4
T004195,Onions,1
T004196,Chicken,4
T004196,Eggs,1
T004196,Orange Juice,3
T004196,Rice,2
T004197,Sugar,1
T004197,Eggs,4
T004197,Tea,1
T004197,Pasta,1
T004197,Beef,4
T004197,Coffee,3
T004197,Tomatoes,1
T004197,Onions,1
T004198,Butter,3
T004198,Yogurt,4
T004198,Rice,2
T004198,Chicken,3
T004198,Beef,1
T004198,Flour,1
T004198,Onions,3
T004199,Eggs,4
T004199,Beef,2
T004199,Tea,4
T004200,Tea,1
T004201,Beef,1
T004202,Sugar,4
T004202,Eggs,4
T004202,Butter,4
T004202,Orange Juice,1
T004202,Tea,2
T004202,Milk,2
T004202,Bread,1
T004203,Tea,3
T004203,Pasta,4
T004203,Bananas,1
T004203,Tomatoes,1
T004203,Onions,2
T004204,Apples,2
T004204,Sugar,2
T004204,Rice,1
T004204,Yogurt,3
T004204,Coffee,3
T004204,Bread,1
T004205,Cheese,2
T004205,Eggs,3
T004205,Rice,4
T004205,Beef,3
T004205,Flour,4
T004205,Tomatoes,2
T004206,Apples,2
T004206,Eggs,3
T004206,Butter,3
T004206,Milk,1
T004206,Onions,1
T004207,Sugar,4
T004207,Butter,2
T004207,Rice,1
T004207,Chicken,1
T004207,Coffee,1
T004208,Sugar,2
T004208,Butter,2
T004208,Yogurt,2
T004208,Milk,1
T004208,Beef,2
T004208,Flour,2
T004208,Bread,1
T004209,Cheese,2
T004209,Eggs,3
T004209,Sugar,3
T004209,Pasta,2
T004209,Beef,3
T004209,Flour,4
T004209,Tomatoes,2
T004209,Onions,2
T004210,Rice,2
T004210,Bananas,3
T004210,Yogurt,3
T004210,Onions,4
T004211,Butter,2
T004211,Orange Juice,2
T004211,Tea,3
T004211,Yogurt,4
T004211,Chicken,2
T004211,Beef,2
T004211,Bread,3
T004211,Onions,1
T004212,Apples,1
T004212,Cheese,3
T004212,Eggs,1
T004212,Sugar,1
T004212,Milk,4
T004212,Bananas,1
T004212,Coffee,2
T004212,Bread,2
T004213,Flour,1
T004213,Eggs,2
T004213,Tea,2
T004214,Orange Juice,3
T004214,Milk,3
T004214,Beef,4
T004214,Coffee,4
T004214,Tomatoes,2
T004215,Chicken,1
T004215,Tomatoes,2
T004215,Coffee,4
T004215,Tea,1
T004216,Cheese,3
T004216,Eggs,4
T004216,Butter,1
T004216,Orange Juice,3
T004216,Chicken,1
T004216,Bananas,3
T004216,Bread,4
T004216,Onions,2
T004217,Orange Juice,3
T004218,Cheese,2
T004218,Tomatoes,3
T004218,Beef,4
T004218,Tea,4
T004219,Beef,2
T004219,Tomatoes,2
T004219,Rice,1
T004219,Onions,3
T004220,Chicken,4
T004221,Apples,4
T004221,Bananas,1
T004222,Apples,2
T004222,Butter,1
T004222,Rice,2
T004222,Yogurt,4
T004222,Chicken,3
T004222,Beef,3
T004223,Rice,4
T004223,Yogurt,4
T004223,Pasta,4
T004224,Cheese,3
T004224,Butter,3
T004224,Yogurt,3
T004224,Chicken,4
T004224,Flour,1
T004224,Bread,1
T004225,Apples,1
T004225,Bananas,4
T004225,Butter,4
T004225,Yogurt,4
T004226,Apples,3
T004226,Eggs,1
T004226,Butter,1
T004226,Orange Juice,3
T004226,Yogurt,3
T004226,Milk,1
T004226,Bread,3
T004226,Onions,1
T004227,Butter,3
T004227,Tea,3
T004227,Pasta,2
T004227,Beef,1
T004227,Tomatoes,1
T004228,Orange Juice,4
T004228,Tea,2
T004228,Pasta,1
T004228,Yogurt,2
T004228,Rice,1
T004228,Tomatoes,2
T004228,Onions,4
T004229,Butter,1
T004229,Orange Juice,3
T004229,Tea,2
T004229,Milk,4
T004229,Beef,3
T004229,Bananas,2
T004230,Cheese,1
T004230,Eggs,2
T004230,Butter,2
T004230,Yogurt,1
T004230,Milk,1
T004230,Chicken,3
T004230,Flour,3
T004230,Bread,4
T004231,Coffee,2
T004231,Tomatoes,3
T004231,Sugar,1
T004231,Onions,2
T004232,Sugar,3
T004232,Cheese,3
T004232,Orange Juice,1
T004232,Milk,2
T004232,Bananas,3
T004232,Tomatoes,2
T004232,Bread,1
T004233,Flour,2
T004233,Cheese,3
T004233,Rice,1
T004234,Sugar,3
T004234,Eggs,4
T004234,Butter,3
T004234,Milk,2
T004234,Coffee,4
T004234,Bread,2
T004235,Apples,2
T004235,Sugar,3
T004235,Eggs,4
T004235,Orange Juice,4
T004235,Rice,4
T004235,Chicken,1
T004235,Bread,3
T004236,Sugar,4
T004236,Eggs,2
T004236,Butter,4
T004236,Yogurt,4
T004236,Milk,2
T004236,Bananas,3
T004236,Coffee,2
T004236,Bread,4
T004237,Sugar,4
T004237,Eggs,4
T004237,Pasta,2
T004237,Milk,4
T004237,Flour,3
T004237,Coffee,4
T004237,Bread,2
T004237,Tomatoes,1
T004237,Onions,3
T004238,Beef,2
T004238,Bananas,3
T004238,Cheese,4
T004238,Rice,3
T004239,Butter,1
T004239,Eggs,2
T004239,Bread,3
T004239,Milk,4
T004240,Cheese,2
T004241,Onions,3
T004242,Beef,2
T004242,Bananas,4
T004242,Pasta,1
T004243,Bananas,2
T004243,Sugar,4
T004244,Apples,4
T004244,Cheese,2
T004244,Eggs,4
T004244,Butter,1
T004244,Sugar,2
T004244,Milk,1
T004244,Coffee,2
T004244,Bread,2
T004244,Onions,3
T004245,Apples,3
T004245,Butter,3
T004245,Eggs,2
T004245,Bread,4
T004246,Cheese,4
T004246,Eggs,4
T004246,Butter,3
T004246,Sugar,1
T004246,Rice,2
T004246,Chicken,3
T004246,Flour,4
T004246,Coffee,2
T004247,Orange Juice,4
T004248,Apples,2
T004248,Coffee,1
T004248,Sugar,1
T004248,Butter,3
T004248,Tea,4
T004248,Pasta,2
T004248,Beef,2
T004248,Tomatoes,3
T004248,Onions,3
T004249,Sugar,1
T004249,Cheese,1
T004249,Butter,1
T004249,Milk,1
T004249,Coffee,3
T004250,Butter,2
T004250,Bread,2
T004251,Apples,1
T004251,Sugar,4
T004251,Eggs,4
T004251,Butter,1
T004251,Orange Juice,2
T004251,Beef,4
T004251,Tomatoes,4
T004251,Bread,1
T004251,Onions,4
T004252,Apples,4
T004252,Sugar,3
T004252,Tea,2
T004252,Milk,1
T004252,Bananas,3
T004252,Coffee,4
T004252,Tomatoes,1
T004253,Bananas,2
T004253,Butter,1
T004254,Apples,1
T004254,Cheese,4
T004254,Eggs,2
T004254,Butter,2
T004254,Pasta,2
T004254,Milk,2
T004254,Yogurt,2
T004254,Bananas,3
T004254,Bread,3
T004255,Eggs,2
T004255,Butter,2
T004255,Bread,2
T004255,Onions,2
T004256,Apples,3
T004256,Sugar,3
T004256,Tea,3
T004256,Rice,1
T004256,Milk,2
T004256,Beef,3
T004256,Flour,1
T004256,Coffee,1
T004257,Orange Juice,1
T004258,Flour,4
T004258,Eggs,4
T004258,Onions,4
T004259,Cheese,2
T004260,Sugar,2
T004260,Tea,4
T004260,Pasta,2
T004260,Milk,4
T004260,Coffee,4
T004260,Onions,2
T004261,Cheese,4
T004261,Sugar,1
T004261,Butter,3
T004262,Butter,2
T004263,Sugar,1
T004263,Butter,4
T004263,Tea,2
T004263,Pasta,2
T004263,Bananas,4
T004263,Onions,2
T004264,Pasta,4
T004264,Tomatoes,4
T004264,Yogurt,3
T004265,Coffee,2
T004266,Apples,3
T004266,Cheese,3
T004266,Butter,2
T004266,Yogurt,1
T004266,Rice,2
T004266,Bananas,2
T004266,Onions,3
T004267,Apples,2
T004267,Tea,1
T004267,Yogurt,1
T004267,Pasta,4
T004267,Flour,4
T004267,Tomatoes,4
T004267,Onions,3
T004268,Flour,1
T004268,Bananas,4
T004269,Apples,4
T004269,Eggs,3
T004269,Butter,3
T004269,Milk,1
T004269,Beef,3
T004270,Sugar,4
T004270,Eggs,4
T004270,Yogurt,2
T004270,Rice,3
T004270,Onions,1
T004271,Butter,2
T004271,Tea,2
T004271,Yogurt,2
T004271,Milk,3
T004271,Coffee,1
T004272,Apples,3
T004273,Cheese,4
T004273,Eggs,4
T004273,Butter,2
T004273,Sugar,2
T004273,Yogurt,4
T004273,Milk,3
T004273,Flour,2
T004273,Coffee,4
T004274,Beef,2
T004274,Tomatoes,3
T004274,Sugar,3
T004274,Butter,1
T004275,Tomatoes,4
T004276,Apples,4
T004277,Onions,4
T004278,Apples,2
T004278,Tomatoes,1
T004278,Tea,3
T004279,Cheese,2
T004279,Butter,4
T004279,Orange Juice,4
T004279,Tea,1
T004279,Milk,1
T004279,Chicken,3
T004279,Beef,1
T004280,Sugar,1
T004280,Onions,4
T004281,Cheese,3
T004281,Eggs,4
T004281,Butter,4
T004281,Orange Juice,2
T004281,Bread,1
T004282,Pasta,3
T004282,Beef,2
T004282,Flour,4
T004282,Bananas,2
T004282,Tomatoes,4
T004283,Butter,4
T004283,Eggs,4
T004283,Bread,2
T004283,Milk,4
T004284,Apples,4
T004285,Eggs,2
T004286,Apples,2
T004286,Sugar,4
T004286,Tea,3
T004286,Milk,1
T004286,Chicken,2
T004286,Flour,4
T004286,Bread,3
T004287,Tomatoes,1
T004287,Butter,1
T004287,Tea,4
T004288,Eggs,1
T004288,Beef,1
T004289,Apples,4
T004289,Sugar,2
T004289,Eggs,1
T004289,Butter,1
T004289,Tea,3
T004289,Yogurt,1
T004290,Cheese,4
T004290,Yogurt,2
T004290,Milk,1
T004291,Chicken,4
T004291,Coffee,3
T004291,Tea,4
T004291,Onions,2
T004292,Yogurt,3
T004293,Sugar,2
T004293,Tea,3
T004293,Yogurt,1
T004293,Rice,3
T004293,Milk,3
T004293,Coffee,1
T004294,Apples,1
T004294,Butter,3
T004294,Tea,4
T004294,Beef,1
T004294,Onions,1
T004295,Onions,1
T004296,Sugar,4
T004296,Butter,4
T004296,Pasta,1
T004296,Yogurt,4
T004296,Bananas,3
T004296,Tomatoes,3
T004296,Bread,1
T004297,Eggs,4
T004297,Butter,3
T004297,Milk,1
T004297,Chicken,2
T004297,Beef,1
T004297,Bread,4
T004298,Eggs,1
T004298,Butter,1
T004298,Tea,3
T004298,Yogurt,3
T004298,Milk,2
T004298,Flour,3
T004299,Eggs,3
T004299,Butter,4
T004299,Flour,4
T004299,Bread,2
T004299,Onions,2
T004300,Tea,2
T004300,Chicken,4
T004300,Flour,1
T004300,Bananas,3
T004300,Bread,2
T004301,Apples,3
T004301,Cheese,4
T004301,Eggs,2
T004301,Butter,1
T004301,Pasta,3
T004301,Milk,4
T004301,Flour,4
T004301,Bananas,1
T004301,Bread,3
T004301,Onions,2
T004302,Cheese,4
T004302,Butter,3
T004302,Orange Juice,1
T004302,Tea,2
T004302,Yogurt,4
T004303,Eggs,1
T004303,Orange Juice,2
T004303,Onions,1
T004304,Cheese,3
T004304,Sugar,2
T004304,Pasta,2
T004304,Chicken,1
T004304,Tomatoes,2
T004305,Cheese,2
T004305,Eggs,3
T004305,Butter,2
T004305,Rice,3
T004305,Flour,2
T004305,Bread,1
T004305,Onions,1
T004306,Cheese,3
T004306,Eggs,4
T004306,Orange Juice,2
T004306,Rice,1
T004306,Chicken,4
T004306,Flour,2
T004306,Bread,2
T004307,Eggs,4
T004308,Eggs,4
T004308,Butter,2
T004308,Yogurt,1
T004308,Milk,3
T004308,Bread,2
T004309,Apples,3
T004310,Sugar,3
T004310,Eggs,2
T004310,Orange Juice,3
T004310,Tea,2
T004310,Rice,1
T004310,Pasta,1
T004310,Yogurt,2
T004310,Milk,3
T004310,Coffee,1
T004310,Tomatoes,2
T004311,Sugar,4
T004311,Eggs,3
T004311,Butter,3
T004311,Tea,3
T004311,Beef,4
T004311,Coffee,3
T004311,Bread,2
T004311,Onions,4
T004312,Sugar,3
T004312,Eggs,4
T004312,Butter,4
T004312,Orange Juice,3
T004312,Rice,1
T004312,Milk,3
T004312,Chicken,1
T004312,Beef,1
T004312,Coffee,2
T004313,Butter,4
T004313,Rice,1
T004314,Pasta,3
T004314,Milk,4
T004314,Beef,2
T004314,Flour,3
T004314,Bananas,1
T004314,Coffee,1
T004314,Tomatoes,2
T004314,Onions,3
T004315,Sugar,1
T004315,Milk,1
T004315,Bananas,2
T004315,Coffee,3
T004315,Onions,2
T004316,Flour,2
T004317,Sugar,1
T004317,Eggs,2
T004317,Rice,3
T004317,Milk,3
T004317,Coffee,4
T004317,Tomatoes,4
T004318,Eggs,1
T004318,Rice,2
T004318,Milk,1
T004318,Chicken,3
T004318,Bread,4
T004319,Sugar,4
T004319,Eggs,3
T004319,Yogurt,2
T004319,Flour,3
T004319,Onions,4
T004320,Butter,4
T004320,Orange Juice,1
T004320,Yogurt,2
T004320,Pasta,1
T004320,Flour,3
T004320,Bananas,4
T004320,Onions,3
T004321,Sugar,2
T004321,Eggs,3
T004321,Butter,2
T004321,Yogurt,2
T004321,Chicken,4
T004321,Flour,1
T004321,Bread,2
T004322,Tomatoes,1
T004322,Bread,1
T004322,Milk,2
T004323,Chicken,2
T004323,Tomatoes,4
T004323,Rice,1
T004324,Apples,2
T004324,Cheese,3
T004325,Eggs,3
T004325,Butter,2
T004325,Tea,1
T004325,Yogurt,4
T004325,Rice,3
T004325,Chicken,1
T004325,Bread,1
T004326,Apples,1
T004326,Cheese,2
T004326,Butter,2
T004326,Milk,3
T004326,Beef,4
T004326,Flour,3
T004326,Coffee,1
T004327,Chicken,4
T004328,Apples,1
T004328,Cheese,3
T004328,Butter,3
T004328,Rice,4
T004328,Chicken,1
T004328,Flour,2
T004328,Bananas,1
T004329,Eggs,1
T004329,Butter,3
T004329,Pasta,2
T004329,Tomatoes,2
T004329,Bread,4
T004329,Onions,1
T004330,Apples,1
T004330,Eggs,1
T004330,Butter,2
T004330,Rice,3
T004330,Yogurt,4
T004330,Pasta,4
T004330,Tomatoes,3
T004330,Onions,1
T004331,Cheese,4
T004331,Eggs,3
T004331,Butter,4
T004331,Sugar,4
T004331,Tea,1
T004331,Chicken,2
T004331,Beef,4
T004331,Coffee,3
T004332,Cheese,1
T004332,Eggs,4
T004332,Pasta,2
T004332,Yogurt,1
T004332,Chicken,4
T004332,Tomatoes,1
T004332,Onions,4
T004333,Coffee,4
T004333,Sugar,2
T004333,Tomatoes,3
T004333,Yogurt,2
T004334,Eggs,2
T004334,Butter,2
T004334,Orange Juice,1
T004334,Tea,2
T004334,Chicken,4
T004334,Flour,3
T004334,Bread,2
T004335,Apples,2
T004335,Sugar,1
T004335,Butter,2
T004335,Pasta,4
T004335,Milk,2
T004335,Chicken,1
T004335,Tomatoes,3
T004335,Bread,1
T004335,Onions,4
T004336,Apples,4
T004336,Sugar,2
T004336,Yogurt,3
T004336,Milk,1
T004336,Bananas,1
T004336,Coffee,2
T004337,Coffee,4
T004337,Milk,3
T004337,Sugar,3
T004337,Onions,1
T004338,Apples,4
T004338,Sugar,4
T004338,Butter,1
T004338,Tea,4
T004338,Pasta,3
T004338,Milk,4
T004338,Tomatoes,4
T004338,Bread,2
T004338,Onions,2
T004339,Apples,2
T004339,Eggs,2
T004339,Butter,4
T004339,Yogurt,3
T004339,Rice,4
T004339,Milk,3
T004339,Flour,4
T004340,Tea,1
T004341,Butter,4
T004341,Rice,3
T004341,Milk,4
T004341,Chicken,1
T004341,Yogurt,2
T004341,Flour,4
T004341,Bread,4
T004342,Orange Juice,3
T004343,Apples,1
T004343,Eggs,1
T004343,Orange Juice,3
T004343,Pasta,2
T004343,Milk,4
T004343,Tomatoes,3
T004343,Bread,2
T004343,Onions,2
T004344,Bananas,2
T004344,Butter,2
T004344,Onions,2
T004345,Apples,3
T004345,Cheese,4
T004345,Sugar,1
T004345,Tea,2
T004345,Yogurt,4
T004346,Orange Juice,4
T004347,Eggs,4
T004347,Butter,1
T004347,Flour,4
T004347,Bread,2
T004347,Onions,3
T004348,Cheese,3
T004348,Butter,4
T004348,Yogurt,2
T004348,Milk,3
T004348,Bread,4
T004349,Butter,2
T004349,Bread,1
T004349,Beef,1
T004349,Onions,2
T004350,Sugar,4
T004350,Eggs,1
T004350,Orange Juice,3
T004350,Tea,4
T004350,Milk,4
T004350,Coffee,2
T004350,Bread,2
T004351,Bananas,4
T004351,Rice,2
T004351,Onions,1
T004352,Butter,3
T004352,Bread,2
T004352,Orange Juice,1
T004353,Apples,1
T004353,Cheese,2
T004353,Eggs,4
T004353,Butter,2
T004353,Pasta,1
T004353,Bread,2
T004354,Apples,4
T004354,Cheese,3
T004354,Sugar,2
T004354,Butter,3
T004354,Orange Juice,3
T004354,Beef,1
T004354,Bananas,3
T004354,Coffee,2
T004355,Tomatoes,2
T004355,Orange Juice,4
T004355,Yogurt,2
T004356,Rice,2
T004356,Apples,2
T004356,Sugar,3
T004356,Beef,2
T004357,Orange Juice,2
T004357,Tea,1
T004357,Rice,2
T004357,Beef,1
T004357,Tomatoes,1
T004357,Onions,2
T004358,Sugar,2
T004358,Eggs,3
T004358,Butter,1
T004358,Pasta,2
T004358,Milk,4
T004358,Flour,2
T004358,Bananas,4
T004358,Coffee,3
T004358,Bread,4
T004358,Tomatoes,3
T004358,Onions,2
T004359,Eggs,1
T004359,Butter,3
T004359,Orange Juice,1
T004359,Rice,3
T004359,Milk,2
T004359,Flour,1
T004359,Bananas,3
T004359,Onions,2
T004360,Cheese,3
T004361,Tea,1
T004361,Rice,3
T004361,Milk,3
T004361,Bananas,3
T004361,Tomatoes,1
T004361,Bread,4
T004361,Onions,4
T004362,Onions,3
T004362,Rice,2
T004362,Tea,4
T004363,Sugar,1
T004363,Eggs,1
T004363,Butter,4
T004363,Rice,2
T004363,Yogurt,2
T004363,Milk,1
T004363,Flour,4
T004363,Bread,2
T004364,Coffee,2
T004364,Sugar,3
T004364,Cheese,1
T004364,Milk,3
T004365,Sugar,1
T004365,Butter,2
T004365,Orange Juice,4
T004365,Yogurt,4
T004365,Flour,1
T004365,Bananas,2
T004366,Butter,4
T004366,Tea,2
T004366,Milk,2
T004366,Bananas,2
T004366,Coffee,1
T004366,Bread,4
T004367,Apples,3
T004367,Cheese,1
T004367,Eggs,2
T004367,Butter,3
T004367,Orange Juice,3
T004367,Sugar,3
T004367,Milk,1
T004367,Coffee,2
T004367,Tomatoes,2
T004367,Onions,3
T004368,Cheese,2
T004368,Eggs,1
T004368,Rice,1
T004368,Yogurt,1
T004368,Bread,2
T004369,Bananas,3
T004369,Tomatoes,2
T004369,Pasta,2
T004370,Apples,2
T004370,Cheese,3
T004370,Butter,4
T004370,Bread,3
T004371,Sugar,2
T004371,Tea,2
T004371,Flour,4
T004371,Bananas,1
T004371,Bread,1
T004372,Tea,1
T004373,Bananas,2
T004373,Tomatoes,4
T004373,Butter,2
T004373,Rice,4
T004374,Apples,3
T004374,Yogurt,1
T004374,Chicken,3
T004374,Flour,2
T004374,Onions,1
T004375,Milk,3
T004375,Chicken,4
T004375,Beef,4
T004375,Coffee,4
T004375,Onions,3
T004376,Apples,4
T004376,Sugar,4
T004376,Eggs,2
T004376,Butter,1
T004376,Pasta,4
T004376,Milk,3
T004376,Yogurt,1
T004376,Coffee,4
T004376,Bread,1
T004377,Cheese,3
T004378,Flour,4
T004378,Butter,1
T004378,Orange Juice,4
T004379,Sugar,4
T004379,Cheese,4
T004379,Butter,3
T004379,Orange Juice,4
T004379,Eggs,2
T004379,Chicken,3
T004379,Flour,1
T004379,Bread,2
T004379,Onions,1
T004380,Eggs,3
T004380,Bread,3
T004380,Tea,3
T004380,Milk,3
T004381,Apples,4
T004381,Cheese,2
T004381,Eggs,4
T004381,Butter,1
T004381,Sugar,3
T004381,Orange Juice,3
T004381,Tea,2
T004382,Apples,2
T004382,Rice,1
T004382,Flour,3
T004382,Bananas,1
T004382,Onions,2
T004383,Cheese,2
T004383,Eggs,1
T004383,Butter,3
T004383,Pasta,3
T004383,Chicken,4
T004383,Tomatoes,3
T004383,Onions,3
T004384,Chicken,4
T004384,Bananas,3
T004384,Apples,2
T004385,Eggs,3
T004385,Butter,1
T004385,Milk,1
T004385,Chicken,1
T004385,Tomatoes,3
T004386,Eggs,1
T004386,Tea,3
T004386,Yogurt,3
T004386,Pasta,3
T004386,Chicken,3
T004386,Beef,4
T004386,Flour,4
T004386,Tomatoes,3
T004386,Onions,1
T004387,Bread,1
T004388,Cheese,1
T004388,Butter,4
T004388,Orange Juice,4
T004388,Milk,1
T004388,Tomatoes,1
T004388,Bread,2
T004389,Bananas,4
T004389,Sugar,4
T004390,Sugar,2
T004390,Yogurt,4
T004390,Tomatoes,1
T004390,Beef,3
T004391,Sugar,2
T004391,Eggs,1
T004391,Butter,3
T004391,Orange Juice,1
T004391,Yogurt,4
T004391,Beef,1
T004391,Bananas,1
T004391,Bread,2
T004392,Butter,4
T004392,Pasta,3
T004392,Milk,3
T004392,Flour,1
T004392,Bananas,3
T004392,Coffee,3
T004392,Tomatoes,1
T004392,Onions,2
T004393,Cheese,4
T004393,Eggs,4
T004393,Orange Juice,4
T004393,Pasta,1
T004393,Milk,2
T004393,Flour,4
T004393,Coffee,2
T004393,Tomatoes,4
T004394,Eggs,1
T004394,Butter,4
T004394,Orange Juice,4
T004394,Milk,1
T004394,Bananas,2
T004395,Butter,4
T004395,Orange Juice,3
T004395,Yogurt,4
T004396,Eggs,1
T004396,Pasta,2
T004396,Chicken,2
T004396,Flour,4
T004396,Bananas,1
T004396,Tomatoes,1
T004396,Onions,3
T004397,Apples,1
T004397,Sugar,2
T004397,Eggs,1
T004397,Butter,2
T004397,Orange Juice,1
T004397,Tea,4
T004397,Milk,3
T004397,Beef,4
T004397,Coffee,1
T004397,Bread,4
T004398,Apples,3
T004398,Sugar,2
T004398,Yogurt,3
T004398,Pasta,3
T004398,Coffee,3
T004398,Onions,1
T004399,Sugar,3
T004399,Yogurt,2
T004400,Cheese,2
T004400,Eggs,2
T004400,Butter,2
T004400,Orange Juice,1
T004400,Yogurt,3
T004400,Milk,3
T004400,Flour,4
T004400,Bread,2
T004401,Cheese,2
T004401,Yogurt,2
T004402,Apples,3
T004402,Sugar,1
T004402,Tea,2
T004402,Yogurt,3
T004402,Pasta,1
T004402,Milk,1
T004402,Coffee,2
T004402,Onions,1
T004403,Apples,4
T004403,Orange Juice,4
T004404,Tomatoes,4
T004404,Eggs,1
T004405,Cheese,2
T004405,Sugar,4
T004405,Butter,4
T004405,Eggs,4
T004405,Tea,4
T004405,Milk,1
T004405,Chicken,1
T004405,Beef,3
T004405,Coffee,2
T004405,Bread,2
T004406,Sugar,2
T004406,Orange Juice,1
T004407,Eggs,1
T004407,Milk,4
T004408,Sugar,3
T004408,Eggs,4
T004408,Butter,4
T004408,Orange Juice,2
T004408,Milk,3
T004408,Coffee,2
T004408,Onions,4
T004409,Cheese,3
T004410,Eggs,1
T004410,Butter,4
T004410,Milk,4
T004410,Beef,2
T004410,Bread,4
T004410,Onions,3
T004411,Butter,3
T004411,Yogurt,1
T004411,Milk,2
T004411,Bananas,3
T004411,Bread,4
T004412,Coffee,4
T004412,Eggs,3
T004412,Bread,4
T004412,Butter,2
T004413,Eggs,1
T004413,Butter,1
T004413,Tea,1
T004413,Pasta,2
T004413,Milk,1
T004413,Yogurt,2
T004413,Flour,4
T004413,Bananas,2
T004413,Tomatoes,1
T004413,Bread,1
T004414,Flour,2
T004414,Eggs,1
T004414,Yogurt,4
T004415,Flour,3
T004415,Butter,2
T004415,Orange Juice,3
T004415,Yogurt,3
T004416,Apples,2
T004416,Cheese,2
T004416,Rice,1
T004416,Chicken,1
T004416,Flour,4
T004416,Bananas,4
T004416,Tomatoes,2
T004417,Pasta,3
T004418,Apples,2
T004418,Sugar,3
T004418,Orange Juice,3
T004418,Pasta,1
T004418,Yogurt,1
T004418,Chicken,1
T004418,Tomatoes,1
T004419,Sugar,3
T004419,Milk,1
T004419,Bananas,3
T004419,Coffee,1
T004419,Tomatoes,3
T004420,Orange Juice,1
T004421,Tea,2
T004421,Yogurt,1
T004421,Pasta,3
T004421,Bananas,1
T004421,Onions,4
T004422,Rice,1
T004422,Beef,3
T004422,Tea,2
T004423,Sugar,1
T004423,Orange Juice,4
T004423,Rice,1
T004423,Chicken,4
T004423,Coffee,1
T004423,Onions,2
T004424,Bananas,4
T004424,Coffee,4
T004424,Yogurt,4
T004424,Rice,3
T004425,Butter,2
T004425,Tea,2
T004425,Rice,1
T004425,Tomatoes,3
T004425,Bread,1
T004426,Chicken,2
T004426,Tomatoes,1
T004426,Pasta,1
T004426,Onions,1
T004427,Tomatoes,1
T004427,Yogurt,2
T004427,Pasta,1
T004427,Onions,1
T004428,Cheese,1
T004428,Eggs,2
T004428,Butter,3
T004428,Sugar,2
T004428,Milk,3
T004428,Flour,4
T004428,Coffee,4
T004428,Tomatoes,3
T004428,Onions,3
T004429,Yogurt,3
T004429,Beef,1
T004429,Onions,4
T004430,Bananas,2
T004431,Butter,2
T004431,Eggs,1
T004431,Bread,4
T004431,Orange Juice,3
T004432,Apples,2
T004432,Bananas,2
T004432,Eggs,3
T004433,Cheese,2
T004433,Eggs,1
T004433,Chicken,1
T004433,Beef,1
T004433,Coffee,3
T004434,Eggs,2
T004434,Orange Juice,2
T004434,Rice,3
T004434,Pasta,1
T004434,Tomatoes,2
T004435,Chicken,2
T004435,Pasta,1
T004435,Onions,3
T004436,Orange Juice,3
T004436,Yogurt,4
T004437,Apples,3
T004438,Apples,4
T004438,Cheese,1
T004438,Tea,2
T004438,Pasta,2
T004438,Milk,4
T004438,Chicken,2
T004438,Coffee,2
T004438,Bread,1
T004439,Sugar,1
T004439,Eggs,4
T004439,Butter,3
T004439,Pasta,1
T004439,Chicken,1
T004439,Bananas,3
T004439,Tomatoes,2
T004439,Bread,4
T004440,Apples,3
T004440,Sugar,4
T004440,Eggs,4
T004440,Pasta,4
T004440,Bananas,4
T004440,Tomatoes,1
T004440,Bread,1
T004440,Onions,3
T004441,Apples,1
T004441,Sugar,4
T004441,Eggs,1
T004441,Butter,1
T004441,Tea,1
T004441,Rice,4
T004441,Milk,2
T004441,Bread,2
T004442,Butter,1
T004442,Pasta,2
T004442,Milk,2
T004442,Coffee,2
T004442,Bread,2
T004442,Onions,4
T004443,Sugar,1
T004443,Eggs,3
T004443,Butter,2
T004443,Orange Juice,1
T004443,Milk,2
T004443,Chicken,2
T004443,Bread,3
T004443,Onions,2
T004444,Apples,3
T004444,Butter,2
T004444,Orange Juice,1
T004444,Rice,4
T004444,Milk,4
T004444,Beef,2
T004444,Coffee,3
T004444,Onions,4
T004445,Cheese,1
T004446,Butter,4
T004446,Eggs,1
T004446,Bread,1
T004447,Apples,3
T004447,Sugar,3
T004447,Eggs,2
T004447,Butter,4
T004447,Rice,1
T004447,Yogurt,4
T004447,Bread,1
T004448,Cheese,1
T004448,Eggs,1
T004448,Butter,1
T004448,Rice,2
T004448,Beef,2
T004448,Flour,4
T004449,Cheese,2
T004449,Eggs,1
T004449,Orange Juice,4
T004449,Chicken,2
T004449,Bread,1
T004450,Apples,1
T004450,Sugar,4
T004450,Eggs,4
T004450,Butter,1
T004450,Rice,2
T004450,Milk,3
T004450,Beef,3
T004450,Flour,2
T004450,Bread,3
T004451,Apples,1
T004451,Sugar,4
T004451,Butter,3
T004451,Milk,1
T004451,Chicken,3
T004451,Beef,2
T004451,Flour,1
T004451,Bread,3
T004451,Onions,2
T004452,Eggs,2
T004453,Flour,3
T004454,Sugar,2
T004454,Eggs,3
T004454,Butter,1
T004454,Rice,3
T004454,Yogurt,3
T004454,Milk,2
T004455,Apples,2
T004455,Orange Juice,4
T004455,Tea,2
T004455,Milk,2
T004455,Chicken,3
T004455,Beef,3
T004455,Coffee,4
T004456,Tomatoes,3
T004456,Yogurt,3
T004456,Tea,2
T004457,Sugar,2
T004457,Chicken,4
T004457,Beef,1
T004457,Flour,4
T004457,Bananas,3
T004457,Tomatoes,3
T004458,Cheese,1
T004458,Eggs,1
T004458,Tea,3
T004458,Rice,4
T004458,Yogurt,2
T004458,Flour,4
T004458,Bread,2
T004459,Butter,1
T004459,Orange Juice,1
T004459,Rice,4
T004459,Beef,3
T004459,Tomatoes,3
T004459,Bread,4
T004460,Onions,4
T004461,Eggs,3
T004461,Yogurt,3
T004461,Pasta,2
T004461,Beef,3
T004461,Tomatoes,2
T004462,Orange Juice,3
T004462,Onions,2
T004463,Apples,3
T004463,Sugar,1
T004463,Orange Juice,4
T004463,Rice,3
T004464,Sugar,3
T004465,Apples,3
T004465,Butter,1
T004465,Yogurt,1
T004465,Milk,3
T004465,Chicken,4
T004465,Coffee,1
T004465,Tomatoes,3
T004465,Onions,4
T004466,Apples,1
T004466,Cheese,4
T004466,Sugar,1
T004466,Pasta,4
T004466,Chicken,4
T004466,Tomatoes,1
T004466,Onions,2
T004467,Chicken,3
T004467,Bananas,1
T004467,Butter,2
T004468,Apples,4
T004468,Butter,2
T004469,Apples,2
T004469,Eggs,4
T004469,Butter,3
T004469,Tea,1
T004469,Yogurt,2
T004469,Milk,1
T004469,Pasta,2
T004469,Tomatoes,3
T004469,Onions,4
T004470,Apples,2
T004470,Sugar,3
T004470,Pasta,2
T004470,Milk,2
T004470,Coffee,4
T004470,Tomatoes,2
T004470,Onions,2
T004471,Apples,1
T004471,Sugar,2
T004471,Pasta,2
T004471,Chicken,3
T004471,Beef,4
T004471,Flour,2
T004471,Onions,1
T004472,Eggs,2
T004472,Butter,4
T004472,Pasta,2
T004472,Bananas,1
T004472,Onions,4
T004473,Eggs,4
T004473,Butter,2
T004473,Tea,3
T004473,Chicken,2
T004473,Beef,1
T004473,Flour,4
T004473,Tomatoes,2
T004474,Eggs,2
T004474,Butter,1
T004474,Rice,3
T004474,Pasta,2
T004474,Chicken,2
T004474,Milk,1
T004474,Tomatoes,3
T004474,Bread,4
T004474,Onions,1
T004475,Butter,3
T004475,Rice,1
T004475,Onions,2
T004476,Eggs,4
T004476,Butter,1
T004476,Rice,2
T004476,Milk,1
T004477,Flour,3
T004478,Coffee,3
T004478,Cheese,1
T004478,Yogurt,1
T004479,Butter,1
T004479,Yogurt,3
T004480,Cheese,1
T004480,Eggs,3
T004480,Pasta,3
T004480,Bread,1
T004480,Onions,2
T004481,Apples,2
T004481,Beef,1
T004481,Yogurt,2
T004481,Flour,1
T004482,Cheese,1
T004482,Eggs,1
T004482,Butter,2
T004482,Tea,4
T004482,Yogurt,1
T004482,Bread,3
T004483,Sugar,2
T004483,Eggs,2
T004483,Orange Juice,4
T004483,Tea,2
T004483,Milk,3
T004483,Chicken,2
T004483,Coffee,3
T004483,Bread,1
T004483,Tomatoes,4
T004484,Tomatoes,4
T004485,Butter,2
T004485,Eggs,2
T004485,Bread,1
T004485,Beef,4
T004486,Apples,2
T004486,Cheese,3
T004486,Orange Juice,1
T004487,Apples,1
T004487,Cheese,4
T004488,Sugar,4
T004488,Eggs,4
T004488,Rice,4
T004488,Coffee,2
T004488,Onions,1
T004489,Sugar,4
T004489,Orange Juice,3
T004489,Rice,1
T004489,Yogurt,1
T004489,Flour,2
T004489,Tomatoes,3
T004490,Cheese,4
T004490,Sugar,4
T004490,Butter,4
T004491,Butter,3
T004491,Pasta,3
T004491,Yogurt,3
T004491,Milk,3
T004491,Coffee,2
T004491,Bread,1
T004492,Cheese,4
T004492,Butter,1
T004492,Orange Juice,4
T004492,Chicken,1
T004492,Flour,2
T004493,Apples,2
T004493,Cheese,4
T004493,Eggs,1
T004493,Orange Juice,1
T004494,Coffee,2
T004494,Yogurt,1
T004494,Milk,2
T004495,Cheese,1
T004495,Eggs,1
T004495,Orange Juice,3
T004495,Yogurt,2
T004495,Milk,4
T004495,Rice,3
T004495,Flour,1
T004495,Coffee,4
T004495,Bread,3
T004496,Apples,3
T004496,Tea,4
T004496,Rice,3
T004496,Pasta,4
T004496,Beef,2
T004496,Tomatoes,1
T004496,Onions,1
T004497,Eggs,2
T004497,Butter,3
T004497,Orange Juice,1
T004497,Pasta,4
T004497,Coffee,2
T004497,Bread,1
T004497,Onions,3
T004498,Bananas,1
T004499,Cheese,2
T004499,Butter,2
T004499,Rice,3
T004499,Chicken,1
T004499,Bananas,3
T004500,Rice,2
T004500,Pasta,1
T004500,Beef,3
T004500,Flour,1
T004500,Bananas,2
T004500,Onions,4
T004501,Bananas,1
T004501,Tea,3
T004502,Butter,3
T004502,Pasta,1
T004502,Chicken,4
T004502,Flour,2
T004502,Tomatoes,1
T004502,Onions,3
T004503,Tomatoes,1
T004503,Butter,1
T004503,Onions,4
T004504,Sugar,1
T004504,Eggs,4
T004504,Butter,1
T004504,Tea,1
T004504,Chicken,2
T004504,Beef,3
T004504,Flour,3
T004504,Bread,3
T004504,Onions,2
T004505,Apples,3
T004505,Sugar,3
T004505,Eggs,1
T004505,Orange Juice,1
T004505,Pasta,3
T004505,Yogurt,4
T004505,Milk,4
T004505,Coffee,4
T004505,Tomatoes,1
T004506,Eggs,1
T004506,Butter,1
T004506,Tea,2
T004506,Milk,1
T004506,Chicken,3
T004507,Chicken,1
T004507,Tomatoes,2
T004507,Rice,2
T004508,Butter,4
T004509,Sugar,2
T004509,Tea,3
T004509,Chicken,2
T004509,Beef,2
T004509,Tomatoes,3
T004510,Cheese,4
T004510,Sugar,4
T004510,Rice,2
T004510,Milk,2
T004510,Beef,1
T004510,Coffee,2
T004510,Bread,3
T004510,Onions,4
T004511,Eggs,1
T004511,Butter,1
T004511,Orange Juice,3
T004511,Tea,4
T004511,Milk,1
T004511,Chicken,1
T004511,Bananas,2
T004511,Coffee,3
T004511,Bread,3
T004512,Onions,1
T004513,Apples,1
T004513,Eggs,3
T004513,Butter,4
T004513,Milk,4
T004513,Bread,1
T004514,Butter,3
T004514,Eggs,1
T004514,Bread,1
T004515,Pasta,4
T004515,Yogurt,4
T004515,Tomatoes,4
T004515,Beef,3
T004516,Sugar,2
T004516,Eggs,4
T004516,Tea,2
T004516,Yogurt,3
T004516,Milk,2
T004516,Chicken,4
T004516,Coffee,1
T004517,Apples,3
T004517,Cheese,4
T004518,Chicken,3
T004519,Bananas,3
T004519,Yogurt,3
T004520,Chicken,1
T004520,Tea,1
T004521,Eggs,2
T004521,Butter,3
T004521,Yogurt,1
T004521,Pasta,3
T004521,Milk,3
T004521,Bananas,3
T004521,Tomatoes,2
T004521,Bread,1
T004522,Apples,4
T004522,Eggs,4
T004522,Rice,3
T004522,Flour,4
T004522,Bread,1
T004523,Apples,4
T004523,Coffee,4
T004523,Tea,4
T004523,Yogurt,3
T004523,Milk,3
T004523,Tomatoes,3
T004524,Apples,4
T004524,Eggs,1
T004524,Butter,2
T004524,Orange Juice,3
T004524,Tea,4
T004524,Yogurt,3
T004524,Beef,3
T004524,Bread,2
T004525,Apples,3
T004525,Cheese,2
T004525,Tea,3
T004525,Pasta,4
T004525,Yogurt,1
T004525,Beef,4
T004525,Onions,3
T004526,Apples,2
T004526,Coffee,1
T004526,Sugar,1
T004526,Orange Juice,4
T004527,Sugar,2
T004527,Cheese,1
T004527,Butter,4
T004527,Eggs,4
T004527,Milk,4
T004527,Bananas,2
T004527,Coffee,3
T004527,Bread,3
T004528,Flour,3
T004528,Coffee,2
T004528,Orange Juice,1
T004528,Yogurt,2
T004529,Sugar,4
T004529,Tea,2
T004530,Chicken,1
T004531,Apples,1
T004531,Cheese,2
T004531,Eggs,2
T004531,Tea,4
T004531,Yogurt,3
T004531,Milk,2
T004531,Beef,3
T004531,Coffee,1
T004532,Coffee,1
T004532,Sugar,4
T004533,Onions,4
T004533,Tea,1
T004534,Beef,4
T004534,Onions,4
T004535,Sugar,1
T004535,Eggs,3
T004535,Rice,4
T004535,Milk,2
T004535,Flour,1
T004535,Coffee,2
T004536,Sugar,2
T004536,Eggs,1
T004536,Butter,1
T004536,Tea,2
T004536,Milk,4
T004536,Beef,1
T004536,Flour,4
T004536,Bread,2
T004536,Onions,3
T004537,Beef,4
T004538,Bananas,1
T004538,Butter,4
T004538,Milk,2
T004539,Eggs,2
T004539,Butter,2
T004539,Rice,4
T004539,Bread,1
T004539,Onions,3
T004540,Butter,1
T004540,Eggs,2
T004540,Bread,1
T004540,Tea,3
T004541,Chicken,3
T004541,Coffee,4
T004541,Eggs,3
T004541,Milk,2
T004542,Apples,3
T004542,Sugar,2
T004542,Orange Juice,2
T004542,Yogurt,4
T004542,Beef,3
T004542,Onions,1
T004543,Sugar,3
T004543,Cheese,3
T004543,Butter,3
T004543,Rice,4
T004543,Chicken,3
T004543,Beef,3
T004543,Tomatoes,3
T004543,Bread,2
T004544,Eggs,3
T004544,Butter,3
T004544,Orange Juice,2
T004544,Yogurt,1
T004544,Chicken,3
T004544,Beef,2
T004544,Tomatoes,2
T004544,Bread,4
T004545,Cheese,2
T004545,Eggs,2
T004545,Butter,1
T004545,Milk,1
T004545,Beef,4
T004545,Flour,1
T004545,Bread,1
T004546,Sugar,2
T004546,Butter,2
T004546,Milk,2
T004546,Chicken,3
T004546,Flour,4
T004546,Coffee,2
T004546,Bread,1
T004546,Tomatoes,3
T004547,Apples,2
T004547,Bananas,1
T004547,Tea,2
T004548,Eggs,1
T004548,Bread,3
T004549,Sugar,2
T004549,Eggs,3
T004549,Butter,3
T004549,Milk,2
T004549,Coffee,4
T004550,Apples,1
T004550,Orange Juice,3
T004550,Yogurt,1
T004550,Rice,1
T004550,Coffee,1
T004550,Onions,1
T004551,Bread,1
T004551,Butter,4
T004551,Orange Juice,2
T004551,Tea,3
T004552,Rice,4
T004552,Orange Juice,4
T004552,Beef,4
T004553,Apples,3
T004553,Sugar,2
T004553,Eggs,3
T004553,Butter,4
T004553,Pasta,3
T004553,Rice,3
T004553,Chicken,1
T004553,Milk,3
T004553,Coffee,4
T004553,Bread,4
T004553,Tomatoes,2
T004553,Onions,3
T004554,Eggs,4
T004554,Butter,2
T004554,Milk,3
T004555,Eggs,2
T004555,Yogurt,3
T004555,Rice,1
T004556,Apples,3
T004556,Eggs,4
T004556,Orange Juice,4
T004556,Pasta,2
T004556,Rice,2
T004556,Tomatoes,2
T004556,Onions,3
T004557,Yogurt,4
T004557,Milk,3
T004557,Chicken,1
T004557,Flour,1
T004557,Bread,4
T004558,Apples,4
T004558,Sugar,4
T004558,Orange Juice,3
T004558,Milk,3
T004558,Beef,1
T004558,Coffee,4
T004558,Onions,4
T004559,Apples,2
T004559,Bananas,3
T004559,Beef,1
T004560,Orange Juice,1
T004561,Apples,1
T004561,Sugar,4
T004561,Cheese,2
T004561,Orange Juice,1
T004561,Pasta,3
T004561,Tomatoes,3
T004561,Onions,4
T004562,Eggs,2
T004562,Butter,1
T004562,Tea,3
T004562,Rice,1
T004562,Pasta,2
T004562,Tomatoes,4
T004562,Bread,3
T004563,Apples,2
T004563,Orange Juice,2
T004563,Tea,4
T004563,Rice,2
T004563,Chicken,4
T004563,Tomatoes,4
T004563,Bread,4
T004564,Sugar,1
T004564,Cheese,3
T004564,Orange Juice,4
T004564,Pasta,3
T004564,Flour,2
T004564,Tomatoes,3
T004564,Onions,1
T004565,Apples,4
T004566,Cheese,3
T004566,Butter,3
T004566,Rice,1
T004566,Milk,3
T004566,Chicken,2
T004566,Bread,3
T004566,Onions,3
T004567,Eggs,2
T004567,Yogurt,3
T004568,Flour,4
T004568,Tomatoes,2
T004568,Butter,1
T004568,Onions,2
T004569,Sugar,3
T004569,Pasta,3
T004569,Bananas,1
T004569,Tomatoes,4
T004569,Onions,1
T004570,Apples,3
T004570,Sugar,3
T004570,Eggs,1
T004570,Butter,4
T004570,Chicken,3
T004570,Flour,2
T004570,Bread,1
T004571,Bananas,4
T004571,Butter,4
T004571,Rice,2
T004572,Flour,3
T004572,Sugar,4
T004572,Butter,4
T004573,Sugar,2
T004573,Butter,3
T004573,Tea,2
T004573,Milk,1
T004573,Coffee,4
T004574,Apples,1
T004574,Eggs,2
T004574,Butter,2
T004574,Tea,4
T004574,Milk,2
T004574,Tomatoes,2
T004575,Apples,1
T004575,Butter,3
T004575,Orange Juice,3
T004575,Rice,1
T004575,Pasta,4
T004575,Beef,4
T004575,Onions,3
T004576,Bananas,4
T004576,Onions,1
T004577,Apples,1
T004577,Cheese,3
T004577,Butter,1
T004577,Chicken,1
T004577,Beef,4
T004577,Bananas,1
T004577,Onions,1
T004578,Butter,3
T004578,Milk,3
T004578,Bananas,3
T004578,Tomatoes,1
T004578,Onions,1
T004579,Apples,3
T004579,Butter,1
T004579,Tea,3
T004579,Rice,2
T004579,Chicken,1
T004579,Onions,2
T004580,Apples,1
T004580,Butter,2
T004580,Rice,2
T004580,Milk,1
T004580,Bread,1
T004580,Onions,2
T004581,Onions,4
T004581,Orange Juice,3
T004581,Tea,1
T004582,Apples,2
T004582,Sugar,2
T004582,Cheese,1
T004582,Eggs,4
T004582,Butter,1
T004582,Rice,3
T004582,Milk,1
T004582,Beef,3
T004582,Bread,3
T004583,Eggs,3
T004583,Butter,1
T004583,Orange Juice,4
T004583,Milk,1
T004583,Bananas,2
T004583,Bread,1
T004583,Onions,1
T004584,Flour,1
T004584,Coffee,1
T004584,Rice,2
T004584,Onions,1
T004585,Apples,4
T004585,Beef,2
T004586,Sugar,4
T004586,Orange Juice,1
T004586,Tea,3
T004586,Flour,3
T004586,Bananas,2
T004587,Apples,1
T004587,Eggs,4
T004587,Orange Juice,3
T004587,Flour,2
T004587,Bananas,2
T004587,Tomatoes,1
T004587,Bread,3
T004588,Bananas,1
T004588,Cheese,4
T004588,Butter,3
T004588,Bread,4
T004589,Tomatoes,2
T004589,Orange Juice,3
T004590,Sugar,4
T004590,Eggs,4
T004590,Butter,3
T004590,Orange Juice,3
T004590,Pasta,1
T004590,Rice,4
T004590,Milk,2
T004590,Beef,2
T004590,Coffee,3
T004590,Bread,4
T004590,Tomatoes,3
T004591,Apples,3
T004591,Coffee,1
T004591,Tea,1
T004591,Pasta,4
T004591,Yogurt,4
T004591,Milk,1
T004591,Beef,2
T004591,Tomatoes,2
T004591,Onions,4
T004592,Eggs,1
T004592,Butter,3
T004592,Tea,4
T004592,Milk,3
T004592,Flour,1
T004592,Coffee,2
T004592,Bread,3
T004592,Onions,3
T004593,Eggs,3
T004593,Orange Juice,2
T004593,Pasta,4
T004593,Onions,3
T004594,Eggs,3
T004594,Butter,4
T004595,Eggs,4
T004596,Bananas,4
T004596,Butter,4
T004596,Milk,2
T004597,Apples,1
T004597,Sugar,3
T004597,Rice,4
T004597,Pasta,4
T004597,Tomatoes,2
T004597,Onions,1
T004598,Apples,2
T004599,Apples,4
T004599,Bananas,2
T004599,Butter,4
T004600,Flour,2
T004600,Sugar,2
T004600,Beef,3
T004601,Chicken,2
T004601,Eggs,2
T004602,Yogurt,1
T004603,Coffee,1
T004603,Sugar,3
T004603,Butter,1
T004603,Pasta,3
T004603,Milk,4
T004603,Chicken,1
T004603,Tomatoes,2
T004603,Bread,1
T004603,Onions,4
T004604,Sugar,3
T004604,Eggs,3
T004604,Butter,3
T004604,Orange Juice,1
T004604,Tea,3
T004604,Milk,2
T004604,Chicken,4
T004604,Coffee,1
T004604,Bread,4
T004605,Flour,2
T004606,Cheese,1
T004606,Eggs,4
T004606,Butter,2
T004606,Pasta,1
T004606,Milk,3
T004606,Beef,4
T004606,Flour,4
T004607,Flour,1
T004607,Yogurt,2
T004608,Butter,1
T004608,Eggs,4
T004608,Bread,4
T004608,Yogurt,3
T004609,Pasta,1
T004609,Onions,2
T004610,Apples,1
T004610,Eggs,4
T004610,Rice,2
T004610,Chicken,2
T004610,Flour,4
T004610,Bananas,2
T004610,Onions,1
T004611,Orange Juice,4
T004611,Yogurt,1
T004611,Beef,3
T004611,Flour,2
T004611,Onions,2
T004612,Eggs,1
T004612,Butter,2
T004612,Orange Juice,1
T004612,Tea,2
T004612,Milk,3
T004612,Chicken,3
T004612,Beef,2
T004612,Bread,4
T004613,Tomatoes,2
T004613,Rice,1
T004613,Onions,1
T004614,Flour,2
T004614,Sugar,4
T004614,Butter,4
T004614,Orange Juice,4
T004615,Apples,2
T004615,Sugar,4
T004615,Eggs,2
T004615,Butter,1
T004615,Beef,1
T004615,Bread,3
T004616,Bananas,3
T004616,Onions,3
T004617,Sugar,4
T004617,Butter,4
T004617,Orange Juice,2
T004617,Milk,1
T004617,Chicken,2
T004617,Coffee,2
T004617,Bread,1
T004617,Onions,1
T004618,Butter,3
T004618,Bread,4
T004619,Butter,1
T004619,Rice,1
T004619,Tea,4
T004620,Eggs,4
T004620,Butter,2
T004620,Tea,4
T004620,Pasta,2
T004620,Tomatoes,2
T004620,Bread,4
T004621,Sugar,3
T004621,Yogurt,4
T004621,Cheese,4
T004621,Beef,4
T004622,Apples,2
T004622,Eggs,4
T004622,Rice,1
T004622,Milk,4
T004622,Beef,2
T004622,Flour,4
T004622,Tomatoes,3
T004622,Bread,1
T004622,Onions,4
T004623,Sugar,4
T004623,Eggs,3
T004623,Yogurt,2
T004623,Rice,3
T004623,Chicken,3
T004623,Milk,4
T004623,Beef,3
T004623,Onions,1
T004624,Apples,1
T004624,Eggs,4
T004624,Butter,4
T004624,Chicken,1
T004624,Beef,3
T004624,Bread,2
T004625,Sugar,3
T004625,Yogurt,3
T004625,Milk,1
T004625,Coffee,1
T004625,Onions,4
T004626,Bananas,2
T004627,Cheese,1
T004627,Sugar,2
T004627,Butter,4
T004627,Chicken,1
T004627,Flour,3
T004628,Bananas,4
T004628,Cheese,3
T004628,Yogurt,1
T004629,Apples,2
T004629,Eggs,3
T004629,Butter,2
T004629,Orange Juice,4
T004629,Beef,1
T004629,Bananas,2
T004629,Bread,2
T004630,Sugar,4
T004630,Eggs,3
T004630,Cheese,3
T004630,Pasta,1
T004630,Tomatoes,3
T004630,Onions,2
T004631,Tea,2
T004632,Sugar,4
T004632,Eggs,2
T004632,Butter,2
T004632,Yogurt,2
T004632,Milk,3
T004632,Flour,2
T004632,Bread,4
T004632,Onions,1
T004633,Eggs,3
T004633,Tea,1
T004633,Rice,3
T004633,Milk,4
T004633,Bananas,4
T004633,Tomatoes,4
T004633,Bread,1
T004634,Sugar,3
T004634,Orange Juice,2
T004635,Cheese,1
T004635,Eggs,2
T004635,Butter,3
T004635,Yogurt,3
T004635,Milk,4
T004635,Bread,3
T004636,Onions,2
T004636,Sugar,3
T004636,Tomatoes,4
T004636,Tea,4
T004637,Flour,3
T004637,Beef,2
T004638,Bananas,3
T004638,Tomatoes,2
T004638,Orange Juice,3
T004639,Flour,1
T004639,Eggs,3
T004639,Butter,3
T004640,Orange Juice,2
T004640,Onions,1
T004641,Butter,3
T004641,Bread,3
T004641,Onions,2
T004642,Apples,2
T004642,Cheese,2
T004642,Eggs,3
T004642,Butter,1
T004643,Beef,1
T004643,Rice,2
T004643,Tea,3
T004644,Rice,3
T004645,Apples,4
T004646,Cheese,2
T004646,Chicken,3
T004646,Bananas,4
T004646,Tomatoes,4
T004646,Onions,4
T004647,Orange Juice,1
T004647,Tea,4
T004647,Yogurt,4
T004647,Beef,3
T004647,Onions,2
T004648,Rice,4
T004649,Bananas,4
T004649,Sugar,3
T004649,Tea,3
T004650,Apples,1
T004650,Cheese,2
T004650,Eggs,4
T004650,Rice,2
T004650,Pasta,1
T004650,Flour,3
T004650,Tomatoes,4
T004650,Bread,3
T004651,Apples,3
T004651,Sugar,4
T004651,Eggs,4
T004651,Orange Juice,3
T004651,Chicken,4
T004651,Tomatoes,4
T004652,Cheese,3
T004652,Sugar,2
T004652,Pasta,2
T004652,Rice,2
T004652,Coffee,3
T004652,Tomatoes,3
T004653,Sugar,2
T004654,Sugar,1
T004654,Pasta,1
T004654,Milk,1
T004654,Chicken,2
T004654,Coffee,4
T004654,Tomatoes,4
T004654,Onions,3
T004655,Flour,2
T004655,Yogurt,2
T004656,Apples,1
T004656,Orange Juice,3
T004656,Rice,1
T004656,Pasta,1
T004656,Tomatoes,1
T004657,Sugar,3
T004658,Butter,2
T004658,Eggs,4
T004658,Bread,4
T004659,Bread,1
T004659,Milk,4
T004660,Bananas,3
T004660,Butter,1
T004660,Beef,3
T004661,Tomatoes,1
T004661,Orange Juice,4
T004662,Butter,3
T004662,Eggs,3
T004662,Bread,1
T004662,Milk,2
T004663,Apples,1
T004663,Sugar,3
T004663,Eggs,2
T004663,Beef,1
T004663,Flour,3
T004664,Cheese,1
T004664,Eggs,1
T004664,Butter,1
T004664,Sugar,1
T004664,Pasta,4
T004664,Milk,3
T004664,Coffee,1
T004664,Bread,1
T004664,Onions,2
T004665,Apples,1
T004665,Orange Juice,1
T004665,Tea,1
T004665,Beef,1
T004665,Tomatoes,2
T004666,Coffee,1
T004666,Rice,3
T004667,Tomatoes,3
T004668,Chicken,3
T004668,Bananas,4
T004668,Sugar,1
T004668,Yogurt,2
T004669,Eggs,3
T004669,Butter,4
T004669,Pasta,4
T004669,Milk,4
T004669,Flour,3
T004669,Bananas,1
T004669,Tomatoes,3
T004670,Eggs,1
T004670,Tea,2
T004670,Pasta,3
T004670,Rice,1
T004670,Beef,3
T004670,Tomatoes,2
T004671,Cheese,1
T004671,Sugar,1
T004671,Butter,3
T004671,Rice,4
T004671,Milk,2
T004671,Chicken,4
T004671,Beef,1
T004671,Tomatoes,1
T004671,Bread,1
T004672,Sugar,4
T004672,Orange Juice,1
T004672,Milk,3
T004672,Flour,2
T004672,Coffee,4
T004672,Onions,1
T004673,Apples,1
T004673,Tea,2
T004673,Rice,2
T004673,Yogurt,1
T004673,Chicken,3
T004673,Flour,1
T004673,Onions,2
T004674,Onions,3
T004675,Chicken,4
T004675,Orange Juice,2
T004675,Yogurt,3
T004676,Chicken,4
T004676,Butter,2
T004676,Bread,4
T004676,Onions,2
T004677,Apples,2
T004677,Sugar,1
T004677,Eggs,3
T004677,Tea,1
T004677,Rice,3
T004677,Beef,3
T004677,Bread,1
T004677,Onions,1
T004678,Chicken,1
T004678,Butter,2
T004678,Rice,2
T004679,Apples,2
T004679,Coffee,2
T004679,Cheese,2
T004679,Eggs,1
T004679,Sugar,4
T004679,Milk,3
T004679,Tomatoes,3
T004679,Onions,4
T004680,Apples,3
T004680,Sugar,4
T004680,Orange Juice,4
T004680,Tea,3
T004680,Tomatoes,2
T004681,Tomatoes,3
T004681,Pasta,2
T004681,Onions,3
T004682,Eggs,3
T004682,Rice,2
T004682,Yogurt,2
T004682,Beef,4
T004682,Flour,3
T004682,Onions,1
T004683,Apples,3
T004683,Rice,2
T004684,Rice,3
T004684,Yogurt,1
T004685,Coffee,3
T004685,Cheese,3
T004685,Eggs,3
T004685,Orange Juice,1
T004685,Milk,4
T004685,Tomatoes,4
T004685,Bread,4
T004686,Butter,2
T004686,Rice,1
T004686,Yogurt,2
T004686,Chicken,3
T004686,Beef,4
T004686,Flour,1
T004686,Onions,1
T004687,Tomatoes,4
T004688,Tea,4
T004688,Yogurt,1
T004688,Bananas,2
T004688,Coffee,2
T004688,Tomatoes,2
T004689,Tea,3
T004689,Rice,4
T004689,Chicken,4
T004689,Flour,4
T004689,Bananas,2
T004690,Chicken,1
T004690,Cheese,2
T004690,Butter,3
T004691,Coffee,4
T004691,Sugar,1
T004691,Pasta,4
T004691,Onions,1
T004692,Eggs,2
T004692,Onions,1
T004693,Sugar,1
T004693,Eggs,2
T004693,Orange Juice,4
T004693,Pasta,1
T004693,Milk,4
T004693,Beef,4
T004693,Tomatoes,4
T004693,Bread,1
T004693,Onions,1
T004694,Apples,4
T004694,Tea,4
T004694,Rice,1
T004694,Yogurt,3
T004694,Flour,1
T004694,Bread,3
T004694,Onions,2
T004695,Sugar,2
T004695,Eggs,3
T004695,Butter,4
T004695,Tea,2
T004695,Rice,2
T004695,Flour,1
T004695,Tomatoes,1
T004695,Bread,1
T004696,Eggs,2
T004696,Butter,3
T004696,Rice,4
T004696,Milk,2
T004696,Bananas,2
T004697,Sugar,3
T004697,Orange Juice,4
T004697,Tea,4
T004697,Rice,1
T004697,Milk,2
T004697,Coffee,1
T004697,Tomatoes,1
T004698,Eggs,3
T004698,Butter,4
T004698,Rice,3
T004698,Milk,2
T004698,Bananas,2
T004699,Pasta,3
T004699,Butter,1
T004699,Orange Juice,1
T004699,Rice,4
T004700,Beef,1
T004701,Eggs,4
T004701,Rice,4
T004702,Sugar,2
T004702,Eggs,2
T004702,Butter,2
T004702,Rice,2
T004702,Milk,3
T004702,Bread,3
T004703,Butter,2
T004703,Tea,3
T004703,Pasta,3
T004703,Milk,2
T004703,Bananas,4
T004703,Bread,3
T004703,Onions,1
T004704,Bananas,1
T004705,Yogurt,1
T004706,Sugar,4
T004706,Eggs,2
T004706,Butter,2
T004706,Milk,1
T004706,Chicken,4
T004706,Coffee,2
T004706,Bread,4
T004707,Apples,1
T004707,Sugar,4
T004707,Eggs,1
T004707,Butter,2
T004707,Tea,4
T004707,Milk,3
T004707,Beef,4
T004707,Coffee,1
T004707,Bread,1
T004707,Onions,3
T004708,Eggs,2
T004708,Orange Juice,2
T004708,Yogurt,1
T004708,Chicken,3
T004708,Bananas,4
T004709,Apples,4
T004709,Bananas,4
T004709,Flour,4
T004710,Cheese,4
T004710,Eggs,3
T004710,Butter,3
T004710,Pasta,2
T004710,Chicken,4
T004710,Bananas,4
T004710,Tomatoes,1
T004710,Bread,4
T004711,Coffee,2
T004711,Eggs,4
T004711,Yogurt,4
T004711,Milk,1
T004712,Flour,1
T004712,Eggs,3
T004712,Yogurt,2
T004713,Cheese,4
T004713,Eggs,1
T004713,Butter,1
T004713,Milk,4
T004713,Chicken,3
T004713,Onions,3
T004714,Cheese,3
T004714,Eggs,2
T004714,Sugar,1
T004714,Tea,1
T004714,Pasta,2
T004714,Milk,1
T004714,Beef,4
T004714,Coffee,4
T004714,Bread,3
T004714,Tomatoes,4
T004714,Onions,2
T004715,Pasta,1
T004715,Rice,4
T004715,Chicken,4
T004715,Milk,1
T004715,Bananas,3
T004715,Coffee,3
T004715,Tomatoes,3
T004715,Onions,3
T004716,Butter,1
T004716,Eggs,2
T004716,Bread,4
T004716,Rice,1
T004717,Flour,4
T004718,Butter,3
T004719,Eggs,3
T004719,Rice,4
T004720,Apples,4
T004720,Butter,4
T004720,Pasta,4
T004720,Tomatoes,2
T004720,Bread,4
T004720,Onions,1
T004721,Sugar,2
T004722,Tomatoes,2
T004722,Rice,3
T004723,Apples,2
T004723,Cheese,3
T004723,Sugar,1
T004723,Yogurt,3
T004723,Pasta,3
T004723,Rice,1
T004723,Tomatoes,4
T004723,Onions,1
T004724,Orange Juice,1
T004725,Eggs,4
T004725,Tea,3
T004725,Yogurt,4
T004725,Rice,4
T004725,Flour,2
T004725,Bananas,4
T004725,Tomatoes,1
T004725,Bread,4
T004726,Eggs,4
T004726,Butter,4
T004726,Milk,3
T004727,Bananas,2
T004728,Bananas,2
T004729,Tea,1
T004730,Sugar,2
T004730,Eggs,3
T004730,Butter,3
T004730,Orange Juice,2
T004730,Yogurt,4
T004730,Milk,4
T004730,Flour,2
T004730,Bread,1
T004731,Cheese,1
T004731,Eggs,3
T004731,Butter,3
T004731,Rice,3
T004731,Milk,4
T004731,Flour,2
T004731,Bread,2
T004732,Sugar,2
T004732,Cheese,3
T004732,Yogurt,1
T004732,Chicken,1
T004732,Coffee,4
T004732,Onions,2
T004733,Tomatoes,4
T004733,Butter,4
T004733,Orange Juice,2
T004733,Beef,2
T004734,Sugar,3
T004734,Cheese,4
T004734,Eggs,3
T004734,Orange Juice,4
T004734,Butter,4
T004734,Yogurt,2
T004734,Milk,2
T004734,Pasta,3
T004734,Bread,1
T004734,Onions,4
T004735,Apples,2
T004735,Orange Juice,4
T004735,Pasta,2
T004735,Rice,4
T004735,Tomatoes,3
T004735,Onions,4
T004736,Eggs,2
T004737,Bananas,1
T004737,Rice,1
T004737,Onions,1
T004738,Tea,4
T004739,Sugar,3
T004739,Cheese,2
T004739,Pasta,2
T004739,Onions,4
T004740,Tea,4
T004740,Yogurt,1
T004740,Rice,3
T004740,Bananas,3
T004740,Onions,4
T004741,Sugar,3
T004741,Pasta,4
T004741,Chicken,3
T004741,Beef,2
T004741,Onions,4
T004742,Apples,4
T004742,Cheese,1
T004742,Sugar,3
T004742,Pasta,3
T004742,Milk,1
T004742,Beef,2
T004742,Coffee,3
T004743,Cheese,1
T004743,Eggs,4
T004744,Butter,3
T004745,Apples,1
T004745,Eggs,3
T004745,Butter,3
T004745,Orange Juice,2
T004745,Rice,3
T004745,Chicken,4
T004746,Eggs,1
T004746,Butter,4
T004746,Orange Juice,4
T004746,Pasta,3
T004746,Bread,4
T004747,Sugar,2
T004747,Butter,2
T004747,Yogurt,3
T004747,Milk,1
T004747,Coffee,3
T004748,Cheese,3
T004748,Eggs,4
T004749,Coffee,1
T004749,Tomatoes,1
T004749,Pasta,4
T004750,Sugar,1
T004750,Eggs,3
T004750,Butter,4
T004750,Bread,4
T004750,Onions,3
T004751,Sugar,2
T004751,Orange Juice,2
T004751,Chicken,4
T004751,Bananas,2
T004751,Coffee,2
T004752,Sugar,3
T004752,Eggs,4
T004752,Butter,3
T004752,Orange Juice,1
T004752,Rice,4
T004752,Milk,4
T004752,Chicken,1
T004752,Beef,4
T004752,Coffee,2
T004752,Bread,2
T004752,Tomatoes,3
T004753,Cheese,1
T004753,Eggs,3
T004753,Sugar,4
T004753,Tea,2
T004753,Beef,1
T004754,Eggs,1
T004755,Sugar,4
T004755,Eggs,2
T004755,Butter,1
T004755,Orange Juice,1
T004755,Rice,3
T004755,Pasta,3
T004755,Milk,4
T004755,Beef,2
T004755,Tomatoes,3
T004755,Onions,3
T004756,Sugar,3
T004757,Flour,4
T004757,Onions,1
T004758,Bananas,2
T004758,Yogurt,2
T004758,Tea,4
T004759,Sugar,2
T004760,Apples,4
T004760,Cheese,4
T004760,Eggs,3
T004760,Butter,2
T004760,Orange Juice,1
T004760,Milk,3
T004760,Beef,3
T004760,Bananas,2
T004761,Apples,1
T004761,Sugar,1
T004761,Eggs,1
T004761,Butter,4
T004761,Chicken,3
T004761,Tomatoes,2
T004762,Tea,1
T004763,Sugar,2
T004763,Butter,3
T004763,Milk,3
T004763,Beef,4
T004763,Bread,2
T004764,Coffee,1
T004764,Sugar,2
T004764,Eggs,3
T004764,Milk,1
T004764,Flour,4
T004764,Tomatoes,3
T004764,Onions,2
T004765,Cheese,2
T004765,Sugar,2
T004765,Rice,3
T004765,Pasta,2
T004765,Coffee,1
T004765,Tomatoes,2
T004765,Onions,4
T004766,Cheese,3
T004766,Orange Juice,2
T004766,Chicken,1
T004766,Flour,2
T004766,Tomatoes,4
T004766,Bread,2
T004767,Cheese,2
T004767,Butter,1
T004767,Tea,4
T004767,Milk,4
T004767,Chicken,2
T004767,Beef,3
T004767,Flour,3
T004767,Coffee,1
T004768,Bananas,4
T004768,Cheese,1
T004768,Butter,2
T004768,Orange Juice,3
T004769,Apples,1
T004769,Coffee,1
T004769,Sugar,4
T004769,Eggs,3
T004769,Milk,1
T004769,Chicken,2
T004769,Tomatoes,1
T004770,Orange Juice,4
T004770,Tea,2
T004770,Pasta,4
T004770,Bananas,1
T004770,Tomatoes,3
T004770,Onions,1
T004771,Sugar,1
T004771,Eggs,4
T004771,Yogurt,3
T004771,Beef,2
T004771,Flour,2
T004771,Tomatoes,3
T004771,Onions,1
T004772,Apples,4
T004772,Sugar,2
T004772,Eggs,2
T004772,Butter,4
T004772,Chicken,2
T004772,Beef,1
T004772,Coffee,4
T004772,Bread,3
T004772,Onions,4
T004773,Rice,2
T004773,Bananas,1
T004773,Orange Juice,1
T004773,Beef,4
T004774,Apples,1
T004774,Cheese,4
T004774,Sugar,2
T004774,Butter,2
T004774,Eggs,4
T004774,Tea,2
T004774,Pasta,3
T004774,Milk,4
T004774,Beef,4
T004774,Coffee,2
T004774,Bread,4
T004774,Tomatoes,1
T004774,Onions,4
T004775,Sugar,4
T004775,Eggs,2
T004775,Pasta,4
T004775,Milk,4
T004775,Beef,2
T004775,Tomatoes,3
T004776,Eggs,4
T004776,Butter,1
T004776,Orange Juice,1
T004776,Milk,2
T004776,Flour,4
T004777,Sugar,4
T004777,Pasta,1
T004777,Chicken,4
T004777,Flour,2
T004777,Tomatoes,2
T004777,Onions,3
T004778,Orange Juice,1
T004778,Onions,2
T004779,Chicken,3
T004779,Tomatoes,1
T004779,Butter,4
T004779,Onions,4
T004780,Cheese,1
T004780,Eggs,2
T004780,Butter,4
T004780,Pasta,2
T004780,Milk,3
T004780,Flour,2
T004780,Tomatoes,4
T004780,Bread,4
T004780,Onions,3
T004781,Eggs,1
T004781,Butter,4
T004781,Pasta,2
T004781,Milk,4
T004781,Beef,4
T004781,Tomatoes,4
T004781,Onions,1
T004782,Cheese,3
T004782,Sugar,4
T004782,Tea,4
T004782,Rice,4
T004782,Pasta,1
T004782,Beef,3
T004782,Tomatoes,1
T004782,Onions,1
T004783,Apples,1
T004783,Cheese,3
T004783,Eggs,2
T004783,Orange Juice,4
T004783,Tomatoes,3
T004783,Bread,4
T004783,Onions,4
T004784,Orange Juice,4
T004784,Pasta,1
T004784,Beef,4
T004784,Tomatoes,4
T004784,Onions,3
T004785,Chicken,1
T004785,Cheese,4
T004785,Sugar,3
T004785,Orange Juice,3
T004786,Apples,3
T004786,Eggs,2
T004786,Butter,4
T004786,Yogurt,2
T004786,Flour,2
T004786,Tomatoes,3
T004786,Bread,3
T004786,Onions,1
T004787,Apples,4
T004787,Sugar,1
T004787,Pasta,2
T004787,Chicken,4
T004787,Flour,2
T004787,Bananas,1
T004787,Coffee,4
T004787,Onions,2
T004788,Apples,3
T004788,Sugar,1
T004788,Eggs,1
T004788,Butter,2
T004788,Tea,2
T004788,Pasta,4
T004788,Milk,2
T004788,Tomatoes,3
T004788,Bread,2
T004789,Sugar,3
T004789,Eggs,2
T004790,Butter,3
T004790,Beef,2
T004790,Tea,1
T004791,Sugar,4
T004791,Butter,1
T004792,Tea,2
T004792,Pasta,3
T004792,Chicken,3
T004792,Flour,4
T004792,Tomatoes,4
T004792,Bread,1
T004792,Onions,1
T004793,Tomatoes,3
T004793,Onions,3
T004793,Pasta,2
T004793,Tea,4
T004794,Beef,2
T004794,Rice,4
T004794,Onions,2
T004795,Chicken,1
T004795,Beef,3
T004796,Tea,1
T004796,Milk,1
T004796,Flour,3
T004796,Bananas,4
T004796,Coffee,4
T004796,Onions,4
T004797,Flour,3
T004797,Eggs,1
T004797,Orange Juice,1
T004797,Tea,2
T004798,Bananas,2
T004799,Onions,2
T004800,Sugar,2
T004800,Eggs,4
T004800,Milk,4
T004800,Flour,1
T004800,Coffee,3
T004801,Eggs,4
T004802,Apples,4
T004802,Eggs,4
T004802,Orange Juice,2
T004802,Tea,1
T004802,Rice,2
T004802,Yogurt,4
T004802,Beef,1
T004803,Eggs,3
T004803,Butter,3
T004803,Tea,4
T004803,Rice,1
T004803,Milk,3
T004803,Beef,4
T004803,Bread,1
T004804,Sugar,4
T004804,Cheese,4
T004804,Butter,3
T004804,Rice,1
T004804,Onions,4
T004805,Sugar,2
T004805,Eggs,1
T004805,Butter,3
T004805,Rice,2
T004805,Beef,3
T004805,Flour,3
T004805,Tomatoes,4
T004805,Bread,4
T004806,Butter,4
T004806,Tea,2
T004806,Rice,3
T004806,Milk,3
T004806,Bananas,3
T004806,Bread,4
T004806,Onions,2
T004807,Apples,3
T004807,Coffee,1
T004807,Sugar,4
T004807,Milk,1
T004808,Bananas,3
T004808,Rice,2
T004808,Onions,4
T004809,Eggs,4
T004809,Butter,1
T004809,Milk,4
T004810,Eggs,4
T004810,Butter,1
T004810,Pasta,4
T004810,Yogurt,4
T004810,Milk,4
T004810,Flour,4
T004810,Bananas,4
T004810,Tomatoes,2
T004810,Bread,2
T004811,Butter,3
T004811,Yogurt,1
T004811,Milk,2
T004811,Pasta,3
T004811,Coffee,1
T004811,Bread,4
T004811,Tomatoes,3
T004812,Butter,3
T004812,Pasta,2
T004812,Coffee,4
T004812,Bread,1
T004812,Tomatoes,4
T004812,Onions,3
T004813,Sugar,1
T004813,Cheese,3
T004813,Butter,3
T004813,Eggs,1
T004813,Flour,4
T004813,Bananas,4
T004813,Coffee,4
T004813,Bread,3
T004814,Cheese,1
T004814,Tea,3
T004814,Pasta,3
T004814,Yogurt,1
T004814,Onions,2
T004815,Apples,1
T004815,Tea,2
T004815,Pasta,4
T004815,Flour,2
T004815,Tomatoes,4
T004815,Bread,3
T004815,Onions,1
T004816,Sugar,3
T004816,Butter,4
T004816,Bread,2
T004816,Milk,2
T004817,Eggs,2
T004817,Butter,4
T004817,Orange Juice,2
T004817,Tea,2
T004817,Rice,2
T004817,Beef,3
T004817,Bananas,2
T004817,Bread,2
T004818,Tomatoes,4
T004818,Cheese,3
T004819,Eggs,3
T004819,Butter,4
T004819,Tea,2
T004819,Milk,3
T004819,Beef,3
T004819,Bread,4
T004819,Onions,1
T004820,Apples,4
T004820,Beef,4
T004820,Tea,1
T004821,Flour,2
T004821,Onions,4
T004822,Eggs,4
T004822,Butter,1
T004822,Orange Juice,2
T004822,Yogurt,3
T004822,Milk,2
T004822,Beef,1
T004822,Bread,2
T004823,Cheese,4
T004823,Eggs,1
T004823,Butter,4
T004823,Yogurt,1
T004823,Pasta,1
T004823,Flour,2
T004823,Bread,3
T004824,Eggs,2
T004824,Orange Juice,3
T004825,Apples,1
T004825,Sugar,3
T004825,Eggs,1
T004825,Rice,1
T004825,Coffee,1
T004826,Beef,1
T004827,Sugar,2
T004827,Orange Juice,2
T004828,Tomatoes,3
T004828,Pasta,1
T004828,Onions,1
T004829,Sugar,1
T004829,Tea,1
T004829,Milk,2
T004829,Beef,2
T004829,Flour,4
T004829,Coffee,2
T004829,Onions,2
T004830,Apples,2
T004830,Sugar,3
T004830,Butter,2
T004830,Orange Juice,1
T004830,Chicken,1
T004830,Bread,2
T004830,Onions,3
T004831,Sugar,3
T004832,Cheese,4
T004832,Sugar,4
T004832,Orange Juice,3
T004832,Milk,3
T004832,Beef,3
T004832,Bread,4
T004833,Bananas,4
T004833,Tomatoes,2
T004833,Yogurt,1
T004834,Eggs,4
T004834,Milk,3
T004834,Chicken,2
T004834,Beef,2
T004834,Flour,1
T004834,Bananas,1
T004834,Onions,1
T004835,Beef,4
T004836,Sugar,2
T004836,Eggs,1
T004836,Cheese,4
T004836,Rice,3
T004836,Chicken,2
T004836,Beef,1
T004837,Tea,3
T004837,Onions,2
T004838,Chicken,1
T004838,Beef,4
T004839,Chicken,4
T004840,Cheese,1
T004840,Eggs,1
T004840,Butter,3
T004840,Pasta,1
T004840,Milk,4
T004840,Flour,3
T004840,Bananas,4
T004840,Bread,4
T004840,Onions,1
T004841,Cheese,4
T004841,Eggs,3
T004841,Butter,1
T004841,Rice,3
T004841,Milk,3
T004841,Bread,3
T004841,Onions,4
T004842,Sugar,3
T004842,Eggs,4
T004842,Milk,4
T004842,Coffee,4
T004842,Bread,1
T004842,Onions,4
T004843,Apples,2
T004843,Eggs,1
T004843,Yogurt,4
T004843,Chicken,1
T004843,Beef,2
T004843,Flour,4
T004843,Tomatoes,1
T004844,Apples,3
T004844,Eggs,2
T004844,Butter,4
T004844,Flour,2
T004844,Tomatoes,3
T004844,Onions,3
T004845,Sugar,1
T004845,Eggs,1
T004845,Orange Juice,4
T004845,Chicken,4
T004845,Flour,2
T004845,Bananas,3
T004845,Coffee,3
T004845,Bread,4
T004845,Tomatoes,2
T004846,Chicken,4
T004846,Yogurt,4
T004847,Apples,2
T004847,Butter,4
T004847,Orange Juice,4
T004847,Milk,1
T004847,Chicken,4
T004847,Beef,2
T004847,Onions,4
T004848,Yogurt,1
T004849,Apples,2
T004849,Cheese,3
T004849,Butter,3
T004849,Milk,3
T004849,Bananas,4
T004849,Bread,4
T004850,Butter,1
T004850,Orange Juice,3
T004850,Tea,1
T004850,Pasta,3
T004850,Beef,3
T004850,Tomatoes,2
T004850,Onions,4
T004851,Butter,2
T004851,Eggs,4
T004851,Bread,1
T004851,Milk,4
T004852,Coffee,2
T004852,Sugar,1
T004852,Orange Juice,1
T004852,Tea,3
T004852,Yogurt,2
T004852,Chicken,2
T004852,Tomatoes,4
T004853,Chicken,2
T004853,Tomatoes,4
T004853,Pasta,2
T004854,Bananas,3
T004854,Pasta,4
T004854,Onions,2
T004855,Cheese,1
T004855,Eggs,2
T004855,Butter,2
T004855,Chicken,2
T004855,Flour,1
T004855,Bread,3
T004855,Onions,4
T004856,Tomatoes,4
T004856,Butter,1
T004857,Cheese,1
T004857,Beef,4
T004858,Eggs,1
T004858,Rice,4
T004858,Chicken,2
T004858,Bananas,4
T004858,Onions,3
T004859,Orange Juice,3
T004859,Yogurt,4
T004859,Bananas,3
T004859,Coffee,1
T004859,Onions,4
T004860,Cheese,1
T004860,Rice,1
T004861,Sugar,2
T004861,Eggs,4
T004861,Butter,3
T004861,Yogurt,4
T004861,Bananas,4
T004861,Bread,4
T004862,Butter,1
T004862,Yogurt,3
T004862,Rice,4
T004862,Beef,1
T004862,Tomatoes,2
T004863,Eggs,3
T004863,Butter,1
T004863,Orange Juice,4
T004863,Tea,2
T004863,Pasta,1
T004863,Rice,1
T004863,Bread,1
T004863,Onions,4
T004864,Apples,3
T004864,Sugar,4
T004864,Onions,1
T004864,Tea,4
T004865,Sugar,3
T004865,Eggs,3
T004865,Butter,4
T004865,Yogurt,2
T004865,Milk,3
T004865,Bananas,4
T004865,Coffee,1
T004865,Onions,4
T004866,Apples,2
T004866,Cheese,4
T004866,Chicken,1
T004866,Tomatoes,1
T004867,Chicken,2
T004868,Cheese,4
T004868,Sugar,2
T004868,Butter,2
T004868,Orange Juice,1
T004868,Eggs,4
T004868,Tea,1
T004868,Chicken,4
T004868,Bananas,4
T004868,Coffee,2
T004868,Bread,2
T004869,Yogurt,3
T004870,Eggs,3
T004870,Butter,3
T004870,Yogurt,3
T004870,Milk,1
T004870,Chicken,4
T004870,Beef,4
T004871,Cheese,4
T004871,Eggs,4
T004871,Butter,3
T004871,Orange Juice,3
T004871,Pasta,3
T004871,Milk,4
T004871,Bread,3
T004872,Eggs,3
T004872,Butter,2
T004872,Flour,4
T004872,Bananas,4
T004872,Bread,3
T004872,Onions,1
T004873,Tomatoes,4
T004873,Rice,4
T004874,Rice,4
T004874,Sugar,2
T004874,Pasta,1
T004874,Onions,2
T004875,Cheese,2
T004875,Orange Juice,1
T004875,Milk,4
T004876,Rice,3
T004876,Pasta,2
T004876,Yogurt,1
T004876,Onions,2
T004877,Butter,3
T004877,Tea,1
T004877,Yogurt,4
T004877,Rice,4
T004877,Chicken,4
T004878,Sugar,2
T004878,Cheese,4
T004878,Orange Juice,1
T004878,Rice,4
T004878,Yogurt,2
T004878,Flour,1
T004878,Bananas,2
T004879,Coffee,4
T004879,Sugar,1
T004879,Eggs,2
T004879,Butter,1
T004879,Tea,1
T004879,Yogurt,2
T004879,Milk,2
T004879,Tomatoes,2
T004879,Bread,1
T004879,Onions,1
T004880,Apples,1
T004880,Orange Juice,4
T004880,Tea,2
T004880,Milk,3
T004880,Chicken,1
T004880,Tomatoes,4
T004880,Bread,2
T004880,Onions,1
T004881,Flour,2
T004881,Bananas,1
T004881,Yogurt,1
T004882,Apples,4
T004882,Sugar,1
T004882,Eggs,1
T004882,Butter,3
T004882,Milk,1
T004883,Cheese,3
T004883,Eggs,4
T004883,Butter,3
T004883,Rice,3
T004883,Chicken,4
T004883,Bananas,3
T004883,Bread,2
T004884,Sugar,4
T004884,Eggs,2
T004884,Butter,2
T004884,Cheese,1
T004884,Tea,1
T004884,Rice,1
T004884,Milk,1
T004884,Coffee,1
T004885,Apples,4
T004885,Eggs,1
T004885,Rice,3
T004885,Yogurt,1
T004885,Chicken,2
T004885,Beef,2
T004885,Bananas,3
T004886,Cheese,4
T004887,Cheese,4
T004887,Butter,2
T004887,Orange Juice,2
T004887,Tea,1
T004887,Pasta,4
T004887,Rice,1
T004887,Beef,1
T004887,Bread,1
T004888,Apples,4
T004888,Cheese,3
T004888,Tea,2
T004888,Yogurt,3
T004888,Chicken,4
T004888,Tomatoes,1
T004889,Sugar,4
T004889,Cheese,1
T004889,Beef,4
T004889,Bananas,4
T004889,Onions,3
T004890,Flour,4
T004890,Eggs,3
T004890,Orange Juice,1
T004890,Beef,1
T004891,Butter,1
T004891,Bread,4
T004891,Rice,4
T004891,Tea,3
T004892,Tomatoes,1
T004892,Yogurt,3
T004893,Eggs,4
T004893,Milk,3
T004893,Chicken,1
T004893,Beef,3
T004893,Bananas,2
T004894,Chicken,2
T004894,Bananas,2
T004894,Tomatoes,4
T004894,Pasta,4
T004895,Tea,3
T004896,Cheese,4
T004896,Eggs,4
T004896,Butter,1
T004896,Yogurt,3
T004896,Milk,4
T004896,Chicken,4
T004896,Beef,1
T004896,Bread,4
T004897,Orange Juice,2
T004897,Yogurt,2
T004897,Onions,3
T004898,Bread,4
T004898,Yogurt,4
T004899,Coffee,4
T004899,Eggs,3
T004899,Sugar,2
T004899,Milk,2
T004900,Sugar,2
T004900,Eggs,2
T004900,Cheese,3
T004900,Flour,3
T004900,Bread,4
T004901,Flour,1
T004901,Yogurt,4
T004902,Apples,3
T004902,Sugar,2
T004902,Butter,1
T004902,Orange Juice,3
T004902,Tea,1
T004902,Milk,4
T004902,Beef,2
T004902,Coffee,2
T004903,Cheese,2
T004903,Sugar,1
T004903,Pasta,4
T004903,Beef,3
T004903,Bread,3
T004903,Onions,4
T004904,Cheese,2
T004904,Sugar,4
T004904,Rice,4
T004904,Chicken,1
T004904,Beef,2
T004905,Butter,2
T004905,Bread,2
T004905,Onions,4
T004906,Flour,2
T004906,Eggs,1
T004906,Onions,2
T004907,Butter,4
T004907,Tea,3
T004907,Yogurt,2
T004907,Chicken,4
T004907,Flour,2
T004908,Eggs,3
T004908,Butter,1
T004908,Tea,1
T004908,Rice,2
T004908,Milk,3
T004908,Beef,2
T004909,Apples,3
T004909,Sugar,4
T004909,Butter,1
T004909,Yogurt,1
T004909,Beef,3
T004910,Apples,3
T004910,Sugar,2
T004910,Eggs,1
T004910,Butter,4
T004910,Orange Juice,1
T004910,Flour,3
T004910,Bread,1
T004911,Sugar,2
T004911,Eggs,4
T004911,Bread,2
T004911,Butter,1
T004912,Eggs,3
T004912,Butter,4
T004912,Tea,2
T004912,Rice,4
T004912,Milk,1
T004912,Beef,4
T004912,Bread,4
T004913,Beef,2
T004914,Bananas,2
T004914,Bread,3
T004914,Orange Juice,4
T004914,Milk,1
T004915,Beef,1
T004915,Tea,3
T004916,Tomatoes,3
T004917,Eggs,4
T004917,Butter,2
T004917,Tea,3
T004917,Rice,3
T004917,Coffee,1
T004917,Bread,4
T004917,Onions,3
T004918,Sugar,4
T004918,Eggs,2
T004918,Butter,1
T004918,Pasta,3
T004918,Beef,1
T004918,Tomatoes,1
T004918,Onions,2
T004919,Tea,3
T004919,Pasta,2
T004919,Beef,1
T004919,Bananas,3
T004919,Tomatoes,1
T004919,Onions,4
T004920,Apples,4
T004920,Eggs,2
T004920,Rice,1
T004920,Pasta,1
T004920,Beef,2
T004920,Tomatoes,2
T004920,Bread,4
T004920,Onions,1
T004921,Butter,1
T004921,Pasta,1
T004921,Tea,3
T004922,Butter,1
T004922,Bread,1
T004922,Milk,4
T004923,Eggs,1
T004924,Eggs,4
T004924,Orange Juice,1
T004924,Tea,4
T004924,Chicken,4
T004924,Flour,4
T004925,Sugar,4
T004925,Orange Juice,4
T004925,Yogurt,4
T004925,Bananas,1
T004925,Coffee,4
T004926,Tea,1
T004926,Pasta,1
T004926,Milk,3
T004926,Beef,4
T004926,Tomatoes,2
T004926,Bread,2
T004926,Onions,3
T004927,Tomatoes,1
T004927,Eggs,3
T004928,Apples,2
T004928,Coffee,1
T004928,Sugar,1
T004928,Milk,4
T004928,Flour,4
T004928,Bananas,2
T004928,Tomatoes,1
T004928,Bread,1
T004929,Butter,4
T004930,Flour,1
T004930,Chicken,3
T004930,Beef,3
T004930,Tea,4
T004931,Butter,4
T004931,Milk,2
T004931,Flour,2
T004931,Bread,4
T004931,Onions,2
T004932,Cheese,1
T004933,Apples,3
T004933,Sugar,2
T004933,Eggs,1
T004933,Butter,3
T004933,Rice,1
T004933,Bread,4
T004934,Coffee,3
T004934,Tomatoes,4
T004934,Sugar,3
T004934,Yogurt,4
T004935,Apples,1
T004935,Cheese,1
T004935,Orange Juice,1
T004935,Yogurt,2
T004935,Rice,4
T004935,Beef,3
T004935,Flour,4
T004936,Eggs,1
T004936,Bread,1
T004937,Apples,4
T004937,Sugar,4
T004937,Rice,3
T004937,Onions,3
T004938,Sugar,4
T004938,Butter,4
T004938,Tea,3
T004938,Chicken,4
T004938,Tomatoes,3
T004938,Onions,1
T004939,Flour,1
T004939,Bananas,1
T004939,Cheese,2
T004939,Yogurt,3
T004940,Sugar,1
T004940,Tea,2
T004940,Pasta,3
T004940,Chicken,3
T004940,Beef,2
T004940,Flour,1
T004940,Coffee,2
T004940,Tomatoes,2
T004940,Onions,4
T004941,Coffee,4
T004941,Sugar,2
T004941,Rice,3
T004941,Milk,2
T004942,Chicken,4
T004942,Pasta,4
T004942,Orange Juice,3
T004942,Yogurt,3
T004943,Apples,3
T004943,Sugar,1
T004943,Eggs,1
T004943,Butter,2
T004943,Yogurt,2
T004943,Coffee,3
T004943,Bread,4
T004944,Eggs,3
T004944,Beef,3
T004945,Sugar,1
T004946,Coffee,4
T004946,Butter,2
T004946,Yogurt,2
T004946,Rice,2
T004946,Milk,4
T004946,Bananas,2
T004946,Tomatoes,1
T004947,Apples,1
T004947,Butter,3
T004947,Tea,3
T004947,Yogurt,1
T004947,Milk,2
T004947,Flour,3
T004947,Bread,1
T004948,Apples,4
T004948,Eggs,2
T004948,Butter,2
T004948,Beef,4
T004948,Coffee,1
T004948,Onions,2
T004949,Flour,1
T004950,Cheese,4
T004950,Sugar,1
T004950,Yogurt,2
T004950,Beef,1
T004950,Tomatoes,4
T004951,Eggs,1
T004951,Yogurt,3
T004951,Milk,2
T004951,Chicken,4
T004951,Bananas,1
T004951,Tomatoes,1
T004952,Cheese,1
T004952,Butter,4
T004952,Tea,1
T004952,Yogurt,2
T004952,Milk,1
T004952,Chicken,3
T004952,Tomatoes,4
T004953,Cheese,4
T004953,Butter,4
T004953,Orange Juice,2
T004953,Rice,3
T004953,Yogurt,3
T004953,Beef,3
T004954,Sugar,4
T004954,Eggs,2
T004954,Butter,2
T004954,Milk,2
T004954,Bread,4
T004955,Apples,1
T004955,Sugar,4
T004955,Eggs,1
T004955,Butter,1
T004955,Orange Juice,3
T004955,Yogurt,2
T004955,Coffee,4
T004956,Orange Juice,2
T004956,Pasta,2
T004956,Yogurt,1
T004956,Tomatoes,4
T004956,Onions,2
T004957,Eggs,4
T004957,Orange Juice,3
T004957,Yogurt,4
T004957,Chicken,1
T004957,Bread,4
T004958,Apples,2
T004958,Eggs,1
T004958,Yogurt,4
T004958,Milk,4
T004958,Bread,2
T004959,Cheese,3
T004959,Sugar,3
T004959,Butter,1
T004959,Orange Juice,2
T004959,Yogurt,1
T004959,Milk,1
T004959,Beef,3
T004959,Flour,4
T004959,Coffee,3
T004959,Bread,2
T004960,Apples,3
T004960,Cheese,4
T004960,Tomatoes,3
T004960,Tea,4
T004961,Apples,4
T004961,Sugar,2
T004961,Eggs,2
T004961,Butter,3
T004961,Yogurt,1
T004961,Milk,2
T004961,Bread,4
T004962,Rice,1
T004963,Flour,1
T004963,Cheese,1
T004963,Onions,3
T004964,Sugar,1
T004964,Eggs,4
T004964,Butter,1
T004964,Yogurt,1
T004964,Beef,1
T004964,Bread,3
T004964,Onions,3
T004965,Butter,3
T004965,Yogurt,4
T004965,Milk,3
T004966,Tomatoes,4
T004966,Eggs,4
T004966,Bread,2
T004967,Flour,3
T004967,Rice,3
T004967,Pasta,1
T004967,Tea,1
T004968,Sugar,4
T004968,Eggs,4
T004968,Rice,1
T004968,Milk,4
T004968,Bananas,1
T004968,Coffee,4
T004968,Tomatoes,1
T004969,Apples,2
T004969,Eggs,4
T004969,Butter,4
T004969,Orange Juice,4
T004969,Flour,2
T004969,Bread,2
T004970,Orange Juice,2
T004971,Cheese,1
T004971,Pasta,3
T004971,Chicken,3
T004971,Beef,4
T004971,Flour,4
T004971,Bananas,1
T004971,Tomatoes,2
T004972,Cheese,4
T004972,Chicken,3
T004972,Beef,1
T004972,Flour,2
T004972,Onions,1
T004973,Bananas,2
T004973,Tomatoes,1
T004973,Pasta,2
T004974,Apples,3
T004974,Sugar,2
T004974,Eggs,4
T004974,Butter,2
T004974,Yogurt,4
T004974,Rice,1
T004974,Chicken,1
T004974,Milk,1
T004974,Bread,3
T004975,Eggs,2
T004975,Butter,1
T004975,Orange Juice,1
T004975,Yogurt,1
T004975,Pasta,3
T004975,Milk,3
T004975,Bananas,3
T004975,Bread,3
T004975,Onions,1
T004976,Sugar,2
T004976,Eggs,2
T004976,Butter,1
T004976,Orange Juice,4
T004976,Milk,2
T004976,Beef,4
T004976,Coffee,1
T004976,Bread,2
T004977,Bananas,4
T004977,Beef,2
T004978,Apples,3
T004978,Sugar,4
T004978,Cheese,3
T004978,Orange Juice,2
T004978,Pasta,3
T004978,Chicken,1
T004978,Beef,3
T004978,Tomatoes,2
T004978,Onions,3
T004979,Apples,3
T004979,Butter,1
T004979,Rice,4
T004979,Milk,4
T004980,Butter,3
T004981,Tea,1
T004981,Pasta,1
T004981,Chicken,4
T004981,Beef,1
T004981,Coffee,2
T004981,Tomatoes,4
T004982,Bananas,3
T004982,Butter,1
T004982,Yogurt,1
T004982,Tea,4
T004983,Apples,1
T004983,Cheese,4
T004983,Chicken,2
T004984,Apples,4
T004984,Onions,4
T004984,Pasta,3
T004984,Tea,1
T004985,Apples,2
T004985,Cheese,1
T004985,Orange Juice,1
T004985,Milk,1
T004985,Chicken,3
T004985,Bananas,1
T004985,Coffee,4
T004985,Bread,3
T004986,Bananas,4
T004986,Tomatoes,3
T004986,Butter,2
T004986,Orange Juice,3
T004987,Flour,1
T004987,Butter,4
T004987,Orange Juice,1
T004988,Sugar,3
T004988,Eggs,3
T004988,Butter,2
T004988,Orange Juice,4
T004988,Rice,4
T004988,Milk,3
T004988,Beef,4
T004988,Coffee,3
T004989,Onions,4
T004990,Apples,3
T004990,Sugar,3
T004990,Butter,4
T004990,Flour,3
T004990,Bread,1
T004990,Onions,4
T004991,Chicken,4
T004992,Flour,2
T004993,Cheese,4
T004993,Butter,1
T004993,Tea,2
T004993,Chicken,1
T004993,Tomatoes,4
T004993,Bread,1
T004994,Apples,3
T004994,Sugar,4
T004994,Eggs,3
T004994,Pasta,1
T004994,Milk,1
T004994,Bananas,2
T004994,Coffee,1
T004994,Tomatoes,3
T004994,Onions,3
T004995,Tea,1
T004995,Milk,2
T004995,Beef,1
T004995,Tomatoes,3
T004995,Bread,3
T004996,Butter,4
T004996,Milk,1
T004996,Flour,1
T004996,Tomatoes,2
T004996,Bread,1
T004997,Sugar,4
T004997,Cheese,3
T004997,Orange Juice,4
T004997,Tea,4
T004997,Yogurt,3
T004997,Rice,4
T004997,Milk,3
T004997,Bread,1
T004998,Apples,4
T004998,Butter,4
T004998,Milk,2
T004998,Bananas,1
T004998,Tomatoes,1
T004998,Bread,2
T004998,Onions,1
T004999,Coffee,3
T004999,Cheese,3
T004999,Eggs,3
T004999,Butter,4
T004999,Yogurt,1
T004999,Milk,3
T004999,Flour,1
T004999,Tomatoes,4
T004999,Bread,3
T005000,Cheese,2
T005000,Sugar,2
T005000,Butter,4
T005000,Flour,4
T005000,Bread,4
T005001,Sugar,3
T005001,Orange Juice,4
T005001,Tea,1
T005001,Flour,4
T005001,Onions,2
T005002,Sugar,3
T005002,Cheese,4
T005002,Milk,4
T005002,Chicken,3
T005002,Coffee,4
T005002,Tomatoes,3
T005003,Sugar,2
T005003,Pasta,1
T005003,Onions,2
T005004,Apples,2
T005004,Cheese,4
T005004,Orange Juice,1
T005004,Rice,1
T005004,Milk,2
T005004,Chicken,4
T005004,Tomatoes,4
T005005,Sugar,1
T005005,Tomatoes,2
T005005,Pasta,2
T005005,Onions,4
T005006,Sugar,2
T005006,Cheese,4
T005006,Orange Juice,4
T005006,Milk,1
T005006,Flour,4
T005006,Coffee,1
T005007,Cheese,4
T005007,Beef,3
T005008,Apples,3
T005008,Cheese,3
T005008,Butter,2
T005008,Rice,3
T005008,Yogurt,2
T005008,Beef,4
T005008,Bread,1
T005008,Onions,1
T005009,Apples,4
T005009,Butter,2
T005009,Onions,3
T005010,Eggs,4
T005010,Butter,4
T005010,Orange Juice,2
T005010,Tea,4
T005010,Milk,2
T005010,Bread,4
T005011,Eggs,3
T005011,Butter,4
T005011,Orange Juice,4
T005011,Milk,3
T005011,Coffee,1
T005012,Eggs,4
T005012,Butter,4
T005012,Tea,2
T005012,Yogurt,1
T005012,Beef,2
T005012,Flour,4
T005013,Apples,3
T005013,Rice,2
T005013,Yogurt,1
T005013,Milk,2
T005013,Flour,3
T005013,Coffee,2
T005014,Orange Juice,4
T005014,Pasta,3
T005014,Onions,2
T005015,Butter,3
T005015,Orange Juice,4
T005015,Rice,2
T005015,Pasta,1
T005015,Chicken,4
T005015,Milk,1
T005015,Tomatoes,4
T005015,Onions,1
T005016,Sugar,1
T005016,Cheese,2
T005016,Eggs,1
T005016,Rice,1
T005016,Pasta,2
T005016,Flour,1
T005016,Bread,3
T005016,Onions,2
T005017,Cheese,4
T005017,Eggs,3
T005017,Tomatoes,3
T005018,Apples,1
T005018,Sugar,1
T005019,Apples,3
T005019,Sugar,2
T005019,Pasta,4
T005019,Flour,3
T005019,Tomatoes,3
T005019,Onions,2
T005020,Apples,4
T005020,Butter,1
T005020,Tea,2
T005020,Yogurt,4
T005020,Chicken,1
T005020,Bananas,2
T005021,Apples,4
T005021,Cheese,3
T005021,Sugar,2
T005021,Milk,2
T005021,Coffee,1
T005022,Chicken,2
T005022,Bread,3
T005023,Apples,4
T005023,Eggs,2
T005023,Butter,2
T005023,Orange Juice,2
T005023,Flour,2
T005023,Coffee,1
T005023,Tomatoes,1
T005024,Sugar,1
T005024,Cheese,1
T005025,Cheese,2
T005025,Eggs,1
T005025,Sugar,3
T005025,Yogurt,4
T005026,Rice,2
T005027,Apples,1
T005027,Butter,4
T005027,Milk,4
T005027,Chicken,4
T005027,Flour,2
T005027,Bananas,3
T005027,Bread,3
T005027,Onions,3
T005028,Eggs,2
T005028,Butter,4
T005028,Orange Juice,3
T005028,Tea,1
T005028,Pasta,2
T005028,Milk,2
T005028,Tomatoes,1
T005028,Bread,4
T005028,Onions,3
T005029,Eggs,3
T005029,Butter,3
T005029,Tea,3
T005029,Yogurt,1
T005029,Bread,4
T005029,Onions,4
T005030,Eggs,1
T005030,Butter,3
T005030,Flour,4
T005030,Tomatoes,4
T005030,Bread,1
T005031,Eggs,1
T005031,Butter,1
T005031,Tea,2
T005031,Rice,4
T005031,Yogurt,2
T005031,Chicken,3
T005031,Milk,3
T005031,Bananas,1
T005031,Bread,3
T005032,Eggs,1
T005032,Butter,1
T005032,Orange Juice,1
T005032,Pasta,2
T005032,Milk,2
T005032,Beef,1
T005032,Bananas,1
T005032,Tomatoes,2
T005032,Bread,1
T005032,Onions,2
T005033,Cheese,1
T005033,Yogurt,3
T005033,Onions,3
T005034,Eggs,4
T005034,Butter,2
T005034,Orange Juice,4
T005034,Tea,2
T005034,Yogurt,3
T005034,Pasta,2
T005034,Chicken,3
T005034,Tomatoes,2
T005034,Bread,2
T005034,Onions,4
T005035,Sugar,1
T005035,Eggs,4
T005035,Tea,1
T005035,Rice,3
T005035,Milk,3
T005035,Bread,4
T005035,Onions,2
T005036,Flour,2
T005036,Coffee,2
T005036,Rice,2
T005036,Milk,3
T005037,Apples,3
T005037,Cheese,4
T005037,Eggs,1
T005037,Sugar,1
T005037,Yogurt,4
T005037,Beef,3
T005037,Flour,2
T005038,Sugar,3
T005038,Eggs,2
T005038,Cheese,4
T005038,Butter,2
T005038,Beef,4
T005038,Bread,4
T005039,Butter,3
T005039,Tea,3
T005039,Milk,3
T005039,Chicken,2
T005039,Tomatoes,4
T005039,Bread,1
T005040,Cheese,2
T005040,Eggs,1
T005040,Butter,1
T005040,Orange Juice,4
T005040,Rice,4
T005040,Bananas,3
T005040,Bread,2
T005041,Flour,3
T005042,Cheese,3
T005042,Eggs,4
T005042,Sugar,4
T005042,Butter,2
T005042,Chicken,2
T005042,Bananas,1
T005042,Bread,1
T005043,Eggs,3
T005043,Orange Juice,1
T005043,Tea,2
T005043,Yogurt,1
T005043,Chicken,4
T005043,Beef,3
T005043,Bananas,4
T005044,Apples,2
T005044,Butter,3
T005044,Bread,3
T005044,Milk,1
T005045,Chicken,2
T005045,Butter,2
T005045,Flour,2
T005046,Apples,3
T005046,Beef,2
T005047,Sugar,3
T005047,Bread,2
T005047,Pasta,1
T005047,Onions,4
T005048,Sugar,2
T005048,Eggs,2
T005048,Butter,1
T005048,Pasta,3
T005048,Milk,4
T005048,Beef,1
T005048,Bread,1
T005049,Apples,3
T005049,Eggs,3
T005049,Pasta,2
T005049,Chicken,4
T005049,Beef,3
T005049,Onions,1
T005050,Bread,2
T005050,Tea,3
T005051,Coffee,3
T005051,Orange Juice,2
T005052,Eggs,1
T005053,Flour,1
T005053,Orange Juice,4
T005053,Beef,4
T005054,Butter,1
T005054,Tea,1
T005054,Yogurt,1
T005054,Milk,4
T005054,Flour,3
T005054,Bread,4
T005055,Sugar,3
T005055,Eggs,3
T005055,Butter,4
T005055,Tea,4
T005055,Milk,4
T005055,Chicken,1
T005055,Bananas,1
T005055,Coffee,4
T005056,Rice,3
T005056,Onions,1
T005057,Sugar,4
T005057,Eggs,3
T005057,Butter,4
T005057,Milk,4
T005057,Beef,2
T005057,Coffee,4
T005057,Bread,3
T005058,Cheese,4
T005059,Butter,1
T005059,Tea,1
T005059,Rice,2
T005059,Pasta,1
T005059,Tomatoes,1
T005059,Onions,4
T005060,Eggs,2
T005060,Butter,1
T005060,Orange Juice,4
T005060,Tea,3
T005060,Rice,2
T005060,Bread,2
T005060,Onions,2
T005061,Onions,4
T005062,Pasta,1
T005062,Rice,4
T005062,Chicken,2
T005062,Yogurt,4
T005062,Flour,3
T005062,Bananas,3
T005062,Coffee,4
T005062,Onions,1
T005063,Sugar,3
T005063,Eggs,1
T005063,Rice,1
T005063,Chicken,1
T005063,Flour,4
T005063,Coffee,4
T005063,Bread,1
T005063,Onions,1
T005064,Butter,3
T005064,Bread,2
T005064,Rice,2
T005065,Cheese,4
T005065,Eggs,3
T005065,Butter,1
T005065,Orange Juice,3
T005065,Tea,1
T005065,Rice,4
T005065,Chicken,1
T005065,Bread,4
T005065,Onions,2
T005066,Chicken,1
T005066,Yogurt,2
T005067,Cheese,1
T005067,Eggs,3
T005067,Orange Juice,3
T005067,Tea,3
T005067,Yogurt,2
T005067,Milk,4
T005067,Beef,2
T005068,Eggs,2
T005068,Butter,1
T005068,Orange Juice,1
T005068,Rice,4
T005068,Milk,4
T005069,Sugar,3
T005069,Cheese,4
T005069,Eggs,2
T005069,Coffee,2
T005069,Bread,3
T005069,Onions,2
T005070,Tomatoes,3
T005071,Cheese,2
T005071,Eggs,2
T005071,Pasta,4
T005071,Milk,3
T005071,Beef,4
T005071,Flour,2
T005071,Bananas,4
T005072,Apples,1
T005072,Sugar,3
T005072,Eggs,3
T005072,Milk,3
T005072,Bread,4
T005073,Chicken,2
T005073,Bananas,4
T005074,Eggs,4
T005074,Butter,1
T005074,Rice,3
T005074,Milk,3
T005074,Chicken,3
T005074,Onions,1
T005075,Apples,1
T005075,Eggs,1
T005075,Butter,1
T005075,Milk,2
T005075,Flour,4
T005075,Coffee,2
T005076,Chicken,4
T005076,Bananas,2
T005076,Sugar,1
T005076,Yogurt,1
T005077,Flour,3
T005077,Bananas,1
T005077,Coffee,1
T005077,Butter,3
T005078,Apples,1
T005078,Coffee,3
T005078,Sugar,4
T005078,Milk,3
T005079,Eggs,1
T005079,Butter,3
T005079,Tea,1
T005079,Bread,4
T005079,Onions,2
T005080,Apples,4
T005080,Eggs,4
T005080,Rice,1
T005080,Milk,1
T005080,Bananas,3
T005080,Coffee,4
T005080,Bread,4
T005081,Cheese,1
T005082,Cheese,4
T005082,Eggs,4
T005082,Butter,3
T005082,Orange Juice,4
T005082,Milk,2
T005082,Bananas,4
T005082,Tomatoes,4
T005082,Bread,3
T005083,Eggs,4
T005083,Butter,1
T005083,Yogurt,3
T005083,Bananas,4
T005083,Coffee,3
T005083,Bread,4
T005084,Tomatoes,2
T005084,Bread,1
T005084,Orange Juice,2
T005084,Yogurt,4
T005085,Sugar,1
T005085,Eggs,4
T005085,Bananas,2
T005085,Coffee,1
T005085,Tomatoes,2
T005085,Onions,4
T005086,Eggs,4
T005086,Butter,3
T005086,Milk,4
T005087,Eggs,1
T005087,Butter,3
T005087,Orange Juice,4
T005087,Milk,3
T005087,Chicken,4
T005087,Bread,3
T005087,Onions,3
T005088,Tomatoes,2
T005088,Milk,1
T005088,Yogurt,3
T005088,Onions,1
T005089,Sugar,3
T005089,Eggs,4
T005089,Butter,2
T005089,Bananas,3
T005089,Bread,3
T005090,Sugar,1
T005090,Onions,1
T005090,Tea,1
T005091,Apples,1
T005091,Yogurt,3
T005092,Tomatoes,1
T005092,Butter,2
T005092,Sugar,2
T005092,Rice,1
T005093,Sugar,1
T005093,Tea,2
T005093,Rice,1
T005093,Yogurt,2
T005093,Milk,4
T005093,Flour,2
T005093,Coffee,4
T005093,Tomatoes,1
T005094,Cheese,4
T005094,Orange Juice,2
T005095,Butter,2
T005095,Tea,2
T005095,Rice,2
T005095,Beef,3
T005095,Coffee,4
T005095,Tomatoes,4
T005096,Orange Juice,3
T005096,Tea,3
T005096,Pasta,2
T005096,Chicken,3
T005096,Flour,3
T005096,Bananas,2
T005096,Tomatoes,1
T005096,Onions,4
T005097,Apples,3
T005097,Sugar,3
T005097,Yogurt,4
T005097,Milk,3
T005097,Beef,3
T005097,Flour,3
T005097,Bananas,4
T005097,Coffee,2
T005097,Onions,3
T005098,Butter,4
T005098,Orange Juice,3
T005098,Milk,1
T005098,Beef,3
T005098,Flour,3
T005098,Tomatoes,1
T005098,Onions,4
T005099,Chicken,4
T005099,Sugar,3
T005099,Butter,2
T005099,Yogurt,1
T005100,Eggs,4
T005100,Orange Juice,1
T005101,Pasta,2
T005101,Beef,1
T005101,Coffee,3
T005101,Tomatoes,4
T005101,Onions,1
T005102,Sugar,3
T005102,Eggs,4
T005102,Butter,4
T005102,Rice,4
T005102,Milk,3
T005102,Chicken,1
T005102,Beef,4
T005102,Coffee,1
T005102,Bread,4
T005103,Cheese,4
T005103,Sugar,3
T005103,Yogurt,1
T005103,Pasta,1
T005103,Milk,2
T005103,Coffee,1
T005103,Bread,3
T005103,Tomatoes,3
T005104,Bananas,1
T005104,Orange Juice,1
T005104,Tea,2
T005105,Cheese,1
T005105,Butter,3
T005105,Orange Juice,3
T005105,Pasta,2
T005105,Beef,2
T005105,Flour,2
T005105,Tomatoes,2
T005105,Bread,3
T005106,Pasta,4
T005106,Onions,1
T005107,Cheese,3
T005107,Butter,1
T005108,Sugar,2
T005108,Cheese,4
T005108,Butter,4
T005108,Tea,3
T005108,Milk,4
T005108,Flour,2
T005108,Tomatoes,1
T005108,Bread,1
T005109,Cheese,2
T005109,Tea,1
T005109,Beef,4
T005109,Flour,3
T005109,Bananas,2
T005109,Onions,1
T005110,Rice,4
T005110,Eggs,1
T005110,Beef,2
T005111,Cheese,2
T005111,Eggs,2
T005111,Butter,1
T005111,Orange Juice,2
T005111,Yogurt,3
T005111,Milk,2
T005111,Chicken,4
T005111,Bread,4
T005112,Apples,4
T005112,Sugar,4
T005112,Eggs,4
T005112,Tea,4
T005112,Rice,2
T005112,Milk,1
T005112,Beef,1
T005112,Flour,3
T005112,Coffee,2
T005113,Cheese,4
T005113,Eggs,4
T005113,Butter,3
T005113,Sugar,3
T005113,Tea,3
T005113,Milk,2
T005113,Bananas,2
T005113,Coffee,1
T005113,Bread,3
T005114,Eggs,1
T005114,Bread,4
T005115,Cheese,3
T005115,Yogurt,1
T005115,Beef,3
T005116,Apples,3
T005116,Sugar,1
T005116,Yogurt,3
T005116,Beef,3
T005116,Tomatoes,4
T005117,Apples,3
T005117,Cheese,4
T005117,Eggs,4
T005117,Butter,2
T005117,Flour,3
T005118,Sugar,4
T005118,Beef,3
T005119,Apples,2
T005119,Eggs,4
T005119,Butter,3
T005119,Rice,3
T005119,Pasta,4
T005119,Beef,1
T005119,Tomatoes,2
T005119,Bread,4
T005120,Apples,4
T005120,Eggs,4
T005120,Orange Juice,4
T005120,Tea,3
T005120,Rice,1
T005120,Beef,3
T005120,Coffee,2
T005121,Flour,1
T005121,Bananas,4
T005121,Rice,2
T005121,Onions,2
T005122,Flour,3
T005122,Eggs,3
T005123,Tomatoes,4
T005123,Beef,2
T005124,Flour,1
T005124,Cheese,2
T005124,Eggs,4
T005124,Yogurt,3
T005125,Beef,4
T005125,Eggs,2
T005125,Yogurt,3
T005126,Chicken,1
T005126,Orange Juice,3
T005127,Cheese,1
T005127,Eggs,4
T005127,Butter,2
T005127,Pasta,3
T005127,Beef,1
T005127,Tomatoes,1
T005127,Bread,3
T005127,Onions,1
T005128,Apples,4
T005128,Sugar,1
T005128,Cheese,2
T005128,Bananas,2
T005128,Coffee,2
T005129,Sugar,4
T005129,Eggs,1
T005129,Cheese,3
T005129,Beef,1
T005129,Bananas,2
T005130,Cheese,1
T005130,Eggs,3
T005130,Rice,4
T005130,Pasta,1
T005130,Chicken,3
T005130,Beef,2
T005130,Tomatoes,4
T005130,Onions,4
T005131,Cheese,3
T005131,Butter,4
T005131,Pasta,3
T005131,Beef,4
T005131,Bananas,3
T005131,Tomatoes,3
T005132,Eggs,3
T005132,Butter,3
T005132,Yogurt,2
T005132,Milk,3
T005132,Chicken,2
T005132,Tomatoes,3
T005133,Sugar,1
T005133,Eggs,4
T005133,Cheese,1
T005133,Onions,4
T005134,Tea,3
T005134,Yogurt,1
T005134,Chicken,1
T005134,Bananas,3
T005134,Onions,1
T005135,Apples,4
T005135,Orange Juice,2
T005135,Tea,4
T005135,Rice,3
T005135,Milk,3
T005136,Onions,1
T005137,Apples,1
T005137,Sugar,2
T005137,Orange Juice,3
T005137,Pasta,2
T005137,Beef,3
T005137,Bananas,3
T005137,Bread,1
T005137,Onions,4
T005138,Cheese,1
T005139,Apples,3
T005139,Eggs,4
T005139,Butter,2
T005139,Orange Juice,3
T005139,Yogurt,4
T005139,Milk,2
T005139,Bread,3
T005140,Bananas,1
T005140,Butter,3
T005141,Bananas,2
T005141,Tomatoes,1
T005141,Sugar,4
T005141,Tea,1
T005142,Apples,4
T005142,Sugar,1
T005142,Butter,2
T005142,Tea,1
T005142,Milk,1
T005142,Bread,3
T005142,Onions,4
T005143,Apples,4
T005143,Bread,3
T005144,Apples,1
T005144,Sugar,1
T005144,Pasta,4
T005144,Tomatoes,1
T005144,Onions,2
T005145,Sugar,4
T005145,Eggs,2
T005145,Butter,3
T005145,Orange Juice,4
T005145,Rice,4
T005145,Milk,1
T005145,Bananas,3
T005145,Coffee,2
T005146,Apples,1
T005146,Eggs,3
T005146,Butter,3
T005146,Tea,2
T005146,Milk,1
T005146,Beef,4
T005146,Flour,3
T005146,Coffee,1
T005146,Bread,4
T005146,Onions,2
T005147,Chicken,3
T005147,Tomatoes,3
T005147,Butter,3
T005147,Pasta,1
T005148,Flour,3
T005148,Eggs,4
T005148,Orange Juice,2
T005148,Tea,3
T005149,Flour,1
T005149,Coffee,2
T005149,Butter,1
T005149,Onions,3
T005150,Butter,4
T005150,Yogurt,4
T005150,Flour,3
T005150,Bananas,3
T005150,Onions,3
T005151,Cheese,1
T005151,Eggs,2
T005151,Butter,3
T005151,Rice,1
T005151,Pasta,3
T005151,Tomatoes,4
T005151,Bread,4
T005152,Chicken,4
T005152,Tomatoes,2
T005152,Sugar,2
T005152,Beef,2
T005153,Sugar,2
T005153,Eggs,3
T005153,Butter,2
T005153,Pasta,4
T005153,Milk,1
T005153,Tomatoes,1
T005154,Apples,3
T005154,Eggs,2
T005154,Butter,1
T005154,Pasta,2
T005154,Milk,1
T005154,Beef,4
T005154,Coffee,4
T005154,Tomatoes,1
T005154,Onions,4
T005155,Tomatoes,2
T005155,Eggs,2
T005156,Sugar,4
T005156,Butter,2
T005156,Orange Juice,3
T005156,Tea,1
T005156,Yogurt,2
T005156,Beef,2
T005156,Bread,1
T005157,Bananas,1
T005158,Sugar,3
T005158,Eggs,1
T005158,Bread,3
T005158,Butter,3
T005159,Beef,3
T005160,Cheese,4
T005160,Pasta,4
T005160,Milk,4
T005160,Beef,4
T005160,Coffee,2
T005160,Tomatoes,2
T005160,Onions,1
T005161,Apples,2
T005161,Cheese,2
T005161,Orange Juice,3
T005161,Chicken,4
T005161,Onions,2
T005162,Apples,4
T005162,Cheese,4
T005162,Eggs,2
T005162,Orange Juice,4
T005162,Pasta,2
T005162,Milk,3
T005162,Tomatoes,2
T005162,Bread,2
T005163,Tea,3
T005163,Yogurt,4
T005163,Pasta,3
T005163,Beef,3
T005163,Coffee,2
T005163,Tomatoes,1
T005164,Tomatoes,2
T005164,Pasta,4
T005164,Onions,4
T005165,Apples,2
T005165,Eggs,2
T005165,Butter,3
T005165,Orange Juice,2
T005165,Tea,2
T005165,Milk,3
T005165,Tomatoes,4
T005165,Bread,2
T005166,Eggs,4
T005166,Orange Juice,4
T005166,Tea,4
T005166,Pasta,2
T005166,Chicken,2
T005166,Bananas,2
T005167,Apples,4
T005167,Cheese,1
T005167,Butter,4
T005167,Flour,2
T005167,Bananas,2
T005167,Bread,1
T005168,Coffee,2
T005168,Milk,1
T005168,Tea,1
T005169,Apples,3
T005169,Sugar,3
T005169,Eggs,4
T005169,Milk,2
T005169,Bananas,4
T005169,Onions,1
T005170,Sugar,2
T005170,Butter,3
T005170,Tea,4
T005170,Milk,4
T005170,Chicken,1
T005170,Beef,2
T005170,Flour,2
T005170,Coffee,2
T005171,Bananas,1
T005171,Eggs,2
T005171,Butter,2
T005172,Apples,3
T005173,Sugar,2
T005173,Eggs,1
T005173,Pasta,2
T005173,Milk,1
T005173,Chicken,3
T005173,Tomatoes,2
T005173,Bread,4
T005173,Onions,2
T005174,Apples,1
T005174,Yogurt,4
T005174,Beef,3
T005174,Tomatoes,1
T005174,Bread,3
T005175,Yogurt,1
T005175,Tea,4
T005176,Sugar,1
T005176,Eggs,1
T005176,Orange Juice,3
T005176,Tea,3
T005176,Milk,1
T005176,Bread,1
T005177,Flour,2
T005177,Butter,2
T005177,Eggs,3
T005177,Bread,2
T005178,Apples,3
T005178,Cheese,4
T005178,Butter,3
T005178,Orange Juice,4
T005178,Rice,2
T005178,Milk,1
T005178,Flour,3
T005178,Bread,1
T005178,Onions,1
T005179,Sugar,1
T005179,Eggs,4
T005179,Butter,4
T005179,Yogurt,1
T005179,Milk,2
T005179,Bananas,3
T005179,Tomatoes,3
T005180,Beef,1
T005181,Cheese,2
T005181,Eggs,3
T005181,Butter,2
T005181,Rice,3
T005182,Coffee,4
T005182,Sugar,2
T005182,Milk,3
T005183,Sugar,3
T005183,Eggs,3
T005183,Butter,1
T005183,Pasta,1
T005183,Flour,3
T005183,Tomatoes,3
T005183,Bread,4
T005184,Sugar,4
T005184,Cheese,1
T005184,Chicken,4
T005184,Flour,3
T005184,Tomatoes,2
T005184,Onions,3
T005185,Cheese,1
T005185,Butter,4
T005185,Orange Juice,2
T005185,Pasta,4
T005185,Flour,3
T005185,Tomatoes,4
T005185,Onions,1
T005186,Sugar,2
T005186,Butter,4
T005186,Tea,2
T005186,Milk,2
T005186,Chicken,3
T005186,Coffee,2
T005186,Bread,4
T005186,Onions,3
T005187,Eggs,2
T005187,Butter,1
T005187,Rice,1
T005187,Beef,2
T005187,Tomatoes,3
T005187,Bread,4
T005188,Tomatoes,4
T005188,Tea,4
T005189,Apples,1
T005189,Eggs,4
T005189,Butter,1
T005189,Orange Juice,4
T005189,Milk,4
T005189,Flour,4
T005189,Bananas,1
T005190,Chicken,4
T005190,Tomatoes,2
T005190,Eggs,4
T005191,Apples,1
T005192,Eggs,2
T005192,Orange Juice,4
T005193,Eggs,3
T005193,Milk,1
T005194,Sugar,1
T005194,Eggs,3
T005194,Milk,1
T005195,Bananas,1
T005195,Yogurt,4
T005195,Rice,1
T005195,Tea,2
T005196,Sugar,1
T005196,Eggs,1
T005196,Butter,2
T005196,Yogurt,1
T005196,Bananas,2
T005196,Bread,4
T005197,Butter,3
T005197,Orange Juice,1
T005197,Rice,3
T005197,Pasta,1
T005197,Chicken,3
T005197,Tomatoes,3
T005198,Sugar,2
T005199,Apples,3
T005199,Tea,4
T005199,Rice,2
T005199,Flour,3
T005199,Onions,3
T005200,Apples,2
T005200,Pasta,3
T005200,Chicken,3
T005200,Bananas,2
T005200,Tomatoes,4
T005200,Onions,3
T005201,Apples,1
T005201,Sugar,4
T005201,Eggs,1
T005201,Tea,3
T005201,Milk,4
T005201,Flour,3
T005201,Coffee,2
T005201,Bread,2
T005202,Bananas,3
T005203,Butter,2
T005203,Eggs,2
T005203,Bread,3
T005204,Apples,4
T005204,Eggs,3
T005204,Tea,1
T005204,Chicken,3
T005204,Beef,1
T005204,Bananas,1
T005204,Tomatoes,3
T005205,Apples,4
T005205,Cheese,4
T005205,Eggs,1
T005205,Butter,3
T005205,Tea,2
T005205,Milk,1
T005205,Chicken,1
T005205,Tomatoes,2
T005205,Bread,4
T005205,Onions,3
T005206,Flour,2
T005206,Butter,1
T005207,Sugar,3
T005207,Eggs,1
T005207,Orange Juice,1
T005207,Pasta,2
T005207,Beef,4
T005207,Coffee,1
T005207,Tomatoes,4
T005207,Onions,3
T005208,Apples,2
T005208,Eggs,1
T005208,Butter,4
T005208,Yogurt,3
T005208,Milk,1
T005208,Flour,2
T005208,Bread,3
T005209,Apples,3
T005209,Yogurt,2
T005209,Pasta,1
T005209,Beef,3
T005209,Flour,1
T005209,Tomatoes,1
T005210,Sugar,4
T005210,Orange Juice,2
T005210,Milk,2
T005210,Coffee,3
T005210,Onions,2
T005211,Butter,3
T005211,Orange Juice,1
T005211,Rice,2
T005211,Milk,4
T005211,Chicken,3
T005211,Bananas,4
T005211,Coffee,4
T005211,Bread,2
T005212,Flour,2
T005212,Coffee,3
T005212,Butter,1
T005212,Beef,3
T005213,Sugar,3
T005213,Butter,2
T005213,Rice,1
T005213,Bananas,1
T005213,Bread,1
T005214,Eggs,1
T005214,Yogurt,1
T005214,Milk,4
T005214,Flour,2
T005214,Bread,2
T005214,Onions,4
T005215,Apples,4
T005215,Eggs,3
T005215,Butter,2
T005215,Tea,1
T005215,Flour,4
T005215,Bananas,2
T005215,Bread,2
T005216,Apples,1
T005216,Sugar,2
T005216,Eggs,2
T005216,Butter,4
T005216,Rice,3
T005216,Bread,2
T005217,Chicken,4
T005217,Orange Juice,3
T005217,Rice,4
T005218,Orange Juice,3
T005218,Pasta,3
T005218,Beef,1
T005218,Flour,4
T005218,Coffee,2
T005218,Tomatoes,4
T005218,Onions,3
T005219,Bananas,2
T005219,Cheese,4
T005219,Eggs,4
T005219,Beef,1
T005220,Apples,1
T005220,Sugar,4
T005220,Eggs,3
T005220,Butter,2
T005220,Rice,2
T005220,Pasta,3
T005220,Milk,1
T005220,Bananas,2
T005220,Coffee,3
T005220,Onions,1
T005221,Cheese,2
T005221,Orange Juice,4
T005221,Rice,2
T005222,Cheese,2
T005222,Eggs,1
T005222,Butter,3
T005222,Tea,2
T005222,Flour,2
T005222,Bread,3
T005223,Sugar,1
T005223,Eggs,3
T005223,Butter,3
T005223,Orange Juice,4
T005223,Tea,1
T005223,Rice,1
T005223,Flour,4
T005223,Tomatoes,3
T005223,Bread,4
T005224,Orange Juice,1
T005224,Beef,3
T005225,Eggs,3
T005225,Butter,3
T005225,Tea,4
T005225,Rice,4
T005225,Yogurt,3
T005225,Chicken,3
T005225,Flour,3
T005225,Bread,1
T005226,Chicken,4
T005226,Orange Juice,3
T005227,Coffee,2
T005227,Sugar,3
T005227,Butter,3
T005227,Rice,2
T005227,Yogurt,1
T005227,Tomatoes,2
T005228,Apples,4
T005228,Butter,2
T005228,Tea,1
T005228,Bread,1
T005228,Onions,2
T005229,Tomatoes,1
T005229,Pasta,2
T005230,Butter,2
T005230,Orange Juice,1
T005230,Tea,3
T005230,Beef,3
T005230,Flour,2
T005230,Bananas,1
T005231,Butter,2
T005231,Tea,1
T005231,Chicken,3
T005231,Tomatoes,2
T005231,Bread,3
T005232,Coffee,4
T005232,Sugar,4
T005232,Eggs,2
T005232,Milk,4
T005232,Chicken,2
T005232,Tomatoes,1
T005232,Bread,1
T005232,Onions,1
T005233,Cheese,4
T005233,Eggs,4
T005233,Tea,1
T005233,Rice,4
T005233,Flour,1
T005233,Bananas,4
T005233,Onions,1
T005234,Flour,3
T005234,Milk,3
T005234,Yogurt,2
T005234,Onions,1
T005235,Tea,2
T005236,Eggs,1
T005236,Butter,2
T005236,Chicken,2
T005236,Flour,1
T005236,Tomatoes,3
T005236,Bread,3
T005237,Sugar,4
T005237,Eggs,2
T005237,Butter,1
T005237,Pasta,2
T005237,Milk,4
T005237,Beef,4
T005237,Onions,3
T005238,Eggs,3
T005238,Yogurt,3
T005238,Milk,1
T005238,Flour,4
T005238,Tomatoes,3
T005239,Apples,2
T005240,Apples,1
T005240,Sugar,3
T005240,Eggs,2
T005240,Orange Juice,4
T005240,Yogurt,4
T005240,Milk,2
T005240,Bananas,3
T005240,Bread,2
T005241,Sugar,1
T005241,Orange Juice,2
T005241,Yogurt,4
T005241,Beef,4
T005241,Flour,2
T005241,Bananas,3
T005241,Bread,3
T005242,Eggs,3
T005242,Tea,3
T005242,Chicken,1
T005242,Beef,3
T005242,Bread,2
T005243,Sugar,1
T005243,Eggs,4
T005243,Beef,4
T005243,Coffee,4
T005243,Bread,4
T005243,Onions,3
T005244,Sugar,2
T005244,Butter,3
T005244,Yogurt,4
T005244,Chicken,1
T005244,Bananas,4
T005244,Onions,2
T005245,Cheese,2
T005245,Tomatoes,3
T005246,Sugar,1
T005246,Orange Juice,3
T005247,Apples,3
T005247,Sugar,1
T005247,Cheese,1
T005247,Butter,3
T005247,Eggs,2
T005247,Rice,1
T005247,Milk,2
T005247,Coffee,3
T005247,Bread,3
T005248,Apples,2
T005248,Sugar,1
T005248,Eggs,3
T005248,Butter,3
T005248,Orange Juice,3
T005248,Rice,4
T005248,Pasta,3
T005248,Chicken,2
T005248,Coffee,2
T005248,Bread,2
T005248,Tomatoes,4
T005248,Onions,3
T005249,Apples,1
T005249,Pasta,3
T005249,Rice,2
T005249,Tomatoes,3
T005249,Onions,3
T005250,Orange Juice,2
T005251,Tomatoes,4
T005251,Bread,4
T005251,Beef,2
T005251,Milk,3
T005252,Sugar,3
T005252,Tea,4
T005252,Yogurt,1
T005252,Milk,2
T005252,Beef,3
T005252,Coffee,4
T005252,Onions,1
T005253,Chicken,3
T005253,Flour,4
T005253,Pasta,2
T005253,Onions,3
T005254,Apples,3
T005254,Bananas,4
T005254,Coffee,1
T005255,Apples,2
T005255,Butter,4
T005255,Orange Juice,4
T005255,Tea,2
T005255,Beef,2
T005256,Coffee,2
T005256,Orange Juice,3
T005256,Milk,1
T005256,Chicken,3
T005256,Beef,2
T005256,Tomatoes,4
T005257,Apples,1
T005257,Cheese,3
T005257,Eggs,2
T005257,Tea,4
T005257,Chicken,4
T005257,Flour,2
T005257,Bananas,1
T005258,Sugar,3
T005258,Cheese,2
T005258,Butter,1
T005258,Tea,4
T005258,Milk,4
T005258,Bananas,3
T005258,Tomatoes,3
T005259,Orange Juice,1
T005259,Tea,2
T005259,Rice,2
T005259,Yogurt,4
T005259,Pasta,1
T005259,Bananas,3
T005259,Tomatoes,2
T005259,Onions,3
T005260,Apples,2
T005260,Sugar,2
T005260,Pasta,3
T005260,Beef,4
T005260,Bananas,2
T005260,Coffee,4
T005260,Tomatoes,3
T005261,Tomatoes,1
T005261,Butter,3
T005261,Pasta,1
T005261,Onions,4
T005262,Apples,2
T005262,Tomatoes,2
T005262,Butter,2
T005263,Tomatoes,4
T005263,Butter,2
T005264,Tomatoes,1
T005265,Sugar,1
T005265,Eggs,3
T005265,Butter,3
T005265,Bananas,2
T005265,Tomatoes,3
T005265,Onions,2
T005266,Cheese,4
T005266,Eggs,2
T005266,Butter,1
T005266,Milk,4
T005266,Chicken,4
T005266,Beef,1
T005266,Bananas,4
T005266,Bread,3
T005266,Onions,1
T005267,Milk,3
T005268,Apples,1
T005268,Cheese,2
T005268,Tea,1
T005268,Yogurt,2
T005268,Pasta,3
T005268,Bananas,4
T005268,Coffee,4
T005268,Tomatoes,4
T005268,Onions,1
T005269,Sugar,1
T005269,Butter,4
T005269,Rice,1
T005269,Milk,3
T005269,Chicken,4
T005269,Bananas,4
T005269,Coffee,2
T005270,Eggs,1
T005270,Rice,1
T005270,Milk,3
T005270,Yogurt,1
T005270,Beef,3
T005270,Tomatoes,1
T005270,Bread,3
T005270,Onions,1
T005271,Eggs,4
T005271,Bread,1
T005271,Yogurt,1
T005272,Sugar,2
T005272,Eggs,4
T005272,Tea,4
T005272,Milk,1
T005272,Bread,2
T005273,Beef,3
T005274,Sugar,1
T005274,Eggs,2
T005274,Orange Juice,2
T005274,Tea,1
T005274,Pasta,3
T005274,Chicken,2
T005274,Tomatoes,1
T005274,Bread,1
T005275,Apples,4
T005275,Orange Juice,1
T005275,Tea,3
T005275,Yogurt,2
T005275,Chicken,2
T005275,Onions,4
T005276,Eggs,4
T005276,Butter,3
T005276,Pasta,4
T005276,Bananas,3
T005276,Tomatoes,4
T005276,Bread,4
T005277,Sugar,1
T005277,Butter,1
T005277,Rice,3
T005277,Pasta,1
T005277,Beef,2
T005277,Coffee,1
T005277,Tomatoes,3
T005277,Onions,2
T005278,Apples,4
T005278,Sugar,1
T005278,Orange Juice,2
T005278,Yogurt,4
T005279,Chicken,4
T005279,Coffee,1
T005279,Eggs,3
T005279,Milk,4
T005280,Chicken,3
T005280,Sugar,2
T005280,Butter,1
T005280,Flour,4
T005281,Apples,2
T005281,Sugar,4
T005281,Butter,4
T005281,Pasta,1
T005281,Milk,4
T005281,Chicken,4
T005281,Beef,2
T005281,Flour,2
T005281,Coffee,1
T005281,Tomatoes,2
T005281,Onions,1
T005282,Sugar,2
T005282,Eggs,1
T005282,Bread,1
T005282,Cheese,1
T005283,Apples,1
T005283,Eggs,1
T005283,Rice,4
T005283,Milk,1
T005283,Bananas,4
T005283,Coffee,3
T005283,Tomatoes,4
T005284,Cheese,2
T005284,Eggs,4
T005284,Tea,1
T005284,Milk,1
T005284,Beef,4
T005284,Flour,4
T005284,Bananas,3
T005284,Bread,3
T005285,Tea,2
T005285,Rice,2
T005285,Yogurt,3
T005285,Pasta,2
T005285,Tomatoes,1
T005285,Onions,4
T005286,Butter,2
T005287,Cheese,3
T005287,Eggs,1
T005287,Butter,3
T005287,Orange Juice,3
T005287,Pasta,2
T005287,Chicken,3
T005287,Bread,3
T005287,Onions,1
T005288,Sugar,2
T005288,Butter,3
T005288,Orange Juice,3
T005288,Tea,1
T005288,Pasta,2
T005288,Flour,4
T005288,Bananas,2
T005288,Coffee,4
T005288,Onions,4
T005289,Chicken,3
T005289,Cheese,3
T005289,Sugar,2
T005289,Orange Juice,2
T005290,Cheese,3
T005290,Eggs,4
T005290,Butter,2
T005290,Tea,1
T005290,Beef,3
T005290,Bread,3
T005290,Onions,4
T005291,Chicken,1
T005291,Eggs,4
T005291,Bread,4
T005292,Butter,2
T005293,Apples,1
T005293,Eggs,1
T005293,Butter,3
T005293,Tea,3
T005293,Yogurt,2
T005293,Pasta,2
T005293,Milk,1
T005293,Coffee,1
T005293,Bread,3
T005293,Tomatoes,3
T005293,Onions,2
T005294,Cheese,4
T005294,Sugar,1
T005294,Eggs,2
T005294,Orange Juice,3
T005294,Butter,4
T005294,Yogurt,2
T005294,Milk,2
T005294,Coffee,2
T005295,Coffee,1
T005295,Milk,3
T005296,Apples,3
T005296,Eggs,4
T005296,Pasta,3
T005296,Milk,1
T005296,Rice,1
T005296,Yogurt,3
T005296,Flour,1
T005296,Tomatoes,4
T005296,Bread,1
T005296,Onions,2
T005297,Tomatoes,1
T005298,Eggs,2
T005298,Bread,1
T005299,Cheese,3
T005299,Eggs,4
T005299,Yogurt,2
T005300,Eggs,4
T005300,Butter,2
T005300,Orange Juice,4
T005301,Butter,3
T005302,Coffee,2
T005302,Rice,2
T005302,Milk,1
T005303,Orange Juice,1
T005303,Yogurt,3
T005304,Apples,4
T005304,Sugar,2
T005304,Butter,3
T005304,Chicken,3
T005304,Bananas,1
T005304,Coffee,3
T005304,Bread,3
T005304,Onions,1
T005305,Eggs,2
T005305,Orange Juice,3
T005305,Tea,2
T005305,Yogurt,4
T005305,Chicken,4
T005305,Tomatoes,4
T005305,Bread,1
T005306,Apples,2
T005306,Cheese,4
T005306,Eggs,1
T005306,Butter,4
T005306,Bread,4
T005307,Chicken,4
T005307,Bananas,4
T005307,Tea,3
T005307,Onions,4
T005308,Chicken,3
T005308,Butter,4
T005308,Milk,3
T005309,Cheese,4
T005309,Eggs,1
T005309,Butter,4
T005309,Orange Juice,3
T005309,Pasta,3
T005309,Milk,2
T005309,Beef,3
T005309,Tomatoes,3
T005309,Bread,3
T005309,Onions,2
T005310,Apples,1
T005310,Tomatoes,3
T005310,Eggs,3
T005310,Cheese,4
T005311,Apples,2
T005311,Butter,1
T005311,Tea,1
T005311,Yogurt,1
T005311,Pasta,2
T005311,Milk,2
T005311,Beef,4
T005311,Flour,3
T005311,Tomatoes,2
T005311,Bread,3
T005312,Eggs,3
T005312,Orange Juice,3
T005312,Pasta,4
T005312,Rice,4
T005312,Milk,3
T005312,Flour,1
T005312,Coffee,1
T005312,Tomatoes,4
T005312,Onions,2
T005313,Apples,3
T005313,Sugar,2
T005313,Rice,3
T005313,Milk,2
T005313,Beef,3
T005313,Coffee,2
T005314,Eggs,4
T005314,Butter,1
T005314,Tea,2
T005314,Yogurt,2
T005314,Chicken,2
T005315,Pasta,1
T005315,Milk,2
T005315,Flour,3
T005315,Coffee,2
T005315,Tomatoes,3
T005315,Onions,4
T005316,Eggs,4
T005316,Butter,4
T005316,Tea,3
T005316,Yogurt,4
T005316,Rice,2
T005316,Onions,3
T005317,Cheese,4
T005317,Sugar,2
T005317,Butter,2
T005317,Eggs,2
T005317,Milk,2
T005317,Coffee,4
T005317,Bread,1
T005318,Apples,3
T005318,Sugar,2
T005318,Butter,4
T005319,Eggs,4
T005319,Tea,3
T005319,Rice,2
T005319,Beef,2
T005319,Bread,2
T005320,Sugar,2
T005320,Beef,2
T005321,Butter,2
T005321,Eggs,1
T005321,Bread,2
T005321,Beef,2
T005322,Sugar,1
T005322,Eggs,2
T005322,Yogurt,1
T005322,Milk,1
T005322,Chicken,4
T005322,Beef,2
T005322,Bananas,2
T005323,Apples,1
T005323,Cheese,4
T005323,Eggs,1
T005323,Butter,4
T005323,Milk,3
T005324,Sugar,2
T005324,Eggs,3
T005324,Butter,3
T005324,Milk,3
T005324,Flour,1
T005324,Bananas,4
T005324,Coffee,4
T005324,Bread,1
T005325,Orange Juice,1
T005326,Tomatoes,3
T005326,Butter,4
T005326,Cheese,2
T005326,Beef,1
T005327,Sugar,4
T005327,Pasta,1
T005327,Chicken,1
T005327,Bananas,4
T005327,Onions,2
T005328,Cheese,4
T005329,Sugar,2
T005330,Sugar,3
T005330,Eggs,3
T005330,Tea,2
T005330,Milk,4
T005330,Beef,3
T005330,Coffee,4
T005331,Onions,4
T005332,Onions,4
T005333,Cheese,1
T005333,Eggs,4
T005333,Butter,1
T005333,Yogurt,3
T005333,Chicken,4
T005333,Flour,3
T005333,Bread,1
T005334,Flour,4
T005334,Cheese,2
T005334,Butter,2
T005334,Rice,2
T005335,Eggs,1
T005335,Orange Juice,3
T005335,Yogurt,3
T005335,Pasta,4
T005335,Milk,3
T005335,Coffee,2
T005335,Bread,4
T005335,Tomatoes,2
T005335,Onions,1
T005336,Sugar,1
T005336,Eggs,2
T005336,Cheese,4
T005336,Chicken,4
T005336,Bananas,1
T005336,Tomatoes,1
T005336,Onions,4
T005337,Eggs,4
T005337,Butter,2
T005337,Orange Juice,2
T005337,Rice,4
T005337,Flour,2
T005337,Tomatoes,4
T005337,Bread,4
T005337,Onions,4
T005338,Coffee,2
T005338,Beef,4
T005338,Milk,4
T005339,Apples,4
T005339,Eggs,2
T005339,Butter,3
T005339,Tea,1
T005339,Rice,1
T005339,Milk,3
T005339,Tomatoes,4
T005339,Bread,1
T005340,Coffee,4
T005340,Sugar,4
T005340,Milk,3
T005341,Flour,4
T005342,Eggs,2
T005342,Butter,2
T005342,Tea,2
T005342,Rice,4
T005342,Milk,3
T005342,Yogurt,1
T005342,Bread,1
T005343,Apples,1
T005343,Eggs,4
T005343,Butter,3
T005343,Pasta,1
T005343,Beef,4
T005343,Bananas,4
T005343,Tomatoes,2
T005343,Bread,1
T005343,Onions,4
T005344,Coffee,4
T005344,Sugar,2
T005345,Flour,1
T005345,Sugar,2
T005345,Tea,2
T005346,Coffee,1
T005346,Eggs,2
T005346,Milk,2
T005346,Flour,1
T005346,Tomatoes,4
T005347,Coffee,1
T005347,Rice,3
T005348,Chicken,3
T005348,Apples,2
T005348,Onions,3
T005348,Flour,3
T005349,Apples,4
T005349,Butter,3
T005349,Rice,2
T005349,Milk,3
T005349,Flour,4
T005349,Coffee,1
T005349,Bread,1
T005350,Sugar,3
T005350,Eggs,2
T005350,Pasta,4
T005350,Beef,1
T005350,Tomatoes,4
T005351,Apples,3
T005351,Sugar,1
T005351,Cheese,3
T005351,Butter,4
T005351,Tea,4
T005351,Beef,2
T005351,Coffee,4
T005352,Yogurt,2
T005353,Eggs,2
T005353,Butter,3
T005353,Onions,3
T005354,Milk,3
T005355,Orange Juice,1
T005356,Beef,1
T005356,Onions,2
T005357,Sugar,2
T005357,Cheese,2
T005357,Butter,2
T005357,Eggs,1
T005357,Yogurt,2
T005357,Pasta,4
T005357,Coffee,4
T005357,Bread,2
T005357,Onions,1
T005358,Apples,4
T005358,Coffee,3
T005358,Sugar,1
T005358,Eggs,2
T005358,Butter,1
T005358,Rice,1
T005358,Milk,2
T005358,Tomatoes,1
T005358,Bread,4
T005359,Cheese,4
T005359,Pasta,1
T005359,Yogurt,3
T005359,Beef,2
T005359,Flour,2
T005359,Tomatoes,1
T005359,Onions,3
T005360,Cheese,1
T005360,Orange Juice,4
T005360,Milk,3
T005360,Chicken,4
T005360,Bread,4
T005360,Onions,4
T005361,Eggs,1
T005361,Yogurt,4
T005361,Tea,2
T005362,Apples,2
T005362,Tomatoes,2
T005362,Pasta,1
T005363,Butter,2
T005363,Bread,3
T005364,Apples,1
T005364,Sugar,3
T005364,Butter,3
T005364,Yogurt,3
T005364,Milk,1
T005364,Coffee,2
T005364,Bread,4
T005364,Onions,2
T005365,Cheese,4
T005365,Sugar,1
T005366,Butter,2
T005366,Onions,2
T005367,Cheese,4
T005367,Eggs,4
T005367,Butter,3
T005367,Milk,1
T005367,Flour,4
T005367,Tomatoes,1
T005367,Bread,2
T005368,Rice,2
T005368,Coffee,1
T005368,Yogurt,3
T005368,Milk,4
T005369,Butter,4
T005369,Yogurt,3
T005369,Flour,4
T005369,Tomatoes,2
T005369,Bread,3
T005370,Eggs,1
T005370,Butter,3
T005370,Orange Juice,3
T005371,Apples,2
T005371,Tomatoes,1
T005371,Cheese,2
T005372,Chicken,3
T005372,Bananas,2
T005372,Yogurt,1
T005372,Flour,3
T005373,Cheese,4
T005373,Sugar,1
T005373,Orange Juice,4
T005373,Pasta,1
T005373,Milk,3
T005373,Chicken,3
T005373,Beef,4
T005373,Coffee,4
T005373,Onions,3
T005374,Bananas,3
T005374,Coffee,2
T005374,Eggs,2
T005374,Cheese,2
T005375,Eggs,4
T005375,Butter,2
T005375,Yogurt,4
T005375,Pasta,3
T005375,Tomatoes,4
T005375,Bread,3
T005376,Chicken,1
T005376,Butter,1
T005376,Orange Juice,4
T005377,Apples,4
T005377,Sugar,1
T005377,Butter,1
T005377,Orange Juice,4
T005377,Flour,2
T005378,Sugar,2
T005378,Eggs,2
T005378,Butter,2
T005378,Tea,4
T005378,Pasta,2
T005378,Bread,4
T005378,Onions,1
T005379,Sugar,4
T005379,Eggs,4
T005379,Milk,3
T005379,Flour,3
T005379,Bananas,3
T005379,Coffee,1
T005380,Butter,4
T005381,Coffee,3
T005381,Milk,4
T005382,Apples,1
T005382,Sugar,3
T005382,Eggs,1
T005382,Butter,1
T005382,Rice,3
T005382,Milk,2
T005382,Chicken,4
T005382,Coffee,4
T005382,Bread,1
T005383,Bananas,2
T005383,Onions,1
T005384,Sugar,1
T005384,Cheese,1
T005384,Rice,2
T005384,Milk,2
T005384,Chicken,4
T005384,Flour,4
T005384,Tomatoes,4
T005385,Flour,1
T005385,Tomatoes,1
T005385,Coffee,3
T005385,Milk,3
T005386,Bananas,1
T005387,Apples,4
T005387,Cheese,3
T005387,Eggs,2
T005387,Butter,1
T005387,Chicken,1
T005387,Beef,2
T005387,Bread,1
T005387,Onions,2
T005388,Chicken,4
T005388,Eggs,2
T005388,Orange Juice,1
T005388,Tea,1
T005389,Cheese,3
T005389,Pasta,1
T005389,Onions,4
T005390,Tomatoes,1
T005390,Pasta,1
T005390,Onions,1
T005391,Apples,1
T005391,Eggs,2
T005391,Butter,4
T005391,Pasta,2
T005391,Yogurt,2
T005391,Tomatoes,3
T005391,Bread,3
T005391,Onions,3
T005392,Flour,4
T005392,Eggs,1
T005392,Rice,2
T005393,Beef,1
T005393,Eggs,4
T005393,Rice,1
T005393,Milk,4
T005394,Sugar,3
T005394,Eggs,2
T005394,Milk,3
T005394,Chicken,3
T005394,Flour,2
T005394,Coffee,1
T005394,Bread,3
T005394,Onions,2
T005395,Apples,1
T005395,Tomatoes,4
T005395,Orange Juice,4
T005396,Orange Juice,4
T005396,Pasta,2
T005396,Rice,4
T005396,Chicken,4
T005396,Flour,2
T005396,Bananas,3
T005396,Tomatoes,3
T005396,Onions,2
T005397,Eggs,3
T005397,Orange Juice,1
T005397,Tea,4
T005397,Milk,3
T005397,Flour,3
T005397,Bread,1
T005398,Cheese,2
T005398,Eggs,1
T005398,Butter,4
T005398,Yogurt,2
T005398,Pasta,1
T005398,Tomatoes,3
T005398,Onions,3
T005399,Butter,4
T005399,Orange Juice,2
T005399,Chicken,2
T005399,Bananas,3
T005399,Tomatoes,2
T005399,Onions,2
T005400,Cheese,3
T005400,Sugar,3
T005400,Butter,2
T005400,Tea,2
T005400,Milk,4
T005400,Coffee,2
T005400,Bread,4
T005400,Tomatoes,4
T005401,Chicken,3
T005402,Cheese,4
T005402,Eggs,4
T005402,Yogurt,1
T005402,Pasta,2
T005402,Chicken,1
T005402,Milk,1
T005402,Tomatoes,4
T005402,Bread,1
T005403,Orange Juice,3
T005403,Yogurt,3
T005403,Milk,2
T005403,Chicken,2
T005403,Bananas,2
T005403,Bread,1
T005403,Onions,3
T005404,Apples,1
T005404,Cheese,1
T005404,Tea,4
T005404,Pasta,3
T005404,Yogurt,4
T005404,Chicken,3
T005404,Tomatoes,4
T005404,Onions,2
T005405,Butter,3
T005405,Milk,3
T005405,Chicken,2
T005405,Tomatoes,2
T005405,Bread,2
T005406,Chicken,4
T005406,Bananas,1
T005406,Butter,1
T005406,Onions,2
T005407,Butter,2
T005407,Bread,2
T005407,Beef,3
T005408,Coffee,4
T005408,Eggs,1
T005408,Sugar,3
T005408,Beef,3
T005409,Sugar,4
T005409,Eggs,4
T005409,Butter,2
T005409,Milk,4
T005409,Beef,1
T005409,Flour,2
T005409,Bread,2
T005410,Cheese,4
T005410,Butter,2
T005410,Yogurt,2
T005410,Milk,1
T005410,Rice,4
T005410,Bananas,3
T005410,Bread,4
T005410,Onions,2
T005411,Apples,1
T005411,Tomatoes,4
T005411,Bread,2
T005411,Butter,4
T005412,Sugar,1
T005412,Butter,3
T005412,Pasta,3
T005412,Bananas,1
T005412,Onions,1
T005413,Chicken,3
T005413,Apples,1
T005414,Apples,4
T005414,Orange Juice,1
T005414,Pasta,4
T005414,Yogurt,4
T005414,Chicken,4
T005414,Bananas,3
T005414,Coffee,4
T005415,Apples,3
T005415,Eggs,2
T005416,Coffee,1
T005416,Eggs,4
T005416,Orange Juice,2
T005416,Tea,3
T005417,Sugar,4
T005417,Eggs,3
T005417,Milk,4
T005417,Chicken,3
T005417,Coffee,4
T005418,Apples,3
T005418,Sugar,1
T005418,Eggs,4
T005418,Butter,2
T005418,Milk,4
T005418,Coffee,2
T005418,Bread,1
T005418,Tomatoes,3
T005419,Apples,1
T005419,Butter,4
T005419,Orange Juice,1
T005419,Pasta,3
T005419,Chicken,1
T005419,Flour,3
T005419,Onions,3
T005420,Sugar,2
T005421,Chicken,1
T005421,Eggs,1
T005421,Butter,4
T005421,Milk,1
T005422,Sugar,2
T005422,Eggs,1
T005422,Butter,4
T005422,Milk,3
T005422,Coffee,4
T005422,Bread,3
T005423,Beef,4
T005423,Orange Juice,1
T005423,Rice,3
T005423,Onions,3
T005424,Coffee,3
T005424,Cheese,1
T005424,Tomatoes,2
T005424,Rice,3
T005425,Cheese,1
T005425,Eggs,2
T005425,Butter,3
T005425,Tea,1
T005425,Rice,2
T005425,Milk,2
T005425,Chicken,1
T005425,Beef,1
T005425,Bananas,2
T005426,Bread,2
T005426,Milk,2
T005427,Apples,1
T005427,Sugar,3
T005427,Butter,3
T005427,Tea,4
T005427,Rice,3
T005427,Bread,1
T005427,Onions,4
T005428,Pasta,2
T005429,Sugar,2
T005429,Butter,3
T005429,Tea,1
T005429,Milk,1
T005429,Bread,1
T005430,Flour,4
T005431,Coffee,3
T005431,Sugar,1
T005431,Eggs,1
T005431,Butter,2
T005431,Milk,2
T005431,Beef,2
T005431,Flour,4
T005431,Tomatoes,3
T005431,Bread,1
T005432,Cheese,3
T005432,Yogurt,4
T005432,Rice,3
T005432,Chicken,3
T005432,Flour,2
T005433,Eggs,4
T005433,Butter,4
T005433,Pasta,3
T005433,Beef,1
T005433,Onions,2
T005434,Sugar,4
T005434,Eggs,1
T005434,Yogurt,1
T005434,Milk,1
T005434,Chicken,4
T005434,Beef,4
T005434,Onions,2
T005435,Apples,3
T005435,Eggs,1
T005435,Orange Juice,1
T005435,Yogurt,4
T005435,Beef,3
T005435,Bread,1
T005435,Onions,3
T005436,Cheese,4
T005436,Eggs,4
T005436,Pasta,2
T005436,Onions,4
T005437,Apples,3
T005437,Tomatoes,4
T005437,Chicken,1
T005438,Apples,3
T005438,Eggs,4
T005438,Chicken,3
T005438,Beef,4
T005438,Coffee,1
T005439,Flour,3
T005439,Butter,2
T005439,Orange Juice,2
T005439,Milk,3
T005440,Eggs,1
T005440,Yogurt,4
T005440,Pasta,2
T005440,Rice,2
T005440,Beef,1
T005440,Bananas,2
T005440,Tomatoes,2
T005440,Onions,2
T005441,Tea,1
T005441,Onions,4
T005442,Beef,1
T005442,Onions,3
T005442,Yogurt,2
T005442,Tea,2
T005443,Yogurt,3
T005443,Rice,1
T005444,Coffee,2
T005444,Milk,4
T005444,Yogurt,4
T005444,Onions,4
T005445,Sugar,1
T005445,Orange Juice,2
T005445,Cheese,3
T005446,Apples,2
T005446,Bananas,1
T005446,Yogurt,2
T005447,Apples,4
T005447,Eggs,1
T005447,Butter,2
T005447,Tea,2
T005447,Pasta,3
T005447,Flour,4
T005448,Butter,3
T005448,Tea,3
T005449,Sugar,3
T005449,Eggs,1
T005449,Butter,2
T005449,Orange Juice,3
T005449,Tea,3
T005449,Beef,2
T005449,Flour,2
T005449,Bread,3
T005450,Sugar,1
T005450,Cheese,1
T005450,Butter,2
T005450,Tea,4
T005450,Rice,4
T005450,Yogurt,3
T005450,Tomatoes,3
T005451,Cheese,3
T005451,Eggs,1
T005451,Butter,1
T005451,Beef,4
T005451,Bananas,1
T005451,Bread,3
T005452,Eggs,4
T005452,Tea,2
T005452,Yogurt,4
T005452,Beef,1
T005452,Onions,4
T005453,Coffee,3
T005453,Eggs,3
T005453,Tea,2
T005453,Pasta,3
T005453,Milk,2
T005453,Flour,2
T005453,Tomatoes,2
T005453,Bread,1
T005453,Onions,2
T005454,Apples,1
T005454,Cheese,3
T005454,Pasta,3
T005454,Milk,1
T005454,Rice,2
T005454,Tomatoes,1
T005454,Bread,2
T005454,Onions,2
T005455,Bananas,3
T005455,Coffee,4
T005455,Sugar,1
T005456,Sugar,2
T005456,Eggs,4
T005456,Tea,3
T005456,Milk,2
T005456,Coffee,4
T005456,Bread,2
T005456,Onions,2
T005457,Sugar,4
T005457,Cheese,4
T005457,Tea,2
T005457,Yogurt,3
T005457,Chicken,3
T005457,Bananas,1
T005457,Tomatoes,3
T005458,Cheese,3
T005458,Sugar,4
T005458,Milk,3
T005458,Flour,4
T005458,Coffee,2
T005458,Tomatoes,4
T005458,Onions,3
T005459,Sugar,1
T005459,Butter,4
T005459,Onions,2
T005460,Eggs,3
T005460,Rice,4
T005460,Beef,4
T005460,Bread,2
T005460,Onions,2
T005461,Apples,3
T005461,Sugar,1
T005461,Eggs,4
T005461,Rice,3
T005461,Milk,1
T005461,Chicken,2
T005461,Coffee,1
T005461,Onions,1
T005462,Sugar,2
T005462,Tomatoes,1
T005462,Pasta,4
T005462,Onions,2
T005463,Chicken,4
T005463,Butter,3
T005463,Eggs,3
T005463,Bread,3
T005464,Sugar,2
T005464,Eggs,2
T005464,Cheese,3
T005464,Orange Juice,3
T005464,Yogurt,4
T005464,Milk,1
T005464,Coffee,1
T005465,Beef,4
T005465,Pasta,3
T005465,Tomatoes,4
T005465,Yogurt,1
T005466,Cheese,4
T005466,Orange Juice,2
T005467,Chicken,1
T005467,Bananas,3
T005467,Sugar,1
T005468,Cheese,3
T005468,Orange Juice,4
T005469,Sugar,3
T005469,Butter,2
T005469,Yogurt,3
T005469,Tea,4
T005470,Rice,1
T005471,Cheese,4
T005471,Eggs,1
T005471,Butter,3
T005471,Tea,1
T005471,Milk,3
T005471,Chicken,4
T005471,Beef,1
T005471,Bread,2
T005472,Sugar,1
T005472,Pasta,3
T005472,Bananas,3
T005472,Tomatoes,2
T005472,Onions,4
T005473,Butter,3
T005474,Cheese,4
T005474,Eggs,2
T005474,Yogurt,4
T005474,Chicken,1
T005474,Flour,4
T005474,Bananas,4
T005475,Apples,4
T005475,Cheese,3
T005475,Butter,3
T005475,Tea,3
T005475,Pasta,4
T005475,Beef,1
T005475,Coffee,2
T005475,Bread,2
T005475,Onions,2
T005476,Eggs,4
T005476,Orange Juice,2
T005476,Pasta,1
T005476,Yogurt,1
T005476,Bananas,4
T005476,Tomatoes,2
T005476,Bread,3
T005476,Onions,2
T005477,Flour,3
T005477,Apples,4
T005477,Tea,4
T005478,Sugar,2
T005478,Butter,4
T005478,Orange Juice,1
T005478,Rice,3
T005478,Milk,3
T005478,Coffee,3
T005478,Bread,1
T005479,Cheese,1
T005479,Orange Juice,4
T005479,Pasta,2
T005479,Yogurt,2
T005479,Flour,3
T005479,Tomatoes,2
T005480,Tea,4
T005481,Cheese,3
T005481,Eggs,2
T005481,Sugar,3
T005481,Butter,4
T005481,Yogurt,2
T005481,Milk,2
T005481,Bread,2
T005482,Apples,3
T005482,Sugar,2
T005482,Butter,2
T005482,Tea,1
T005482,Pasta,1
T005482,Milk,3
T005482,Bananas,1
T005482,Coffee,3
T005482,Bread,4
T005482,Onions,3
T005483,Apples,3
T005483,Cheese,3
T005483,Eggs,1
T005483,Butter,2
T005483,Tea,1
T005483,Pasta,3
T005483,Milk,4
T005483,Tomatoes,2
T005483,Bread,1
T005483,Onions,1
T005484,Cheese,4
T005484,Sugar,1
T005484,Eggs,3
T005484,Milk,1
T005484,Beef,4
T005484,Coffee,2
T005484,Bread,1
T005484,Tomatoes,3
T005485,Orange Juice,2
T005485,Beef,4
T005485,Tea,2
T005486,Apples,3
T005486,Sugar,3
T005486,Rice,1
T005486,Pasta,1
T005486,Milk,1
T005486,Coffee,2
T005486,Onions,4
T005487,Flour,3
T005487,Tomatoes,2
T005487,Pasta,1
T005487,Onions,1
T005488,Chicken,3
T005488,Sugar,4
T005488,Eggs,2
T005488,Yogurt,2
T005489,Apples,1
T005489,Sugar,1
T005489,Pasta,2
T005489,Beef,4
T005489,Tomatoes,4
T005489,Onions,1
T005490,Apples,3
T005490,Sugar,4
T005490,Flour,1
T005491,Apples,1
T005491,Eggs,3
T005491,Milk,1
T005491,Chicken,4
T005491,Bread,2
T005491,Onions,3
T005492,Eggs,1
T005492,Butter,2
T005492,Tea,1
T005492,Milk,1
T005492,Chicken,1
T005492,Beef,1
T005492,Coffee,4
T005492,Bread,1
T005493,Sugar,1
T005493,Yogurt,4
T005494,Rice,4
T005495,Apples,3
T005495,Sugar,3
T005495,Orange Juice,1
T005495,Yogurt,4
T005495,Chicken,3
T005495,Beef,2
T005495,Flour,2
T005496,Eggs,3
T005496,Orange Juice,2
T005497,Cheese,2
T005497,Butter,4
T005497,Orange Juice,1
T005497,Tea,4
T005497,Rice,3
T005497,Flour,4
T005497,Onions,1
T005498,Apples,3
T005498,Eggs,1
T005498,Butter,2
T005498,Tea,3
T005498,Milk,4
T005498,Bread,4
T005499,Eggs,3
T005499,Butter,1
T005499,Tea,3
T005499,Yogurt,4
T005499,Milk,4
T005499,Bread,3
T005500,Sugar,2
T005500,Eggs,1
T005500,Butter,2
T005500,Milk,4
T005500,Beef,3
T005500,Bananas,3
T005500,Bread,4
T005501,Apples,2
T005501,Cheese,3
T005501,Sugar,1
T005501,Rice,1
T005501,Chicken,1
T005501,Flour,2
T005501,Bananas,4
T005501,Coffee,4
T005502,Cheese,3
T005502,Eggs,1
T005502,Yogurt,4
T005502,Chicken,4
T005502,Bananas,2
T005503,Cheese,1
T005503,Orange Juice,2
T005503,Pasta,3
T005503,Yogurt,3
T005503,Chicken,4
T005503,Bananas,4
T005503,Onions,4
T005504,Beef,4
T005504,Yogurt,3
T005505,Cheese,2
T005506,Sugar,3
T005506,Eggs,3
T005506,Butter,3
T005506,Orange Juice,1
T005506,Tea,3
T005506,Milk,2
T005506,Beef,1
T005506,Coffee,2
T005506,Bread,3
T005506,Tomatoes,1
T005507,Sugar,2
T005507,Tea,1
T005507,Rice,1
T005507,Beef,4
T005507,Coffee,3
T005507,Tomatoes,2
T005507,Onions,1
T005508,Coffee,1
T005508,Sugar,4
T005508,Rice,1
T005508,Milk,1
T005509,Apples,2
T005510,Apples,1
T005510,Cheese,4
T005510,Sugar,2
T005510,Yogurt,2
T005510,Milk,2
T005510,Coffee,3
T005511,Sugar,4
T005511,Eggs,3
T005511,Milk,4
T005511,Coffee,1
T005511,Tomatoes,2
T005512,Eggs,1
T005512,Butter,1
T005512,Tea,1
T005512,Milk,1
T005512,Bananas,1
T005513,Apples,2
T005513,Butter,3
T005513,Tea,3
T005513,Pasta,2
T005513,Rice,3
T005513,Tomatoes,3
T005513,Onions,1
T005514,Butter,4
T005514,Eggs,4
T005514,Bread,1
T005515,Apples,3
T005515,Sugar,3
T005516,Tomatoes,2
T005516,Orange Juice,1
T005517,Rice,1
T005518,Tomatoes,1
T005518,Pasta,4
T005519,Cheese,1
T005519,Sugar,4
T005519,Pasta,2
T005519,Beef,4
T005519,Bananas,2
T005519,Bread,1
T005520,Sugar,1
T005520,Eggs,1
T005520,Cheese,3
T005520,Pasta,4
T005520,Chicken,1
T005520,Tomatoes,1
T005520,Onions,1
T005521,Chicken,1
T005521,Yogurt,2
T005522,Eggs,3
T005522,Butter,3
T005522,Rice,3
T005522,Yogurt,3
T005522,Milk,2
T005522,Chicken,3
T005523,Cheese,2
T005523,Sugar,4
T005523,Butter,4
T005523,Eggs,1
T005523,Yogurt,2
T005523,Rice,1
T005523,Bread,4
T005524,Flour,4
T005525,Cheese,1
T005525,Eggs,2
T005525,Butter,2
T005525,Pasta,4
T005525,Chicken,3
T005525,Tomatoes,4
T005525,Bread,1
T005525,Onions,4
T005526,Apples,4
T005527,Apples,2
T005527,Sugar,3
T005527,Rice,4
T005527,Milk,1
T005527,Bananas,4
T005527,Coffee,2
T005528,Bananas,2
T005528,Beef,4
T005528,Tea,3
T005529,Chicken,4
T005529,Coffee,1
T005529,Sugar,1
T005529,Orange Juice,4
T005530,Apples,2
T005530,Orange Juice,4
T005530,Yogurt,1
T005530,Flour,3
T005531,Yogurt,2
T005532,Cheese,2
T005532,Tea,2
T005532,Rice,4
T005532,Milk,2
T005532,Chicken,1
T005532,Coffee,3
T005533,Sugar,1
T005533,Eggs,3
T005533,Tea,3
T005533,Pasta,4
T005533,Milk,1
T005533,Coffee,4
T005533,Tomatoes,1
T005533,Onions,3
T005534,Apples,2
T005534,Eggs,1
T005534,Butter,4
T005534,Milk,2
T005534,Chicken,2
T005534,Bananas,4
T005534,Tomatoes,1
T005534,Bread,4
T005535,Sugar,1
T005535,Eggs,1
T005535,Tea,4
T005535,Rice,4
T005535,Flour,1
T005535,Bananas,1
T005536,Apples,3
T005536,Cheese,1
T005536,Butter,2
T005536,Orange Juice,2
T005536,Rice,2
T005536,Bananas,4
T005537,Sugar,3
T005537,Onions,4
T005537,Beef,3
T005537,Pasta,2
T005538,Tomatoes,2
T005538,Sugar,2
T005538,Cheese,4
T005538,Beef,4
T005539,Cheese,2
T005539,Eggs,3
T005539,Butter,2
T005539,Yogurt,4
T005539,Bananas,2
T005540,Eggs,4
T005540,Bread,2
T005541,Sugar,3
T005541,Tea,4
T005541,Beef,3
T005541,Onions,4
T005542,Apples,3
T005542,Cheese,1
T005542,Eggs,4
T005542,Butter,2
T005542,Orange Juice,4
T005542,Tea,2
T005542,Milk,4
T005542,Bread,1
T005543,Apples,1
T005543,Coffee,1
T005543,Yogurt,1
T005543,Milk,3
T005543,Flour,3
T005543,Tomatoes,4
T005544,Apples,2
T005544,Orange Juice,4
T005544,Yogurt,3
T005544,Chicken,4
T005544,Onions,4
T005545,Cheese,3
T005545,Eggs,4
T005545,Butter,4
T005545,Orange Juice,4
T005545,Tea,1
T005545,Bread,4
T005545,Onions,3
T005546,Sugar,3
T005546,Butter,3
T005546,Pasta,3
T005546,Yogurt,3
T005546,Rice,4
T005546,Milk,4
T005546,Flour,4
T005546,Tomatoes,3
T005547,Apples,4
T005547,Butter,2
T005547,Eggs,3
T005547,Bread,3
T005548,Eggs,4
T005548,Tea,2
T005548,Pasta,3
T005548,Tomatoes,3
T005548,Bread,1
T005548,Onions,4
T005549,Butter,1
T005549,Milk,3
T005550,Butter,3
T005551,Bananas,4
T005552,Cheese,3
T005552,Eggs,3
T005552,Butter,3
T005552,Orange Juice,2
T005552,Yogurt,3
T005552,Chicken,3
T005552,Flour,3
T005552,Bread,3
T005553,Apples,1
T005553,Sugar,4
T005553,Eggs,3
T005553,Butter,1
T005553,Milk,1
T005553,Flour,3
T005553,Bananas,1
T005554,Apples,2
T005554,Butter,4
T005554,Orange Juice,4
T005554,Milk,4
T005554,Flour,2
T005554,Bread,1
T005555,Eggs,2
T005555,Rice,4
T005555,Yogurt,4
T005555,Milk,1
T005555,Flour,1
T005555,Tomatoes,3
T005556,Apples,3
T005556,Tea,2
T005556,Yogurt,2
T005556,Pasta,1
T005556,Beef,2
T005556,Flour,4
T005556,Tomatoes,4
T005556,Onions,2
T005557,Apples,4
T005557,Eggs,4
T005557,Butter,4
T005557,Orange Juice,2
T005557,Tea,4
T005557,Pasta,4
T005557,Onions,1
T005558,Flour,2
T005558,Beef,2
T005559,Coffee,2
T005559,Sugar,3
T005559,Eggs,2
T005559,Milk,2
T005559,Chicken,1
T005559,Flour,4
T005559,Tomatoes,2
T005559,Onions,3
T005560,Sugar,4
T005560,Butter,2
T005560,Milk,1
T005560,Chicken,3
T005560,Coffee,1
T005561,Eggs,3
T005561,Rice,3
T005561,Yogurt,1
T005561,Pasta,2
T005561,Bread,3
T005562,Apples,3
T005562,Bananas,3
T005562,Butter,4
T005563,Eggs,1
T005563,Bread,2
T005563,Milk,1
T005564,Sugar,3
T005564,Butter,3
T005564,Orange Juice,2
T005564,Yogurt,4
T005564,Bananas,4
T005565,Sugar,4
T005565,Butter,1
T005565,Orange Juice,3
T005565,Milk,1
T005565,Flour,2
T005565,Coffee,4
T005566,Bananas,2
T005566,Pasta,3
T005566,Yogurt,4
T005566,Onions,3
T005567,Flour,2
T005567,Eggs,4
T005567,Bread,4
T005568,Sugar,3
T005568,Butter,1
T005568,Orange Juice,1
T005568,Milk,3
T005568,Beef,4
T005568,Flour,1
T005568,Coffee,3
T005569,Apples,2
T005569,Sugar,2
T005569,Eggs,4
T005569,Orange Juice,2
T005569,Yogurt,4
T005569,Bananas,3
T005569,Bread,3
T005570,Eggs,1
T005570,Butter,2
T005570,Tea,2
T005570,Pasta,3
T005570,Milk,3
T005571,Bananas,3
T005572,Apples,3
T005573,Apples,2
T005573,Cheese,2
T005573,Sugar,1
T005573,Butter,4
T005573,Eggs,2
T005573,Rice,3
T005573,Bananas,3
T005573,Coffee,2
T005573,Bread,4
T005574,Milk,1
T005574,Butter,2
T005574,Tea,1
T005574,Onions,1
T005575,Cheese,4
T005575,Orange Juice,4
T005575,Rice,1
T005575,Milk,3
T005575,Flour,4
T005575,Coffee,4
T005576,Sugar,2
T005576,Eggs,1
T005576,Yogurt,4
T005576,Rice,1
T005576,Milk,1
T005576,Flour,1
T005577,Orange Juice,1
T005577,Pasta,4
T005577,Chicken,1
T005577,Beef,3
T005577,Tomatoes,4
T005578,Chicken,4
T005578,Eggs,2
T005578,Onions,2
T005579,Apples,4
T005579,Sugar,2
T005579,Tea,1
T005579,Pasta,2
T005579,Milk,2
T005579,Coffee,1
T005579,Bread,2
T005579,Tomatoes,2
T005579,Onions,3
T005580,Apples,2
T005580,Orange Juice,4
T005581,Apples,2
T005581,Cheese,1
T005581,Chicken,2
T005581,Yogurt,4
T005582,Bananas,1
T005582,Eggs,2
T005582,Milk,2
T005583,Butter,4
T005583,Orange Juice,1
T005583,Tea,4
T005583,Milk,1
T005583,Coffee,4
T005583,Bread,3
T005584,Eggs,3
T005584,Butter,2
T005584,Rice,4
T005584,Milk,2
T005584,Flour,4
T005584,Bananas,1
T005584,Tomatoes,2
T005584,Onions,3
T005585,Apples,4
T005585,Cheese,4
T005585,Sugar,1
T005585,Tea,3
T005585,Pasta,4
T005585,Milk,2
T005585,Beef,1
T005585,Coffee,1
T005585,Onions,2
T005586,Sugar,2
T005586,Eggs,4
T005586,Butter,2
T005586,Orange Juice,2
T005586,Milk,4
T005586,Chicken,2
T005586,Bread,2
T005587,Bananas,1
T005587,Beef,1
T005588,Flour,4
T005588,Eggs,3
T005589,Cheese,1
T005589,Orange Juice,3
T005589,Pasta,4
T005589,Chicken,2
T005589,Beef,1
T005589,Tomatoes,3
T005590,Eggs,2
T005591,Apples,4
T005591,Yogurt,4
T005591,Onions,2
T005592,Butter,2
T005592,Yogurt,3
T005592,Onions,1
T005593,Eggs,1
T005593,Orange Juice,4
T005593,Tea,1
T005593,Rice,4
T005593,Beef,2
T005593,Bananas,2
T005593,Tomatoes,1
T005594,Apples,1
T005594,Orange Juice,4
T005594,Yogurt,2
T005594,Flour,1
T005594,Onions,1
T005595,Butter,3
T005595,Orange Juice,4
T005595,Rice,2
T005595,Pasta,3
T005595,Tomatoes,4
T005595,Bread,4
T005596,Bananas,1
T005597,Apples,3
T005597,Sugar,4
T005597,Eggs,4
T005597,Butter,4
T005597,Tea,4
T005597,Rice,2
T005597,Beef,3
T005597,Bread,1
T005597,Onions,3
T005598,Apples,3
T005598,Sugar,4
T005598,Butter,1
T005598,Orange Juice,4
T005598,Milk,2
T005598,Coffee,4
T005598,Bread,2
T005599,Tomatoes,4
T005600,Apples,3
T005601,Butter,3
T005601,Orange Juice,2
T005601,Rice,2
T005601,Beef,2
T005601,Tomatoes,4
T005601,Bread,1
T005601,Onions,3
T005602,Eggs,1
T005603,Flour,3
T005603,Cheese,1
T005603,Eggs,1
T005604,Apples,3
T005604,Cheese,4
T005604,Butter,1
T005605,Orange Juice,1
T005605,Pasta,3
T005605,Beef,3
T005605,Bananas,3
T005605,Tomatoes,1
T005605,Onions,3
T005606,Chicken,2
T005606,Tea,3
T005607,Tea,2
T005608,Flour,1
T005608,Butter,4
T005608,Orange Juice,3
T005609,Butter,4
T005609,Bread,4
T005609,Beef,1
T005610,Chicken,3
T005610,Bananas,1
T005611,Apples,1
T005611,Butter,1
T005611,Rice,2
T005611,Bananas,1
T005611,Bread,3
T005612,Sugar,4
T005612,Cheese,2
T005612,Eggs,2
T005612,Butter,2
T005612,Tea,1
T005612,Yogurt,3
T005612,Milk,1
T005612,Bananas,2
T005612,Tomatoes,1
T005612,Bread,1
T005613,Cheese,2
T005613,Butter,3
T005613,Tea,1
T005613,Rice,4
T005613,Pasta,3
T005613,Flour,1
T005613,Tomatoes,4
T005613,Bread,1
T005613,Onions,3
T005614,Bananas,2
T005614,Orange Juice,1
T005615,Bananas,2
T005615,Tea,3
T005616,Apples,3
T005616,Butter,4
T005616,Rice,1
T005616,Bread,4
T005616,Onions,4
T005617,Cheese,4
T005617,Eggs,2
T005617,Butter,3
T005617,Tea,3
T005617,Pasta,1
T005617,Bananas,2
T005617,Tomatoes,4
T005617,Bread,1
T005617,Onions,2
T005618,Tomatoes,3
T005619,Tomatoes,4
T005619,Onions,2
T005620,Butter,1
T005621,Chicken,4
T005621,Bananas,2
T005621,Rice,2
T005621,Tea,3
T005622,Apples,4
T005622,Sugar,4
T005622,Eggs,2
T005622,Flour,2
T005622,Bananas,4
T005622,Tomatoes,3
T005623,Tomatoes,1
T005624,Cheese,4
T005624,Sugar,4
T005624,Tea,2
T005624,Pasta,4
T005624,Chicken,1
T005624,Beef,1
T005624,Bananas,2
T005624,Tomatoes,4
T005624,Onions,4
T005625,Eggs,4
T005625,Butter,4
T005625,Beef,3
T005625,Tomatoes,1
T005625,Bread,1
T005626,Flour,2
T005626,Apples,1
T005627,Bananas,1
T005628,Eggs,3
T005628,Butter,1
T005628,Rice,2
T005628,Beef,3
T005628,Flour,4
T005628,Bread,4
T005628,Onions,3
T005629,Chicken,3
T005629,Yogurt,2
T005630,Chicken,4
T005630,Sugar,4
T005630,Eggs,2
T005630,Beef,2
T005631,Sugar,3
T005631,Orange Juice,3
T005631,Onions,3
T005632,Apples,4
T005632,Sugar,3
T005632,Eggs,1
T005632,Butter,3
T005632,Orange Juice,3
T005632,Yogurt,1
T005632,Milk,1
T005632,Coffee,3
T005632,Bread,3
T005632,Onions,1
T005633,Apples,2
T005633,Tea,4
T005634,Apples,4
T005634,Bananas,3
T005635,Eggs,2
T005635,Butter,2
T005635,Yogurt,3
T005635,Chicken,4
T005635,Beef,3
T005635,Bananas,1
T005635,Tomatoes,4
T005635,Bread,1
T005636,Sugar,1
T005636,Eggs,2
T005636,Butter,4
T005636,Flour,4
T005636,Bananas,2
T005636,Coffee,1
T005636,Onions,1
T005637,Yogurt,1
T005637,Onions,1
T005638,Milk,2
T005638,Butter,4
T005638,Yogurt,2
T005638,Tea,2
T005639,Apples,1
T005639,Butter,2
T005639,Yogurt,3
T005639,Pasta,1
T005639,Milk,4
T005639,Tomatoes,1
T005639,Bread,4
T005639,Onions,3
T005640,Eggs,4
T005640,Butter,3
T005640,Milk,1
T005640,Beef,4
T005640,Bread,4
T005641,Apples,2
T005641,Pasta,1
T005641,Chicken,4
T005641,Coffee,3
T005641,Tomatoes,3
T005642,Rice,1
T005642,Milk,1
T005642,Yogurt,2
T005642,Bananas,3
T005642,Bread,3
T005642,Onions,3
T005643,Tomatoes,4
T005643,Butter,2
T005643,Onions,1
T005644,Yogurt,4
T005645,Sugar,1
T005645,Eggs,2
T005645,Bread,2
T005645,Tomatoes,3
T005646,Apples,3
T005646,Sugar,4
T005646,Pasta,1
T005646,Milk,2
T005646,Chicken,3
T005646,Coffee,4
T005647,Chicken,3
T005648,Sugar,3
T005648,Rice,1
T005649,Flour,4
T005649,Cheese,2
T005649,Butter,3
T005649,Tea,2
T005650,Chicken,2
T005650,Cheese,4
T005650,Rice,1
T005650,Tea,2
T005651,Apples,3
T005651,Eggs,1
T005651,Yogurt,4
T005651,Pasta,3
T005651,Chicken,1
T005651,Flour,3
T005651,Bread,2
T005651,Onions,4
T005652,Apples,2
T005652,Eggs,2
T005652,Orange Juice,2
T005652,Milk,2
T005652,Chicken,1
T005652,Bananas,2
T005652,Coffee,4
T005652,Bread,3
T005653,Bananas,4
T005654,Apples,3
T005654,Bananas,3
T005655,Apples,1
T005655,Eggs,1
T005655,Butter,2
T005655,Orange Juice,3
T005655,Yogurt,3
T005655,Beef,1
T005655,Flour,2
T005655,Bread,3
T005656,Flour,1
T005657,Sugar,1
T005657,Eggs,1
T005657,Orange Juice,1
T005657,Milk,3
T005657,Beef,1
T005657,Bread,1
T005657,Onions,1
T005658,Sugar,3
T005658,Yogurt,2
T005658,Milk,2
T005658,Flour,2
T005658,Coffee,3
T005658,Tomatoes,2
T005659,Apples,1
T005659,Sugar,3
T005659,Eggs,3
T005659,Pasta,2
T005659,Bread,4
T005659,Onions,2
T005660,Eggs,3
T005660,Butter,2
T005660,Yogurt,4
T005660,Tomatoes,2
T005660,Bread,2
T005660,Onions,3
T005661,Onions,2
T005662,Butter,1
T005662,Orange Juice,3
T005662,Rice,4
T005662,Yogurt,1
T005662,Chicken,4
T005662,Beef,3
T005663,Sugar,4
T005663,Eggs,3
T005663,Butter,2
T005663,Pasta,2
T005663,Milk,1
T005663,Coffee,3
T005663,Bread,3
T005663,Tomatoes,4
T005663,Onions,3
T005664,Flour,1
T005664,Coffee,4
T005664,Orange Juice,4
T005664,Onions,3
T005665,Tomatoes,3
T005665,Orange Juice,3
T005665,Rice,3
T005666,Apples,3
T005666,Sugar,2
T005666,Eggs,4
T005666,Butter,3
T005666,Tea,1
T005666,Rice,2
T005666,Bread,3
T005667,Apples,2
T005667,Cheese,3
T005667,Tea,4
T005667,Rice,1
T005667,Beef,1
T005667,Bananas,4
T005667,Tomatoes,4
T005668,Eggs,2
T005668,Orange Juice,4
T005668,Tea,2
T005668,Yogurt,2
T005668,Rice,4
T005668,Beef,4
T005668,Bread,4
T005669,Chicken,4
T005669,Butter,2
T005669,Rice,3
T005670,Bananas,4
T005670,Tea,3
T005671,Sugar,1
T005671,Eggs,1
T005671,Butter,2
T005671,Orange Juice,3
T005671,Flour,1
T005671,Bread,2
T005671,Onions,4
T005672,Bananas,3
T005673,Apples,2
T005673,Cheese,4
T005673,Butter,2
T005673,Milk,4
T005673,Chicken,4
T005673,Coffee,4
T005673,Bread,2
T005673,Tomatoes,4
T005674,Eggs,3
T005674,Orange Juice,2
T005674,Tea,4
T005674,Bread,2
T005674,Onions,4
T005675,Sugar,2
T005675,Milk,1
T005675,Chicken,1
T005675,Flour,3
T005675,Coffee,2
T005676,Butter,2
T005676,Bread,2
T005676,Milk,1
T005677,Sugar,4
T005677,Orange Juice,4
T005677,Rice,4
T005678,Coffee,4
T005678,Milk,1
T005679,Rice,3
T005679,Chicken,1
T005679,Bananas,1
T005679,Tomatoes,2
T005679,Onions,3
T005680,Cheese,4
T005680,Yogurt,1
T005681,Apples,2
T005681,Beef,1
T005681,Tea,4
T005682,Apples,2
T005682,Sugar,2
T005682,Pasta,3
T005682,Milk,4
T005682,Bananas,3
T005682,Coffee,4
T005682,Tomatoes,3
T005682,Onions,3
T005683,Flour,4
T005683,Bananas,4
T005683,Eggs,3
T005683,Yogurt,2
T005684,Sugar,3
T005684,Eggs,1
T005684,Butter,3
T005684,Pasta,1
T005684,Yogurt,1
T005684,Milk,2
T005684,Beef,4
T005684,Bananas,3
T005684,Bread,3
T005684,Onions,4
T005685,Eggs,4
T005685,Butter,4
T005685,Yogurt,3
T005685,Rice,3
T005685,Milk,4
T005685,Bananas,2
T005685,Bread,1
T005686,Apples,4
T005686,Cheese,3
T005686,Eggs,2
T005686,Orange Juice,4
T005686,Tea,1
T005686,Milk,2
T005686,Bread,3
T005687,Sugar,2
T005687,Butter,3
T005687,Pasta,2
T005687,Chicken,1
T005687,Coffee,2
T005687,Tomatoes,2
T005687,Onions,1
T005688,Eggs,2
T005688,Butter,2
T005688,Orange Juice,3
T005688,Tea,4
T005688,Pasta,3
T005688,Milk,1
T005688,Tomatoes,1
T005688,Bread,1
T005688,Onions,1
T005689,Apples,4
T005689,Cheese,4
T005689,Sugar,4
T005689,Eggs,2
T005689,Butter,4
T005689,Rice,1
T005689,Yogurt,4
T005689,Milk,1
T005689,Onions,2
T005690,Cheese,4
T005690,Eggs,2
T005690,Pasta,3
T005690,Onions,4
T005691,Apples,4
T005691,Tomatoes,4
T005691,Orange Juice,4
T005691,Tea,3
T005692,Flour,4
T005692,Eggs,1
T005693,Apples,2
T005693,Sugar,3
T005693,Orange Juice,3
T005693,Rice,1
T005693,Pasta,2
T005693,Milk,2
T005693,Coffee,4
T005693,Tomatoes,4
T005693,Onions,3
T005694,Apples,1
T005694,Butter,2
T005694,Yogurt,1
T005694,Milk,4
T005694,Bananas,2
T005694,Bread,3
T005695,Apples,2
T005695,Cheese,3
T005695,Butter,1
T005695,Yogurt,1
T005695,Milk,2
T005695,Coffee,2
T005695,Tomatoes,1
T005695,Onions,3
T005696,Orange Juice,4
T005697,Beef,4
T005697,Yogurt,1
T005697,Butter,3
T005697,Rice,3
T005698,Yogurt,2
T005699,Chicken,4
T005700,Chicken,1
T005700,Beef,2
T005700,Milk,4
T005701,Tomatoes,1
T005701,Eggs,3
T005701,Bread,2
T005702,Apples,4
T005703,Cheese,4
T005703,Sugar,3
T005703,Butter,4
T005703,Orange Juice,2
T005703,Tea,4
T005703,Rice,2
T005703,Flour,1
T005704,Eggs,1
T005704,Butter,3
T005704,Pasta,3
T005704,Onions,4
T005705,Apples,3
T005705,Eggs,1
T005705,Butter,3
T005705,Yogurt,4
T005705,Chicken,4
T005705,Flour,3
T005705,Tomatoes,1
T005705,Bread,4
T005706,Flour,3
T005706,Bananas,1
T005706,Sugar,4
T005707,Cheese,2
T005707,Butter,1
T005707,Pasta,3
T005707,Beef,1
T005707,Bananas,3
T005708,Coffee,3
T005708,Butter,1
T005708,Tomatoes,2
T005708,Sugar,2
T005709,Sugar,3
T005710,Tomatoes,1
T005710,Onions,3
T005711,Eggs,1
T005711,Orange Juice,3
T005711,Rice,2
T005711,Yogurt,2
T005711,Tomatoes,1
T005712,Chicken,3
T005712,Cheese,3
T005712,Yogurt,4
T005713,Apples,1
T005713,Butter,4
T005713,Orange Juice,1
T005713,Milk,4
T005713,Chicken,4
T005714,Apples,2
T005714,Cheese,3
T005714,Eggs,1
T005714,Butter,4
T005714,Yogurt,1
T005714,Rice,2
T005714,Bread,4
T005715,Butter,1
T005716,Sugar,2
T005716,Yogurt,3
T005716,Beef,2
T005716,Flour,1
T005716,Coffee,3
T005716,Onions,4
T005717,Beef,2
T005717,Orange Juice,4
T005717,Rice,2
T005718,Sugar,4
T005718,Butter,1
T005718,Orange Juice,4
T005718,Tea,3
T005718,Rice,4
T005718,Bananas,4
T005718,Tomatoes,4
T005719,Chicken,4
T005719,Tomatoes,2
T005719,Bread,2
T005719,Pasta,2
T005720,Sugar,3
T005720,Yogurt,3
T005720,Rice,2
T005720,Bananas,3
T005720,Onions,3
T005721,Eggs,3
T005721,Bread,2
T005722,Rice,1
T005722,Beef,4
T005722,Flour,1
T005722,Bread,4
T005722,Onions,4
T005723,Apples,3
T005723,Butter,1
T005723,Tea,4
T005723,Yogurt,3
T005723,Pasta,1
T005723,Chicken,4
T005723,Beef,3
T005724,Apples,2
T005724,Eggs,2
T005724,Butter,4
T005724,Tea,4
T005724,Chicken,1
T005724,Beef,1
T005724,Onions,4
T005725,Apples,3
T005726,Eggs,4
T005726,Butter,4
T005726,Orange Juice,1
T005726,Rice,2
T005726,Chicken,3
T005726,Bread,3
T005726,Onions,3
T005727,Eggs,4
T005727,Tea,4
T005727,Yogurt,3
T005727,Pasta,4
T005727,Onions,2
T005728,Eggs,3
T005728,Tea,3
T005728,Rice,1
T005728,Milk,2
T005728,Chicken,1
T005728,Beef,1
T005728,Bananas,4
T005728,Tomatoes,1
T005728,Bread,3
T005729,Apples,4
T005729,Cheese,4
T005729,Butter,1
T005729,Tea,1
T005729,Pasta,2
T005729,Rice,2
T005729,Tomatoes,3
T005729,Onions,2
T005730,Cheese,2
T005730,Sugar,3
T005730,Orange Juice,4
T005730,Milk,4
T005730,Bananas,4
T005730,Coffee,2
T005731,Cheese,1
T005731,Eggs,1
T005731,Butter,4
T005731,Tea,1
T005731,Beef,2
T005731,Bread,4
T005731,Onions,2
T005732,Sugar,4
T005732,Eggs,4
T005732,Orange Juice,1
T005732,Rice,4
T005732,Milk,3
T005732,Bananas,1
T005732,Coffee,2
T005732,Bread,3
T005732,Onions,2
T005733,Tomatoes,1
T005734,Beef,2
T005735,Apples,3
T005735,Sugar,4
T005735,Orange Juice,4
T005735,Pasta,1
T005735,Tomatoes,3
T005736,Sugar,4
T005736,Eggs,4
T005736,Butter,4
T005736,Orange Juice,2
T005736,Pasta,3
T005736,Milk,1
T005736,Tomatoes,3
T005736,Bread,4
T005736,Onions,3
T005737,Sugar,3
T005737,Yogurt,3
T005737,Pasta,1
T005737,Tomatoes,3
T005737,Bread,1
T005737,Onions,1
T005738,Sugar,1
T005738,Eggs,2
T005738,Butter,3
T005738,Rice,1
T005738,Milk,2
T005738,Coffee,4
T005738,Bread,1
T005739,Eggs,4
T005739,Butter,2
T005739,Chicken,2
T005739,Beef,3
T005739,Tomatoes,4
T005739,Bread,2
T005740,Butter,1
T005740,Milk,4
T005740,Bread,4
T005740,Tea,2
T005741,Coffee,4
T005741,Milk,3
T005741,Sugar,2
T005741,Tea,3
T005742,Apples,3
T005742,Eggs,1
T005742,Butter,3
T005742,Pasta,1
T005742,Chicken,1
T005742,Bread,3
T005742,Onions,2
T005743,Butter,4
T005743,Eggs,1
T005743,Bread,4
T005744,Apples,1
T005744,Cheese,3
T005744,Eggs,3
T005744,Orange Juice,2
T005744,Beef,1
T005744,Tomatoes,3
T005744,Onions,4
T005745,Chicken,3
T005745,Eggs,2
T005745,Orange Juice,2
T005745,Tea,3
T005746,Sugar,1
T005746,Cheese,2
T005746,Rice,1
T005746,Chicken,4
T005746,Tomatoes,1
T005747,Eggs,4
T005747,Orange Juice,1
T005747,Milk,4
T005747,Flour,3
T005747,Bread,1
T005747,Onions,4
T005748,Cheese,2
T005748,Butter,1
T005748,Rice,3
T005748,Milk,2
T005748,Pasta,1
T005748,Beef,3
T005748,Flour,1
T005748,Coffee,3
T005748,Bread,3
T005748,Tomatoes,1
T005749,Cheese,2
T005749,Eggs,2
T005749,Butter,1
T005749,Rice,1
T005749,Milk,3
T005749,Flour,2
T005749,Tomatoes,4
T005749,Bread,1
T005750,Apples,2
T005750,Cheese,4
T005750,Sugar,3
T005750,Butter,1
T005750,Orange Juice,4
T005750,Eggs,1
T005750,Yogurt,3
T005750,Flour,3
T005750,Coffee,4
T005750,Bread,2
T005751,Apples,3
T005751,Butter,2
T005751,Orange Juice,2
T005751,Tea,1
T005751,Yogurt,4
T005751,Chicken,1
T005751,Bananas,4
T005751,Bread,3
T005752,Cheese,1
T005753,Flour,1
T005753,Orange Juice,3
T005753,Tea,2
T005754,Flour,2
T005754,Apples,1
T005754,Bananas,3
T005755,Eggs,2
T005755,Butter,4
T005755,Pasta,3
T005755,Bananas,3
T005755,Tomatoes,4
T005755,Bread,4
T005755,Onions,3
T005756,Eggs,3
T005756,Butter,1
T005756,Tea,2
T005756,Pasta,1
T005756,Milk,3
T005756,Chicken,3
T005756,Bread,4
T005756,Onions,2
T005757,Apples,1
T005757,Cheese,1
T005757,Eggs,1
T005757,Beef,1
T005757,Tomatoes,2
T005758,Butter,3
T005758,Pasta,1
T005758,Milk,2
T005758,Beef,3
T005758,Flour,2
T005758,Bananas,4
T005758,Coffee,2
T005758,Onions,4
T005759,Eggs,1
T005759,Butter,3
T005759,Orange Juice,4
T005759,Yogurt,4
T005759,Milk,2
T005759,Bananas,4
T005759,Bread,1
T005760,Eggs,1
T005760,Butter,3
T005760,Yogurt,3
T005760,Milk,3
T005760,Chicken,3
T005760,Flour,2
T005760,Bananas,2
T005760,Bread,3
T005760,Onions,1
T005761,Tomatoes,1
T005761,Onions,3
T005762,Rice,2
T005762,Yogurt,1
T005762,Chicken,4
T005762,Flour,1
T005762,Bananas,2
T005762,Bread,3
T005763,Flour,2
T005763,Cheese,3
T005763,Tomatoes,1
T005764,Sugar,4
T005764,Tea,2
T005764,Pasta,1
T005764,Milk,1
T005764,Coffee,3
T005764,Tomatoes,3
T005765,Cheese,4
T005765,Eggs,2
T005765,Butter,2
T005765,Orange Juice,3
T005765,Pasta,1
T005765,Yogurt,3
T005765,Milk,1
T005765,Bread,3
T005765,Onions,4
T005766,Apples,1
T005766,Cheese,1
T005766,Sugar,1
T005766,Butter,3
T005766,Milk,1
T005767,Sugar,1
T005767,Milk,2
T005767,Beef,3
T005767,Bananas,3
T005767,Coffee,1
T005767,Onions,3
T005768,Sugar,4
T005768,Rice,4
T005768,Pasta,1
T005768,Chicken,4
T005768,Milk,3
T005768,Coffee,2
T005769,Sugar,3
T005769,Yogurt,1
T005769,Cheese,1
T005769,Pasta,3
T005770,Cheese,4
T005770,Orange Juice,1
T005770,Beef,3
T005771,Apples,4
T005771,Sugar,1
T005771,Eggs,3
T005771,Butter,2
T005771,Tea,2
T005771,Milk,1
T005771,Coffee,3
T005771,Bread,3
T005772,Tomatoes,3
T005772,Pasta,1
T005773,Butter,3
T005773,Tea,1
T005773,Chicken,4
T005773,Bananas,1
T005773,Tomatoes,1
T005774,Butter,1
T005775,Eggs,1
T005775,Butter,1
T005775,Milk,4
T005775,Chicken,4
T005775,Flour,2
T005775,Bananas,1
T005775,Bread,2
T005775,Onions,3
T005776,Tomatoes,1
T005776,Eggs,2
T005777,Eggs,3
T005777,Butter,2
T005777,Orange Juice,1
T005777,Milk,2
T005777,Chicken,1
T005777,Coffee,4
T005777,Bread,4
T005778,Apples,3
T005778,Onions,4
T005779,Coffee,3
T005779,Rice,1
T005779,Beef,1
T005779,Tomatoes,3
T005779,Onions,1
T005780,Apples,2
T005780,Eggs,1
T005780,Tea,1
T005780,Bananas,1
T005780,Tomatoes,2
T005781,Eggs,1
T005781,Butter,2
T005781,Yogurt,4
T005781,Milk,2
T005781,Bread,3
T005782,Onions,4
T005783,Sugar,4
T005783,Eggs,2
T005783,Rice,1
T005783,Pasta,3
T005783,Yogurt,4
T005783,Bananas,2
T005783,Tomatoes,1
T005783,Bread,3
T005783,Onions,4
T005784,Flour,4
T005784,Tomatoes,1
T005784,Eggs,2
T005784,Chicken,4
T005785,Apples,4
T005785,Butter,4
T005785,Orange Juice,2
T005785,Flour,4
T005785,Bananas,1
T005785,Tomatoes,2
T005786,Rice,3
T005786,Onions,3
T005787,Sugar,1
T005787,Pasta,4
T005787,Milk,3
T005787,Bananas,2
T005787,Coffee,1
T005787,Bread,3
T005787,Tomatoes,2
T005787,Onions,3
T005788,Apples,4
T005788,Cheese,4
T005788,Butter,3
T005788,Chicken,2
T005789,Cheese,4
T005789,Eggs,1
T005789,Butter,2
T005789,Milk,4
T005789,Bread,2
T005790,Apples,3
T005790,Cheese,1
T005790,Sugar,4
T005790,Tea,4
T005790,Milk,2
T005790,Beef,3
T005791,Rice,2
T005791,Butter,3
T005791,Beef,3
T005792,Bananas,1
T005792,Butter,3
T005793,Butter,3
T005793,Eggs,4
T005793,Bread,3
T005793,Yogurt,1
T005794,Cheese,1
T005795,Yogurt,4
T005796,Tea,1
T005796,Yogurt,4
T005796,Rice,3
T005796,Chicken,4
T005796,Bananas,4
T005797,Chicken,1
T005797,Tomatoes,3
T005797,Beef,3
T005797,Tea,3
T005798,Chicken,2
T005798,Flour,2
T005799,Butter,4
T005799,Rice,2
T005799,Pasta,1
T005799,Chicken,2
T005799,Flour,3
T005799,Bananas,2
T005799,Tomatoes,1
T005799,Onions,1
T005800,Apples,1
T005800,Cheese,4
T005800,Sugar,3
T005800,Butter,2
T005800,Tea,3
T005800,Beef,3
T005800,Coffee,1
T005801,Apples,3
T005801,Butter,2
T005802,Flour,3
T005802,Cheese,2
T005802,Butter,4
T005802,Yogurt,4
T005803,Cheese,2
T005803,Sugar,1
T005803,Butter,2
T005803,Yogurt,1
T005803,Tomatoes,2
T005803,Bread,4
T005804,Apples,1
T005804,Cheese,1
T005804,Yogurt,3
T005804,Rice,4
T005804,Chicken,1
T005805,Apples,1
T005805,Pasta,1
T005806,Apples,1
T005806,Eggs,4
T005806,Tea,1
T005806,Rice,2
T005806,Bread,3
T005807,Eggs,1
T005807,Butter,3
T005807,Bread,1
T005808,Sugar,4
T005808,Butter,4
T005808,Beef,4
T005808,Tomatoes,3
T005808,Bread,4
T005809,Orange Juice,3
T005810,Sugar,1
T005810,Eggs,3
T005810,Butter,2
T005810,Cheese,4
T005810,Yogurt,2
T005810,Milk,2
T005810,Beef,3
T005810,Bread,2
T005811,Apples,2
T005811,Cheese,3
T005811,Sugar,2
T005811,Butter,3
T005811,Eggs,4
T005811,Tea,2
T005811,Tomatoes,2
T005811,Bread,3
T005812,Eggs,1
T005812,Bread,1
T005812,Rice,4
T005813,Bananas,1
T005813,Butter,3
T005813,Bread,1
T005813,Onions,4
T005814,Cheese,3
T005814,Eggs,1
T005814,Butter,3
T005814,Orange Juice,3
T005814,Pasta,1
T005814,Milk,1
T005814,Chicken,1
T005814,Bananas,3
T005814,Tomatoes,4
T005814,Onions,3
T005815,Coffee,1
T005815,Sugar,2
T005815,Milk,2
T005816,Butter,3
T005816,Rice,2
T005816,Milk,3
T005816,Chicken,2
T005816,Beef,2
T005816,Flour,1
T005816,Bananas,2
T005816,Bread,2
T005817,Butter,1
T005817,Orange Juice,3
T005818,Apples,2
T005818,Sugar,3
T005818,Eggs,3
T005818,Butter,3
T005818,Pasta,2
T005818,Milk,2
T005818,Flour,2
T005818,Bananas,3
T005818,Tomatoes,1
T005818,Bread,4
T005818,Onions,3
T005819,Coffee,1
T005819,Cheese,3
T005819,Milk,4
T005820,Coffee,3
T005820,Tea,1
T005820,Milk,3
T005820,Chicken,2
T005820,Beef,1
T005820,Tomatoes,2
T005821,Flour,1
T005822,Eggs,1
T005822,Butter,4
T005822,Tea,1
T005822,Rice,2
T005822,Yogurt,1
T005822,Milk,3
T005823,Tea,1
T005823,Chicken,2
T005823,Flour,3
T005823,Bananas,4
T005823,Tomatoes,1
T005823,Onions,3
T005824,Pasta,1
T005824,Tea,4
T005825,Cheese,1
T005825,Butter,2
T005825,Tea,3
T005825,Yogurt,4
T005825,Rice,3
T005825,Flour,3
T005826,Sugar,4
T005826,Orange Juice,1
T005826,Tea,1
T005826,Rice,1
T005826,Bananas,1
T005826,Tomatoes,1
T005827,Coffee,2
T005827,Sugar,3
T005827,Eggs,1
T005827,Butter,1
T005827,Beef,1
T005827,Bananas,3
T005827,Tomatoes,1
T005827,Bread,2
T005828,Sugar,4
T005828,Eggs,2
T005828,Rice,2
T005828,Flour,1
T005828,Coffee,1
T005828,Tomatoes,2
T005829,Flour,1
T005829,Sugar,2
T005829,Butter,1
T005830,Apples,3
T005830,Cheese,4
T005830,Sugar,2
T005830,Butter,2
T005830,Yogurt,1
T005830,Pasta,4
T005830,Milk,1
T005830,Coffee,3
T005830,Bread,4
T005830,Tomatoes,1
T005831,Butter,1
T005831,Rice,1
T005832,Tomatoes,1
T005832,Bread,2
T005832,Yogurt,1
T005833,Cheese,1
T005833,Eggs,3
T005833,Orange Juice,1
T005833,Tea,1
T005833,Chicken,3
T005833,Bananas,1
T005834,Apples,3
T005834,Sugar,1
T005834,Eggs,2
T005834,Butter,1
T005834,Tea,2
T005834,Beef,4
T005834,Flour,4
T005834,Bread,2
T005835,Flour,1
T005835,Bananas,1
T005835,Sugar,1
T005836,Cheese,4
T005836,Sugar,4
T005836,Yogurt,4
T005836,Rice,4
T005836,Chicken,1
T005836,Flour,1
T005837,Chicken,4
T005837,Bananas,2
T005837,Cheese,2
T005837,Orange Juice,1
T005838,Coffee,3
T005838,Eggs,4
T005838,Milk,3
T005839,Pasta,4
T005839,Chicken,3
T005839,Flour,2
T005839,Tomatoes,1
T005839,Onions,2
T005840,Sugar,1
T005840,Butter,4
T005840,Pasta,4
T005840,Milk,3
T005840,Tomatoes,3
T005840,Bread,3
T005841,Sugar,1
T005841,Yogurt,4
T005841,Rice,1
T005841,Pasta,2
T005841,Tomatoes,1
T005841,Onions,2
T005842,Cheese,1
T005842,Eggs,1
T005842,Butter,3
T005842,Orange Juice,3
T005842,Tea,2
T005842,Beef,3
T005842,Flour,2
T005842,Bread,3
T005842,Onions,3
T005843,Coffee,1
T005843,Butter,4
T005843,Cheese,2
T005843,Sugar,4
T005844,Flour,4
T005844,Sugar,3
T005844,Orange Juice,3
T005844,Onions,4
T005845,Sugar,3
T005846,Orange Juice,1
T005846,Tea,1
T005847,Apples,2
T005847,Sugar,1
T005847,Orange Juice,4
T005847,Tea,2
T005847,Rice,1
T005847,Chicken,2
T005848,Cheese,1
T005848,Orange Juice,1
T005848,Yogurt,4
T005848,Flour,4
T005848,Bananas,3
T005849,Cheese,1
T005849,Eggs,3
T005849,Sugar,1
T005849,Orange Juice,1
T005849,Chicken,3
T005850,Chicken,4
T005851,Cheese,3
T005851,Tea,2
T005851,Pasta,1
T005851,Yogurt,2
T005851,Rice,2
T005851,Bananas,1
T005852,Apples,2
T005852,Cheese,4
T005852,Orange Juice,1
T005852,Tea,2
T005852,Rice,1
T005852,Bananas,2
T005853,Orange Juice,2
T005853,Beef,1
T005854,Apples,1
T005854,Cheese,3
T005854,Eggs,1
T005854,Butter,3
T005854,Yogurt,1
T005854,Pasta,2
T005854,Onions,2
T005855,Flour,1
T005855,Apples,3
T005855,Tea,3
T005856,Eggs,3
T005856,Butter,4
T005856,Pasta,4
T005856,Flour,4
T005856,Tomatoes,4
T005856,Onions,3
T005857,Sugar,3
T005857,Cheese,3
T005857,Butter,3
T005857,Eggs,1
T005857,Pasta,3
T005857,Tomatoes,4
T005857,Bread,4
T005857,Onions,1
T005858,Sugar,4
T005858,Eggs,2
T005858,Rice,1
T005858,Pasta,4
T005858,Tomatoes,1
T005859,Apples,2
T005859,Beef,1
T005860,Chicken,2
T005860,Butter,1
T005860,Yogurt,4
T005860,Onions,1
T005861,Eggs,1
T005861,Tea,1
T005862,Eggs,4
T005862,Orange Juice,4
T005862,Beef,3
T005862,Bananas,1
T005862,Onions,1
T005863,Coffee,3
T005863,Sugar,3
T005863,Tomatoes,3
T005863,Beef,4
T005864,Apples,4
T005864,Cheese,3
T005864,Eggs,2
T005864,Yogurt,4
T005864,Milk,1
T005864,Flour,2
T005864,Bananas,1
T005865,Cheese,1
T005865,Sugar,2
T005865,Tea,2
T005865,Rice,3
T005865,Onions,3
T005866,Sugar,1
T005866,Eggs,4
T005867,Orange Juice,4
T005867,Pasta,1
T005867,Rice,4
T005867,Bananas,1
T005867,Tomatoes,4
T005867,Onions,3
T005868,Beef,1
T005868,Butter,2
T005868,Rice,3
T005869,Sugar,1
T005869,Eggs,1
T005869,Butter,3
T005869,Milk,4
T005869,Bread,3
T005869,Onions,2
T005870,Sugar,3
T005870,Butter,1
T005870,Yogurt,4
T005870,Milk,4
T005870,Coffee,1
T005871,Sugar,3
T005871,Butter,4
T005871,Orange Juice,2
T005871,Tea,2
T005871,Chicken,1
T005871,Flour,4
T005872,Bananas,3
T005872,Tea,4
T005873,Tomatoes,3
T005873,Onions,4
T005873,Pasta,4
T005873,Tea,3
T005874,Sugar,3
T005874,Eggs,4
T005874,Orange Juice,3
T005874,Chicken,3
T005874,Bananas,4
T005875,Apples,4
T005875,Cheese,3
T005875,Butter,3
T005875,Milk,2
T005875,Beef,3
T005875,Bread,2
T005876,Butter,4
T005876,Bread,2
T005876,Milk,3
T005877,Sugar,1
T005877,Butter,3
T005877,Orange Juice,2
T005877,Yogurt,3
T005877,Milk,4
T005877,Bananas,3
T005877,Coffee,1
T005877,Tomatoes,3
T005878,Tomatoes,2
T005878,Pasta,1
T005879,Onions,2
T005880,Tomatoes,4
T005880,Rice,1
T005881,Sugar,4
T005881,Eggs,2
T005881,Butter,4
T005881,Orange Juice,2
T005881,Milk,4
T005881,Chicken,4
T005881,Flour,3
T005881,Onions,2
T005882,Bananas,2
T005882,Eggs,4
T005882,Bread,3
T005882,Beef,3
T005883,Cheese,4
T005884,Sugar,3
T005884,Eggs,2
T005884,Butter,4
T005884,Yogurt,2
T005884,Bananas,2
T005884,Tomatoes,4
T005884,Bread,4
T005885,Flour,1
T005885,Milk,2
T005886,Cheese,3
T005886,Yogurt,1
T005887,Apples,4
T005887,Eggs,1
T005887,Pasta,2
T005887,Beef,3
T005887,Tomatoes,1
T005887,Onions,4
T005888,Apples,2
T005889,Tomatoes,4
T005890,Apples,4
T005890,Sugar,1
T005890,Eggs,2
T005890,Butter,4
T005890,Rice,3
T005890,Bread,1
T005891,Apples,3
T005891,Cheese,1
T005891,Beef,2
T005892,Eggs,1
T005892,Butter,3
T005892,Bread,1
T005893,Cheese,3
T005893,Sugar,4
T005893,Butter,3
T005893,Orange Juice,2
T005893,Milk,3
T005893,Coffee,4
T005893,Bread,1
T005894,Apples,2
T005894,Sugar,3
T005894,Butter,1
T005894,Pasta,3
T005894,Milk,3
T005894,Chicken,3
T005894,Beef,2
T005894,Coffee,1
T005894,Tomatoes,1
T005895,Orange Juice,1
T005895,Tea,3
T005895,Rice,4
T005895,Pasta,4
T005895,Chicken,4
T005895,Tomatoes,1
T005895,Onions,2
T005896,Apples,2
T005896,Bananas,2
T005896,Yogurt,1
T005896,Onions,2
T005897,Coffee,4
T005897,Butter,4
T005897,Sugar,2
T005898,Pasta,2
T005898,Yogurt,4
T005898,Beef,3
T005899,Sugar,3
T005899,Orange Juice,2
T005899,Tea,3
T005899,Rice,2
T005899,Chicken,4
T005899,Flour,3
T005899,Coffee,2
T005900,Apples,3
T005900,Butter,4
T005900,Yogurt,1
T005900,Milk,1
T005900,Flour,4
T005900,Bread,2
T005900,Onions,2
T005901,Apples,2
T005901,Eggs,1
T005901,Bread,3
T005902,Coffee,3
T005902,Milk,4
T005903,Cheese,3
T005904,Flour,4
T005904,Bananas,4
T005904,Sugar,2
T005905,Apples,1
T005905,Sugar,4
T005905,Eggs,1
T005905,Butter,4
T005905,Tea,1
T005905,Milk,2
T005905,Beef,4
T005905,Flour,3
T005905,Bread,2
T005906,Sugar,2
T005906,Tea,1
T005907,Sugar,1
T005907,Bread,4
T005908,Bananas,1
T005908,Tomatoes,3
T005908,Yogurt,1
T005909,Butter,2
T005909,Eggs,1
T005909,Bread,4
T005910,Butter,4
T005910,Eggs,2
T005910,Bread,2
T005910,Tea,2
T005911,Sugar,2
T005911,Tea,3
T005911,Rice,4
T005911,Pasta,1
T005911,Bananas,1
T005911,Coffee,3
T005911,Onions,3
T005912,Eggs,4
T005912,Tea,3
T005913,Coffee,1
T005913,Sugar,3
T005913,Eggs,1
T005913,Tea,2
T005913,Milk,4
T005913,Beef,1
T005913,Bananas,4
T005913,Tomatoes,3
T005914,Rice,1
T005915,Cheese,1
T005915,Tea,1
T005916,Chicken,3
T005916,Tea,1
T005917,Butter,4
T005917,Yogurt,3
T005917,Pasta,3
T005917,Tomatoes,2
T005917,Bread,2
T005917,Onions,2
T005918,Sugar,1
T005918,Eggs,4
T005918,Butter,3
T005918,Pasta,1
T005918,Chicken,2
T005918,Bananas,2
T005918,Tomatoes,4
T005918,Bread,3
T005918,Onions,2
T005919,Butter,3
T005919,Tea,1
T005919,Pasta,4
T005919,Rice,4
T005919,Tomatoes,4
T005919,Onions,2
T005920,Butter,4
T005920,Bread,1
T005920,Onions,1
T005921,Sugar,2
T005921,Eggs,1
T005921,Rice,4
T005921,Yogurt,2
T005921,Milk,2
T005921,Flour,2
T005922,Apples,3
T005922,Eggs,4
T005922,Butter,1
T005922,Milk,1
T005922,Coffee,1
T005923,Bananas,1
T005923,Butter,2
T005923,Eggs,2
T005923,Bread,2
T005924,Apples,4
T005924,Cheese,3
T005924,Sugar,2
T005924,Eggs,1
T005924,Orange Juice,1
T005924,Butter,2
T005924,Milk,1
T005924,Chicken,2
T005924,Tomatoes,2
T005924,Bread,1
T005925,Apples,3
T005925,Tomatoes,2
T005925,Pasta,1
T005925,Onions,1
T005926,Sugar,3
T005926,Eggs,1
T005926,Butter,4
T005926,Orange Juice,1
T005926,Milk,3
T005926,Coffee,3
T005927,Eggs,4
T005927,Bread,4
T005927,Orange Juice,4
T005928,Sugar,2
T005928,Eggs,4
T005928,Butter,2
T005928,Bananas,4
T005928,Coffee,4
T005928,Bread,1
T005928,Tomatoes,2
T005929,Cheese,2
T005929,Milk,4
T005929,Flour,4
T005929,Bread,2
T005929,Onions,1
T005930,Bananas,2
T005930,Eggs,1
T005930,Bread,1
T005931,Cheese,3
T005931,Eggs,1
T005931,Rice,1
T005931,Milk,1
T005931,Flour,3
T005931,Coffee,4
T005931,Tomatoes,4
T005932,Apples,1
T005932,Cheese,2
T005932,Eggs,3
T005932,Chicken,3
T005932,Bread,4
T005932,Onions,2
T005933,Eggs,4
T005933,Pasta,2
T005933,Yogurt,1
T005933,Milk,2
T005933,Bread,3
T005933,Onions,1
T005934,Apples,3
T005934,Eggs,1
T005934,Pasta,4
T005934,Flour,3
T005934,Tomatoes,1
T005935,Eggs,1
T005935,Butter,2
T005935,Tea,4
T005935,Yogurt,3
T005935,Milk,4
T005935,Rice,2
T005935,Beef,3
T005935,Bread,1
T005935,Onions,3
T005936,Cheese,1
T005936,Sugar,1
T005936,Butter,1
T005936,Pasta,2
T005936,Chicken,1
T005936,Coffee,2
T005936,Tomatoes,1
T005937,Apples,2
T005937,Cheese,1
T005937,Sugar,1
T005937,Butter,2
T005937,Eggs,2
T005937,Beef,2
T005937,Bread,2
T005938,Butter,3
T005938,Eggs,2
T005938,Bread,1
T005938,Milk,1
T005939,Eggs,3
T005939,Tea,3
T005939,Milk,4
T005939,Beef,3
T005939,Bread,4
T005940,Chicken,4
T005940,Cheese,4
T005940,Butter,4
T005941,Apples,1
T005941,Cheese,1
T005941,Sugar,4
T005941,Tea,3
T005941,Yogurt,3
T005941,Pasta,2
T005941,Tomatoes,4
T005942,Apples,4
T005942,Bananas,4
T005942,Cheese,1
T005943,Coffee,3
T005943,Sugar,4
T005944,Apples,3
T005944,Yogurt,3
T005944,Orange Juice,1
T005944,Pasta,4
T005945,Apples,3
T005945,Cheese,1
T005945,Yogurt,4
T005945,Chicken,2
T005945,Onions,4
T005946,Butter,2
T005946,Beef,2
T005946,Flour,3
T005946,Tomatoes,1
T005946,Onions,4
T005947,Bananas,2
T005947,Tomatoes,3
T005948,Sugar,3
T005948,Cheese,2
T005948,Milk,1
T005948,Beef,3
T005948,Coffee,2
T005949,Flour,1
T005949,Beef,4
T005950,Apples,3
T005950,Cheese,4
T005950,Eggs,1
T005950,Butter,4
T005950,Yogurt,2
T005950,Rice,4
T005950,Chicken,3
T005950,Tomatoes,1
T005950,Bread,1
T005951,Cheese,4
T005951,Sugar,4
T005951,Butter,1
T005951,Orange Juice,4
T005951,Milk,1
T005951,Beef,1
T005951,Flour,1
T005951,Bananas,3
T005951,Coffee,4
T005952,Butter,3
T005952,Eggs,1
T005952,Bread,2
T005953,Sugar,2
T005953,Eggs,4
T005953,Bread,2
T005953,Butter,4
T005954,Rice,4
T005954,Flour,1
T005954,Bananas,1
T005954,Tomatoes,1
T005954,Onions,3
T005955,Apples,1
T005955,Eggs,2
T005955,Tea,3
T005955,Pasta,3
T005955,Milk,1
T005955,Yogurt,1
T005955,Bananas,2
T005955,Tomatoes,4
T005955,Onions,1
T005956,Bananas,1
T005956,Bread,2
T005956,Rice,2
T005957,Coffee,4
T005958,Tomatoes,3
T005958,Bread,4
T005958,Orange Juice,4
T005958,Milk,4
T005959,Apples,2
T005959,Orange Juice,2
T005959,Tea,1
T005959,Rice,4
T005959,Chicken,1
T005959,Onions,2
T005960,Eggs,3
T005960,Butter,3
T005960,Milk,2
T005960,Bread,2
T005960,Onions,3
T005961,Cheese,4
T005961,Eggs,1
T005961,Butter,4
T005961,Milk,1
T005961,Bread,1
T005962,Bananas,1
T005962,Sugar,2
T005962,Eggs,4
T005962,Cheese,2
T005963,Sugar,3
T005963,Eggs,4
T005963,Tea,2
T005963,Yogurt,2
T005963,Beef,1
T005963,Tomatoes,2
T005964,Apples,2
T005964,Sugar,2
T005964,Pasta,3
T005964,Beef,1
T005964,Bananas,1
T005964,Tomatoes,1
T005964,Onions,1
T005965,Bananas,2
T005965,Eggs,2
T005965,Bread,2
T005965,Onions,3
T005966,Apples,1
T005966,Coffee,1
T005966,Cheese,4
T005966,Butter,4
T005966,Tomatoes,4
T005966,Bread,4
T005967,Apples,1
T005967,Coffee,4
T005967,Sugar,3
T005967,Tea,1
T005967,Milk,1
T005967,Beef,1
T005967,Tomatoes,1
T005967,Onions,2
T005968,Apples,3
T005968,Orange Juice,1
T005968,Tea,3
T005968,Yogurt,4
T005968,Beef,4
T005968,Bananas,1
T005968,Tomatoes,2
T005969,Eggs,3
T005969,Pasta,2
T005969,Onions,3
T005970,Beef,3
T005971,Apples,1
T005971,Cheese,1
T005971,Eggs,1
T005971,Butter,3
T005971,Rice,2
T005971,Yogurt,4
T005971,Pasta,3
T005971,Flour,4
T005971,Tomatoes,4
T005971,Bread,3
T005972,Cheese,2
T005972,Butter,4
T005972,Rice,1
T005972,Milk,1
T005972,Bananas,1
T005972,Bread,4
T005973,Butter,4
T005973,Onions,2
T005974,Orange Juice,2
T005974,Tea,2
T005974,Pasta,2
T005974,Milk,4
T005974,Chicken,3
T005974,Bananas,2
T005974,Coffee,4
T005974,Tomatoes,3
T005974,Onions,4
T005975,Cheese,4
T005975,Eggs,1
T005975,Sugar,4
T005975,Orange Juice,1
T005975,Tea,3
T005975,Rice,1
T005975,Milk,3
T005975,Bread,1
T005976,Eggs,1
T005976,Butter,1
T005976,Yogurt,2
T005976,Milk,2
T005976,Pasta,2
T005976,Bananas,2
T005976,Coffee,4
T005976,Bread,1
T005976,Onions,2
T005977,Apples,2
T005977,Tomatoes,4
T005977,Chicken,1
T005977,Onions,1
T005978,Cheese,2
T005978,Butter,4
T005978,Tea,3
T005978,Pasta,2
T005978,Onions,4
T005979,Eggs,1
T005979,Butter,2
T005979,Rice,1
T005979,Chicken,4
T005979,Bread,1
T005980,Sugar,1
T005981,Sugar,3
T005981,Eggs,2
T005981,Butter,1
T005981,Milk,2
T005982,Eggs,3
T005982,Butter,2
T005982,Yogurt,2
T005982,Milk,1
T005983,Apples,1
T005984,Cheese,4
T005984,Eggs,1
T005984,Milk,3
T005984,Flour,1
T005984,Bread,1
T005985,Butter,3
T005985,Eggs,3
T005985,Bread,2
T005985,Milk,3
T005986,Apples,3
T005986,Sugar,1
T005986,Cheese,1
T005986,Butter,1
T005986,Eggs,4
T005986,Milk,4
T005986,Beef,3
T005986,Coffee,2
T005986,Bread,4
T005987,Cheese,2
T005987,Sugar,4
T005987,Butter,3
T005987,Bananas,1
T005987,Bread,3
T005987,Onions,1
T005988,Rice,4
T005988,Bread,2
T005988,Yogurt,2
T005988,Onions,4
T005989,Sugar,2
T005989,Eggs,1
T005989,Butter,1
T005989,Orange Juice,4
T005989,Milk,4
T005989,Beef,1
T005989,Tomatoes,1
T005990,Apples,2
T005990,Beef,2
T005990,Chicken,1
T005990,Yogurt,2
T005991,Eggs,1
T005991,Yogurt,2
T005992,Butter,4
T005992,Eggs,1
T005992,Bread,2
T005992,Milk,4
T005993,Flour,1
T005993,Apples,3
T005993,Sugar,1
T005993,Cheese,3
T005994,Apples,4
T005994,Sugar,4
T005994,Eggs,1
T005994,Pasta,4
T005994,Flour,2
T005994,Tomatoes,1
T005994,Onions,1
T005995,Cheese,2
T005995,Sugar,1
T005995,Chicken,1
T005995,Beef,1
T005995,Flour,1
T005995,Bananas,3
T005996,Pasta,3
T005996,Tomatoes,2
T005996,Beef,4
T005996,Onions,3
T005997,Tomatoes,3
T005997,Pasta,4
T005997,Onions,2
T005998,Apples,1
T005998,Sugar,1
T005998,Eggs,1
T005998,Bread,3
T005999,Apples,3
T005999,Eggs,2
T005999,Butter,3
T005999,Tea,3
T005999,Chicken,1
T005999,Beef,3
T005999,Flour,1
T005999,Bread,3
T005999,Onions,3
T006000,Flour,1
T006000,Butter,3
T006000,Yogurt,3
T006001,Orange Juice,4
T006001,Tea,4
T006002,Eggs,3
T006002,Butter,2
T006002,Yogurt,1
T006002,Tomatoes,2
T006002,Bread,2
T006002,Onions,2
T006003,Sugar,4
T006003,Cheese,1
T006003,Butter,2
T006003,Yogurt,3
T006003,Bread,3
T006004,Eggs,3
T006004,Butter,3
T006004,Pasta,4
T006004,Milk,2
T006004,Bread,4
T006004,Onions,3
T006005,Coffee,1
T006005,Sugar,4
T006005,Milk,1
T006006,Apples,4
T006006,Coffee,4
T006006,Sugar,3
T006007,Apples,1
T006007,Cheese,3
T006007,Eggs,1
T006007,Pasta,4
T006007,Chicken,4
T006007,Tomatoes,2
T006007,Onions,3
T006008,Bananas,2
T006008,Beef,4
T006009,Tomatoes,1
T006009,Pasta,2
T006009,Onions,4
T006010,Cheese,2
T006010,Sugar,4
T006010,Butter,1
T006010,Eggs,4
T006010,Tea,3
T006010,Milk,4
T006010,Chicken,4
T006010,Coffee,2
T006011,Apples,2
T006011,Eggs,2
T006011,Butter,2
T006011,Yogurt,4
T006011,Chicken,1
T006011,Tomatoes,1
T006012,Sugar,3
T006012,Eggs,2
T006012,Pasta,4
T006012,Chicken,2
T006012,Flour,4
T006012,Tomatoes,1
T006012,Onions,4
T006013,Apples,2
T006013,Butter,4
T006013,Orange Juice,1
T006013,Flour,1
T006013,Coffee,4
T006013,Onions,4
T006014,Apples,3
T006014,Butter,2
T006014,Orange Juice,2
T006014,Yogurt,1
T006014,Flour,4
T006014,Bread,1
T006015,Flour,2
T006015,Tea,2
T006016,Eggs,2
T006016,Butter,3
T006016,Tea,4
T006016,Milk,4
T006017,Chicken,4
T006017,Tomatoes,1
T006017,Orange Juice,2
T006017,Flour,4
T006018,Bananas,1
T006018,Butter,1
T006018,Yogurt,3
T006019,Apples,3
T006019,Butter,3
T006019,Rice,4
T006019,Pasta,4
T006019,Yogurt,3
T006019,Milk,4
T006019,Coffee,4
T006019,Tomatoes,3
T006019,Onions,1
T006020,Cheese,4
T006020,Butter,1
T006020,Tea,4
T006020,Yogurt,3
T006020,Beef,2
T006020,Tomatoes,2
T006020,Bread,3
T006021,Sugar,4
T006021,Eggs,4
T006021,Butter,3
T006021,Rice,3
T006021,Yogurt,3
T006021,Chicken,1
T006021,Milk,3
T006021,Bananas,1
T006021,Coffee,3
T006021,Bread,3
T006022,Apples,3
T006022,Sugar,4
T006022,Tea,1
T006022,Rice,1
T006022,Yogurt,2
T006023,Sugar,3
T006023,Rice,1
T006023,Chicken,3
T006023,Beef,1
T006023,Flour,1
T006023,Bananas,3
T006023,Coffee,2
T006024,Apples,2
T006024,Eggs,2
T006024,Rice,2
T006024,Tomatoes,4
T006024,Onions,2
T006025,Tomatoes,1
T006026,Eggs,4
T006026,Orange Juice,3
T006026,Rice,2
T006026,Pasta,1
T006026,Coffee,1
T006026,Tomatoes,1
T006026,Onions,3
T006027,Sugar,2
T006027,Eggs,1
T006027,Orange Juice,4
T006027,Coffee,1
T006027,Tomatoes,3
T006028,Pasta,2
T006028,Milk,1
T006028,Coffee,1
T006028,Tomatoes,3
T006028,Onions,4
T006029,Apples,4
T006029,Coffee,3
T006029,Cheese,1
T006029,Sugar,2
T006029,Milk,1
T006029,Tomatoes,2
T006029,Onions,3
T006030,Apples,2
T006030,Tea,4
T006030,Pasta,2
T006030,Rice,3
T006030,Bananas,3
T006031,Apples,1
T006031,Sugar,3
T006031,Eggs,3
T006031,Butter,2
T006031,Orange Juice,4
T006031,Rice,1
T006031,Bananas,2
T006031,Tomatoes,3
T006031,Bread,2
T006032,Sugar,2
T006032,Orange Juice,3
T006032,Yogurt,2
T006032,Rice,4
T006032,Beef,2
T006032,Bananas,3
T006033,Cheese,3
T006033,Butter,2
T006033,Orange Juice,4
T006033,Milk,4
T006033,Bananas,2
T006033,Bread,3
T006033,Onions,1
T006034,Chicken,2
T006034,Tomatoes,4
T006034,Eggs,2
T006034,Rice,3
T006035,Butter,4
T006035,Eggs,4
T006035,Bread,2
T006035,Onions,4
T006036,Eggs,2
T006036,Butter,4
T006036,Pasta,2
T006036,Flour,1
T006036,Tomatoes,1
T006036,Bread,4
T006036,Onions,4
T006037,Flour,2
T006037,Sugar,1
T006037,Yogurt,3
T006037,Rice,4
T006038,Apples,3
T006038,Orange Juice,4
T006038,Rice,3
T006039,Cheese,1
T006039,Eggs,4
T006039,Butter,1
T006039,Tea,3
T006039,Yogurt,2
T006039,Milk,4
T006039,Flour,4
T006039,Bananas,3
T006039,Bread,2
T006039,Onions,4
T006040,Pasta,2
T006040,Yogurt,1
T006040,Rice,1
T006040,Milk,2
T006040,Bananas,4
T006040,Coffee,3
T006040,Bread,1
T006040,Tomatoes,4
T006040,Onions,3
T006041,Chicken,1
T006041,Bread,3
T006041,Orange Juice,1
T006042,Eggs,1
T006042,Butter,3
T006042,Yogurt,3
T006042,Chicken,3
T006042,Onions,1
T006043,Eggs,2
T006043,Yogurt,1
T006044,Flour,3
T006045,Apples,1
T006045,Eggs,4
T006045,Orange Juice,3
T006045,Pasta,2
T006045,Milk,1
T006045,Tomatoes,2
T006045,Bread,3
T006045,Onions,1
T006046,Apples,1
T006046,Bananas,3
T006046,Coffee,3
T006047,Apples,4
T006047,Eggs,4
T006047,Butter,4
T006047,Milk,3
T006047,Flour,1
T006047,Tomatoes,4
T006047,Bread,3
T006048,Butter,2
T006049,Apples,4
T006049,Sugar,3
T006049,Cheese,2
T006049,Onions,1
T006050,Sugar,4
T006050,Yogurt,4
T006050,Chicken,3
T006050,Beef,2
T006050,Coffee,4
T006050,Onions,1
T006051,Bananas,2
T006051,Eggs,4
T006051,Orange Juice,3
T006052,Apples,4
T006052,Eggs,3
T006052,Butter,1
T006052,Tea,4
T006052,Flour,4
T006052,Onions,4
T006053,Flour,3
T006053,Butter,2
T006053,Milk,1
T006054,Tomatoes,4
T006054,Pasta,1
T006055,Eggs,1
T006056,Cheese,4
T006056,Eggs,1
T006056,Butter,1
T006056,Orange Juice,4
T006056,Milk,1
T006056,Flour,3
T006056,Bread,4
T006057,Sugar,1
T006057,Tea,2
T006057,Beef,1
T006057,Flour,3
T006057,Bread,1
T006057,Onions,2
T006058,Sugar,2
T006058,Eggs,3
T006058,Bread,4
T006059,Eggs,1
T006059,Butter,1
T006059,Milk,4
T006060,Apples,1
T006060,Eggs,3
T006060,Butter,4
T006060,Pasta,1
T006060,Milk,2
T006060,Beef,3
T006060,Coffee,1
T006060,Bread,4
T006060,Tomatoes,3
T006060,Onions,4
T006061,Cheese,2
T006061,Pasta,2
T006061,Onions,1
T006062,Cheese,3
T006062,Butter,1
T006062,Tea,3
T006062,Rice,3
T006062,Pasta,1
T006062,Beef,3
T006062,Flour,2
T006062,Bread,2
T006062,Onions,4
T006063,Coffee,1
T006063,Sugar,3
T006063,Pasta,3
T006063,Milk,3
T006064,Orange Juice,3
T006064,Chicken,4
T006064,Beef,2
T006064,Bananas,3
T006064,Coffee,4
T006064,Onions,4
T006065,Sugar,4
T006065,Orange Juice,1
T006065,Onions,1
T006066,Apples,4
T006066,Eggs,4
T006066,Butter,1
T006066,Rice,3
T006066,Yogurt,2
T006066,Milk,1
T006066,Tomatoes,1
T006066,Bread,3
T006067,Cheese,4
T006067,Eggs,2
T006067,Milk,4
T006067,Chicken,3
T006067,Flour,3
T006067,Coffee,4
T006068,Bananas,1
T006069,Eggs,2
T006069,Butter,1
T006069,Milk,2
T006069,Bananas,1
T006069,Tomatoes,2
T006069,Bread,3
T006069,Onions,1
T006070,Eggs,1
T006070,Butter,4
T006070,Orange Juice,2
T006070,Pasta,3
T006070,Tomatoes,3
T006070,Bread,2
T006070,Onions,4
T006071,Apples,4
T006071,Sugar,1
T006071,Orange Juice,1
T006071,Rice,4
T006071,Chicken,4
T006072,Apples,4
T006072,Cheese,2
T006072,Butter,4
T006072,Pasta,2
T006072,Milk,3
T006072,Tomatoes,4
T006072,Bread,1
T006073,Eggs,1
T006073,Butter,1
T006073,Bread,2
T006073,Milk,2
T006074,Cheese,1
T006074,Butter,4
T006074,Orange Juice,2
T006075,Chicken,4
T006075,Eggs,2
T006075,Pasta,1
T006075,Onions,3
T006076,Sugar,2
T006076,Eggs,3
T006076,Orange Juice,4
T006076,Milk,2
T006076,Flour,4
T006076,Bananas,4
T006076,Coffee,1
T006076,Tomatoes,4
T006077,Apples,4
T006077,Sugar,3
T006077,Orange Juice,4
T006077,Tea,2
T006077,Milk,3
T006077,Coffee,2
T006078,Apples,4
T006078,Sugar,3
T006078,Cheese,2
T006078,Rice,2
T006078,Milk,3
T006078,Beef,1
T006078,Coffee,4
T006078,Tomatoes,4
T006079,Butter,3
T006079,Bread,4
T006079,Pasta,2
T006080,Sugar,1
T006080,Cheese,4
T006080,Tea,1
T006080,Yogurt,4
T006080,Chicken,1
T006080,Bananas,3
T006081,Tea,1
T006082,Cheese,3
T006082,Orange Juice,4
T006082,Flour,4
T006082,Bananas,1
T006082,Onions,3
T006083,Butter,4
T006083,Rice,4
T006084,Butter,1
T006084,Eggs,2
T006084,Bread,2
T006084,Milk,1
T006085,Sugar,1
T006085,Eggs,1
T006085,Yogurt,3
T006085,Chicken,4
T006085,Coffee,4
T006086,Coffee,2
T006086,Sugar,3
T006086,Milk,1
T006087,Flour,2
T006087,Tea,4
T006088,Chicken,2
T006088,Orange Juice,3
T006089,Tomatoes,1
T006089,Pasta,2
T006089,Onions,3
T006090,Coffee,1
T006090,Sugar,4
T006090,Beef,1
T006091,Orange Juice,1
T006091,Rice,3
T006091,Tea,4
T006092,Sugar,3
T006092,Cheese,3
T006092,Butter,4
T006092,Orange Juice,2
T006092,Eggs,3
T006092,Flour,4
T006092,Bananas,3
T006092,Bread,1
T006093,Apples,2
T006093,Coffee,4
T006093,Sugar,4
T006093,Milk,1
T006094,Apples,4
T006094,Orange Juice,2
T006095,Sugar,3
T006095,Cheese,4
T006095,Orange Juice,4
T006095,Rice,3
T006095,Pasta,4
T006095,Flour,4
T006095,Tomatoes,3
T006095,Onions,1
T006096,Tomatoes,3
T006096,Pasta,2
T006096,Onions,1
T006097,Butter,2
T006097,Beef,3
T006097,Tea,3
T006098,Sugar,1
T006098,Butter,4
T006098,Pasta,2
T006098,Rice,3
T006098,Milk,1
T006098,Beef,2
T006098,Coffee,3
T006098,Tomatoes,2
T006098,Onions,4
T006099,Milk,2
T006099,Bread,3
T006099,Tea,3
T006100,Eggs,1
T006100,Tea,2
T006100,Milk,3
T006100,Chicken,3
T006100,Bread,4
T006100,Onions,3
T006101,Apples,1
T006101,Orange Juice,1
T006101,Tea,3
T006101,Chicken,4
T006101,Beef,4
T006101,Bananas,3
T006101,Onions,2
T006102,Flour,3
T006103,Sugar,1
T006103,Yogurt,4
T006103,Beef,2
T006104,Apples,4
T006104,Cheese,2
T006104,Eggs,2
T006104,Sugar,3
T006104,Butter,2
T006104,Milk,1
T006104,Bananas,4
T006105,Cheese,3
T006105,Beef,4
T006106,Apples,4
T006106,Sugar,1
T006106,Butter,3
T006106,Tea,4
T006106,Rice,4
T006106,Tomatoes,1
T006107,Apples,2
T006107,Sugar,1
T006107,Butter,3
T006107,Orange Juice,1
T006107,Beef,4
T006107,Tomatoes,3
T006107,Onions,4
T006108,Eggs,4
T006108,Butter,3
T006108,Yogurt,1
T006108,Milk,2
T006108,Bread,4
T006109,Sugar,1
T006109,Rice,3
T006109,Milk,1
T006109,Flour,1
T006109,Bananas,4
T006109,Coffee,1
T006110,Bananas,1
T006110,Orange Juice,3
T006110,Tea,2
T006111,Chicken,3
T006111,Coffee,2
T006111,Milk,2
T006111,Flour,3
T006112,Apples,1
T006112,Cheese,1
T006112,Sugar,2
T006112,Butter,1
T006112,Rice,4
T006112,Chicken,3
T006112,Beef,1
T006112,Coffee,3
T006113,Apples,4
T006113,Coffee,1
T006113,Cheese,3
T006113,Sugar,3
T006113,Pasta,2
T006113,Chicken,3
T006113,Beef,1
T006113,Tomatoes,1
T006114,Onions,2
T006115,Coffee,4
T006115,Milk,3
T006115,Sugar,2
T006115,Onions,1
T006116,Sugar,4
T006116,Eggs,4
T006116,Pasta,4
T006116,Chicken,4
T006116,Beef,3
T006116,Flour,3
T006116,Tomatoes,3
T006116,Onions,3
T006117,Apples,3
T006117,Sugar,3
T006117,Cheese,4
T006117,Butter,2
T006117,Chicken,3
T006117,Coffee,4
T006117,Tomatoes,1
T006118,Butter,4
T006119,Butter,2
T006119,Tea,4
T006119,Yogurt,4
T006119,Chicken,4
T006119,Flour,3
T006119,Tomatoes,1
T006120,Sugar,4
T006120,Tea,1
T006120,Pasta,1
T006120,Beef,3
T006120,Bananas,2
T006120,Coffee,2
T006120,Tomatoes,1
T006120,Onions,2
T006121,Apples,2
T006121,Tea,3
T006121,Rice,2
T006121,Pasta,4
T006121,Beef,2
T006121,Tomatoes,4
T006121,Onions,3
T006122,Eggs,3
T006123,Sugar,1
T006123,Tea,1
T006123,Rice,2
T006123,Coffee,1
T006123,Onions,4
T006124,Sugar,4
T006124,Cheese,2
T006125,Chicken,3
T006126,Cheese,4
T006126,Eggs,2
T006126,Onions,1
T006126,Tea,2
T006127,Eggs,3
T006127,Tea,2
T006127,Pasta,1
T006127,Chicken,2
T006127,Onions,3
T006128,Cheese,4
T006128,Eggs,2
T006128,Butter,4
T006128,Orange Juice,1
T006128,Rice,2
T006128,Beef,3
T006128,Tomatoes,4
T006128,Bread,2
T006129,Sugar,2
T006129,Tea,2
T006130,Eggs,4
T006130,Butter,2
T006130,Tea,1
T006130,Yogurt,3
T006130,Bread,4
T006131,Tea,2
T006132,Cheese,3
T006132,Eggs,1
T006132,Butter,2
T006132,Yogurt,3
T006132,Milk,1
T006132,Flour,2
T006132,Coffee,4
T006132,Bread,4
T006133,Orange Juice,3
T006133,Rice,1
T006133,Pasta,4
T006133,Flour,1
T006133,Tomatoes,1
T006133,Onions,4
T006134,Eggs,4
T006134,Pasta,2
T006134,Beef,3
T006134,Tomatoes,4
T006134,Onions,1
T006135,Chicken,2
T006135,Cheese,2
T006136,Sugar,4
T006136,Butter,4
T006136,Orange Juice,1
T006136,Yogurt,2
T006136,Bananas,1
T006136,Tomatoes,4
T006136,Bread,1
T006137,Rice,2
T006138,Yogurt,2
T006139,Sugar,3
T006139,Eggs,3
T006139,Butter,4
T006139,Yogurt,3
T006139,Milk,3
T006139,Coffee,1
T006140,Sugar,3
T006140,Eggs,3
T006140,Butter,2
T006140,Orange Juice,4
T006140,Coffee,4
T006140,Bread,3
T006140,Tomatoes,2
T006141,Sugar,3
T006142,Chicken,3
T006143,Tomatoes,3
T006143,Sugar,2
T006144,Cheese,3
T006144,Eggs,3
T006144,Butter,3
T006144,Tea,2
T006144,Rice,1
T006144,Milk,4
T006144,Bananas,4
T006144,Coffee,1
T006144,Bread,1
T006145,Butter,3
T006145,Yogurt,2
T006145,Milk,4
T006145,Flour,4
T006145,Bread,4
T006146,Flour,2
T006146,Tomatoes,3
T006146,Beef,2
T006146,Tea,2
T006147,Yogurt,2
T006148,Flour,3
T006148,Pasta,4
T006148,Chicken,4
T006148,Yogurt,4
T006149,Pasta,3
T006149,Rice,2
T006149,Chicken,3
T006149,Tomatoes,4
T006149,Onions,1
T006150,Apples,1
T006150,Sugar,3
T006150,Eggs,2
T006150,Rice,2
T006150,Pasta,2
T006150,Bananas,3
T006150,Coffee,1
T006151,Cheese,4
T006151,Eggs,4
T006151,Sugar,3
T006151,Orange Juice,1
T006151,Yogurt,2
T006151,Milk,1
T006151,Coffee,4
T006151,Onions,4
T006152,Apples,4
T006152,Tea,3
T006152,Flour,3
T006152,Bananas,1
T006152,Onions,2
T006153,Apples,3
T006153,Eggs,1
T006153,Pasta,4
T006153,Yogurt,3
T006153,Beef,3
T006153,Flour,3
T006153,Bananas,2
T006153,Onions,1
T006154,Orange Juice,2
T006155,Sugar,1
T006155,Eggs,3
T006155,Butter,1
T006155,Tea,2
T006155,Pasta,4
T006155,Milk,4
T006155,Coffee,1
T006155,Bread,3
T006155,Tomatoes,1
T006156,Sugar,4
T006156,Eggs,3
T006156,Butter,3
T006156,Tea,3
T006156,Milk,1
T006156,Beef,1
T006156,Bread,1
T006156,Onions,4
T006157,Orange Juice,2
T006158,Apples,1
T006158,Beef,4
T006159,Bananas,1
T006159,Eggs,2
T006159,Bread,4
T006159,Tea,4
T006160,Orange Juice,4
T006161,Eggs,4
T006161,Orange Juice,1
T006161,Yogurt,4
T006161,Beef,1
T006161,Bananas,1
T006162,Eggs,4
T006162,Butter,3
T006162,Rice,3
T006162,Milk,1
T006162,Chicken,4
T006162,Bananas,2
T006162,Bread,3
T006163,Cheese,2
T006163,Eggs,1
T006163,Butter,4
T006163,Milk,3
T006163,Beef,3
T006163,Flour,1
T006163,Bread,4
T006163,Onions,2
T006164,Apples,2
T006164,Coffee,1
T006164,Eggs,4
T006164,Milk,2
T006164,Chicken,4
T006164,Tomatoes,1
T006164,Bread,2
T006164,Onions,2
T006165,Coffee,3
T006165,Milk,4
T006166,Sugar,4
T006166,Butter,4
T006166,Orange Juice,3
T006166,Rice,2
T006166,Yogurt,4
T006166,Milk,1
T006166,Coffee,3
T006166,Bread,1
T006167,Coffee,2
T006167,Sugar,1
T006167,Tea,2
T006168,Sugar,4
T006169,Chicken,4
T006169,Sugar,1
T006170,Flour,3
T006171,Cheese,2
T006171,Sugar,1
T006171,Yogurt,1
T006171,Milk,3
T006171,Beef,3
T006171,Bread,4
T006172,Apples,2
T006172,Orange Juice,3
T006172,Rice,3
T006172,Chicken,4
T006172,Onions,2
T006173,Bananas,2
T006173,Tomatoes,3
T006174,Cheese,4
T006174,Tomatoes,3
T006174,Yogurt,1
T006174,Onions,1
T006175,Sugar,3
T006175,Eggs,4
T006175,Butter,4
T006175,Pasta,2
T006175,Yogurt,2
T006175,Milk,4
T006175,Bananas,2
T006175,Tomatoes,1
T006175,Bread,4
T006175,Onions,4
T006176,Sugar,3
T006176,Tea,2
T006176,Milk,2
T006176,Flour,4
T006176,Coffee,4
T006176,Bread,1
T006176,Tomatoes,1
T006177,Sugar,1
T006177,Eggs,1
T006177,Beef,4
T006177,Bananas,4
T006177,Coffee,2
T006177,Bread,3
T006177,Tomatoes,2
T006178,Flour,1
T006179,Chicken,3
T006179,Butter,2
T006179,Bread,4
T006179,Milk,2
T006180,Yogurt,2
T006180,Butter,2
T006180,Beef,1
T006180,Tea,4
T006181,Cheese,3
T006181,Eggs,1
T006181,Tea,3
T006181,Rice,2
T006181,Bananas,3
T006181,Onions,2
T006182,Flour,4
T006182,Yogurt,4
T006182,Beef,4
T006182,Onions,2
T006183,Chicken,1
T006183,Pasta,4
T006183,Onions,2
T006184,Bananas,4
T006184,Yogurt,2
T006184,Tea,2
T006185,Cheese,3
T006185,Sugar,1
T006185,Butter,4
T006185,Tea,2
T006185,Yogurt,2
T006185,Rice,4
T006186,Apples,4
T006186,Sugar,2
T006186,Cheese,2
T006186,Beef,3
T006186,Flour,2
T006186,Bananas,4
T006187,Apples,2
T006187,Cheese,3
T006187,Orange Juice,3
T006187,Tea,2
T006187,Beef,3
T006187,Bananas,4
T006187,Onions,4
T006188,Orange Juice,4
T006188,Pasta,2
T006188,Milk,3
T006188,Chicken,1
T006188,Flour,3
T006188,Coffee,1
T006188,Onions,2
T006189,Butter,2
T006189,Eggs,4
T006189,Bread,4
T006189,Onions,1
T006190,Butter,4
T006190,Bread,2
T006190,Yogurt,2
T006190,Onions,4
T006191,Chicken,3
T006192,Apples,1
T006192,Bananas,2
T006192,Eggs,4
T006192,Rice,3
T006193,Beef,1
T006193,Tea,3
T006194,Bananas,2
T006194,Tomatoes,4
T006194,Pasta,4
T006195,Apples,1
T006195,Eggs,4
T006195,Butter,1
T006195,Orange Juice,2
T006195,Rice,1
T006195,Milk,1
T006195,Bananas,3
T006195,Bread,3
T006196,Chicken,3
T006196,Tea,3
T006197,Tea,3
T006197,Rice,2
T006197,Yogurt,4
T006197,Chicken,1
T006197,Flour,2
T006197,Onions,1
T006198,Butter,2
T006198,Bread,2
T006198,Orange Juice,3
T006199,Sugar,2
T006199,Eggs,1
T006199,Butter,4
T006199,Pasta,1
T006199,Beef,3
T006199,Flour,3
T006199,Coffee,1
T006199,Bread,3
T006199,Tomatoes,2
T006200,Apples,3
T006200,Eggs,1
T006200,Butter,1
T006200,Yogurt,3
T006200,Milk,4
T006200,Chicken,2
T006200,Flour,4
T006200,Bananas,4
T006200,Bread,1
T006201,Orange Juice,1
T006202,Eggs,1
T006202,Pasta,1
T006202,Milk,3
T006202,Flour,4
T006202,Bananas,3
T006202,Tomatoes,1
T006202,Bread,1
T006202,Onions,4
T006203,Butter,4
T006203,Orange Juice,4
T006203,Pasta,2
T006203,Yogurt,2
T006203,Onions,4
T006204,Rice,1
T006204,Onions,2
T006205,Flour,1
T006205,Bananas,2
T006205,Cheese,3
T006205,Yogurt,1
T006206,Beef,4
T006207,Sugar,4
T006207,Cheese,4
T006207,Butter,1
T006207,Eggs,1
T006207,Milk,4
T006207,Bananas,4
T006207,Tomatoes,4
T006207,Bread,4
T006208,Flour,1
T006208,Apples,3
T006209,Apples,3
T006209,Cheese,3
T006209,Sugar,3
T006209,Rice,4
T006209,Yogurt,4
T006209,Milk,2
T006209,Coffee,1
T006210,Cheese,2
T006210,Orange Juice,4
T006210,Beef,2
T006210,Tea,3
T006211,Cheese,2
T006211,Eggs,4
T006211,Tea,4
T006211,Yogurt,2
T006211,Flour,1
T006211,Bananas,1
T006211,Bread,1
T006212,Tea,3
T006213,Bananas,3
T006213,Butter,1
T006213,Yogurt,3
T006214,Eggs,1
T006214,Orange Juice,1
T006214,Chicken,4
T006214,Flour,4
T006214,Bread,2
T006215,Sugar,4
T006215,Tea,3
T006215,Yogurt,2
T006215,Milk,4
T006215,Coffee,1
T006215,Onions,4
T006216,Sugar,2
T006216,Onions,1
T006217,Tea,2
T006218,Onions,1
T006219,Chicken,2
T006219,Eggs,3
T006219,Bread,3
T006220,Rice,4
T006221,Eggs,4
T006221,Butter,3
T006221,Milk,2
T006221,Chicken,1
T006221,Coffee,2
T006222,Chicken,2
T006222,Orange Juice,1
T006223,Sugar,2
T006223,Eggs,1
T006223,Pasta,1
T006223,Milk,4
T006223,Tomatoes,2
T006223,Bread,1
T006223,Onions,3
T006224,Chicken,3
T006224,Bananas,4
T006224,Sugar,3
T006225,Sugar,4
T006225,Butter,4
T006225,Yogurt,4
T006225,Milk,3
T006225,Chicken,4
T006225,Flour,2
T006225,Coffee,3
T006225,Bread,2
T006225,Onions,1
T006226,Apples,1
T006226,Cheese,2
T006226,Butter,3
T006226,Pasta,2
T006226,Chicken,1
T006226,Tomatoes,4
T006227,Orange Juice,1
T006227,Tea,4
T006227,Yogurt,4
T006227,Pasta,3
T006227,Bananas,1
T006227,Tomatoes,3
T006228,Sugar,4
T006228,Eggs,3
T006228,Butter,4
T006228,Milk,1
T006228,Beef,4
T006228,Coffee,4
T006228,Bread,4
T006228,Tomatoes,2
T006229,Apples,2
T006229,Butter,1
T006229,Orange Juice,4
T006229,Tea,2
T006229,Flour,2
T006229,Bananas,2
T006229,Tomatoes,4
T006230,Bananas,4
T006230,Butter,4
T006230,Yogurt,1
T006231,Flour,1
T006231,Sugar,3
T006232,Orange Juice,4
T006233,Apples,1
T006233,Cheese,1
T006233,Pasta,3
T006233,Tomatoes,1
T006233,Onions,1
T006234,Butter,2
T006234,Sugar,2
T006234,Bread,4
T006234,Rice,3
T006235,Chicken,2
T006235,Coffee,2
T006235,Sugar,2
T006236,Sugar,3
T006236,Eggs,4
T006236,Butter,1
T006236,Rice,1
T006236,Milk,4
T006236,Chicken,3
T006236,Flour,1
T006236,Coffee,4
T006236,Bread,2
T006237,Tea,1
T006238,Apples,1
T006238,Sugar,1
T006238,Eggs,3
T006238,Orange Juice,3
T006238,Pasta,2
T006238,Beef,1
T006238,Bread,2
T006238,Onions,1
T006239,Tomatoes,4
T006240,Cheese,2
T006240,Sugar,3
T006240,Butter,1
T006240,Eggs,3
T006240,Chicken,3
T006240,Flour,3
T006240,Tomatoes,4
T006241,Eggs,4
T006241,Bread,4
T006241,Yogurt,1
T006242,Cheese,1
T006242,Eggs,4
T006242,Butter,1
T006242,Tea,2
T006242,Bananas,3
T006243,Flour,1
T006243,Sugar,1
T006243,Butter,3
T006244,Rice,3
T006245,Apples,2
T006245,Orange Juice,4
T006245,Pasta,4
T006245,Bananas,4
T006245,Tomatoes,4
T006245,Onions,4
T006246,Apples,1
T006246,Orange Juice,2
T006247,Coffee,3
T006247,Orange Juice,2
T006248,Cheese,2
T006249,Sugar,3
T006249,Orange Juice,4
T006249,Yogurt,2
T006249,Flour,4
T006249,Bananas,4
T006250,Yogurt,1
T006251,Flour,4
T006251,Apples,4
T006251,Eggs,2
T006251,Yogurt,4
T006252,Apples,1
T006252,Eggs,4
T006252,Butter,1
T006252,Yogurt,4
T006252,Flour,4
T006252,Bread,1
T006253,Flour,2
T006253,Sugar,4
T006253,Orange Juice,2
T006254,Apples,3
T006254,Cheese,4
T006254,Sugar,4
T006254,Butter,4
T006254,Chicken,3
T006254,Beef,1
T006254,Flour,4
T006255,Cheese,2
T006255,Sugar,2
T006255,Eggs,1
T006255,Butter,2
T006255,Rice,3
T006255,Milk,2
T006255,Pasta,1
T006255,Beef,2
T006255,Tomatoes,3
T006255,Bread,3
T006256,Bananas,2
T006256,Sugar,2
T006257,Cheese,1
T006257,Sugar,3
T006257,Butter,1
T006257,Tea,4
T006257,Rice,3
T006257,Onions,3
T006258,Apples,1
T006258,Bananas,3
T006259,Butter,2
T006259,Yogurt,4
T006260,Sugar,1
T006260,Butter,3
T006260,Tea,4
T006260,Pasta,4
T006260,Bananas,3
T006260,Tomatoes,4
T006260,Onions,3
T006261,Eggs,4
T006261,Bread,2
T006261,Milk,3
T006262,Tea,1
T006263,Apples,4
T006263,Coffee,4
T006263,Beef,3
T006263,Onions,2
T006264,Butter,4
T006264,Pasta,2
T006264,Chicken,2
T006264,Bananas,2
T006264,Tomatoes,1
T006264,Onions,1
T006265,Coffee,3
T006265,Sugar,2
T006266,Eggs,4
T006266,Pasta,3
T006266,Beef,4
T006266,Tomatoes,3
T006266,Onions,4
T006267,Eggs,4
T006267,Butter,3
T006267,Milk,4
T006267,Chicken,1
T006267,Bread,3
T006268,Eggs,4
T006268,Butter,1
T006268,Orange Juice,3
T006268,Milk,3
T006268,Chicken,2
T006268,Bananas,2
T006268,Tomatoes,3
T006268,Onions,3
T006269,Sugar,1
T006269,Eggs,2
T006269,Butter,3
T006269,Yogurt,2
T006269,Milk,4
T006269,Chicken,3
T006269,Pasta,3
T006269,Beef,3
T006269,Coffee,3
T006270,Cheese,2
T006270,Sugar,2
T006270,Yogurt,2
T006270,Pasta,3
T006270,Flour,2
T006270,Coffee,2
T006270,Tomatoes,4
T006270,Onions,2
T006271,Eggs,2
T006271,Butter,1
T006271,Tea,2
T006271,Milk,3
T006271,Bread,3
T006271,Onions,1
T006272,Flour,4
T006273,Sugar,2
T006274,Sugar,3
T006274,Eggs,3
T006274,Butter,4
T006274,Milk,4
T006274,Chicken,1
T006274,Coffee,3
T006274,Bread,3
T006275,Eggs,3
T006275,Orange Juice,1
T006275,Milk,3
T006275,Beef,1
T006275,Flour,2
T006275,Bananas,4
T006275,Coffee,1
T006275,Bread,4
T006276,Sugar,1
T006276,Milk,4
T006276,Flour,3
T006276,Coffee,3
T006276,Bread,2
T006277,Bread,2
T006278,Sugar,3
T006278,Eggs,1
T006278,Butter,1
T006278,Milk,2
T006278,Chicken,3
T006278,Coffee,2
T006278,Bread,3
T006278,Tomatoes,3
T006279,Bananas,3
T006279,Sugar,4
T006279,Cheese,4
T006279,Milk,1
T006280,Sugar,4
T006280,Butter,1
T006280,Tea,3
T006280,Milk,3
T006280,Beef,3
T006280,Flour,2
T006280,Coffee,2
T006281,Sugar,2
T006281,Eggs,1
T006281,Butter,2
T006281,Orange Juice,4
T006281,Yogurt,4
T006281,Pasta,3
T006281,Bananas,4
T006281,Onions,2
T006282,Flour,1
T006282,Butter,3
T006282,Orange Juice,4
T006283,Apples,4
T006283,Sugar,3
T006283,Orange Juice,4
T006283,Tea,1
T006283,Yogurt,4
T006283,Flour,2
T006283,Bananas,4
T006284,Sugar,4
T006284,Cheese,2
T006284,Eggs,1
T006284,Rice,4
T006284,Milk,3
T006284,Beef,4
T006284,Bananas,1
T006284,Bread,4
T006285,Sugar,4
T006285,Cheese,2
T006285,Butter,1
T006285,Orange Juice,4
T006285,Milk,3
T006285,Beef,1
T006285,Coffee,3
T006285,Bread,1
T006285,Onions,3
T006286,Beef,1
T006286,Butter,4
T006286,Rice,2
T006287,Cheese,4
T006287,Sugar,3
T006287,Eggs,4
T006287,Butter,1
T006287,Tea,2
T006287,Yogurt,4
T006287,Milk,2
T006287,Rice,1
T006287,Bread,4
T006288,Apples,1
T006288,Eggs,4
T006288,Tea,3
T006288,Pasta,3
T006288,Tomatoes,2
T006288,Onions,2
T006289,Apples,3
T006289,Eggs,2
T006289,Butter,1
T006289,Yogurt,2
T006289,Bread,2
T006290,Sugar,4
T006290,Butter,3
T006290,Tea,3
T006290,Pasta,4
T006290,Beef,3
T006290,Tomatoes,4
T006290,Onions,2
T006291,Eggs,3
T006291,Orange Juice,2
T006291,Tea,2
T006291,Pasta,2
T006291,Milk,3
T006291,Yogurt,3
T006291,Chicken,1
T006291,Bread,4
T006291,Onions,1
T006292,Apples,4
T006292,Sugar,1
T006292,Eggs,4
T006292,Butter,2
T006292,Pasta,4
T006292,Milk,3
T006292,Beef,2
T006292,Coffee,4
T006292,Bread,3
T006292,Tomatoes,3
T006292,Onions,1
T006293,Eggs,3
T006293,Butter,3
T006293,Milk,3
T006293,Bananas,2
T006293,Bread,2
T006294,Flour,4
T006294,Tomatoes,3
T006294,Pasta,3
T006294,Onions,4
T006295,Eggs,1
T006295,Butter,1
T006295,Tea,3
T006295,Rice,4
T006295,Beef,1
T006295,Bananas,1
T006295,Tomatoes,2
T006295,Bread,2
T006296,Apples,1
T006296,Eggs,3
T006296,Butter,2
T006296,Orange Juice,1
T006296,Rice,2
T006296,Chicken,3
T006296,Beef,1
T006296,Bread,1
T006297,Sugar,4
T006297,Eggs,2
T006297,Tea,1
T006297,Rice,2
T006297,Beef,1
T006297,Flour,3
T006298,Apples,4
T006298,Cheese,3
T006298,Eggs,2
T006298,Rice,4
T006298,Milk,3
T006298,Chicken,1
T006298,Beef,1
T006298,Bread,2
T006298,Onions,2
T006299,Bananas,2
T006299,Tea,3
T006300,Eggs,1
T006300,Butter,3
T006300,Pasta,1
T006300,Chicken,1
T006300,Beef,4
T006300,Bananas,4
T006300,Bread,4
T006301,Butter,2
T006301,Bread,1
T006301,Onions,1
T006302,Sugar,3
T006302,Eggs,2
T006302,Butter,3
T006302,Pasta,3
T006302,Rice,2
T006302,Bread,2
T006302,Onions,3
T006303,Eggs,2
T006303,Tea,4
T006303,Pasta,2
T006303,Milk,4
T006303,Flour,3
T006303,Bananas,1
T006303,Coffee,2
T006303,Tomatoes,2
T006303,Onions,1
T006304,Apples,1
T006304,Eggs,1
T006304,Butter,1
T006304,Milk,2
T006304,Bread,1
T006305,Yogurt,4
T006306,Tea,2
T006307,Apples,1
T006307,Sugar,2
T006307,Butter,1
T006307,Orange Juice,1
T006307,Tea,1
T006307,Pasta,4
T006307,Rice,1
T006307,Tomatoes,3
T006307,Bread,2
T006308,Eggs,1
T006308,Bread,2
T006309,Sugar,1
T006309,Butter,2
T006309,Onions,3
T006309,Tea,4
T006310,Coffee,4
T006310,Sugar,2
T006311,Pasta,1
T006312,Flour,2
T006313,Coffee,4
T006313,Sugar,3
T006313,Milk,3
T006314,Sugar,3
T006314,Eggs,1
T006314,Butter,1
T006314,Milk,1
T006314,Beef,1
T006314,Bananas,4
T006314,Coffee,3
T006315,Apples,4
T006315,Sugar,3
T006315,Orange Juice,2
T006315,Beef,1
T006315,Tomatoes,1
T006316,Apples,2
T006316,Cheese,4
T006316,Butter,3
T006316,Tea,4
T006316,Rice,2
T006316,Milk,3
T006316,Beef,1
T006317,Sugar,2
T006317,Butter,1
T006317,Milk,3
T006317,Chicken,4
T006317,Beef,4
T006317,Tomatoes,2
T006317,Onions,3
T006318,Tomatoes,4
T006318,Tea,4
T006319,Butter,4
T006319,Orange Juice,1
T006319,Rice,2
T006319,Chicken,3
T006319,Bananas,4
T006319,Onions,3
T006320,Eggs,3
T006320,Yogurt,4
T006320,Tea,4
T006321,Flour,3
T006321,Tomatoes,3
T006321,Beef,1
T006322,Cheese,3
T006322,Sugar,1
T006322,Orange Juice,4
T006322,Tea,1
T006322,Onions,2
T006323,Cheese,4
T006323,Butter,3
T006323,Chicken,4
T006323,Bananas,2
T006323,Onions,1
T006324,Apples,1
T006324,Cheese,4
T006324,Yogurt,1
T006324,Chicken,4
T006324,Flour,4
T006325,Eggs,4
T006325,Butter,3
T006325,Orange Juice,4
T006325,Rice,2
T006325,Milk,3
T006325,Beef,3
T006325,Bread,1
T006326,Cheese,4
T006326,Sugar,2
T006326,Eggs,1
T006326,Yogurt,2
T006326,Chicken,3
T006326,Bread,1
T006326,Onions,4
T006327,Apples,2
T006327,Bananas,4
T006327,Orange Juice,3
T006328,Apples,4
T006328,Eggs,1
T006328,Butter,1
T006328,Pasta,2
T006328,Milk,2
T006328,Beef,2
T006328,Coffee,2
T006328,Bread,1
T006328,Onions,2
T006329,Bananas,4
T006329,Sugar,1
T006329,Eggs,3
T006329,Bread,2
T006330,Apples,1
T006331,Cheese,4
T006331,Butter,4
T006332,Sugar,3
T006332,Beef,1
T006332,Onions,3
T006333,Orange Juice,3
T006333,Tea,3
T006334,Sugar,2
T006334,Cheese,2
T006334,Orange Juice,1
T006334,Yogurt,2
T006334,Bananas,1
T006335,Sugar,4
T006335,Eggs,2
T006335,Butter,4
T006335,Milk,4
T006335,Bread,4
T006336,Sugar,2
T006336,Eggs,3
T006336,Yogurt,1
T006336,Milk,1
T006336,Beef,3
T006336,Bread,2
T006336,Onions,1
T006337,Bananas,1
T006338,Apples,2
T006338,Cheese,1
T006338,Sugar,2
T006338,Orange Juice,2
T006338,Chicken,4
T006338,Flour,1
T006338,Bananas,1
T006338,Coffee,1
T006339,Rice,2
T006339,Tomatoes,3
T006339,Pasta,2
T006339,Onions,4
T006340,Flour,1
T006340,Eggs,3
T006340,Butter,1
T006340,Milk,1
T006341,Eggs,1
T006341,Onions,2
T006342,Cheese,4
T006342,Sugar,4
T006342,Orange Juice,2
T006342,Rice,3
T006342,Pasta,1
T006342,Milk,1
T006342,Beef,4
T006342,Coffee,1
T006342,Onions,4
T006343,Sugar,2
T006343,Butter,1
T006343,Orange Juice,4
T006343,Tea,1
T006343,Rice,2
T006343,Milk,3
T006343,Chicken,4
T006343,Coffee,1
T006343,Onions,3
T006344,Rice,1
T006345,Apples,1
T006345,Butter,1
T006345,Tea,4
T006345,Pasta,2
T006345,Bananas,1
T006345,Tomatoes,3
T006345,Onions,4
T006346,Apples,3
T006347,Apples,2
T006347,Eggs,4
T006347,Butter,1
T006347,Orange Juice,1
T006347,Rice,1
T006347,Chicken,3
T006347,Flour,2
T006347,Bread,1
T006348,Sugar,3
T006348,Orange Juice,2
T006348,Tea,3
T006348,Rice,3
T006348,Flour,2
T006349,Cheese,4
T006349,Bread,3
T006349,Butter,3
T006349,Onions,3
T006350,Rice,4
T006350,Yogurt,1
T006350,Beef,1
T006350,Tomatoes,1
T006350,Onions,2
T006351,Sugar,4
T006351,Cheese,2
T006351,Orange Juice,3
T006351,Tomatoes,1
T006351,Bread,2
T006352,Apples,3
T006352,Sugar,1
T006352,Eggs,4
T006352,Butter,1
T006352,Pasta,1
T006352,Tomatoes,1
T006352,Bread,1
T006352,Onions,4
T006353,Cheese,1
T006353,Yogurt,3
T006354,Beef,4
T006355,Apples,4
T006355,Butter,2
T006355,Orange Juice,4
T006355,Tea,1
T006355,Rice,4
T006355,Chicken,4
T006355,Beef,2
T006356,Sugar,1
T006356,Butter,2
T006356,Yogurt,1
T006356,Milk,2
T006356,Flour,4
T006356,Coffee,3
T006357,Butter,2
T006358,Eggs,3
T006358,Orange Juice,4
T006358,Tea,3
T006358,Milk,2
T006358,Bread,1
T006358,Onions,3
T006359,Eggs,4
T006359,Butter,1
T006359,Milk,4
T006359,Bananas,1
T006359,Tomatoes,1
T006359,Bread,3
T006360,Tea,2
T006360,Pasta,3
T006360,Rice,3
T006360,Tomatoes,1
T006360,Onions,1
T006361,Cheese,2
T006361,Onions,1
T006362,Apples,3
T006362,Sugar,4
T006362,Butter,3
T006362,Pasta,3
T006362,Milk,4
T006362,Flour,1
T006362,Bananas,2
T006362,Coffee,1
T006362,Tomatoes,4
T006363,Flour,4
T006363,Yogurt,4
T006363,Onions,2
T006364,Coffee,4
T006364,Sugar,1
T006364,Orange Juice,2
T006365,Cheese,1
T006365,Sugar,4
T006365,Orange Juice,4
T006365,Tea,2
T006365,Yogurt,2
T006365,Pasta,1
T006365,Milk,2
T006365,Flour,1
T006365,Coffee,4
T006365,Tomatoes,4
T006365,Onions,1
T006366,Flour,1
T006366,Chicken,4
T006367,Butter,2
T006367,Rice,4
T006367,Yogurt,3
T006367,Chicken,1
T006367,Milk,4
T006367,Pasta,4
T006367,Tomatoes,4
T006367,Bread,1
T006368,Yogurt,2
T006368,Tea,1
T006368,Rice,1
T006368,Onions,1
T006369,Sugar,4
T006369,Butter,3
T006369,Orange Juice,3
T006369,Pasta,1
T006369,Milk,4
T006369,Beef,2
T006369,Coffee,3
T006369,Bread,1
T006369,Onions,2
T006370,Apples,1
T006370,Cheese,4
T006370,Eggs,1
T006370,Butter,2
T006370,Tea,1
T006370,Milk,2
T006370,Chicken,3
T006370,Bread,2
T006371,Rice,2
T006371,Pasta,4
T006371,Onions,4
T006372,Eggs,3
T006372,Butter,4
T006372,Yogurt,4
T006372,Milk,3
T006372,Rice,3
T006372,Beef,1
T006372,Tomatoes,1
T006373,Eggs,1
T006373,Butter,1
T006373,Pasta,1
T006373,Rice,3
T006373,Flour,1
T006373,Coffee,3
T006373,Tomatoes,4
T006373,Onions,2
T006374,Sugar,4
T006374,Butter,1
T006374,Rice,1
T006374,Chicken,4
T006374,Bread,2
T006374,Onions,1
T006375,Tea,1
T006376,Orange Juice,2
T006377,Butter,1
T006377,Rice,2
T006377,Milk,4
T006377,Tomatoes,1
T006377,Bread,1
T006378,Butter,4
T006378,Bread,1
T006379,Apples,1
T006379,Eggs,1
T006380,Bananas,3
T006380,Tea,4
T006381,Tomatoes,1
T006381,Orange Juice,3
T006381,Tea,1
T006382,Rice,2
T006382,Onions,3
T006383,Sugar,4
T006383,Orange Juice,2
T006383,Tea,2
T006383,Yogurt,3
T006383,Tomatoes,1
T006383,Onions,1
T006384,Chicken,4
T006384,Tea,4
T006385,Eggs,3
T006385,Milk,4
T006386,Coffee,1
T006386,Tomatoes,1
T006386,Pasta,1
T006386,Onions,4
T006387,Eggs,4
T006387,Tea,2
T006388,Sugar,4
T006388,Eggs,1
T006388,Butter,2
T006388,Orange Juice,2
T006388,Tea,2
T006388,Yogurt,2
T006388,Milk,3
T006388,Bread,3
T006389,Cheese,1
T006389,Eggs,1
T006389,Sugar,4
T006389,Chicken,3
T006389,Bananas,2
T006389,Tomatoes,3
T006390,Apples,2
T006390,Coffee,1
T006390,Sugar,2
T006390,Milk,1
T006391,Chicken,2
T006392,Butter,2
T006392,Bread,2
T006393,Eggs,3
T006393,Orange Juice,2
T006393,Tea,2
T006393,Pasta,1
T006393,Tomatoes,2
T006393,Onions,4
T006394,Bananas,1
T006394,Onions,2
T006395,Cheese,2
T006395,Orange Juice,1
T006395,Tea,4
T006395,Rice,3
T006395,Bananas,4
T006395,Onions,4
T006396,Chicken,2
T006396,Orange Juice,2
T006397,Sugar,4
T006397,Eggs,4
T006397,Cheese,4
T006397,Butter,1
T006397,Yogurt,4
T006397,Milk,1
T006397,Flour,3
T006397,Bread,3
T006398,Butter,3
T006398,Tea,1
T006398,Milk,2
T006398,Coffee,2
T006398,Bread,2
T006399,Butter,2
T006399,Pasta,2
T006399,Chicken,4
T006399,Beef,3
T006399,Flour,2
T006399,Tomatoes,1
T006399,Bread,1
T006399,Onions,1
T006400,Orange Juice,3
T006401,Flour,2
T006401,Sugar,4
T006401,Cheese,3
T006401,Onions,1
T006402,Sugar,1
T006402,Butter,2
T006402,Tea,1
T006402,Milk,3
T006402,Beef,3
T006402,Coffee,2
T006402,Bread,2
T006402,Onions,4
T006403,Apples,4
T006403,Cheese,3
T006403,Eggs,2
T006403,Butter,1
T006403,Rice,4
T006403,Milk,4
T006403,Flour,2
T006403,Coffee,3
T006403,Bread,1
T006403,Onions,1
T006404,Butter,4
T006404,Eggs,3
T006404,Bread,4
T006404,Tea,1
T006405,Apples,1
T006405,Sugar,4
T006405,Eggs,3
T006405,Butter,3
T006405,Yogurt,1
T006405,Milk,4
T006405,Chicken,2
T006405,Flour,3
T006405,Bread,4
T006406,Sugar,3
T006406,Cheese,3
T006406,Eggs,3
T006406,Rice,3
T006406,Yogurt,3
T006406,Milk,1
T006406,Onions,3
T006407,Cheese,1
T006407,Yogurt,3
T006407,Beef,2
T006408,Bananas,1
T006408,Tea,4
T006409,Apples,2
T006409,Sugar,3
T006409,Yogurt,1
T006409,Rice,1
T006409,Milk,3
T006409,Coffee,1
T006409,Onions,3
T006410,Sugar,1
T006410,Eggs,4
T006410,Orange Juice,2
T006410,Onions,2
T006411,Apples,3
T006411,Sugar,2
T006411,Eggs,3
T006411,Beef,3
T006411,Tomatoes,1
T006412,Apples,4
T006412,Eggs,2
T006412,Butter,2
T006412,Rice,4
T006412,Pasta,4
T006412,Yogurt,4
T006412,Tomatoes,2
T006412,Bread,1
T006412,Onions,4
T006413,Sugar,3
T006413,Eggs,1
T006413,Butter,1
T006413,Milk,4
T006413,Chicken,1
T006413,Beef,4
T006413,Coffee,1
T006413,Bread,1
T006414,Apples,1
T006414,Sugar,1
T006414,Eggs,4
T006414,Milk,4
T006414,Beef,4
T006414,Bananas,3
T006414,Coffee,1
T006415,Eggs,2
T006415,Onions,4
T006416,Eggs,2
T006416,Milk,4
T006416,Beef,3
T006416,Bananas,4
T006416,Bread,1
T006417,Eggs,1
T006417,Butter,4
T006417,Yogurt,4
T006417,Milk,2
T006417,Flour,2
T006417,Bread,2
T006418,Sugar,2
T006418,Eggs,1
T006418,Orange Juice,3
T006418,Milk,2
T006418,Beef,1
T006418,Coffee,1
T006418,Bread,3
T006419,Butter,1
T006419,Yogurt,1
T006419,Milk,2
T006419,Beef,3
T006419,Flour,3
T006419,Tomatoes,2
T006419,Bread,1
T006420,Beef,3
T006421,Butter,2
T006421,Orange Juice,2
T006421,Tea,4
T006421,Yogurt,4
T006421,Beef,2
T006422,Tea,2
T006422,Yogurt,2
T006422,Pasta,2
T006422,Chicken,2
T006422,Beef,3
T006422,Flour,1
T006422,Tomatoes,4
T006422,Onions,2
T006423,Sugar,3
T006423,Eggs,1
T006423,Butter,1
T006423,Onions,2
T006424,Bananas,2
T006424,Onions,4
T006425,Tomatoes,4
T006425,Butter,3
T006425,Milk,1
T006426,Pasta,1
T006426,Onions,1
T006427,Eggs,3
T006427,Orange Juice,2
T006428,Butter,1
T006428,Eggs,1
T006428,Bread,1
T006428,Orange Juice,3
T006429,Coffee,2
T006429,Milk,3
T006430,Cheese,1
T006430,Eggs,3
T006430,Butter,1
T006430,Tea,3
T006430,Rice,3
T006430,Milk,4
T006430,Chicken,2
T006430,Flour,4
T006430,Bread,1
T006431,Yogurt,1
T006431,Beef,2
T006431,Bananas,2
T006431,Tomatoes,4
T006431,Onions,4
T006432,Apples,4
T006432,Eggs,3
T006432,Orange Juice,4
T006432,Flour,2
T006432,Bread,2
T006432,Onions,3
T006433,Yogurt,1
T006434,Pasta,3
T006434,Milk,4
T006434,Coffee,2
T006434,Tomatoes,3
T006434,Onions,2
T006435,Flour,2
T006435,Coffee,1
T006435,Eggs,2
T006435,Tea,2
T006436,Beef,2
T006437,Yogurt,3
T006438,Cheese,1
T006438,Butter,4
T006438,Orange Juice,2
T006438,Tea,3
T006438,Rice,4
T006439,Apples,4
T006439,Eggs,4
T006439,Butter,2
T006439,Orange Juice,3
T006439,Milk,4
T006439,Beef,4
T006440,Apples,2
T006440,Eggs,1
T006440,Butter,1
T006440,Tea,3
T006440,Rice,4
T006440,Onions,3
T006441,Sugar,2
T006441,Eggs,4
T006442,Cheese,2
T006442,Eggs,3
T006442,Pasta,4
T006442,Milk,4
T006442,Bananas,2
T006442,Coffee,3
T006442,Onions,1
T006443,Rice,1
T006443,Bananas,2
T006443,Orange Juice,1
T006443,Yogurt,2
T006444,Sugar,2
T006444,Rice,2
T006444,Pasta,4
T006444,Milk,2
T006444,Coffee,3
T006444,Tomatoes,2
T006444,Onions,3
T006445,Butter,4
T006445,Orange Juice,1
T006446,Tomatoes,2
T006446,Sugar,1
T006446,Rice,2
T006446,Tea,1
T006447,Eggs,4
T006447,Butter,1
T006447,Orange Juice,1
T006447,Pasta,4
T006447,Bread,4
T006448,Apples,1
T006448,Eggs,2
T006448,Butter,3
T006448,Bread,3
T006448,Onions,4
T006449,Eggs,2
T006449,Tea,2
T006449,Pasta,2
T006449,Tomatoes,2
T006449,Onions,4
T006450,Apples,1
T006450,Cheese,3
T006450,Orange Juice,2
T006450,Yogurt,1
T006450,Milk,4
T006450,Chicken,4
T006450,Bananas,3
T006450,Bread,4
T006451,Beef,1
T006451,Butter,1
T006451,Rice,4
T006452,Butter,2
T006452,Orange Juice,2
T006452,Beef,3
T006453,Coffee,1
T006453,Eggs,2
T006453,Orange Juice,3
T006453,Rice,2
T006453,Milk,3
T006453,Bananas,1
T006453,Tomatoes,4
T006453,Onions,3
T006454,Flour,1
T006454,Butter,4
T006454,Orange Juice,4
T006454,Rice,3
T006455,Apples,2
T006455,Eggs,3
T006455,Butter,1
T006455,Yogurt,2
T006455,Chicken,1
T006455,Beef,4
T006455,Flour,4
T006455,Tomatoes,3
T006455,Bread,3
T006456,Eggs,1
T006456,Butter,1
T006456,Tea,4
T006456,Milk,1
T006456,Chicken,1
T006456,Flour,1
T006456,Coffee,3
T006456,Bread,1
T006457,Chicken,3
T006457,Sugar,4
T006457,Orange Juice,2
T006457,Yogurt,1
T006458,Sugar,2
T006458,Butter,3
T006459,Onions,3
T006460,Chicken,2
T006461,Sugar,4
T006461,Eggs,2
T006461,Butter,3
T006461,Orange Juice,2
T006461,Yogurt,1
T006461,Milk,4
T006461,Chicken,4
T006461,Beef,1
T006461,Coffee,4
T006462,Sugar,1
T006462,Cheese,1
T006462,Eggs,2
T006462,Butter,1
T006462,Milk,3
T006462,Flour,1
T006462,Tomatoes,1
T006462,Bread,2
T006462,Onions,3
T006463,Butter,4
T006463,Tea,4
T006463,Rice,3
T006463,Milk,3
T006463,Pasta,1
T006463,Tomatoes,2
T006463,Onions,3
T006464,Tomatoes,2
T006464,Tea,2
T006465,Sugar,1
T006465,Butter,1
T006466,Tomatoes,3
T006466,Yogurt,3
T006466,Pasta,2
T006466,Onions,1
T006467,Coffee,4
T006467,Sugar,3
T006467,Onions,3
T006468,Cheese,2
T006468,Eggs,1
T006468,Sugar,4
T006468,Tea,1
T006469,Eggs,2
T006469,Butter,3
T006469,Tea,2
T006469,Milk,2
T006469,Bananas,3
T006470,Cheese,3
T006470,Eggs,3
T006470,Orange Juice,2
T006470,Milk,4
T006470,Chicken,4
T006471,Flour,3
T006471,Yogurt,1
T006471,Butter,2
T006471,Beef,1
T006472,Tomatoes,3
T006472,Eggs,1
T006472,Orange Juice,4
T006473,Butter,3
T006474,Onions,4
T006475,Apples,3
T006475,Sugar,3
T006475,Eggs,1
T006475,Tea,3
T006475,Milk,2
T006475,Bananas,1
T006476,Cheese,4
T006476,Eggs,2
T006476,Sugar,1
T006476,Orange Juice,4
T006476,Tea,4
T006476,Rice,1
T006476,Milk,3
T006476,Flour,1
T006476,Coffee,1
T006477,Apples,3
T006477,Butter,1
T006478,Chicken,2
T006479,Chicken,2
T006479,Bananas,1
T006479,Tomatoes,2
T006479,Beef,1
T006480,Eggs,3
T006480,Butter,4
T006480,Orange Juice,1
T006480,Yogurt,4
T006480,Rice,3
T006480,Bread,4
T006481,Eggs,1
T006481,Onions,2
T006481,Beef,1
T006481,Tea,1
T006482,Sugar,3
T006482,Eggs,4
T006482,Pasta,1
T006482,Milk,2
T006482,Flour,4
T006482,Onions,2
T006483,Tomatoes,2
T006483,Butter,1
T006483,Bread,3
T006483,Milk,1
T006484,Sugar,4
T006484,Butter,3
T006484,Milk,1
T006484,Bananas,1
T006484,Coffee,4
T006484,Onions,2
T006485,Bananas,1
T006485,Eggs,4
T006485,Beef,4
T006485,Onions,2
T006486,Sugar,1
T006486,Tomatoes,2
T006486,Yogurt,2
T006487,Sugar,1
T006487,Eggs,1
T006487,Butter,1
T006487,Chicken,2
T006487,Bananas,3
T006487,Bread,1
T006488,Chicken,4
T006488,Bread,1
T006488,Orange Juice,4
T006489,Apples,4
T006489,Eggs,3
T006489,Butter,1
T006489,Rice,4
T006489,Milk,2
T006489,Beef,4
T006489,Coffee,2
T006489,Bread,4
T006489,Tomatoes,4
T006490,Chicken,2
T006490,Cheese,3
T006490,Rice,3
T006491,Butter,1
T006491,Orange Juice,1
T006491,Milk,3
T006491,Beef,2
T006491,Bananas,1
T006491,Onions,1
T006492,Sugar,1
T006492,Butter,4
T006493,Beef,4
T006493,Yogurt,4
T006494,Cheese,4
T006494,Butter,4
T006494,Orange Juice,2
T006494,Milk,2
T006494,Chicken,1
T006494,Beef,4
T006494,Flour,4
T006494,Coffee,4
T006495,Butter,1
T006495,Rice,3
T006496,Orange Juice,4
T006496,Rice,2
T006496,Pasta,4
T006496,Flour,3
T006496,Bananas,1
T006496,Onions,2
T006497,Eggs,1
T006497,Butter,4
T006497,Rice,2
T006497,Milk,4
T006497,Flour,3
T006497,Bread,2
T006498,Rice,2
T006499,Onions,2
T006500,Coffee,3
T006500,Sugar,3
T006500,Milk,1
T006501,Eggs,3
T006501,Butter,1
T006501,Tea,3
T006501,Flour,4
T006501,Tomatoes,3
T006501,Bread,4
T006501,Onions,3
T006502,Cheese,2
T006502,Eggs,3
T006502,Butter,2
T006502,Milk,2
T006502,Bread,2
T006503,Chicken,4
T006503,Coffee,4
T006503,Eggs,2
T006503,Pasta,1
T006504,Apples,1
T006504,Cheese,4
T006504,Eggs,3
T006504,Yogurt,1
T006504,Beef,4
T006504,Flour,4
T006505,Chicken,4
T006505,Coffee,3
T006505,Butter,1
T006505,Cheese,2
T006506,Cheese,1
T006506,Eggs,4
T006506,Tea,2
T006506,Yogurt,4
T006506,Chicken,2
T006506,Onions,2
T006507,Apples,1
T006507,Cheese,3
T006507,Sugar,4
T006507,Yogurt,4
T006507,Milk,4
T006507,Coffee,4
T006507,Bread,3
T006508,Apples,3
T006508,Butter,3
T006508,Rice,4
T006508,Pasta,4
T006508,Flour,1
T006508,Tomatoes,4
T006509,Eggs,3
T006509,Butter,3
T006509,Rice,3
T006509,Yogurt,1
T006509,Chicken,3
T006509,Milk,4
T006509,Beef,2
T006509,Coffee,2
T006510,Apples,2
T006510,Cheese,3
T006510,Eggs,3
T006510,Flour,3
T006511,Eggs,3
T006511,Orange Juice,2
T006511,Chicken,1
T006511,Beef,1
T006511,Flour,3
T006511,Tomatoes,2
T006511,Bread,3
T006512,Butter,2
T006512,Eggs,3
T006512,Bread,2
T006512,Yogurt,1
T006513,Sugar,4
T006513,Eggs,2
T006513,Orange Juice,2
T006513,Tea,1
T006513,Yogurt,1
T006513,Flour,1
T006513,Coffee,3
T006514,Sugar,4
T006514,Eggs,4
T006514,Rice,4
T006514,Beef,1
T006514,Flour,2
T006514,Coffee,2
T006514,Bread,4
T006514,Tomatoes,3
T006515,Apples,1
T006515,Sugar,2
T006515,Rice,2
T006515,Yogurt,4
T006515,Milk,1
T006515,Coffee,1
T006516,Apples,1
T006516,Eggs,1
T006516,Rice,4
T006516,Tea,4
T006517,Butter,2
T006517,Rice,3
T006518,Sugar,4
T006518,Yogurt,3
T006518,Pasta,3
T006518,Coffee,3
T006518,Tomatoes,1
T006519,Coffee,2
T006520,Flour,2
T006520,Tomatoes,3
T006521,Sugar,1
T006521,Eggs,3
T006521,Butter,2
T006521,Yogurt,3
T006521,Milk,2
T006521,Beef,4
T006521,Bananas,2
T006521,Coffee,2
T006521,Bread,4
T006522,Eggs,3
T006522,Butter,4
T006522,Rice,1
T006522,Chicken,2
T006522,Beef,3
T006523,Yogurt,4
T006523,Pasta,4
T006523,Beef,4
T006523,Flour,2
T006523,Bananas,2
T006523,Tomatoes,1
T006523,Onions,3
T006524,Orange Juice,1
T006524,Yogurt,4
T006524,Milk,3
T006524,Chicken,2
T006524,Coffee,1
T006525,Butter,1
T006525,Orange Juice,2
T006525,Milk,3
T006525,Chicken,1
T006525,Bananas,1
T006526,Sugar,2
T006526,Rice,3
T006526,Pasta,2
T006526,Chicken,1
T006526,Tomatoes,4
T006526,Onions,3
T006527,Apples,4
T006527,Cheese,3
T006527,Eggs,4
T006527,Yogurt,2
T006527,Flour,1
T006527,Bananas,2
T006527,Onions,1
T006528,Eggs,3
T006528,Butter,3
T006528,Milk,1
T006528,Beef,1
T006528,Bread,4
T006529,Coffee,2
T006530,Beef,2
T006531,Cheese,2
T006531,Orange Juice,4
T006531,Pasta,4
T006531,Flour,3
T006531,Tomatoes,4
T006531,Onions,2
T006532,Tea,2
T006532,Pasta,4
T006532,Beef,4
T006532,Flour,1
T006532,Tomatoes,3
T006532,Onions,3
T006533,Bananas,3
T006533,Eggs,3
T006533,Onions,4
T006534,Apples,2
T006534,Sugar,4
T006534,Cheese,4
T006534,Butter,2
T006534,Eggs,3
T006534,Rice,1
T006534,Flour,4
T006534,Bread,3
T006534,Onions,1
T006535,Cheese,2
T006535,Onions,1
T006536,Eggs,4
T006536,Butter,2
T006536,Rice,4
T006536,Milk,2
T006536,Flour,3
T006536,Tomatoes,3
T006536,Bread,3
T006537,Cheese,1
T006537,Eggs,4
T006537,Tea,2
T006537,Bananas,2
T006537,Tomatoes,1
T006537,Onions,3
T006538,Coffee,3
T006538,Sugar,2
T006538,Tea,4
T006538,Chicken,4
T006538,Bananas,1
T006538,Tomatoes,4
T006538,Onions,3
T006539,Coffee,1
T006539,Milk,3
T006539,Sugar,2
T006539,Tea,1
T006540,Butter,4
T006540,Pasta,2
T006540,Milk,1
T006540,Coffee,3
T006540,Tomatoes,1
T006540,Onions,1
T006541,Apples,1
T006541,Butter,4
T006541,Onions,3
T006542,Flour,2
T006543,Apples,3
T006543,Sugar,1
T006543,Eggs,2
T006543,Butter,4
T006543,Milk,4
T006543,Coffee,3
T006543,Onions,4
T006544,Apples,2
T006544,Chicken,2
T006544,Beef,3
T006545,Tea,2
T006546,Sugar,2
T006546,Tomatoes,1
T006546,Pasta,3
T006546,Onions,2
T006547,Sugar,4
T006547,Pasta,3
T006547,Yogurt,4
T006547,Milk,1
T006547,Beef,2
T006547,Flour,4
T006547,Tomatoes,4
T006548,Sugar,2
T006548,Yogurt,3
T006548,Milk,2
T006548,Bananas,2
T006548,Coffee,2
T006549,Flour,2
T006549,Beef,1
T006550,Sugar,1
T006550,Pasta,4
T006550,Beef,4
T006550,Flour,4
T006550,Coffee,2
T006550,Tomatoes,1
T006551,Sugar,2
T006551,Tea,2
T006551,Pasta,4
T006551,Flour,3
T006551,Bananas,4
T006551,Tomatoes,2
T006551,Bread,4
T006551,Onions,2
T006552,Flour,2
T006553,Butter,3
T006553,Eggs,1
T006553,Bread,3
T006554,Cheese,4
T006554,Eggs,1
T006554,Butter,2
T006554,Pasta,2
T006554,Yogurt,2
T006554,Milk,1
T006554,Flour,1
T006554,Coffee,3
T006554,Bread,3
T006554,Onions,2
T006555,Beef,1
T006556,Apples,1
T006556,Cheese,2
T006556,Pasta,4
T006556,Tomatoes,2
T006556,Onions,3
T006557,Sugar,4
T006557,Eggs,2
T006557,Butter,3
T006557,Orange Juice,1
T006557,Yogurt,1
T006557,Milk,3
T006557,Flour,1
T006557,Coffee,1
T006557,Bread,2
T006558,Sugar,4
T006558,Eggs,1
T006558,Butter,2
T006558,Yogurt,4
T006558,Milk,4
T006558,Chicken,3
T006558,Coffee,4
T006558,Bread,4
T006558,Tomatoes,2
T006559,Apples,1
T006559,Eggs,3
T006560,Cheese,4
T006560,Eggs,3
T006560,Yogurt,1
T006560,Pasta,4
T006560,Beef,4
T006560,Bananas,4
T006560,Tomatoes,1
T006561,Cheese,4
T006561,Eggs,2
T006561,Tea,1
T006561,Beef,1
T006561,Tomatoes,3
T006561,Bread,3
T006562,Bananas,1
T006562,Onions,2
T006562,Beef,1
T006562,Milk,1
T006563,Flour,3
T006563,Apples,3
T006563,Chicken,2
T006563,Beef,1
T006564,Apples,1
T006564,Cheese,4
T006564,Eggs,1
T006564,Orange Juice,4
T006564,Beef,2
T006564,Flour,4
T006565,Apples,2
T006565,Butter,4
T006565,Rice,2
T006565,Milk,3
T006565,Bananas,3
T006565,Tomatoes,4
T006565,Bread,1
T006566,Sugar,3
T006566,Butter,4
T006566,Orange Juice,4
T006566,Tea,3
T006566,Pasta,2
T006566,Milk,3
T006566,Chicken,4
T006566,Coffee,2
T006566,Onions,1
T006567,Flour,4
T006567,Chicken,1
T006567,Yogurt,1
T006567,Tea,4
T006568,Sugar,3
T006568,Beef,2
T006569,Eggs,3
T006569,Butter,4
T006569,Rice,1
T006569,Milk,1
T006569,Flour,2
T006569,Bread,3
T006570,Apples,1
T006570,Cheese,2
T006570,Sugar,2
T006570,Pasta,2
T006571,Butter,3
T006571,Eggs,4
T006571,Bread,3
T006571,Milk,4
T006572,Cheese,3
T006572,Eggs,4
T006572,Tea,3
T006572,Pasta,1
T006572,Rice,2
T006572,Bread,2
T006572,Onions,4
T006573,Cheese,3
T006573,Sugar,3
T006573,Butter,3
T006573,Eggs,4
T006573,Rice,3
T006573,Milk,4
T006573,Bananas,3
T006573,Coffee,4
T006573,Bread,1
T006574,Eggs,3
T006574,Orange Juice,2
T006574,Milk,3
T006574,Flour,1
T006574,Coffee,4
T006574,Bread,1
T006574,Onions,4
T006575,Cheese,3
T006575,Sugar,1
T006575,Rice,1
T006575,Chicken,1
T006575,Beef,1
T006575,Onions,4
T006576,Flour,1
T006576,Tomatoes,1
T006577,Bananas,2
T006577,Sugar,1
T006577,Tomatoes,1
T006577,Yogurt,2
T006578,Bananas,1
T006578,Tea,1
T006578,Beef,3
T006578,Onions,4
T006579,Coffee,2
T006579,Eggs,4
T006579,Bread,1
T006579,Butter,4
T006580,Butter,3
T006580,Tea,2
T006580,Pasta,1
T006580,Milk,3
T006580,Beef,1
T006580,Tomatoes,3
T006580,Onions,3
T006581,Eggs,1
T006581,Pasta,3
T006581,Chicken,4
T006581,Bananas,2
T006581,Tomatoes,2
T006581,Onions,3
T006582,Chicken,3
T006582,Butter,2
T006582,Pasta,3
T006582,Onions,1
T006583,Cheese,2
T006583,Sugar,3
T006583,Pasta,4
T006583,Coffee,3
T006583,Onions,3
T006584,Flour,3
T006584,Cheese,3
T006584,Chicken,1
T006584,Butter,4
T006585,Eggs,1
T006585,Butter,1
T006585,Orange Juice,4
T006585,Tea,3
T006585,Rice,2
T006585,Milk,4
T006585,Bananas,2
T006585,Bread,3
T006586,Eggs,3
T006586,Butter,1
T006586,Pasta,4
T006586,Chicken,3
T006586,Beef,4
T006586,Bananas,4
T006586,Tomatoes,1
T006586,Onions,4
T006587,Cheese,2
T006588,Apples,1
T006588,Orange Juice,3
T006588,Chicken,4
T006588,Flour,2
T006588,Onions,1
T006589,Cheese,4
T006589,Eggs,2
T006589,Butter,4
T006589,Rice,2
T006589,Flour,2
T006589,Coffee,1
T006589,Bread,1
T006589,Onions,3
T006590,Sugar,3
T006591,Flour,4
T006591,Onions,4
T006592,Sugar,3
T006592,Eggs,1
T006592,Butter,3
T006592,Orange Juice,1
T006592,Rice,2
T006592,Milk,3
T006592,Beef,1
T006592,Coffee,2
T006592,Bread,3
T006592,Onions,4
T006593,Yogurt,2
T006593,Tea,3
T006594,Cheese,2
T006594,Rice,4
T006595,Cheese,2
T006595,Sugar,2
T006595,Tea,4
T006595,Rice,4
T006595,Milk,4
T006595,Beef,1
T006595,Coffee,2
T006595,Onions,2
T006596,Flour,4
T006596,Butter,4
T006596,Pasta,2
T006596,Onions,3
T006597,Apples,3
T006597,Cheese,2
T006597,Eggs,4
T006597,Butter,2
T006597,Tea,4
T006597,Chicken,4
T006597,Flour,2
T006597,Bread,4
T006598,Eggs,2
T006598,Butter,1
T006598,Rice,4
T006598,Beef,4
T006598,Flour,2
T006598,Bananas,4
T006598,Tomatoes,2
T006598,Bread,2
T006599,Eggs,4
T006599,Orange Juice,3
T006599,Pasta,4
T006599,Chicken,2
T006599,Beef,2
T006599,Bread,4
T006599,Onions,3
T006600,Bananas,2
T006600,Coffee,1
T006600,Milk,4
T006601,Sugar,1
T006601,Yogurt,3
T006601,Milk,2
T006601,Beef,2
T006601,Flour,1
T006601,Bananas,3
T006601,Coffee,1
T006601,Tomatoes,1
T006601,Onions,1
T006602,Eggs,3
T006602,Pasta,3
T006603,Apples,2
T006603,Eggs,4
T006603,Butter,4
T006603,Pasta,1
T006603,Bananas,1
T006603,Tomatoes,4
T006603,Bread,1
T006604,Apples,4
T006604,Eggs,2
T006604,Butter,4
T006604,Orange Juice,2
T006604,Rice,1
T006604,Bananas,4
T006604,Bread,2
T006605,Apples,2
T006605,Eggs,3
T006605,Butter,1
T006605,Tea,2
T006605,Milk,3
T006605,Tomatoes,2
T006606,Cheese,2
T006606,Butter,3
T006606,Rice,4
T006606,Milk,1
T006606,Coffee,1
T006606,Bread,1
T006607,Pasta,4
T006607,Cheese,3
T006607,Rice,2
T006607,Onions,3
T006608,Sugar,1
T006608,Eggs,4
T006608,Butter,2
T006608,Cheese,3
T006608,Onions,4
T006609,Eggs,4
T006609,Butter,1
T006609,Orange Juice,1
T006609,Tea,1
T006609,Pasta,1
T006609,Milk,3
T006609,Chicken,2
T006609,Onions,2
T006610,Apples,3
T006610,Sugar,1
T006610,Eggs,2
T006610,Orange Juice,2
T006610,Bananas,2
T006610,Coffee,1
T006610,Onions,1
T006611,Eggs,2
T006611,Butter,4
T006611,Yogurt,2
T006611,Pasta,2
T006611,Tomatoes,2
T006611,Bread,2
T006611,Onions,4
T006612,Bananas,2
T006612,Eggs,3
T006612,Butter,2
T006612,Milk,4
T006613,Apples,1
T006613,Tea,1
T006613,Rice,4
T006613,Milk,1
T006613,Beef,3
T006613,Bread,3
T006614,Sugar,3
T006614,Eggs,2
T006614,Butter,1
T006614,Orange Juice,4
T006614,Tea,4
T006614,Pasta,3
T006614,Milk,1
T006614,Coffee,1
T006614,Bread,2
T006614,Tomatoes,4
T006615,Beef,3
T006615,Tea,4
T006616,Eggs,2
T006616,Butter,4
T006616,Pasta,4
T006616,Beef,2
T006616,Bread,2
T006617,Apples,3
T006617,Cheese,3
T006617,Eggs,3
T006617,Butter,4
T006617,Tea,3
T006617,Chicken,1
T006617,Tomatoes,2
T006618,Apples,4
T006618,Eggs,4
T006618,Butter,4
T006618,Orange Juice,4
T006618,Rice,2
T006618,Milk,1
T006618,Pasta,1
T006618,Beef,1
T006618,Tomatoes,3
T006618,Bread,3
T006619,Cheese,4
T006619,Eggs,1
T006619,Butter,1
T006619,Tea,3
T006619,Rice,3
T006619,Milk,2
T006619,Chicken,1
T006619,Bread,3
T006620,Sugar,1
T006621,Sugar,4
T006621,Tea,2
T006621,Milk,1
T006621,Flour,2
T006621,Coffee,1
T006621,Onions,2
T006622,Sugar,1
T006622,Eggs,2
T006622,Butter,3
T006622,Orange Juice,2
T006622,Tea,3
T006622,Yogurt,4
T006622,Milk,3
T006622,Bread,3
T006623,Sugar,1
T006623,Eggs,3
T006623,Butter,2
T006623,Orange Juice,3
T006623,Coffee,1
T006623,Bread,4
T006623,Onions,3
T006624,Sugar,2
T006624,Eggs,3
T006624,Butter,1
T006624,Orange Juice,3
T006624,Pasta,4
T006624,Flour,3
T006624,Coffee,3
T006624,Bread,1
T006624,Onions,1
T006625,Sugar,1
T006625,Eggs,3
T006625,Butter,3
T006625,Yogurt,4
T006625,Milk,2
T006625,Beef,2
T006625,Bread,2
T006625,Onions,2
T006626,Chicken,4
T006626,Beef,2
T006626,Onions,1
T006627,Butter,2
T006627,Orange Juice,2
T006628,Apples,4
T006628,Bananas,4
T006628,Coffee,4
T006628,Milk,3
T006629,Eggs,1
T006629,Pasta,4
T006629,Rice,1
T006629,Chicken,2
T006629,Onions,3
T006630,Apples,1
T006630,Sugar,1
T006630,Butter,3
T006630,Orange Juice,3
T006630,Milk,1
T006630,Coffee,2
T006630,Onions,4
T006631,Tomatoes,4
T006632,Apples,4
T006632,Cheese,2
T006632,Eggs,4
T006632,Orange Juice,1
T006632,Onions,4
T006633,Apples,4
T006633,Yogurt,1
T006633,Orange Juice,1
T006633,Rice,1
T006634,Cheese,1
T006634,Yogurt,2
T006634,Orange Juice,2
T006634,Rice,3
T006635,Butter,4
T006636,Eggs,2
T006636,Beef,2
T006637,Cheese,4
T006637,Sugar,1
T006637,Milk,4
T006637,Chicken,4
T006637,Coffee,2
T006638,Cheese,4
T006638,Sugar,1
T006638,Butter,3
T006638,Beef,4
T006638,Coffee,1
T006638,Tomatoes,2
T006639,Chicken,3
T006639,Orange Juice,3
T006639,Tea,2
T006640,Coffee,2
T006640,Sugar,3
T006640,Orange Juice,3
T006640,Tea,4
T006640,Milk,1
T006640,Tomatoes,1
T006641,Tomatoes,2
T006641,Butter,1
T006641,Pasta,1
T006641,Onions,2
T006642,Eggs,4
T006642,Bread,3
T006642,Milk,2
T006643,Apples,4
T006643,Eggs,1
T006643,Butter,3
T006643,Yogurt,4
T006643,Milk,1
T006643,Chicken,2
T006643,Onions,2
T006644,Beef,4
T006645,Eggs,3
T006645,Beef,2
T006646,Sugar,4
T006646,Bread,2
T006647,Cheese,1
T006647,Eggs,4
T006647,Pasta,2
T006647,Milk,4
T006647,Coffee,4
T006647,Onions,1
T006648,Eggs,4
T006648,Butter,1
T006648,Orange Juice,4
T006648,Yogurt,2
T006648,Chicken,4
T006648,Flour,3
T006648,Bananas,3
T006648,Bread,4
T006649,Sugar,4
T006649,Eggs,1
T006649,Butter,4
T006649,Rice,4
T006649,Milk,4
T006649,Chicken,1
T006649,Beef,1
T006649,Coffee,4
T006649,Bread,4
T006649,Tomatoes,1
T006650,Butter,3
T006650,Pasta,1
T006650,Bananas,1
T006650,Bread,2
T006650,Onions,3
T006651,Coffee,1
T006651,Butter,1
T006651,Sugar,1
T006651,Milk,1
T006652,Butter,4
T006652,Beef,3
T006653,Sugar,1
T006653,Eggs,4
T006653,Butter,1
T006653,Orange Juice,1
T006653,Tea,1
T006653,Milk,1
T006653,Flour,3
T006653,Coffee,4
T006653,Bread,3
T006654,Apples,3
T006655,Sugar,3
T006655,Eggs,4
T006655,Milk,3
T006655,Chicken,4
T006655,Coffee,4
T006656,Bananas,3
T006656,Onions,3
T006656,Tea,1
T006657,Apples,4
T006657,Eggs,4
T006657,Butter,2
T006657,Milk,1
T006657,Chicken,2
T006657,Beef,3
T006657,Bread,3
T006657,Onions,2
T006658,Beef,1
T006658,Sugar,4
T006658,Orange Juice,3
T006658,Yogurt,3
T006659,Tomatoes,3
T006659,Yogurt,2
T006659,Pasta,2
T006660,Apples,3
T006660,Eggs,1
T006660,Butter,2
T006660,Milk,1
T006660,Bananas,4
T006660,Bread,2
T006661,Cheese,3
T006661,Eggs,4
T006661,Butter,4
T006661,Sugar,3
T006661,Milk,2
T006661,Coffee,3
T006661,Tomatoes,1
T006661,Onions,1
T006662,Cheese,3
T006662,Eggs,3
T006662,Orange Juice,1
T006662,Rice,4
T006662,Yogurt,2
T006662,Onions,2
T006663,Sugar,3
T006663,Eggs,2
T006663,Cheese,1
T006663,Orange Juice,2
T006663,Butter,1
T006663,Coffee,4
T006663,Bread,2
T006663,Onions,2
T006664,Sugar,1
T006664,Eggs,4
T006664,Butter,1
T006664,Orange Juice,4
T006664,Milk,1
T006664,Bread,4
T006664,Onions,4
T006665,Apples,2
T006665,Eggs,2
T006665,Tea,2
T006665,Flour,2
T006665,Onions,3
T006666,Apples,3
T006666,Bread,4
T006666,Beef,3
T006667,Apples,4
T006667,Cheese,4
T006667,Sugar,4
T006667,Eggs,1
T006667,Tea,3
T006667,Pasta,1
T006667,Milk,2
T006667,Bread,3
T006667,Onions,3
T006668,Apples,2
T006668,Eggs,3
T006668,Butter,3
T006668,Yogurt,4
T006668,Milk,2
T006668,Bread,4
T006669,Flour,3
T006669,Orange Juice,2
T006669,Tea,4
T006670,Butter,4
T006671,Apples,2
T006671,Sugar,3
T006671,Cheese,2
T006671,Butter,2
T006671,Eggs,1
T006671,Bread,2
T006672,Sugar,3
T006672,Cheese,4
T006672,Yogurt,1
T006672,Rice,3
T006672,Chicken,2
T006673,Eggs,3
T006673,Butter,1
T006673,Orange Juice,3
T006673,Pasta,1
T006673,Milk,2
T006673,Chicken,4
T006673,Flour,1
T006673,Bananas,1
T006673,Bread,1
T006673,Onions,2
T006674,Cheese,3
T006674,Eggs,2
T006674,Orange Juice,2
T006674,Tea,2
T006674,Yogurt,3
T006674,Bananas,3
T006674,Tomatoes,4
T006674,Bread,2
T006675,Sugar,4
T006675,Eggs,3
T006675,Butter,3
T006675,Rice,3
T006675,Milk,2
T006675,Beef,1
T006675,Bananas,4
T006675,Coffee,2
T006675,Bread,4
T006676,Bananas,4
T006676,Rice,2
T006677,Sugar,4
T006677,Eggs,4
T006677,Butter,2
T006677,Pasta,4
T006677,Yogurt,4
T006677,Milk,4
T006677,Rice,1
T006677,Bananas,1
T006677,Coffee,3
T006677,Tomatoes,4
T006677,Onions,4
T006678,Apples,4
T006678,Rice,1
T006678,Flour,2
T006679,Eggs,4
T006679,Orange Juice,1
T006679,Tea,3
T006679,Milk,3
T006679,Bread,2
T006680,Chicken,4
T006681,Apples,1
T006681,Orange Juice,3
T006681,Chicken,3
T006681,Bananas,3
T006681,Tomatoes,3
T006681,Onions,1
T006682,Cheese,1
T006682,Orange Juice,3
T006682,Tea,2
T006682,Pasta,1
T006682,Tomatoes,4
T006682,Onions,1
T006683,Butter,3
T006683,Milk,3
T006683,Beef,3
T006683,Flour,1
T006683,Bananas,1
T006684,Bananas,3
T006685,Flour,4
T006685,Rice,2
T006685,Yogurt,4
T006685,Apples,4
T006686,Flour,3
T006686,Sugar,2
T006686,Beef,1
T006687,Cheese,1
T006687,Eggs,1
T006687,Butter,2
T006687,Yogurt,3
T006687,Milk,3
T006687,Chicken,1
T006687,Beef,1
T006687,Flour,2
T006688,Apples,2
T006688,Beef,3
T006688,Yogurt,4
T006689,Tomatoes,3
T006689,Butter,3
T006689,Cheese,3
T006689,Beef,1
T006690,Tomatoes,2
T006690,Eggs,2
T006690,Bread,2
T006690,Pasta,2
T006691,Coffee,2
T006691,Rice,4
T006691,Milk,1
T006691,Flour,2
T006691,Tomatoes,3
T006691,Bread,4
T006692,Apples,2
T006692,Sugar,3
T006692,Orange Juice,1
T006692,Rice,2
T006692,Milk,2
T006692,Coffee,2
T006693,Eggs,2
T006693,Butter,1
T006693,Pasta,2
T006693,Flour,2
T006693,Tomatoes,4
T006693,Bread,1
T006693,Onions,2
T006694,Cheese,3
T006694,Yogurt,1
T006695,Sugar,2
T006695,Eggs,3
T006695,Butter,3
T006695,Milk,3
T006695,Bread,3
T006696,Sugar,4
T006696,Pasta,4
T006696,Chicken,3
T006696,Beef,1
T006696,Flour,3
T006696,Tomatoes,2
T006696,Onions,3
T006697,Apples,1
T006698,Butter,1
T006698,Eggs,1
T006698,Bread,2
T006698,Milk,1
T006699,Eggs,2
T006699,Butter,4
T006699,Tea,4
T006699,Flour,4
T006699,Bread,1
T006700,Bananas,1
T006700,Pasta,4
T006701,Tomatoes,4
T006701,Pasta,2
T006701,Onions,4
T006702,Cheese,3
T006702,Sugar,2
T006702,Butter,3
T006702,Eggs,1
T006702,Milk,4
T006702,Coffee,3
T006703,Orange Juice,3
T006703,Tea,3
T006703,Beef,4
T006703,Flour,1
T006703,Onions,2
T006704,Cheese,3
T006704,Eggs,1
T006704,Bread,3
T006705,Eggs,2
T006706,Cheese,3
T006706,Tea,1
T006706,Yogurt,1
T006706,Pasta,1
T006706,Beef,4
T006706,Bananas,1
T006706,Coffee,3
T006706,Tomatoes,4
T006707,Sugar,4
T006707,Eggs,2
T006707,Tea,2
T006707,Rice,2
T006707,Milk,4
T006707,Beef,2
T006707,Flour,1
T006707,Bread,4
T006708,Rice,4
T006709,Yogurt,1
T006710,Flour,3
T006710,Sugar,2
T006710,Tea,3
T006711,Tomatoes,4
T006712,Chicken,4
T006712,Rice,3
T006712,Tea,1
T006713,Apples,2
T006714,Sugar,2
T006714,Eggs,4
T006714,Yogurt,3
T006714,Bananas,4
T006714,Tomatoes,3
T006715,Apples,3
T006715,Butter,3
T006715,Orange Juice,1
T006715,Pasta,1
T006715,Milk,4
T006715,Chicken,1
T006715,Bananas,4
T006715,Tomatoes,3
T006715,Bread,2
T006715,Onions,3
T006716,Apples,1
T006716,Eggs,1
T006716,Butter,1
T006716,Yogurt,2
T006716,Bread,3
T006717,Flour,2
T006717,Apples,3
T006717,Pasta,4
T006717,Onions,3
T006718,Sugar,1
T006718,Eggs,4
T006718,Butter,1
T006718,Orange Juice,1
T006718,Pasta,1
T006718,Beef,2
T006718,Flour,2
T006718,Coffee,3
T006718,Bread,3
T006718,Tomatoes,4
T006719,Eggs,3
T006719,Tea,3
T006719,Rice,2
T006719,Pasta,4
T006719,Coffee,3
T006719,Bread,2
T006719,Tomatoes,4
T006719,Onions,4
T006720,Coffee,4
T006720,Milk,3
T006720,Orange Juice,3
T006720,Tea,3
T006721,Eggs,2
T006721,Bread,4
T006722,Cheese,4
T006723,Sugar,3
T006723,Eggs,4
T006723,Butter,3
T006723,Rice,3
T006723,Milk,2
T006723,Beef,1
T006723,Coffee,2
T006723,Bread,2
T006724,Orange Juice,1
T006725,Eggs,2
T006725,Butter,2
T006725,Tea,1
T006725,Pasta,1
T006725,Tomatoes,4
T006725,Bread,1
T006725,Onions,4
T006726,Butter,2
T006726,Bread,4
T006726,Onions,3
T006727,Tomatoes,1
T006727,Yogurt,2
T006727,Beef,4
T006727,Tea,1
T006728,Apples,2
T006728,Rice,3
T006729,Sugar,1
T006729,Orange Juice,1
T006729,Yogurt,2
T006729,Tea,2
T006730,Apples,2
T006730,Sugar,3
T006730,Butter,3
T006730,Chicken,1
T006730,Beef,3
T006730,Tomatoes,3
T006730,Onions,2
T006731,Yogurt,3
T006732,Eggs,1
T006732,Rice,4
T006733,Sugar,2
T006733,Butter,4
T006733,Milk,1
T006733,Chicken,4
T006733,Coffee,2
T006734,Bananas,3
T006734,Onions,4
T006735,Cheese,4
T006735,Eggs,1
T006735,Orange Juice,3
T006735,Yogurt,4
T006735,Pasta,2
T006735,Bananas,1
T006735,Bread,1
T006735,Onions,2
T006736,Chicken,4
T006736,Sugar,4
T006736,Tomatoes,4
T006737,Eggs,4
T006737,Bread,3
T006737,Rice,3
T006737,Onions,4
T006738,Sugar,2
T006738,Orange Juice,2
T006738,Tea,1
T006738,Yogurt,2
T006738,Tomatoes,1
T006738,Bread,2
T006738,Onions,1
T006739,Butter,2
T006739,Yogurt,3
T006739,Chicken,1
T006739,Beef,1
T006739,Tomatoes,2
T006739,Bread,2
T006739,Onions,4
T006740,Apples,4
T006740,Cheese,1
T006740,Eggs,3
T006740,Butter,2
T006740,Yogurt,2
T006740,Bread,1
T006741,Tomatoes,2
T006741,Cheese,3
T006741,Orange Juice,3
T006741,Yogurt,2
T006742,Bananas,2
T006742,Sugar,4
T006742,Tomatoes,2
T006742,Cheese,2
T006743,Cheese,1
T006743,Eggs,1
T006743,Milk,3
T006743,Chicken,1
T006743,Beef,1
T006743,Flour,2
T006743,Coffee,1
T006743,Bread,4
T006744,Coffee,1
T006744,Cheese,3
T006744,Onions,1
T006745,Eggs,2
T006745,Butter,1
T006745,Orange Juice,2
T006745,Rice,3
T006745,Milk,2
T006745,Beef,3
T006745,Flour,4
T006745,Bananas,2
T006745,Bread,1
T006746,Cheese,4
T006746,Sugar,3
T006746,Beef,1
T006747,Sugar,4
T006747,Butter,2
T006747,Yogurt,4
T006747,Chicken,1
T006747,Flour,1
T006747,Bread,2
T006747,Onions,3
T006748,Bananas,4
T006748,Cheese,3
T006748,Onions,3
T006749,Cheese,4
T006749,Orange Juice,4
T006749,Pasta,2
T006749,Milk,4
T006749,Chicken,4
T006749,Beef,1
T006749,Tomatoes,1
T006750,Bananas,2
T006750,Butter,1
T006750,Orange Juice,2
T006750,Yogurt,2
T006751,Cheese,3
T006751,Butter,1
T006751,Rice,1
T006751,Yogurt,3
T006751,Chicken,3
T006751,Flour,4
T006751,Tomatoes,2
T006752,Apples,1
T006752,Eggs,1
T006752,Bread,1
T006752,Milk,1
T006753,Coffee,1
T006753,Sugar,4
T006753,Orange Juice,1
T006753,Tea,2
T006753,Rice,3
T006753,Pasta,1
T006753,Yogurt,4
T006753,Milk,1
T006753,Tomatoes,1
T006753,Onions,3
T006754,Coffee,3
T006754,Sugar,4
T006754,Tea,2
T006754,Yogurt,2
T006754,Milk,2
T006754,Tomatoes,4
T006754,Onions,1
T006755,Butter,3
T006755,Orange Juice,3
T006755,Onions,1
T006756,Apples,2
T006756,Sugar,3
T006756,Eggs,4
T006756,Yogurt,3
T006756,Milk,2
T006756,Chicken,1
T006756,Beef,4
T006756,Coffee,4
T006757,Sugar,3
T006757,Butter,3
T006757,Tea,1
T006757,Chicken,1
T006757,Beef,3
T006757,Coffee,2
T006758,Apples,4
T006758,Pasta,2
T006758,Rice,4
T006758,Beef,2
T006758,Tomatoes,3
T006758,Bread,4
T006759,Eggs,4
T006759,Rice,3
T006760,Sugar,1
T006760,Eggs,3
T006760,Rice,1
T006760,Milk,3
T006760,Beef,2
T006760,Bananas,4
T006760,Tomatoes,4
T006761,Apples,4
T006761,Orange Juice,4
T006761,Yogurt,2
T006762,Butter,4
T006763,Sugar,2
T006763,Eggs,2
T006763,Cheese,2
T006763,Milk,1
T006763,Coffee,2
T006764,Butter,4
T006764,Eggs,4
T006764,Bread,4
T006765,Cheese,1
T006765,Yogurt,2
T006766,Eggs,1
T006766,Butter,1
T006766,Rice,1
T006766,Yogurt,2
T006766,Milk,4
T006766,Tomatoes,4
T006766,Bread,1
T006766,Onions,3
T006767,Bananas,1
T006768,Bananas,2
T006768,Sugar,1
T006768,Onions,3
T006769,Cheese,1
T006769,Eggs,3
T006769,Butter,1
T006769,Tea,1
T006769,Milk,1
T006769,Beef,4
T006769,Flour,4
T006769,Tomatoes,1
T006769,Bread,3
T006770,Chicken,2
T006770,Tomatoes,3
T006770,Sugar,1
T006770,Beef,2
T006771,Sugar,2
T006771,Eggs,4
T006771,Butter,1
T006771,Orange Juice,2
T006771,Pasta,2
T006771,Milk,1
T006771,Beef,3
T006771,Bananas,2
T006771,Coffee,1
T006771,Tomatoes,1
T006771,Onions,1
T006772,Apples,1
T006772,Rice,1
T006773,Butter,1
T006773,Beef,3
T006773,Milk,2
T006774,Sugar,3
T006774,Butter,1
T006774,Beef,3
T006774,Onions,4
T006775,Chicken,1
T006775,Sugar,4
T006775,Tea,3
T006776,Eggs,1
T006776,Butter,4
T006776,Orange Juice,3
T006776,Milk,3
T006776,Bread,2
T006776,Onions,2
T006777,Pasta,3
T006777,Onions,2
T006778,Flour,3
T006778,Bananas,2
T006778,Orange Juice,4
T006778,Yogurt,1
T006779,Chicken,4
T006779,Flour,4
T006780,Flour,1
T006780,Apples,1
T006781,Beef,2
T006781,Yogurt,3
T006782,Sugar,4
T006782,Butter,4
T006782,Milk,2
T006782,Chicken,4
T006782,Coffee,4
T006782,Bread,3
T006783,Tomatoes,4
T006783,Bread,2
T006784,Bananas,1
T006784,Butter,3
T006784,Orange Juice,2
T006784,Tea,1
T006785,Cheese,1
T006786,Sugar,2
T006786,Eggs,1
T006786,Butter,1
T006786,Tea,2
T006786,Rice,1
T006786,Beef,3
T006786,Tomatoes,2
T006786,Bread,3
T006787,Apples,2
T006787,Rice,3
T006787,Yogurt,4
T006787,Chicken,4
T006787,Bananas,3
T006787,Onions,4
T006788,Apples,2
T006788,Sugar,4
T006788,Eggs,1
T006788,Yogurt,4
T006788,Milk,3
T006788,Flour,3
T006788,Bananas,3
T006788,Coffee,2
T006789,Eggs,1
T006789,Yogurt,4
T006789,Beef,2
T006789,Flour,3
T006789,Bananas,1
T006789,Coffee,3
T006789,Onions,3
T006790,Cheese,2
T006790,Eggs,1
T006790,Butter,3
T006790,Yogurt,3
T006790,Milk,4
T006790,Tomatoes,3
T006790,Bread,3
T006791,Eggs,3
T006791,Orange Juice,1
T006791,Milk,1
T006792,Apples,4
T006792,Tomatoes,1
T006792,Milk,4
T006792,Tea,1
T006793,Sugar,3
T006793,Eggs,3
T006793,Orange Juice,4
T006793,Rice,3
T006793,Milk,3
T006793,Pasta,1
T006793,Beef,4
T006793,Tomatoes,4
T006793,Bread,4
T006793,Onions,3
T006794,Tomatoes,2
T006794,Butter,4
T006794,Yogurt,4
T006794,Tea,4
T006795,Eggs,4
T006795,Butter,3
T006795,Tea,4
T006795,Milk,4
T006795,Tomatoes,4
T006795,Onions,1
T006796,Bread,4
T006796,Orange Juice,1
T006796,Beef,4
T006797,Eggs,2
T006797,Yogurt,1
T006797,Pasta,1
T006797,Chicken,2
T006797,Tomatoes,1
T006797,Bread,3
T006797,Onions,4
T006798,Eggs,4
T006799,Yogurt,2
T006799,Onions,2
T006800,Cheese,1
T006800,Rice,1
T006800,Beef,4
T006800,Flour,4
T006800,Onions,4
T006801,Sugar,2
T006801,Eggs,2
T006801,Butter,3
T006801,Rice,1
T006801,Bananas,1
T006801,Tomatoes,4
T006801,Onions,3
T006802,Butter,2
T006802,Orange Juice,2
T006802,Tea,3
T006802,Chicken,2
T006802,Bananas,3
T006802,Tomatoes,4
T006802,Onions,3
T006803,Tomatoes,4
T006803,Eggs,3
T006804,Beef,3
T006804,Butter,2
T006804,Rice,3
T006805,Apples,3
T006805,Sugar,3
T006805,Tea,3
T006805,Yogurt,2
T006805,Pasta,1
T006805,Coffee,2
T006805,Tomatoes,2
T006805,Onions,1
T006806,Apples,1
T006806,Eggs,2
T006806,Rice,2
T006806,Flour,3
T006806,Bread,3
T006807,Rice,2
T006807,Pasta,1
T006807,Flour,2
T006807,Bananas,2
T006807,Tomatoes,4
T006807,Onions,2
T006808,Cheese,2
T006808,Orange Juice,1
T006808,Chicken,4
T006808,Flour,1
T006808,Bananas,2
T006808,Tomatoes,2
T006809,Apples,3
T006809,Tomatoes,3
T006809,Orange Juice,2
T006810,Apples,3
T006810,Orange Juice,2
T006810,Chicken,2
T006810,Tomatoes,3
T006810,Onions,4
T006811,Sugar,2
T006811,Butter,2
T006811,Yogurt,1
T006811,Milk,4
T006811,Chicken,1
T006811,Coffee,3
T006811,Bread,4
T006812,Apples,3
T006812,Eggs,4
T006812,Tea,4
T006812,Rice,1
T006812,Flour,3
T006812,Bananas,4
T006813,Sugar,4
T006813,Butter,2
T006813,Tea,4
T006813,Milk,4
T006813,Beef,3
T006813,Coffee,4
T006814,Flour,1
T006814,Yogurt,4
T006815,Tomatoes,4
T006816,Bananas,1
T006816,Eggs,3
T006816,Milk,1
T006817,Cheese,2
T006817,Onions,2
T006818,Cheese,2
T006818,Eggs,1
T006818,Butter,2
T006818,Milk,2
T006818,Flour,1
T006818,Coffee,1
T006818,Bread,3
T006819,Eggs,1
T006819,Rice,3
T006819,Milk,3
T006819,Chicken,2
T006819,Beef,2
T006819,Flour,2
T006819,Coffee,1
T006819,Onions,2
T006820,Eggs,1
T006820,Butter,2
T006820,Pasta,3
T006820,Milk,3
T006820,Tomatoes,1
T006820,Onions,2
T006821,Sugar,2
T006821,Butter,1
T006821,Tea,2
T006821,Yogurt,3
T006821,Pasta,2
T006821,Milk,2
T006821,Coffee,1
T006821,Onions,1
T006822,Eggs,2
T006822,Onions,4
T006823,Apples,2
T006823,Sugar,3
T006823,Butter,2
T006823,Tea,2
T006823,Milk,1
T006823,Bananas,3
T006823,Coffee,1
T006823,Bread,4
T006823,Tomatoes,1
T006824,Tomatoes,4
T006824,Butter,2
T006824,Beef,4
T006825,Bananas,1
T006825,Cheese,2
T006825,Butter,2
T006826,Tomatoes,2
T006826,Pasta,2
T006827,Chicken,4
T006827,Apples,3
T006828,Sugar,4
T006828,Eggs,3
T006828,Cheese,4
T006828,Butter,2
T006828,Milk,4
T006828,Bread,3
T006829,Eggs,3
T006829,Orange Juice,1
T006829,Milk,3
T006829,Chicken,2
T006829,Beef,4
T006829,Tomatoes,2
T006829,Bread,4
T006829,Onions,1
T006830,Sugar,4
T006830,Eggs,4
T006830,Tea,3
T006830,Bananas,4
T006830,Bread,1
T006831,Yogurt,1
T006831,Tea,1
T006832,Butter,2
T006832,Eggs,2
T006832,Bread,1
T006832,Orange Juice,2
T006833,Bananas,3
T006833,Orange Juice,2
T006834,Pasta,3
T006834,Onions,3
T006835,Sugar,3
T006835,Eggs,1
T006835,Butter,1
T006835,Orange Juice,2
T006835,Pasta,1
T006835,Beef,3
T006835,Tomatoes,2
T006835,Bread,2
T006835,Onions,4
T006836,Cheese,4
T006836,Sugar,1
T006836,Milk,1
T006836,Flour,2
T006836,Coffee,2
T006836,Onions,2
T006837,Apples,3
T006837,Cheese,3
T006837,Rice,2
T006837,Bananas,3
T006837,Onions,2
T006838,Eggs,4
T006839,Apples,3
T006839,Eggs,3
T006839,Butter,3
T006839,Yogurt,1
T006839,Rice,2
T006839,Bananas,4
T006839,Tomatoes,3
T006839,Bread,2
T006840,Flour,2
T006840,Butter,4
T006840,Eggs,2
T006840,Bread,4
T006841,Apples,4
T006841,Orange Juice,4
T006842,Apples,4
T006842,Sugar,2
T006842,Butter,4
T006842,Orange Juice,3
T006842,Pasta,3
T006842,Milk,4
T006842,Beef,3
T006842,Coffee,2
T006842,Bread,3
T006842,Tomatoes,4
T006842,Onions,1
T006843,Butter,2
T006843,Orange Juice,4
T006843,Rice,4
T006843,Beef,1
T006843,Flour,4
T006843,Onions,2
T006844,Cheese,4
T006844,Eggs,2
T006844,Butter,4
T006844,Sugar,4
T006844,Yogurt,1
T006844,Milk,4
T006844,Beef,1
T006844,Coffee,3
T006844,Tomatoes,4
T006845,Cheese,4
T006845,Butter,3
T006845,Tea,2
T006845,Yogurt,2
T006845,Milk,2
T006846,Flour,2
T006846,Apples,2
T006846,Bananas,1
T006846,Butter,2
T006847,Sugar,2
T006847,Eggs,3
T006847,Rice,3
T006847,Milk,1
T006847,Flour,1
T006847,Coffee,2
T006847,Bread,3
T006848,Sugar,4
T006849,Butter,4
T006849,Eggs,2
T006849,Bread,4
T006850,Eggs,3
T006850,Butter,3
T006850,Yogurt,1
T006850,Milk,1
T006850,Bananas,3
T006851,Orange Juice,2
T006852,Tomatoes,4
T006852,Eggs,2
T006852,Pasta,4
T006852,Onions,3
T006853,Apples,4
T006853,Butter,2
T006853,Orange Juice,2
T006853,Pasta,1
T006853,Milk,3
T006853,Chicken,1
T006853,Tomatoes,3
T006853,Onions,2
T006854,Sugar,1
T006854,Cheese,2
T006854,Tea,4
T006854,Pasta,4
T006854,Rice,2
T006854,Tomatoes,4
T006855,Coffee,1
T006855,Sugar,1
T006855,Milk,3
T006855,Flour,2
T006855,Tomatoes,1
T006856,Butter,3
T006856,Orange Juice,2
T006856,Rice,3
T006856,Yogurt,3
T006856,Chicken,1
T006856,Beef,4
T006857,Butter,1
T006857,Rice,4
T006857,Pasta,1
T006857,Yogurt,3
T006857,Beef,3
T006857,Bananas,4
T006857,Bread,1
T006857,Onions,4
T006858,Apples,3
T006858,Sugar,4
T006858,Eggs,3
T006858,Cheese,2
T006858,Orange Juice,4
T006858,Chicken,1
T006858,Bread,2
T006859,Cheese,4
T006859,Eggs,1
T006859,Butter,1
T006859,Pasta,3
T006859,Milk,3
T006860,Bananas,2
T006860,Sugar,2
T006860,Tomatoes,1
T006860,Rice,2
T006861,Cheese,2
T006861,Sugar,2
T006861,Tea,2
T006861,Pasta,1
T006861,Onions,1
T006862,Cheese,2
T006862,Eggs,3
T006862,Sugar,4
T006862,Butter,4
T006862,Milk,1
T006862,Coffee,1
T006862,Bread,2
T006863,Apples,4
T006863,Butter,1
T006863,Bread,3
T006863,Rice,4
T006864,Apples,4
T006864,Butter,3
T006864,Chicken,1
T006865,Apples,4
T006865,Cheese,3
T006865,Yogurt,4
T006865,Chicken,3
T006865,Flour,4
T006865,Bananas,4
T006866,Flour,1
T006866,Cheese,4
T006866,Rice,3
T006867,Flour,3
T006867,Bread,3
T006867,Yogurt,4
T006867,Milk,1
T006868,Cheese,3
T006868,Eggs,4
T006868,Butter,4
T006868,Orange Juice,2
T006868,Tea,3
T006868,Rice,1
T006868,Onions,2
T006869,Chicken,2
T006869,Rice,3
T006869,Tea,3
T006870,Chicken,2
T006870,Sugar,2
T006870,Onions,2
T006871,Sugar,3
T006871,Eggs,4
T006871,Orange Juice,1
T006871,Milk,4
T006871,Flour,4
T006871,Coffee,3
T006872,Butter,3
T006872,Chicken,4
T006872,Bananas,2
T006872,Coffee,4
T006872,Bread,3
T006873,Apples,1
T006873,Butter,2
T006873,Yogurt,2
T006873,Rice,4
T006873,Milk,3
T006873,Flour,1
T006873,Coffee,2
T006874,Apples,3
T006874,Bananas,3
T006874,Beef,1
T006874,Tea,3
T006875,Sugar,2
T006875,Eggs,1
T006875,Tea,2
T006875,Pasta,4
T006875,Milk,1
T006875,Beef,3
T006875,Coffee,3
T006875,Bread,1
T006875,Tomatoes,2
T006876,Rice,1
T006877,Sugar,1
T006877,Eggs,2
T006877,Pasta,2
T006877,Coffee,4
T006877,Onions,2
T006878,Cheese,1
T006878,Onions,2
T006878,Rice,1
T006878,Tea,1
T006879,Sugar,2
T006879,Eggs,1
T006879,Milk,1
T006879,Chicken,4
T006879,Beef,1
T006879,Coffee,2
T006879,Bread,4
T006879,Onions,3
T006880,Flour,1
T006880,Eggs,2
T006880,Onions,4
T006880,Tea,4
T006881,Butter,1
T006881,Orange Juice,3
T006881,Rice,1
T006881,Chicken,4
T006881,Bananas,1
T006881,Tomatoes,1
T006882,Pasta,3
T006882,Onions,1
T006883,Apples,1
T006883,Sugar,1
T006883,Eggs,4
T006883,Rice,4
T006883,Pasta,2
T006883,Milk,1
T006883,Coffee,2
T006883,Onions,4
T006884,Cheese,4
T006884,Eggs,2
T006884,Pasta,1
T006884,Chicken,4
T006884,Flour,3
T006884,Tomatoes,2
T006884,Bread,1
T006885,Eggs,4
T006885,Rice,4
T006885,Milk,1
T006885,Flour,1
T006885,Tomatoes,1
T006885,Bread,4
T006885,Onions,1
T006886,Sugar,3
T006886,Yogurt,4
T006886,Bananas,2
T006886,Tomatoes,3
T006886,Onions,3
T006887,Eggs,1
T006887,Orange Juice,4
T006887,Rice,4
T006887,Milk,4
T006888,Apples,2
T006888,Cheese,2
T006888,Eggs,4
T006888,Tea,3
T006888,Onions,4
T006889,Cheese,2
T006889,Eggs,1
T006889,Orange Juice,1
T006889,Milk,2
T006889,Bread,2
T006890,Onions,2
T006891,Eggs,1
T006891,Butter,2
T006891,Pasta,2
T006891,Coffee,1
T006891,Tomatoes,2
T006891,Onions,1
T006892,Flour,3
T006892,Yogurt,2
T006892,Rice,1
T006892,Onions,2
T006893,Eggs,2
T006893,Butter,2
T006893,Orange Juice,3
T006893,Rice,2
T006893,Milk,1
T006893,Bananas,3
T006893,Coffee,2
T006893,Bread,4
T006893,Onions,4
T006894,Eggs,4
T006894,Butter,1
T006894,Tea,2
T006894,Milk,1
T006894,Chicken,1
T006894,Bananas,4
T006894,Bread,4
T006895,Eggs,2
T006895,Butter,1
T006895,Yogurt,2
T006895,Milk,4
T006895,Bread,4
T006896,Eggs,1
T006897,Sugar,1
T006898,Eggs,3
T006898,Chicken,3
T006898,Flour,1
T006898,Bananas,3
T006898,Tomatoes,3
T006898,Onions,2
T006899,Apples,1
T006899,Sugar,2
T006899,Eggs,2
T006899,Butter,3
T006899,Rice,1
T006899,Beef,3
T006899,Bread,3
T006899,Onions,4
T006900,Onions,2
T006900,Beef,2
T006900,Tea,3
T006901,Cheese,1
T006901,Butter,2
T006901,Tea,4
T006901,Beef,3
T006901,Flour,3
T006901,Tomatoes,3
T006901,Onions,4
T006902,Sugar,3
T006902,Eggs,4
T006902,Butter,4
T006902,Pasta,3
T006902,Milk,2
T006902,Beef,2
T006902,Tomatoes,2
T006902,Bread,2
T006902,Onions,3
T006903,Eggs,4
T006903,Orange Juice,1
T006903,Tea,2
T006903,Rice,2
T006903,Flour,1
T006903,Tomatoes,3
T006903,Onions,3
T006904,Bananas,2
T006904,Rice,2
T006905,Cheese,4
T006905,Eggs,2
T006905,Orange Juice,4
T006905,Chicken,4
T006905,Bread,4
T006906,Eggs,2
T006906,Butter,3
T006906,Milk,2
T006906,Chicken,2
T006906,Flour,1
T006906,Bananas,3
T006906,Coffee,4
T006906,Bread,2
T006907,Apples,1
T006907,Pasta,1
T006907,Chicken,4
T006907,Flour,2
T006907,Bananas,1
T006907,Tomatoes,4
T006907,Onions,2
T006908,Orange Juice,3
T006909,Tea,4
T006909,Pasta,4
T006909,Yogurt,4
T006909,Coffee,1
T006909,Tomatoes,2
T006910,Apples,4
T006910,Butter,1
T006910,Tea,2
T006910,Chicken,2
T006910,Bread,4
T006911,Bananas,1
T006911,Tomatoes,2
T006911,Eggs,4
T006911,Orange Juice,3
T006912,Cheese,3
T006912,Tea,4
T006912,Yogurt,3
T006912,Chicken,4
T006912,Beef,4
T006912,Flour,2
T006913,Eggs,2
T006913,Butter,1
T006913,Pasta,2
T006913,Chicken,4
T006913,Beef,4
T006913,Flour,1
T006913,Onions,2
T006914,Cheese,2
T006914,Eggs,3
T006914,Butter,1
T006914,Pasta,2
T006914,Yogurt,1
T006914,Beef,4
T006914,Bananas,1
T006914,Bread,4
T006914,Onions,4
T006915,Apples,1
T006915,Sugar,3
T006915,Eggs,2
T006915,Butter,4
T006915,Tea,1
T006915,Milk,1
T006915,Chicken,2
T006915,Coffee,4
T006916,Cheese,4
T006916,Tomatoes,2
T006916,Pasta,4
T006916,Onions,4
T006917,Rice,4
T006918,Cheese,1
T006918,Orange Juice,4
T006918,Yogurt,2
T006918,Beef,4
T006918,Flour,3
T006918,Bananas,1
T006918,Onions,2
T006919,Orange Juice,4
T006919,Flour,4
T006919,Tomatoes,3
T006919,Bread,3
T006919,Onions,2
T006920,Apples,1
T006920,Tomatoes,4
T006921,Apples,3
T006921,Flour,2
T006921,Tea,1
T006922,Cheese,2
T006922,Butter,1
T006922,Orange Juice,1
T006922,Rice,3
T006923,Cheese,3
T006923,Eggs,3
T006923,Butter,1
T006923,Rice,1
T006923,Milk,2
T006923,Beef,1
T006923,Flour,1
T006923,Bread,3
T006924,Eggs,2
T006924,Tea,2
T006924,Milk,2
T006924,Chicken,3
T006924,Tomatoes,2
T006924,Bread,3
T006925,Sugar,2
T006925,Orange Juice,4
T006925,Tea,4
T006925,Pasta,1
T006925,Bananas,3
T006925,Tomatoes,1
T006925,Onions,4
T006926,Apples,1
T006926,Butter,4
T006926,Orange Juice,1
T006926,Rice,4
T006926,Flour,3
T006926,Onions,2
T006927,Cheese,3
T006927,Butter,3
T006927,Orange Juice,1
T006927,Pasta,1
T006927,Onions,2
T006928,Apples,2
T006928,Sugar,2
T006928,Orange Juice,2
T006928,Pasta,1
T006928,Chicken,3
T006928,Beef,3
T006928,Tomatoes,3
T006929,Bread,4
T006929,Milk,1
T006930,Cheese,1
T006930,Eggs,4
T006930,Butter,3
T006930,Orange Juice,1
T006930,Milk,3
T006930,Flour,2
T006930,Bread,3
T006931,Eggs,1
T006931,Butter,1
T006931,Bananas,4
T006931,Tomatoes,3
T006931,Bread,4
T006931,Onions,3
T006932,Eggs,4
T006932,Bread,1
T006932,Orange Juice,4
T006932,Yogurt,3
T006933,Eggs,4
T006933,Milk,4
T006934,Orange Juice,3
T006935,Cheese,3
T006935,Yogurt,1
T006935,Pasta,3
T006935,Beef,2
T006935,Bananas,2
T006935,Tomatoes,1
T006935,Onions,2
T006936,Sugar,4
T006936,Eggs,3
T006936,Butter,1
T006936,Pasta,2
T006936,Milk,1
T006936,Chicken,2
T006936,Rice,3
T006936,Coffee,4
T006936,Bread,3
T006936,Tomatoes,2
T006936,Onions,3
T006937,Sugar,4
T006937,Eggs,2
T006937,Tea,1
T006937,Milk,4
T006937,Bananas,4
T006937,Coffee,1
T006937,Onions,2
T006938,Butter,4
T006938,Eggs,3
T006938,Bread,3
T006938,Orange Juice,1
T006939,Eggs,1
T006939,Butter,1
T006939,Chicken,4
T006939,Flour,1
T006939,Coffee,3
T006939,Bread,4
T006940,Bananas,3
T006940,Cheese,4
T006940,Rice,2
T006941,Coffee,4
T006941,Sugar,1
T006941,Orange Juice,4
T006941,Tea,2
T006941,Yogurt,2
T006941,Beef,2
T006941,Tomatoes,2
T006942,Apples,2
T006942,Pasta,3
T006942,Rice,4
T006942,Milk,4
T006942,Coffee,3
T006942,Onions,3
T006943,Flour,1
T006943,Pasta,3
T006943,Tomatoes,2
T006943,Beef,4
T006944,Sugar,4
T006944,Eggs,1
T006944,Milk,1
T006944,Beef,1
T006944,Tomatoes,2
T006944,Bread,1
T006945,Eggs,2
T006945,Butter,1
T006945,Yogurt,4
T006945,Milk,1
T006945,Bread,3
T006946,Butter,3
T006946,Bread,4
T006946,Orange Juice,4
T006946,Milk,1
T006947,Sugar,2
T006947,Eggs,3
T006947,Rice,1
T006948,Cheese,3
T006948,Eggs,4
T006948,Butter,2
T006948,Orange Juice,4
T006948,Rice,2
T006948,Milk,2
T006948,Chicken,3
T006948,Bread,1
T006949,Coffee,1
T006949,Sugar,1
T006949,Milk,1
T006950,Sugar,1
T006950,Orange Juice,4
T006950,Pasta,3
T006950,Rice,1
T006950,Onions,3
T006951,Apples,4
T006951,Orange Juice,2
T006951,Flour,4
T006952,Chicken,3
T006952,Eggs,2
T006952,Onions,3
T006953,Butter,2
T006953,Pasta,1
T006953,Yogurt,3
T006953,Rice,2
T006953,Chicken,4
T006953,Bananas,4
T006953,Onions,4
T006954,Eggs,3
T006954,Butter,1
T006954,Orange Juice,1
T006954,Yogurt,2
T006954,Milk,3
T006954,Bananas,3
T006954,Tomatoes,1
T006954,Bread,1
T006955,Eggs,3
T006955,Butter,2
T006955,Yogurt,1
T006955,Tomatoes,2
T006955,Bread,1
T006955,Onions,1
T006956,Flour,3
T006956,Apples,3
T006956,Eggs,3
T006956,Milk,4
T006957,Chicken,4
T006957,Tomatoes,4
T006957,Butter,1
T006957,Yogurt,1
T006958,Eggs,4
T006958,Butter,3
T006958,Rice,1
T006958,Milk,1
T006958,Coffee,2
T006959,Cheese,4
T006959,Tomatoes,3
T006959,Pasta,3
T006959,Onions,2
T006960,Pasta,2
T006960,Beef,1
T006960,Bananas,1
T006960,Tomatoes,2
T006960,Onions,2
T006961,Cheese,1
T006961,Sugar,1
T006961,Butter,4
T006961,Milk,1
T006961,Flour,1
T006961,Coffee,4
T006961,Tomatoes,4
T006961,Onions,1
T006962,Butter,2
T006962,Milk,1
T006962,Beef,4
T006962,Flour,4
T006962,Bananas,3
T006962,Coffee,2
T006963,Orange Juice,3
T006963,Rice,4
T006963,Chicken,2
T006963,Flour,1
T006963,Onions,2
T006964,Cheese,2
T006964,Eggs,1
T006964,Sugar,1
T006964,Orange Juice,2
T006964,Butter,1
T006964,Pasta,2
T006964,Bananas,1
T006964,Coffee,1
T006964,Bread,3
T006964,Tomatoes,2
T006964,Onions,2
T006965,Tomatoes,1
T006965,Eggs,3
T006966,Cheese,4
T006966,Eggs,1
T006966,Rice,2
T006966,Milk,1
T006966,Chicken,4
T006966,Flour,3
T006966,Coffee,3
T006967,Sugar,3
T006968,Tomatoes,1
T006968,Yogurt,3
T006968,Pasta,2
T006968,Onions,3
T006969,Sugar,2
T006969,Butter,1
T006969,Tea,3
T006969,Pasta,4
T006969,Rice,1
T006969,Beef,1
T006969,Flour,1
T006969,Onions,3
T006970,Sugar,1
T006970,Eggs,4
T006970,Butter,3
T006970,Orange Juice,3
T006970,Pasta,1
T006970,Milk,4
T006970,Tomatoes,4
T006970,Bread,1
T006971,Cheese,2
T006971,Eggs,3
T006971,Bread,1
T006972,Eggs,2
T006972,Butter,3
T006972,Beef,2
T006972,Milk,3
T006973,Flour,1
T006973,Sugar,2
T006973,Tomatoes,2
T006974,Butter,4
T006974,Orange Juice,2
T006974,Pasta,4
T006974,Beef,3
T006974,Bananas,3
T006974,Tomatoes,1
T006974,Bread,3
T006974,Onions,4
T006975,Sugar,1
T006975,Cheese,2
T006975,Orange Juice,2
T006975,Pasta,1
T006975,Beef,4
T006975,Tomatoes,2
T006975,Bread,3
T006976,Cheese,4
T006976,Tea,4
T006976,Pasta,3
T006976,Flour,4
T006976,Bananas,2
T006976,Tomatoes,3
T006976,Onions,1
T006977,Cheese,1
T006977,Butter,2
T006977,Yogurt,3
T006977,Pasta,4
T006977,Flour,1
T006977,Bread,4
T006977,Onions,2
T006978,Cheese,4
T006978,Sugar,2
T006978,Beef,4
T006979,Bananas,1
T006979,Tomatoes,1
T006979,Eggs,4
T006979,Beef,3
T006980,Sugar,2
T006980,Eggs,3
T006980,Butter,4
T006980,Milk,3
T006980,Onions,3
T006981,Apples,3
T006981,Eggs,1
T006981,Butter,4
T006981,Orange Juice,2
T006981,Yogurt,2
T006981,Milk,3
T006981,Chicken,1
T006981,Flour,1
T006981,Bananas,1
T006982,Cheese,2
T006982,Sugar,2
T006982,Orange Juice,2
T006982,Flour,4
T006982,Bananas,1
T006983,Chicken,2
T006984,Apples,4
T006984,Sugar,4
T006984,Eggs,2
T006984,Orange Juice,1
T006984,Tea,2
T006984,Bread,2
T006984,Onions,1
T006985,Sugar,4
T006985,Eggs,1
T006985,Butter,3
T006985,Beef,3
T006985,Coffee,1
T006985,Bread,2
T006986,Tomatoes,1
T006987,Apples,2
T006987,Eggs,3
T006987,Butter,3
T006987,Tea,1
T006987,Milk,1
T006987,Bread,4
T006988,Flour,4
T006989,Eggs,3
T006989,Butter,1
T006989,Milk,3
T006990,Apples,4
T006990,Cheese,1
T006990,Eggs,2
T006990,Butter,3
T006990,Tea,4
T006990,Pasta,3
T006990,Milk,4
T006990,Tomatoes,4
T006990,Bread,2
T006990,Onions,2
T006991,Sugar,1
T006992,Flour,2
T006992,Bananas,2
T006992,Orange Juice,4
T006992,Beef,3
T006993,Apples,2
T006993,Beef,2
T006993,Bread,2
T006993,Yogurt,4
T006994,Sugar,1
T006994,Eggs,2
T006994,Cheese,3
T006994,Orange Juice,3
T006994,Rice,4
T006994,Yogurt,3
T006994,Milk,3
T006995,Sugar,3
T006995,Butter,1
T006995,Rice,3
T006995,Milk,1
T006995,Chicken,1
T006995,Bread,2
T006995,Onions,3
T006996,Eggs,2
T006996,Orange Juice,3
T006996,Yogurt,1
T006996,Rice,3
T006996,Milk,2
T006996,Coffee,3
T006997,Eggs,1
T006997,Beef,4
T006997,Tea,1
T006998,Chicken,2
T006999,Coffee,2
T006999,Butter,4
T006999,Sugar,3
T006999,Milk,3
T007000,Yogurt,1
T007001,Apples,4
T007001,Cheese,3
T007001,Eggs,1
T007001,Butter,1
T007001,Milk,3
T007001,Flour,2
T007001,Bread,3
T007002,Flour,4
T007002,Apples,3
T007003,Sugar,4
T007003,Yogurt,2
T007003,Pasta,2
T007003,Chicken,4
T007003,Flour,3
T007003,Onions,3
T007004,Eggs,4
T007005,Cheese,2
T007005,Orange Juice,1
T007005,Beef,2
T007005,Onions,1
T007006,Cheese,4
T007006,Eggs,3
T007006,Butter,2
T007006,Sugar,2
T007006,Yogurt,3
T007006,Coffee,4
T007006,Tomatoes,2
T007007,Apples,3
T007007,Cheese,4
T007007,Butter,3
T007007,Yogurt,1
T007007,Chicken,2
T007007,Beef,4
T007008,Cheese,3
T007008,Chicken,1
T007008,Bananas,3
T007008,Coffee,4
T007008,Tomatoes,1
T007009,Apples,4
T007009,Orange Juice,2
T007009,Tea,3
T007009,Rice,3
T007009,Pasta,2
T007009,Yogurt,4
T007009,Beef,4
T007009,Tomatoes,4
T007010,Butter,4
T007010,Pasta,4
T007010,Yogurt,2
T007010,Beef,3
T007010,Onions,4
T007011,Coffee,4
T007011,Eggs,3
T007011,Butter,4
T007011,Milk,1
T007011,Flour,3
T007011,Tomatoes,2
T007011,Bread,3
T007012,Butter,3
T007013,Apples,4
T007013,Sugar,4
T007013,Eggs,4
T007013,Orange Juice,2
T007013,Tea,2
T007013,Rice,4
T007013,Coffee,2
T007014,Yogurt,3
T007014,Rice,4
T007015,Apples,1
T007015,Pasta,1
T007015,Onions,1
T007016,Apples,1
T007016,Sugar,4
T007016,Eggs,3
T007016,Butter,3
T007016,Tea,4
T007016,Milk,2
T007016,Chicken,4
T007016,Bananas,1
T007016,Coffee,3
T007016,Bread,2
T007016,Tomatoes,4
T007017,Apples,2
T007017,Cheese,2
T007017,Eggs,4
T007017,Butter,3
T007017,Beef,3
T007017,Bananas,1
T007017,Tomatoes,1
T007017,Bread,4
T007018,Apples,4
T007018,Pasta,1
T007018,Chicken,4
T007018,Bananas,3
T007018,Tomatoes,1
T007019,Apples,1
T007019,Sugar,2
T007019,Tea,2
T007019,Yogurt,3
T007019,Pasta,2
T007019,Chicken,4
T007019,Flour,2
T007019,Coffee,1
T007019,Onions,1
T007020,Sugar,1
T007020,Eggs,1
T007020,Butter,1
T007020,Tea,2
T007020,Milk,3
T007020,Coffee,1
T007021,Flour,2
T007021,Cheese,1
T007021,Beef,1
T007022,Coffee,1
T007022,Sugar,3
T007022,Butter,2
T007022,Orange Juice,3
T007022,Yogurt,3
T007022,Milk,1
T007022,Flour,1
T007022,Tomatoes,2
T007023,Beef,3
T007023,Cheese,1
T007023,Yogurt,2
T007024,Orange Juice,1
T007025,Sugar,4
T007025,Eggs,4
T007025,Orange Juice,4
T007025,Yogurt,2
T007025,Chicken,2
T007025,Bananas,4
T007025,Onions,4
T007026,Butter,2
T007026,Tea,4
T007026,Pasta,3
T007026,Milk,1
T007026,Bananas,4
T007026,Tomatoes,1
T007026,Onions,3
T007027,Chicken,3
T007027,Eggs,1
T007027,Yogurt,3
T007028,Chicken,2
T007028,Cheese,3
T007028,Sugar,2
T007028,Butter,2
T007029,Apples,4
T007029,Bananas,4
T007029,Bread,4
T007030,Butter,3
T007030,Eggs,3
T007030,Bread,4
T007031,Apples,1
T007031,Cheese,1
T007031,Eggs,2
T007031,Butter,2
T007031,Orange Juice,3
T007031,Tea,2
T007031,Milk,2
T007031,Flour,4
T007031,Coffee,1
T007031,Bread,2
T007032,Apples,3
T007032,Sugar,2
T007032,Cheese,1
T007032,Chicken,2
T007032,Bananas,1
T007032,Tomatoes,3
T007033,Sugar,3
T007033,Cheese,4
T007033,Butter,2
T007033,Rice,1
T007033,Yogurt,3
T007033,Bread,2
T007033,Onions,4
T007034,Cheese,3
T007034,Eggs,3
T007034,Tea,1
T007034,Yogurt,3
T007034,Pasta,4
T007034,Chicken,4
T007034,Tomatoes,3
T007034,Onions,1
T007035,Eggs,1
T007035,Butter,1
T007035,Orange Juice,3
T007035,Yogurt,3
T007035,Milk,1
T007035,Beef,1
T007035,Flour,1
T007035,Bread,3
T007036,Eggs,3
T007036,Orange Juice,2
T007036,Yogurt,2
T007036,Flour,1
T007036,Bread,2
T007036,Onions,3
T007037,Apples,3
T007037,Orange Juice,3
T007037,Beef,1
T007037,Tomatoes,3
T007037,Bread,2
T007038,Chicken,2
T007038,Bananas,1
T007038,Pasta,3
T007038,Onions,1
T007039,Apples,3
T007039,Cheese,3
T007039,Butter,2
T007039,Milk,1
T007039,Bread,4
T007040,Flour,2
T007040,Bananas,3
T007040,Sugar,1
T007040,Tea,1
T007041,Apples,2
T007041,Sugar,1
T007042,Eggs,2
T007042,Bread,2
T007042,Milk,1
T007043,Coffee,3
T007043,Cheese,3
T007043,Sugar,2
T007043,Butter,3
T007043,Orange Juice,3
T007043,Eggs,1
T007043,Chicken,1
T007043,Tomatoes,4
T007043,Bread,3
T007044,Eggs,4
T007044,Butter,4
T007044,Rice,2
T007044,Yogurt,4
T007044,Chicken,3
T007044,Flour,2
T007044,Bananas,3
T007045,Chicken,4
T007045,Bananas,4
T007045,Rice,2
T007046,Cheese,3
T007046,Eggs,3
T007046,Rice,4
T007046,Milk,1
T007046,Chicken,2
T007046,Onions,2
T007047,Apples,1
T007047,Cheese,2
T007047,Orange Juice,1
T007047,Yogurt,4
T007047,Flour,3
T007047,Tomatoes,1
T007048,Tea,3
T007049,Apples,3
T007049,Eggs,1
T007049,Orange Juice,2
T007049,Milk,2
T007049,Chicken,3
T007049,Beef,2
T007049,Coffee,3
T007049,Bread,2
T007050,Apples,1
T007050,Sugar,4
T007050,Eggs,1
T007050,Butter,4
T007050,Milk,4
T007050,Bread,1
T007051,Butter,4
T007052,Butter,3
T007052,Orange Juice,2
T007052,Tea,4
T007052,Chicken,2
T007052,Tomatoes,4
T007052,Bread,1
T007053,Flour,4
T007053,Tomatoes,3
T007053,Yogurt,2
T007053,Tea,1
T007054,Apples,2
T007054,Sugar,1
T007054,Eggs,1
T007054,Butter,4
T007054,Tea,3
T007054,Bread,1
T007055,Chicken,2
T007055,Cheese,3
T007056,Apples,2
T007057,Eggs,3
T007057,Yogurt,2
T007057,Beef,2
T007057,Tomatoes,3
T007057,Bread,4
T007057,Onions,1
T007058,Rice,1
T007059,Eggs,2
T007059,Butter,1
T007059,Orange Juice,3
T007059,Beef,3
T007059,Tomatoes,4
T007059,Bread,3
T007059,Onions,3
T007060,Sugar,4
T007060,Bread,1
T007060,Butter,1
T007061,Cheese,2
T007061,Eggs,1
T007061,Butter,2
T007061,Orange Juice,2
T007061,Milk,2
T007061,Bread,2
T007062,Sugar,4
T007062,Cheese,3
T007062,Pasta,4
T007062,Beef,2
T007062,Bananas,2
T007062,Onions,3
T007063,Sugar,4
T007063,Eggs,2
T007063,Butter,3
T007063,Tea,2
T007063,Pasta,3
T007063,Milk,4
T007063,Bananas,2
T007063,Tomatoes,2
T007063,Bread,1
T007064,Sugar,3
T007064,Butter,1
T007064,Tea,4
T007064,Beef,1
T007064,Coffee,3
T007064,Tomatoes,4
T007064,Onions,2
T007065,Apples,1
T007065,Sugar,2
T007065,Eggs,1
T007065,Cheese,2
T007065,Butter,3
T007065,Pasta,4
T007065,Bread,3
T007066,Chicken,1
T007066,Coffee,3
T007066,Cheese,3
T007066,Milk,2
T007067,Eggs,1
T007067,Yogurt,2
T007068,Flour,1
T007068,Yogurt,3
T007068,Tea,2
T007069,Sugar,4
T007069,Pasta,2
T007069,Onions,4
T007070,Chicken,2
T007070,Sugar,1
T007071,Flour,1
T007071,Tomatoes,3
T007072,Eggs,2
T007072,Orange Juice,2
T007072,Tea,2
T007072,Yogurt,2
T007072,Bananas,4
T007072,Onions,2
T007073,Apples,4
T007073,Tomatoes,3
T007073,Rice,3
T007074,Tea,1
T007074,Yogurt,4
T007074,Milk,1
T007074,Rice,4
T007074,Chicken,1
T007074,Beef,4
T007074,Flour,4
T007074,Bread,3
T007075,Flour,3
T007075,Cheese,3
T007075,Tea,4
T007076,Tomatoes,3
T007076,Rice,2
T007077,Sugar,2
T007077,Cheese,1
T007077,Rice,4
T007077,Milk,1
T007077,Bananas,1
T007077,Coffee,4
T007078,Butter,1
T007078,Tea,2
T007078,Rice,3
T007078,Milk,1
T007078,Coffee,4
T007079,Cheese,2
T007079,Butter,4
T007079,Pasta,4
T007079,Flour,1
T007079,Tomatoes,2
T007080,Apples,4
T007080,Eggs,2
T007080,Butter,1
T007080,Pasta,1
T007080,Milk,3
T007080,Beef,1
T007080,Bread,1
T007080,Onions,1
T007081,Flour,4
T007081,Apples,3
T007081,Cheese,1
T007081,Yogurt,2
T007082,Apples,3
T007082,Tomatoes,2
T007082,Tea,4
T007083,Bananas,4
T007083,Tomatoes,1
T007083,Eggs,2
T007083,Tea,2
T007084,Eggs,2
T007085,Cheese,1
T007086,Flour,4
T007086,Butter,2
T007086,Onions,3
T007087,Flour,1
T007087,Tomatoes,3
T007088,Eggs,2
T007088,Rice,2
T007088,Yogurt,1
T007088,Chicken,1
T007088,Bananas,2
T007088,Bread,1
T007089,Sugar,1
T007089,Eggs,3
T007089,Butter,3
T007089,Milk,2
T007089,Bread,2
T007089,Onions,1
T007090,Sugar,1
T007090,Eggs,4
T007090,Milk,1
T007090,Flour,3
T007090,Coffee,4
T007090,Bread,2
T007090,Tomatoes,4
T007091,Eggs,1
T007091,Milk,4
T007092,Eggs,4
T007092,Butter,1
T007092,Milk,4
T007092,Flour,1
T007092,Bread,2
T007093,Sugar,4
T007093,Cheese,4
T007093,Butter,4
T007093,Eggs,4
T007093,Pasta,2
T007093,Yogurt,2
T007093,Beef,4
T007093,Bread,4
T007093,Onions,2
T007094,Sugar,4
T007094,Eggs,4
T007094,Butter,2
T007094,Milk,1
T007094,Chicken,4
T007094,Coffee,3
T007095,Apples,2
T007095,Bread,2
T007095,Rice,4
T007095,Flour,3
T007096,Eggs,4
T007096,Butter,3
T007096,Beef,3
T007096,Flour,3
T007096,Coffee,1
T007097,Apples,4
T007097,Sugar,4
T007097,Butter,1
T007097,Orange Juice,2
T007097,Yogurt,4
T007097,Milk,2
T007097,Coffee,2
T007097,Bread,1
T007098,Cheese,2
T007098,Eggs,4
T007098,Butter,3
T007098,Pasta,2
T007098,Yogurt,3
T007098,Beef,1
T007098,Flour,2
T007098,Tomatoes,2
T007098,Bread,3
T007099,Sugar,4
T007099,Eggs,1
T007099,Bread,2
T007100,Cheese,3
T007100,Sugar,4
T007100,Butter,1
T007100,Orange Juice,1
T007100,Flour,2
T007100,Coffee,2
T007100,Bread,2
T007101,Tea,2
T007101,Chicken,3
T007101,Flour,2
T007101,Tomatoes,1
T007101,Onions,1
T007102,Flour,2
T007102,Eggs,3
T007102,Bread,2
T007102,Yogurt,3
T007103,Apples,4
T007103,Butter,1
T007103,Eggs,4
T007103,Bread,1
T007104,Apples,1
T007104,Eggs,4
T007104,Pasta,3
T007104,Rice,3
T007104,Flour,1
T007104,Onions,3
T007105,Apples,2
T007105,Cheese,2
T007105,Sugar,3
T007105,Butter,3
T007105,Milk,3
T007105,Chicken,1
T007105,Flour,2
T007105,Coffee,3
T007106,Apples,2
T007107,Tomatoes,4
T007108,Eggs,4
T007108,Butter,1
T007108,Tea,3
T007108,Milk,3
T007108,Coffee,2
T007108,Onions,2
T007109,Eggs,3
T007109,Tea,4
T007109,Pasta,3
T007109,Yogurt,3
T007109,Bread,4
T007110,Apples,2
T007111,Apples,2
T007111,Sugar,4
T007111,Eggs,2
T007111,Yogurt,1
T007111,Milk,3
T007111,Flour,2
T007111,Coffee,4
T007111,Bread,2
T007111,Tomatoes,3
T007112,Cheese,2
T007112,Butter,1
T007112,Yogurt,1
T007113,Apples,2
T007113,Orange Juice,3
T007113,Tea,1
T007113,Yogurt,2
T007113,Chicken,1
T007113,Tomatoes,4
T007113,Onions,3
T007114,Pasta,2
T007114,Yogurt,3
T007114,Beef,2
T007114,Onions,3
T007115,Eggs,2
T007115,Yogurt,1
T007115,Pasta,4
T007115,Milk,1
T007115,Flour,4
T007115,Bananas,3
T007115,Coffee,4
T007115,Bread,1
T007116,Chicken,3
T007116,Eggs,2
T007116,Bread,2
T007117,Apples,2
T007117,Eggs,2
T007118,Bananas,2
T007118,Cheese,1
T007118,Eggs,2
T007119,Chicken,2
T007120,Tea,1
T007121,Chicken,3
T007121,Eggs,4
T007121,Rice,3
T007121,Onions,1
T007122,Yogurt,1
T007123,Sugar,4
T007123,Eggs,3
T007123,Butter,3
T007123,Tea,2
T007123,Pasta,3
T007123,Flour,1
T007123,Coffee,1
T007124,Sugar,4
T007124,Eggs,4
T007124,Orange Juice,1
T007124,Rice,4
T007124,Milk,1
T007124,Beef,3
T007124,Flour,2
T007124,Coffee,1
T007124,Bread,3
T007125,Yogurt,2
T007125,Rice,2
T007125,Milk,2
T007125,Bananas,1
T007125,Coffee,3
T007126,Apples,2
T007126,Sugar,3
T007126,Eggs,3
T007126,Butter,3
T007126,Coffee,2
T007126,Bread,4
T007127,Apples,2
T007127,Cheese,2
T007127,Sugar,2
T007128,Cheese,1
T007128,Butter,1
T007128,Milk,4
T007128,Bananas,1
T007128,Bread,4
T007129,Chicken,4
T007129,Tomatoes,3
T007129,Rice,3
T007129,Tea,3
T007130,Sugar,1
T007130,Cheese,2
T007130,Butter,1
T007130,Orange Juice,4
T007130,Milk,2
T007130,Bread,3
T007130,Onions,4
T007131,Sugar,2
T007131,Eggs,2
T007131,Tea,1
T007131,Chicken,1
T007131,Bread,1
T007132,Apples,2
T007132,Eggs,1
T007132,Butter,4
T007132,Milk,3
T007132,Chicken,4
T007133,Sugar,4
T007133,Rice,2
T007134,Orange Juice,3
T007134,Rice,1
T007135,Cheese,1
T007135,Eggs,3
T007135,Butter,3
T007135,Chicken,2
T007135,Beef,1
T007135,Bread,4
T007136,Eggs,4
T007136,Butter,4
T007136,Pasta,2
T007136,Beef,3
T007136,Bananas,2
T007136,Tomatoes,3
T007136,Bread,3
T007136,Onions,4
T007137,Cheese,4
T007137,Tea,2
T007138,Flour,3
T007138,Tomatoes,3
T007138,Tea,3
T007139,Cheese,2
T007139,Eggs,1
T007139,Orange Juice,2
T007139,Milk,3
T007139,Onions,4
T007140,Coffee,4
T007140,Milk,2
T007140,Tea,4
T007141,Tea,3
T007141,Beef,2
T007141,Onions,3
T007142,Tea,1
T007142,Yogurt,2
T007142,Chicken,3
T007142,Bananas,4
T007142,Tomatoes,4
T007142,Onions,4
T007143,Sugar,3
T007143,Eggs,2
T007143,Butter,4
T007143,Milk,3
T007143,Beef,2
T007143,Onions,4
T007144,Tomatoes,4
T007144,Beef,4
T007145,Cheese,4
T007145,Beef,2
T007145,Tea,1
T007146,Cheese,4
T007146,Butter,3
T007146,Yogurt,1
T007146,Milk,3
T007146,Beef,1
T007147,Butter,1
T007148,Sugar,2
T007148,Eggs,3
T007148,Butter,3
T007148,Milk,3
T007148,Chicken,2
T007148,Bananas,3
T007148,Coffee,4
T007149,Apples,2
T007149,Bananas,3
T007149,Yogurt,3
T007150,Flour,4
T007150,Sugar,2
T007150,Orange Juice,3
T007150,Tomatoes,3
T007151,Pasta,3
T007151,Milk,4
T007151,Coffee,1
T007151,Tomatoes,1
T007151,Onions,4
T007152,Eggs,3
T007152,Yogurt,4
T007152,Pasta,1
T007152,Flour,1
T007152,Bananas,1
T007152,Bread,2
T007152,Onions,1
T007153,Bananas,3
T007153,Sugar,2
T007154,Beef,1
T007154,Rice,2
T007155,Eggs,1
T007155,Orange Juice,1
T007155,Rice,3
T007156,Rice,2
T007157,Cheese,3
T007157,Sugar,3
T007157,Yogurt,2
T007157,Flour,2
T007157,Tomatoes,2
T007158,Rice,1
T007158,Pasta,1
T007158,Chicken,4
T007158,Beef,4
T007158,Bananas,4
T007158,Bread,2
T007158,Onions,2
T007159,Eggs,4
T007160,Orange Juice,1
T007161,Butter,2
T007161,Rice,4
T007161,Beef,2
T007161,Flour,2
T007161,Onions,3
T007162,Cheese,3
T007162,Rice,3
T007162,Pasta,2
T007162,Tomatoes,4
T007162,Onions,3
T007163,Cheese,2
T007163,Bread,1
T007163,Butter,1
T007164,Apples,1
T007164,Sugar,3
T007164,Milk,4
T007164,Chicken,2
T007164,Coffee,2
T007164,Bread,2
T007165,Flour,4
T007165,Butter,3
T007165,Chicken,1
T007166,Cheese,1
T007166,Eggs,1
T007166,Orange Juice,1
T007166,Yogurt,1
T007166,Pasta,1
T007166,Beef,2
T007167,Cheese,1
T007167,Eggs,2
T007167,Butter,3
T007167,Beef,4
T007167,Bread,1
T007168,Cheese,3
T007168,Butter,3
T007168,Orange Juice,2
T007168,Rice,1
T007168,Flour,4
T007168,Bananas,2
T007168,Bread,2
T007168,Onions,2
T007169,Chicken,4
T007169,Bananas,2
T007169,Apples,2
T007170,Eggs,4
T007170,Butter,4
T007170,Rice,2
T007170,Flour,1
T007170,Bread,3
T007171,Tea,1
T007172,Apples,1
T007172,Sugar,4
T007172,Cheese,4
T007172,Orange Juice,4
T007172,Milk,2
T007172,Coffee,4
T007173,Sugar,1
T007173,Eggs,4
T007173,Tomatoes,2
T007173,Bread,2
T007173,Onions,2
T007174,Cheese,1
T007174,Eggs,1
T007174,Butter,2
T007174,Rice,3
T007174,Flour,2
T007174,Tomatoes,3
T007174,Bread,2
T007175,Sugar,1
T007175,Butter,2
T007175,Yogurt,3
T007175,Milk,1
T007175,Flour,1
T007175,Bananas,2
T007175,Coffee,3
T007175,Bread,2
T007176,Chicken,3
T007176,Flour,1
T007176,Onions,4
T007177,Flour,4
T007177,Cheese,4
T007177,Orange Juice,3
T007178,Cheese,1
T007178,Tea,3
T007178,Rice,1
T007178,Yogurt,1
T007178,Chicken,4
T007178,Bananas,3
T007178,Tomatoes,4
T007179,Eggs,2
T007179,Butter,1
T007179,Chicken,3
T007179,Tomatoes,2
T007179,Bread,2
T007179,Onions,2
T007180,Sugar,4
T007180,Tomatoes,2
T007180,Pasta,2
T007180,Onions,4
T007181,Pasta,1
T007181,Yogurt,1
T007181,Tea,3
T007182,Bananas,1
T007183,Flour,4
T007183,Bananas,3
T007183,Orange Juice,4
T007183,Onions,3
T007184,Cheese,2
T007184,Tea,3
T007184,Yogurt,3
T007184,Pasta,4
T007184,Beef,4
T007184,Bananas,1
T007184,Tomatoes,3
T007185,Sugar,4
T007185,Eggs,1
T007185,Butter,2
T007185,Rice,3
T007185,Milk,3
T007185,Bananas,3
T007185,Bread,2
T007185,Onions,3
T007186,Chicken,2
T007187,Coffee,3
T007187,Butter,4
T007187,Yogurt,4
T007187,Milk,1
T007188,Apples,1
T007188,Sugar,4
T007188,Butter,1
T007188,Tea,1
T007188,Milk,4
T007188,Coffee,2
T007188,Onions,1
T007189,Tea,2
T007190,Sugar,4
T007190,Eggs,2
T007190,Butter,1
T007190,Tea,1
T007190,Yogurt,1
T007190,Beef,2
T007190,Coffee,4
T007190,Bread,4
T007191,Chicken,1
T007192,Eggs,2
T007192,Bread,3
T007192,Tea,1
T007192,Milk,2
T007193,Chicken,1
T007193,Cheese,2
T007193,Orange Juice,1
T007193,Rice,2
T007194,Apples,4
T007194,Sugar,3
T007194,Eggs,3
T007194,Orange Juice,1
T007194,Milk,2
T007194,Chicken,4
T007194,Flour,1
T007194,Bananas,3
T007194,Coffee,3
T007195,Sugar,2
T007195,Rice,3
T007195,Milk,1
T007195,Bananas,2
T007195,Coffee,1
T007196,Sugar,2
T007196,Eggs,3
T007196,Butter,4
T007196,Milk,1
T007196,Coffee,4
T007197,Chicken,3
T007197,Tomatoes,3
T007197,Butter,4
T007197,Flour,1
T007198,Chicken,3
T007198,Tea,2
T007199,Pasta,3
T007199,Yogurt,4
T007199,Chicken,2
T007199,Tomatoes,4
T007199,Onions,4
T007200,Apples,2
T007200,Sugar,1
T007200,Eggs,2
T007200,Butter,1
T007200,Chicken,4
T007200,Beef,4
T007200,Flour,2
T007201,Beef,4
T007202,Apples,3
T007202,Cheese,1
T007202,Eggs,2
T007202,Rice,3
T007202,Flour,1
T007202,Bread,4
T007203,Chicken,3
T007203,Apples,4
T007203,Cheese,4
T007203,Onions,1
T007204,Bananas,2
T007204,Eggs,3
T007204,Butter,1
T007204,Milk,2
T007205,Tomatoes,3
T007205,Eggs,3
T007205,Rice,1
T007205,Tea,1
T007206,Sugar,4
T007206,Eggs,2
T007206,Butter,1
T007206,Rice,2
T007206,Milk,2
T007206,Bananas,3
T007206,Coffee,3
T007206,Bread,4
T007206,Tomatoes,3
T007207,Milk,3
T007207,Beef,3
T007207,Onions,1
T007208,Orange Juice,3
T007208,Yogurt,1
T007209,Eggs,3
T007210,Apples,3
T007210,Rice,1
T007211,Tomatoes,3
T007212,Rice,3
T007213,Cheese,1
T007213,Tomatoes,1
T007213,Beef,1
T007214,Sugar,1
T007214,Eggs,1
T007214,Pasta,4
T007214,Milk,3
T007214,Chicken,1
T007214,Coffee,4
T007214,Tomatoes,3
T007214,Onions,1
T007215,Chicken,4
T007216,Bananas,2
T007216,Rice,2
T007216,Onions,1
T007217,Apples,3
T007217,Sugar,4
T007217,Eggs,3
T007217,Rice,2
T007217,Tomatoes,3
T007217,Onions,4
T007218,Apples,3
T007218,Eggs,3
T007218,Butter,2
T007218,Pasta,3
T007218,Yogurt,3
T007218,Tomatoes,1
T007218,Bread,1
T007218,Onions,4
T007219,Chicken,2
T007219,Bananas,2
T007219,Orange Juice,2
T007220,Chicken,4
T007220,Tomatoes,4
T007221,Apples,2
T007221,Sugar,3
T007221,Eggs,3
T007221,Butter,1
T007221,Tea,2
T007221,Milk,4
T007221,Coffee,2
T007221,Bread,3
T007221,Onions,1
T007222,Sugar,1
T007222,Butter,3
T007222,Orange Juice,3
T007222,Pasta,1
T007222,Beef,4
T007222,Flour,3
T007222,Bananas,1
T007222,Tomatoes,4
T007222,Bread,4
T007222,Onions,2
T007223,Tomatoes,4
T007223,Bread,1
T007223,Butter,2
T007224,Apples,4
T007224,Cheese,4
T007224,Eggs,3
T007224,Rice,1
T007224,Chicken,2
T007224,Bananas,1
T007225,Butter,1
T007225,Tea,1
T007226,Sugar,1
T007226,Eggs,1
T007226,Milk,4
T007226,Coffee,4
T007226,Tomatoes,4
T007227,Sugar,3
T007227,Eggs,4
T007227,Butter,4
T007227,Orange Juice,4
T007227,Tea,1
T007227,Milk,1
T007227,Beef,2
T007227,Flour,3
T007227,Bread,1
T007228,Butter,4
T007228,Orange Juice,2
T007228,Tea,3
T007228,Pasta,4
T007228,Yogurt,3
T007228,Onions,1
T007229,Onions,2
T007230,Sugar,1
T007230,Eggs,1
T007230,Orange Juice,4
T007230,Milk,4
T007230,Bananas,2
T007230,Coffee,4
T007230,Onions,4
T007231,Sugar,1
T007231,Tea,2
T007231,Pasta,2
T007231,Coffee,1
T007231,Tomatoes,4
T007231,Onions,3
T007232,Chicken,3
T007232,Tea,1
T007233,Sugar,3
T007233,Butter,1
T007233,Orange Juice,2
T007233,Pasta,3
T007233,Flour,1
T007233,Tomatoes,1
T007233,Onions,3
T007234,Beef,1
T007234,Sugar,2
T007234,Pasta,1
T007234,Onions,1
T007235,Eggs,1
T007235,Tea,2
T007235,Pasta,3
T007235,Yogurt,3
T007235,Bananas,3
T007235,Onions,4
T007236,Sugar,3
T007236,Butter,4
T007236,Chicken,1
T007236,Bananas,4
T007236,Onions,2
T007237,Apples,2
T007237,Cheese,3
T007237,Eggs,1
T007237,Butter,3
T007237,Orange Juice,2
T007237,Rice,1
T007237,Yogurt,3
T007237,Bread,1
T007238,Apples,2
T007238,Sugar,1
T007238,Orange Juice,2
T007238,Milk,3
T007238,Coffee,4
T007239,Apples,2
T007239,Sugar,2
T007239,Eggs,3
T007239,Butter,1
T007239,Tea,1
T007239,Rice,2
T007239,Pasta,3
T007239,Milk,4
T007239,Coffee,2
T007239,Bread,2
T007239,Tomatoes,4
T007240,Apples,1
T007240,Eggs,1
T007240,Pasta,1
T007240,Milk,1
T007240,Tomatoes,4
T007241,Cheese,3
T007241,Sugar,1
T007241,Butter,1
T007241,Tea,1
T007241,Rice,2
T007241,Flour,4
T007242,Tea,3
T007242,Pasta,3
T007242,Milk,3
T007242,Rice,1
T007242,Beef,1
T007242,Bananas,1
T007242,Tomatoes,1
T007242,Onions,2
T007243,Rice,1
T007244,Tomatoes,4
T007244,Cheese,1
T007245,Sugar,3
T007245,Yogurt,4
T007245,Pasta,3
T007245,Milk,1
T007245,Coffee,3
T007245,Tomatoes,4
T007246,Apples,3
T007246,Eggs,3
T007246,Tea,2
T007246,Yogurt,3
T007246,Milk,4
T007246,Pasta,2
T007246,Bread,3
T007246,Onions,1
T007247,Apples,2
T007247,Butter,2
T007247,Milk,2
T007247,Chicken,1
T007247,Bananas,2
T007247,Bread,3
T007247,Onions,3
T007248,Cheese,3
T007248,Onions,2
T007249,Cheese,4
T007249,Eggs,3
T007249,Tea,2
T007249,Pasta,3
T007249,Chicken,3
T007249,Flour,4
T007249,Bread,2
T007249,Onions,1
T007250,Onions,4
T007251,Flour,3
T007251,Bread,4
T007251,Onions,3
T007252,Beef,2
T007252,Yogurt,1
T007252,Onions,4
T007253,Bananas,2
T007253,Yogurt,4
T007254,Apples,4
T007254,Eggs,3
T007254,Orange Juice,3
T007254,Milk,3
T007254,Chicken,2
T007254,Tomatoes,3
T007254,Bread,3
T007254,Onions,2
T007255,Tomatoes,2
T007255,Cheese,3
T007256,Apples,1
T007256,Coffee,1
T007256,Sugar,3
T007256,Milk,4
T007257,Sugar,1
T007257,Orange Juice,1
T007257,Pasta,1
T007257,Chicken,2
T007257,Tomatoes,1
T007258,Flour,2
T007258,Tomatoes,2
T007258,Pasta,1
T007258,Onions,4
T007259,Eggs,2
T007259,Butter,1
T007259,Orange Juice,1
T007259,Milk,3
T007259,Bread,3
T007260,Butter,2
T007260,Eggs,4
T007260,Bread,4
T007261,Coffee,2
T007261,Milk,1
T007262,Tea,1
T007263,Tomatoes,3
T007264,Apples,1
T007264,Bananas,1
T007264,Rice,4
T007265,Cheese,3
T007265,Sugar,4
T007265,Tea,3
T007265,Rice,1
T007265,Coffee,2
T007266,Flour,1
T007266,Bananas,1
T007266,Orange Juice,4
T007266,Onions,3
T007267,Apples,3
T007267,Pasta,4
T007267,Coffee,4
T007267,Bread,2
T007267,Tomatoes,3
T007267,Onions,1
T007268,Tea,1
T007268,Yogurt,1
T007268,Milk,2
T007268,Beef,3
T007268,Tomatoes,4
T007268,Bread,2
T007268,Onions,1
T007269,Apples,4
T007269,Eggs,2
T007269,Tea,1
T007269,Bread,4
T007269,Onions,4
T007270,Apples,3
T007270,Sugar,2
T007270,Eggs,1
T007270,Tea,2
T007270,Milk,2
T007270,Chicken,4
T007270,Bananas,1
T007270,Coffee,3
T007271,Apples,3
T007271,Tomatoes,3
T007272,Apples,1
T007272,Pasta,3
T007272,Flour,2
T007272,Tomatoes,1
T007272,Onions,2
T007273,Cheese,3
T007274,Sugar,2
T007274,Eggs,2
T007274,Tea,4
T007274,Yogurt,3
T007274,Pasta,3
T007274,Coffee,4
T007274,Tomatoes,4
T007274,Onions,4
T007275,Chicken,1
T007275,Cheese,4
T007275,Sugar,2
T007275,Tea,1
T007276,Cheese,3
T007276,Sugar,1
T007276,Butter,4
T007276,Rice,3
T007276,Milk,4
T007276,Chicken,1
T007276,Bananas,1
T007276,Coffee,1
T007276,Bread,3
T007276,Tomatoes,3
T007277,Flour,2
T007277,Butter,3
T007277,Rice,1
T007277,Onions,3
T007278,Tomatoes,1
T007278,Beef,1
T007279,Tomatoes,1
T007279,Rice,2
T007279,Onions,1
T007280,Yogurt,4
T007281,Butter,2
T007281,Yogurt,3
T007281,Onions,3
T007282,Apples,4
T007282,Cheese,4
T007282,Eggs,4
T007282,Butter,3
T007282,Milk,4
T007282,Bananas,2
T007282,Tomatoes,3
T007282,Bread,4
T007283,Apples,1
T007283,Butter,3
T007283,Milk,2
T007283,Chicken,4
T007283,Coffee,1
T007284,Eggs,4
T007284,Butter,3
T007284,Orange Juice,4
T007284,Pasta,2
T007284,Chicken,3
T007284,Tomatoes,1
T007284,Bread,1
T007285,Tomatoes,2
T007285,Pasta,2
T007285,Onions,1
T007286,Coffee,2
T007286,Sugar,4
T007286,Eggs,4
T007286,Tea,1
T007286,Yogurt,4
T007286,Milk,2
T007286,Beef,1
T007286,Tomatoes,4
T007286,Bread,2
T007287,Chicken,3
T007287,Tomatoes,3
T007287,Sugar,1
T007287,Pasta,4
T007288,Rice,4
T007288,Yogurt,1
T007288,Milk,3
T007288,Flour,4
T007288,Tomatoes,4
T007288,Bread,1
T007289,Cheese,1
T007289,Eggs,2
T007289,Butter,3
T007289,Rice,4
T007289,Milk,2
T007289,Bread,4
T007289,Onions,3
T007290,Apples,4
T007290,Cheese,2
T007290,Rice,2
T007290,Milk,3
T007290,Beef,4
T007290,Flour,1
T007290,Coffee,1
T007291,Apples,4
T007291,Cheese,3
T007291,Butter,4
T007291,Tea,2
T007291,Milk,3
T007291,Tomatoes,1
T007292,Eggs,4
T007292,Butter,4
T007292,Rice,4
T007293,Eggs,1
T007293,Butter,4
T007293,Tea,2
T007293,Pasta,2
T007293,Chicken,4
T007293,Tomatoes,4
T007293,Onions,1
T007294,Sugar,1
T007294,Eggs,2
T007294,Butter,2
T007294,Tea,2
T007294,Milk,4
T007294,Coffee,1
T007295,Chicken,1
T007295,Eggs,1
T007295,Bread,4
T007296,Apples,4
T007296,Milk,2
T007296,Bread,1
T007296,Tea,3
T007297,Apples,4
T007297,Sugar,4
T007297,Butter,3
T007297,Rice,2
T007297,Milk,3
T007297,Bananas,4
T007297,Coffee,4
T007297,Bread,4
T007298,Apples,4
T007299,Coffee,2
T007299,Milk,3
T007300,Sugar,2
T007300,Butter,3
T007300,Orange Juice,1
T007300,Tea,2
T007300,Milk,4
T007300,Coffee,3
T007301,Sugar,2
T007301,Eggs,1
T007301,Butter,4
T007301,Tomatoes,1
T007301,Bread,2
T007302,Apples,3
T007302,Sugar,1
T007302,Eggs,3
T007302,Butter,3
T007302,Milk,3
T007302,Bananas,3
T007302,Coffee,3
T007302,Bread,3
T007302,Tomatoes,2
T007303,Apples,1
T007303,Tomatoes,1
T007303,Orange Juice,1
T007304,Yogurt,3
T007305,Sugar,3
T007305,Eggs,2
T007305,Butter,2
T007305,Orange Juice,2
T007305,Yogurt,4
T007305,Milk,3
T007305,Beef,1
T007305,Coffee,3
T007305,Bread,3
T007306,Coffee,4
T007306,Sugar,2
T007306,Butter,2
T007306,Milk,2
T007306,Flour,2
T007306,Tomatoes,1
T007307,Sugar,3
T007307,Pasta,3
T007307,Chicken,1
T007307,Flour,3
T007307,Tomatoes,2
T007308,Pasta,4
T007308,Onions,1
T007309,Apples,2
T007309,Eggs,4
T007309,Yogurt,2
T007309,Milk,4
T007309,Coffee,3
T007310,Apples,3
T007310,Eggs,2
T007310,Orange Juice,2
T007310,Tea,3
T007310,Milk,4
T007310,Bananas,2
T007310,Bread,2
T007311,Apples,3
T007311,Butter,3
T007312,Apples,2
T007312,Butter,2
T007312,Chicken,3
T007312,Beef,4
T007312,Bananas,1
T007313,Eggs,3
T007313,Butter,4
T007313,Pasta,4
T007313,Milk,1
T007313,Bananas,3
T007313,Tomatoes,1
T007313,Bread,4
T007314,Tomatoes,4
T007314,Pasta,1
T007314,Onions,1
T007315,Yogurt,1
T007315,Rice,2
T007315,Chicken,3
T007315,Beef,3
T007315,Tomatoes,1
T007315,Onions,1
T007316,Apples,4
T007316,Cheese,1
T007316,Eggs,4
T007316,Flour,3
T007316,Bread,3
T007317,Sugar,3
T007317,Butter,1
T007317,Tea,2
T007317,Milk,4
T007317,Chicken,4
T007317,Beef,4
T007317,Bananas,3
T007317,Coffee,3
T007317,Bread,1
T007318,Butter,3
T007318,Bread,2
T007318,Yogurt,2
T007318,Onions,4
T007319,Apples,2
T007319,Eggs,4
T007319,Butter,4
T007319,Orange Juice,3
T007319,Pasta,4
T007319,Yogurt,1
T007319,Beef,3
T007319,Tomatoes,3
T007319,Bread,2
T007319,Onions,4
T007320,Onions,1
T007321,Yogurt,2
T007322,Sugar,4
T007322,Yogurt,1
T007322,Milk,1
T007322,Bananas,2
T007322,Coffee,3
T007322,Tomatoes,3
T007323,Sugar,1
T007323,Butter,4
T007323,Pasta,1
T007323,Milk,4
T007323,Beef,3
T007323,Bananas,1
T007323,Tomatoes,3
T007323,Bread,3
T007323,Onions,2
T007324,Coffee,1
T007325,Butter,2
T007325,Eggs,3
T007325,Bread,2
T007326,Sugar,3
T007326,Eggs,2
T007326,Orange Juice,2
T007326,Tea,2
T007326,Yogurt,2
T007326,Milk,2
T007326,Pasta,3
T007326,Bread,2
T007326,Onions,3
T007327,Eggs,4
T007327,Pasta,3
T007327,Rice,1
T007327,Flour,4
T007327,Bananas,2
T007327,Tomatoes,4
T007327,Onions,1
T007328,Eggs,1
T007328,Orange Juice,4
T007328,Yogurt,1
T007328,Milk,4
T007328,Tomatoes,4
T007328,Bread,4
T007329,Cheese,1
T007329,Eggs,4
T007329,Sugar,1
T007329,Butter,3
T007329,Yogurt,4
T007329,Rice,1
T007329,Flour,4
T007329,Bread,4
T007330,Sugar,2
T007330,Orange Juice,2
T007330,Yogurt,2
T007330,Pasta,2
T007330,Bananas,1
T007330,Tomatoes,3
T007330,Onions,1
T007331,Chicken,2
T007331,Bananas,3
T007331,Tomatoes,1
T007331,Onions,1
T007332,Chicken,1
T007332,Eggs,3
T007332,Pasta,4
T007332,Onions,1
T007333,Orange Juice,1
T007334,Cheese,3
T007334,Sugar,3
T007334,Butter,3
T007334,Eggs,3
T007334,Rice,3
T007334,Chicken,1
T007334,Beef,4
T007334,Tomatoes,4
T007334,Bread,3
T007335,Butter,4
T007335,Eggs,2
T007335,Bread,3
T007336,Cheese,3
T007336,Yogurt,4
T007336,Beef,1
T007336,Onions,2
T007337,Eggs,2
T007337,Bread,3
T007338,Eggs,2
T007338,Butter,4
T007338,Milk,4
T007338,Beef,1
T007338,Tomatoes,3
T007338,Bread,1
T007339,Onions,4
T007340,Apples,4
T007340,Eggs,4
T007340,Butter,1
T007340,Rice,1
T007340,Milk,1
T007340,Bananas,3
T007340,Tomatoes,4
T007341,Apples,1
T007341,Sugar,4
T007341,Eggs,1
T007341,Butter,4
T007341,Orange Juice,3
T007341,Pasta,4
T007341,Tomatoes,2
T007341,Bread,2
T007341,Onions,1
T007342,Apples,1
T007342,Sugar,3
T007342,Cheese,3
T007342,Yogurt,2
T007342,Beef,3
T007342,Bananas,3
T007342,Onions,3
T007343,Sugar,3
T007343,Tomatoes,4
T007344,Sugar,4
T007344,Orange Juice,2
T007344,Rice,2
T007344,Pasta,2
T007344,Tomatoes,1
T007345,Eggs,4
T007345,Yogurt,3
T007346,Eggs,2
T007346,Butter,2
T007346,Yogurt,4
T007346,Beef,4
T007346,Flour,3
T007346,Bread,2
T007347,Cheese,1
T007347,Eggs,4
T007347,Butter,3
T007347,Orange Juice,3
T007347,Rice,3
T007347,Milk,3
T007347,Coffee,3
T007348,Apples,1
T007348,Butter,3
T007348,Orange Juice,3
T007348,Pasta,4
T007348,Tomatoes,3
T007348,Onions,3
T007349,Flour,1
T007349,Tomatoes,4
T007349,Tea,3
T007350,Apples,2
T007350,Sugar,1
T007350,Eggs,3
T007350,Orange Juice,2
T007350,Pasta,4
T007350,Yogurt,4
T007350,Rice,2
T007350,Coffee,3
T007350,Tomatoes,4
T007350,Onions,4
T007351,Eggs,2
T007351,Orange Juice,1
T007351,Pasta,3
T007351,Milk,4
T007351,Coffee,4
T007351,Tomatoes,1
T007351,Onions,2
T007352,Apples,3
T007352,Eggs,3
T007352,Orange Juice,4
T007352,Yogurt,4
T007353,Cheese,3
T007353,Eggs,2
T007353,Sugar,3
T007353,Butter,4
T007353,Milk,3
T007353,Chicken,4
T007353,Bananas,1
T007353,Bread,4
T007354,Eggs,1
T007354,Butter,3
T007354,Tea,2
T007354,Milk,3
T007354,Beef,3
T007355,Butter,1
T007355,Eggs,2
T007355,Bread,2
T007356,Sugar,2
T007356,Eggs,1
T007356,Orange Juice,4
T007356,Pasta,3
T007356,Milk,4
T007356,Coffee,2
T007356,Tomatoes,2
T007356,Onions,1
T007357,Sugar,3
T007357,Butter,4
T007357,Rice,4
T007357,Pasta,3
T007357,Bananas,3
T007357,Tomatoes,3
T007357,Onions,3
T007358,Eggs,2
T007358,Pasta,1
T007358,Onions,1
T007359,Chicken,2
T007359,Tomatoes,1
T007359,Rice,1
T007360,Pasta,3
T007360,Onions,1
T007361,Apples,3
T007361,Sugar,3
T007361,Eggs,4
T007361,Orange Juice,3
T007361,Yogurt,2
T007361,Pasta,1
T007361,Tomatoes,4
T007361,Bread,1
T007362,Apples,3
T007362,Yogurt,3
T007362,Flour,2
T007363,Coffee,2
T007363,Sugar,1
T007363,Bread,3
T007363,Milk,3
T007364,Tomatoes,4
T007364,Pasta,2
T007364,Onions,1
T007365,Rice,2
T007365,Orange Juice,4
T007365,Yogurt,4
T007365,Tea,4
T007366,Chicken,3
T007366,Onions,2
T007366,Tea,3
T007367,Sugar,2
T007367,Butter,2
T007367,Milk,3
T007367,Coffee,4
T007367,Onions,3
T007368,Flour,1
T007368,Rice,2
T007369,Eggs,3
T007369,Butter,4
T007369,Orange Juice,2
T007369,Tea,2
T007370,Tea,3
T007371,Eggs,1
T007371,Orange Juice,3
T007371,Pasta,3
T007371,Milk,4
T007371,Coffee,4
T007371,Bread,4
T007371,Tomatoes,2
T007371,Onions,1
T007372,Apples,3
T007372,Orange Juice,3
T007372,Yogurt,1
T007372,Rice,4
T007372,Chicken,3
T007372,Milk,4
T007372,Flour,4
T007372,Coffee,1
T007373,Apples,4
T007373,Sugar,3
T007373,Eggs,2
T007373,Butter,2
T007373,Milk,3
T007373,Flour,1
T007373,Coffee,3
T007373,Bread,1
T007374,Apples,3
T007374,Sugar,1
T007374,Eggs,4
T007374,Butter,4
T007374,Bananas,2
T007374,Coffee,2
T007374,Bread,4
T007375,Eggs,4
T007375,Bread,3
T007375,Orange Juice,3
T007375,Tea,2
T007376,Apples,3
T007377,Cheese,4
T007377,Eggs,2
T007377,Tea,4
T007377,Beef,3
T007377,Flour,4
T007377,Tomatoes,1
T007378,Apples,2
T007379,Sugar,2
T007379,Eggs,3
T007379,Butter,2
T007379,Tea,2
T007379,Milk,2
T007379,Chicken,2
T007379,Beef,2
T007379,Flour,3
T007379,Coffee,1
T007379,Bread,3
T007380,Eggs,3
T007380,Butter,2
T007380,Rice,1
T007380,Yogurt,3
T007380,Flour,4
T007380,Bread,3
T007381,Apples,1
T007381,Eggs,3
T007381,Butter,4
T007381,Milk,1
T007381,Chicken,3
T007381,Flour,3
T007381,Bananas,1
T007381,Bread,1
T007381,Onions,2
T007382,Butter,3
T007382,Tea,2
T007382,Pasta,4
T007382,Tomatoes,1
T007382,Onions,1
T007383,Cheese,3
T007383,Eggs,3
T007383,Pasta,3
T007383,Flour,2
T007383,Tomatoes,2
T007383,Onions,3
T007384,Apples,3
T007384,Cheese,1
T007384,Eggs,2
T007384,Butter,2
T007384,Sugar,4
T007384,Pasta,3
T007384,Milk,4
T007384,Coffee,3
T007384,Bread,2
T007384,Tomatoes,1
T007384,Onions,4
T007385,Eggs,2
T007385,Butter,1
T007385,Tea,4
T007385,Yogurt,3
T007385,Bananas,3
T007385,Tomatoes,2
T007385,Bread,4
T007386,Coffee,4
T007386,Sugar,1
T007386,Orange Juice,4
T007386,Flour,4
T007387,Cheese,2
T007387,Sugar,3
T007387,Pasta,1
T007387,Flour,2
T007387,Tomatoes,2
T007387,Onions,3
T007388,Yogurt,2
T007389,Sugar,2
T007389,Pasta,4
T007389,Milk,3
T007389,Coffee,2
T007389,Tomatoes,4
T007390,Sugar,3
T007390,Eggs,4
T007390,Butter,2
T007390,Orange Juice,4
T007390,Tea,3
T007390,Rice,3
T007390,Coffee,4
T007390,Tomatoes,1
T007391,Butter,2
T007391,Tea,3
T007391,Beef,2
T007391,Flour,4
T007391,Tomatoes,4
T007392,Tea,1
T007393,Beef,2
T007394,Sugar,4
T007394,Eggs,1
T007394,Butter,3
T007394,Orange Juice,4
T007394,Rice,3
T007394,Milk,3
T007394,Chicken,3
T007394,Coffee,1
T007394,Bread,1
T007395,Apples,2
T007395,Cheese,4
T007395,Orange Juice,2
T007395,Pasta,4
T007395,Yogurt,1
T007395,Rice,3
T007395,Tomatoes,2
T007396,Sugar,4
T007396,Tea,1
T007396,Milk,1
T007396,Bananas,4
T007396,Coffee,4
T007396,Tomatoes,2
T007397,Onions,1
T007398,Apples,2
T007398,Cheese,3
T007398,Eggs,4
T007398,Rice,2
T007398,Bread,4
T007399,Eggs,1
T007399,Butter,4
T007399,Milk,2
T007399,Beef,3
T007399,Flour,2
T007399,Bananas,1
T007399,Bread,4
T007400,Eggs,1
T007400,Orange Juice,3
T007400,Tea,4
T007400,Chicken,3
T007400,Beef,3
T007400,Onions,1
T007401,Rice,1
T007401,Yogurt,3
T007401,Milk,4
T007401,Bananas,2
T007401,Coffee,1
T007402,Butter,3
T007402,Orange Juice,3
T007402,Tea,1
T007402,Yogurt,2
T007402,Bananas,4
T007403,Apples,3
T007403,Bananas,3
T007403,Flour,3
T007404,Sugar,3
T007404,Butter,3
T007404,Rice,2
T007404,Yogurt,2
T007404,Bread,3
T007405,Eggs,4
T007405,Orange Juice,3
T007405,Onions,3
T007406,Eggs,2
T007407,Flour,3
T007408,Eggs,1
T007408,Orange Juice,4
T007408,Bananas,4
T007408,Bread,1
T007408,Onions,4
T007409,Butter,3
T007409,Pasta,2
T007409,Bananas,1
T007409,Tomatoes,1
T007409,Bread,1
T007410,Pasta,2
T007411,Cheese,1
T007411,Eggs,4
T007411,Pasta,1
T007411,Milk,2
T007411,Beef,3
T007411,Flour,1
T007411,Tomatoes,2
T007411,Bread,1
T007411,Onions,1
T007412,Chicken,2
T007412,Butter,1
T007412,Tea,1
T007413,Sugar,1
T007413,Butter,2
T007413,Tea,3
T007413,Rice,1
T007413,Chicken,1
T007413,Bananas,4
T007413,Coffee,2
T007414,Apples,3
T007414,Cheese,3
T007414,Pasta,3
T007414,Milk,3
T007414,Chicken,3
T007414,Beef,3
T007414,Tomatoes,2
T007414,Bread,4
T007414,Onions,3
T007415,Apples,1
T007415,Butter,2
T007415,Pasta,4
T007415,Milk,1
T007415,Beef,4
T007415,Bananas,3
T007415,Tomatoes,4
T007415,Onions,4
T007416,Orange Juice,2
T007416,Yogurt,4
T007416,Beef,4
T007416,Bananas,4
T007416,Tomatoes,1
T007417,Apples,3
T007417,Sugar,1
T007417,Orange Juice,3
T007417,Tea,1
T007417,Yogurt,1
T007418,Apples,4
T007418,Sugar,2
T007418,Eggs,3
T007418,Butter,1
T007418,Tea,3
T007418,Rice,1
T007418,Milk,4
T007418,Yogurt,2
T007418,Tomatoes,3
T007418,Bread,4
T007419,Bananas,1
T007419,Tea,2
T007419,Rice,1
T007419,Onions,3
T007420,Eggs,3
T007420,Orange Juice,2
T007420,Tea,1
T007420,Milk,1
T007420,Beef,3
T007420,Flour,4
T007420,Bananas,1
T007420,Bread,4
T007421,Tomatoes,3
T007421,Eggs,4
T007421,Yogurt,4
T007422,Apples,4
T007422,Sugar,3
T007422,Eggs,1
T007422,Orange Juice,1
T007422,Tea,4
T007422,Pasta,4
T007422,Tomatoes,1
T007422,Onions,4
T007423,Apples,1
T007423,Eggs,1
T007423,Butter,3
T007423,Yogurt,3
T007423,Milk,3
T007423,Flour,4
T007424,Eggs,4
T007424,Orange Juice,3
T007424,Tea,1
T007424,Yogurt,4
T007424,Beef,3
T007424,Bananas,2
T007424,Bread,4
T007425,Eggs,2
T007425,Chicken,3
T007425,Beef,4
T007425,Flour,3
T007425,Tomatoes,3
T007425,Onions,2
T007426,Apples,1
T007426,Rice,2
T007427,Beef,4
T007428,Coffee,1
T007428,Eggs,4
T007428,Beef,4
T007428,Tea,2
T007429,Apples,4
T007429,Coffee,2
T007429,Sugar,2
T007429,Milk,1
T007430,Butter,4
T007430,Orange Juice,4
T007430,Rice,3
T007430,Milk,1
T007430,Beef,1
T007430,Bananas,1
T007430,Bread,1
T007431,Tomatoes,2
T007431,Pasta,2
T007432,Chicken,2
T007433,Apples,1
T007433,Sugar,4
T007433,Eggs,4
T007433,Rice,1
T007433,Milk,3
T007433,Tomatoes,2
T007433,Onions,4
T007434,Yogurt,2
T007435,Apples,3
T007435,Sugar,3
T007435,Eggs,1
T007435,Butter,2
T007435,Tea,1
T007435,Milk,2
T007435,Chicken,4
T007435,Bread,2
T007435,Onions,2
T007436,Apples,4
T007436,Eggs,2
T007436,Butter,4
T007436,Orange Juice,4
T007436,Tea,1
T007436,Pasta,4
T007436,Bread,4
T007436,Onions,1
T007437,Eggs,4
T007437,Butter,3
T007437,Pasta,2
T007437,Bananas,4
T007437,Bread,1
T007438,Butter,2
T007438,Rice,3
T007438,Chicken,3
T007438,Beef,4
T007438,Bananas,3
T007439,Cheese,4
T007439,Eggs,2
T007439,Orange Juice,3
T007439,Chicken,4
T007439,Flour,3
T007439,Tomatoes,3
T007439,Onions,4
T007440,Eggs,3
T007440,Butter,3
T007440,Milk,4
T007440,Beef,2
T007440,Bananas,4
T007440,Tomatoes,4
T007441,Sugar,2
T007441,Butter,4
T007441,Orange Juice,1
T007441,Rice,3
T007441,Beef,3
T007442,Apples,4
T007442,Butter,3
T007442,Bread,1
T007442,Milk,2
T007443,Eggs,1
T007443,Butter,4
T007443,Chicken,3
T007443,Beef,3
T007443,Tomatoes,1
T007443,Bread,2
T007443,Onions,3
T007444,Butter,4
T007444,Pasta,3
T007444,Milk,3
T007444,Tomatoes,4
T007444,Bread,2
T007444,Onions,3
T007445,Apples,2
T007445,Rice,4
T007445,Bread,4
T007445,Chicken,1
T007446,Sugar,4
T007446,Pasta,3
T007446,Milk,3
T007446,Chicken,1
T007446,Bananas,3
T007446,Coffee,4
T007447,Tomatoes,2
T007447,Butter,1
T007447,Yogurt,3
T007447,Tea,4
T007448,Sugar,1
T007448,Cheese,3
T007448,Eggs,2
T007448,Orange Juice,2
T007448,Rice,2
T007448,Chicken,1
T007448,Flour,4
T007448,Bread,4
T007449,Coffee,3
T007449,Tomatoes,1
T007449,Pasta,3
T007450,Sugar,3
T007450,Eggs,2
T007450,Beef,2
T007450,Tea,4
T007451,Sugar,2
T007451,Butter,3
T007451,Pasta,2
T007451,Tomatoes,1
T007451,Onions,2
T007452,Eggs,4
T007452,Butter,1
T007452,Milk,1
T007452,Chicken,4
T007452,Bread,3
T007453,Onions,3
T007453,Pasta,2
T007453,Tea,1
T007454,Sugar,3
T007455,Cheese,2
T007455,Orange Juice,1
T007455,Pasta,2
T007455,Rice,2
T007455,Chicken,4
T007455,Tomatoes,2
T007455,Onions,3
T007456,Yogurt,3
T007457,Chicken,1
T007457,Butter,3
T007458,Apples,1
T007458,Eggs,2
T007458,Pasta,2
T007458,Flour,4
T007458,Onions,4
T007459,Sugar,4
T007459,Eggs,2
T007459,Butter,3
T007459,Orange Juice,4
T007459,Tea,1
T007459,Coffee,1
T007459,Bread,2
T007459,Tomatoes,3
T007460,Cheese,3
T007460,Tomatoes,2
T007460,Pasta,2
T007460,Onions,1
T007461,Apples,4
T007461,Cheese,1
T007461,Eggs,4
T007461,Yogurt,3
T007461,Flour,3
T007461,Onions,4
T007462,Chicken,4
T007462,Coffee,1
T007462,Milk,4
T007462,Onions,4
T007463,Sugar,4
T007463,Eggs,3
T007463,Butter,3
T007463,Pasta,3
T007463,Milk,4
T007463,Beef,1
T007463,Tomatoes,2
T007463,Bread,4
T007463,Onions,3
T007464,Milk,1
T007465,Apples,2
T007465,Orange Juice,2
T007465,Yogurt,1
T007465,Rice,3
T007465,Bananas,2
T007465,Bread,1
T007466,Flour,4
T007466,Bananas,2
T007466,Cheese,4
T007466,Beef,1
T007467,Sugar,2
T007467,Eggs,4
T007467,Butter,3
T007467,Milk,1
T007467,Beef,3
T007467,Flour,4
T007468,Rice,3
T007468,Beef,4
T007469,Apples,4
T007470,Sugar,4
T007470,Eggs,2
T007470,Butter,2
T007470,Tea,1
T007470,Flour,3
T007470,Bananas,3
T007470,Bread,2
T007471,Orange Juice,3
T007471,Pasta,4
T007471,Flour,4
T007471,Bananas,1
T007471,Tomatoes,1
T007471,Onions,4
T007472,Eggs,1
T007472,Tea,3
T007472,Yogurt,2
T007472,Pasta,1
T007472,Flour,1
T007472,Tomatoes,4
T007472,Bread,2
T007472,Onions,3
T007473,Coffee,3
T007473,Sugar,1
T007473,Milk,1
T007473,Chicken,2
T007473,Beef,4
T007473,Flour,1
T007473,Tomatoes,1
T007474,Eggs,2
T007474,Butter,2
T007474,Chicken,3
T007474,Beef,2
T007474,Bananas,3
T007474,Bread,4
T007475,Eggs,1
T007475,Butter,3
T007475,Orange Juice,2
T007475,Rice,1
T007475,Beef,2
T007475,Tomatoes,3
T007475,Bread,1
T007476,Tomatoes,3
T007476,Eggs,4
T007477,Orange Juice,1
T007477,Tea,4
T007477,Rice,1
T007477,Pasta,2
T007477,Chicken,4
T007477,Flour,1
T007477,Onions,4
T007478,Apples,1
T007478,Sugar,3
T007478,Butter,3
T007478,Orange Juice,1
T007478,Milk,1
T007478,Beef,2
T007478,Bananas,3
T007478,Coffee,2
T007479,Apples,1
T007479,Sugar,4
T007479,Eggs,2
T007479,Orange Juice,1
T007479,Beef,2
T007479,Flour,3
T007479,Bread,4
T007480,Apples,4
T007480,Orange Juice,4
T007480,Yogurt,2
T007480,Chicken,3
T007480,Flour,2
T007480,Bananas,3
T007480,Tomatoes,2
T007481,Cheese,4
T007481,Eggs,2
T007481,Sugar,2
T007481,Rice,3
T007481,Beef,1
T007481,Coffee,1
T007482,Apples,2
T007482,Sugar,4
T007482,Eggs,1
T007482,Butter,4
T007482,Rice,3
T007482,Flour,1
T007482,Tomatoes,2
T007482,Bread,2
T007483,Apples,2
T007483,Sugar,1
T007483,Yogurt,3
T007483,Coffee,3
T007483,Tomatoes,2
T007484,Cheese,4
T007484,Eggs,1
T007484,Butter,1
T007484,Milk,1
T007484,Chicken,3
T007484,Tomatoes,2
T007484,Bread,3
T007485,Sugar,2
T007485,Butter,3
T007485,Rice,3
T007485,Pasta,1
T007485,Coffee,2
T007486,Cheese,2
T007486,Eggs,3
T007486,Milk,2
T007486,Flour,4
T007486,Bananas,3
T007487,Apples,4
T007487,Cheese,2
T007487,Sugar,2
T007487,Butter,4
T007487,Eggs,3
T007487,Milk,1
T007487,Chicken,3
T007487,Bread,3
T007488,Apples,2
T007488,Cheese,4
T007488,Rice,1
T007488,Chicken,4
T007488,Bananas,1
T007488,Tomatoes,4
T007489,Chicken,4
T007490,Tomatoes,1
T007490,Onions,4
T007491,Orange Juice,4
T007491,Tea,3
T007492,Apples,4
T007492,Sugar,1
T007492,Eggs,3
T007492,Orange Juice,2
T007492,Bananas,2
T007492,Onions,1
T007493,Coffee,4
T007493,Apples,1
T007493,Sugar,3
T007493,Milk,3
T007493,Beef,4
T007493,Tomatoes,3
T007493,Bread,1
T007493,Onions,1
T007494,Sugar,1
T007494,Eggs,2
T007494,Butter,2
T007494,Pasta,3
T007494,Chicken,3
T007494,Beef,1
T007494,Tomatoes,2
T007494,Bread,4
T007494,Onions,2
T007495,Apples,3
T007495,Cheese,3
T007495,Eggs,4
T007495,Butter,1
T007495,Beef,3
T007495,Tomatoes,4
T007495,Onions,2
T007496,Chicken,1
T007496,Eggs,4
T007496,Bread,3
T007496,Milk,4
T007497,Sugar,1
T007497,Cheese,4
T007497,Butter,1
T007497,Tea,1
T007497,Milk,1
T007497,Flour,4
T007497,Bananas,3
T007498,Sugar,4
T007498,Eggs,1
T007498,Butter,1
T007498,Tea,3
T007498,Rice,4
T007498,Flour,1
T007498,Bread,4
T007499,Eggs,2
T007499,Butter,3
T007499,Tea,2
T007499,Milk,2
T007499,Bananas,4
T007499,Bread,3
T007500,Sugar,4
T007500,Eggs,4
T007500,Butter,4
T007500,Chicken,3
T007500,Tomatoes,3
T007500,Bread,3
T007501,Chicken,2
T007501,Butter,1
T007501,Rice,3
T007501,Flour,1
T007502,Coffee,1
T007502,Sugar,3
T007502,Milk,3
T007503,Eggs,4
T007503,Butter,4
T007503,Pasta,2
T007503,Tomatoes,3
T007503,Bread,4
T007503,Onions,2
T007504,Bananas,4
T007504,Butter,1
T007504,Eggs,2
T007504,Bread,4
T007505,Cheese,2
T007505,Rice,4
T007505,Tea,2
T007506,Cheese,4
T007506,Eggs,1
T007506,Rice,4
T007506,Pasta,2
T007506,Beef,3
T007506,Coffee,1
T007506,Bread,1
T007506,Onions,1
T007507,Sugar,1
T007507,Eggs,3
T007507,Pasta,1
T007507,Yogurt,1
T007507,Milk,2
T007507,Tomatoes,1
T007508,Apples,3
T007508,Pasta,3
T007508,Rice,3
T007508,Chicken,3
T007508,Beef,4
T007508,Flour,2
T007508,Tomatoes,4
T007508,Onions,4
T007509,Tomatoes,3
T007509,Orange Juice,1
T007509,Yogurt,3
T007510,Sugar,2
T007510,Eggs,3
T007510,Tea,1
T007510,Yogurt,3
T007510,Pasta,2
T007510,Chicken,4
T007510,Coffee,2
T007510,Onions,4
T007511,Apples,4
T007511,Sugar,3
T007511,Eggs,4
T007511,Milk,1
T007511,Coffee,1
T007511,Tomatoes,2
T007512,Butter,1
T007513,Bananas,3
T007513,Eggs,4
T007513,Butter,4
T007513,Milk,4
T007514,Cheese,1
T007515,Apples,2
T007515,Eggs,1
T007515,Pasta,1
T007515,Yogurt,4
T007515,Chicken,1
T007515,Beef,3
T007516,Sugar,3
T007516,Butter,1
T007516,Beef,4
T007516,Bananas,1
T007516,Bread,3
T007517,Apples,2
T007517,Eggs,4
T007517,Butter,1
T007517,Yogurt,4
T007517,Chicken,1
T007517,Flour,2
T007517,Bread,3
T007518,Apples,2
T007518,Tomatoes,3
T007518,Pasta,1
T007518,Onions,4
T007519,Tea,1
T007519,Pasta,3
T007519,Flour,1
T007519,Coffee,4
T007519,Onions,2
T007520,Butter,2
T007520,Orange Juice,3
T007520,Tea,3
T007520,Pasta,1
T007520,Beef,1
T007520,Bread,3
T007520,Onions,4
T007521,Butter,3
T007521,Eggs,3
T007521,Bread,1
T007521,Milk,4
T007522,Sugar,2
T007522,Eggs,1
T007522,Butter,3
T007522,Orange Juice,2
T007522,Pasta,4
T007522,Beef,1
T007522,Coffee,1
T007523,Orange Juice,4
T007523,Tea,1
T007523,Rice,3
T007523,Milk,3
T007523,Chicken,3
T007523,Coffee,4
T007524,Apples,1
T007524,Coffee,3
T007524,Eggs,2
T007524,Pasta,4
T007524,Milk,1
T007524,Tomatoes,3
T007524,Onions,2
T007525,Butter,4
T007525,Orange Juice,2
T007525,Tomatoes,2
T007525,Bread,3
T007525,Onions,3
T007526,Chicken,1
T007527,Butter,4
T007527,Rice,1
T007527,Pasta,3
T007527,Milk,4
T007527,Bananas,2
T007527,Tomatoes,3
T007527,Bread,3
T007528,Apples,2
T007528,Tomatoes,3
T007529,Cheese,3
T007529,Eggs,2
T007529,Butter,2
T007529,Orange Juice,4
T007529,Flour,3
T007529,Tomatoes,1
T007529,Bread,3
T007529,Onions,4
T007530,Eggs,2
T007530,Tea,2
T007530,Pasta,1
T007530,Milk,2
T007530,Yogurt,3
T007530,Tomatoes,3
T007530,Bread,2
T007530,Onions,3
T007531,Sugar,1
T007532,Sugar,1
T007532,Eggs,2
T007532,Pasta,2
T007532,Milk,1
T007532,Chicken,1
T007532,Coffee,4
T007532,Onions,4
T007533,Tomatoes,1
T007534,Cheese,2
T007534,Eggs,2
T007534,Rice,1
T007534,Beef,2
T007534,Bananas,4
T007534,Onions,4
T007535,Yogurt,3
T007536,Eggs,1
T007536,Butter,2
T007536,Milk,1
T007536,Tomatoes,2
T007536,Bread,1
T007537,Cheese,2
T007537,Tomatoes,1
T007538,Sugar,4
T007538,Chicken,1
T007538,Bananas,1
T007538,Tomatoes,3
T007538,Onions,1
T007539,Tomatoes,3
T007539,Pasta,4
T007539,Onions,2
T007540,Flour,1
T007541,Rice,3
T007541,Pasta,1
T007541,Beef,2
T007542,Cheese,1
T007542,Eggs,1
T007542,Butter,2
T007542,Tea,1
T007542,Milk,4
T007542,Flour,2
T007542,Bread,3
T007543,Apples,3
T007543,Cheese,1
T007543,Eggs,2
T007543,Pasta,2
T007543,Onions,2
T007544,Apples,1
T007544,Sugar,4
T007544,Milk,3
T007544,Chicken,2
T007544,Beef,2
T007544,Tomatoes,3
T007544,Bread,3
T007544,Onions,1
T007545,Apples,1
T007545,Rice,2
T007545,Yogurt,4
T007545,Flour,4
T007546,Bananas,3
T007547,Sugar,1
T007547,Butter,4
T007547,Rice,1
T007547,Milk,3
T007547,Coffee,2
T007547,Tomatoes,2
T007548,Cheese,4
T007548,Eggs,4
T007548,Butter,4
T007548,Orange Juice,2
T007548,Bananas,2
T007548,Bread,1
T007549,Chicken,1
T007549,Cheese,3
T007549,Rice,4
T007549,Onions,2
T007550,Bread,4
T007550,Milk,4
T007551,Coffee,1
T007551,Sugar,3
T007552,Butter,4
T007553,Tomatoes,1
T007553,Pasta,3
T007554,Sugar,2
T007554,Tomatoes,1
T007554,Pasta,1
T007554,Onions,2
T007555,Beef,3
T007556,Cheese,1
T007556,Eggs,4
T007556,Butter,3
T007556,Milk,1
T007556,Bread,1
T007557,Flour,4
T007557,Coffee,3
T007557,Beef,1
T007557,Milk,1
T007558,Chicken,3
T007558,Coffee,3
T007558,Milk,3
T007559,Apples,2
T007559,Cheese,2
T007559,Sugar,2
T007559,Butter,2
T007559,Orange Juice,3
T007559,Eggs,4
T007559,Rice,1
T007559,Milk,4
T007559,Coffee,1
T007559,Bread,1
T007560,Apples,4
T007560,Sugar,4
T007560,Eggs,1
T007560,Milk,2
T007560,Flour,1
T007561,Sugar,3
T007561,Eggs,4
T007561,Butter,1
T007561,Beef,2
T007561,Coffee,4
T007561,Bread,1
T007561,Tomatoes,4
T007562,Butter,3
T007562,Tea,1
T007562,Yogurt,2
T007562,Chicken,3
T007562,Beef,1
T007562,Bananas,3
T007563,Eggs,2
T007563,Yogurt,2
T007563,Tea,2
T007564,Eggs,4
T007564,Orange Juice,4
T007564,Tea,4
T007564,Pasta,2
T007564,Beef,4
T007564,Flour,1
T007564,Tomatoes,3
T007564,Onions,2
T007565,Tomatoes,1
T007566,Rice,3
T007566,Onions,1
T007567,Apples,1
T007567,Eggs,1
T007567,Butter,1
T007567,Rice,3
T007567,Yogurt,4
T007567,Tomatoes,3
T007567,Bread,4
T007568,Sugar,1
T007568,Eggs,1
T007568,Milk,1
T007568,Flour,4
T007568,Coffee,1
T007569,Coffee,1
T007569,Sugar,1
T007569,Beef,4
T007569,Milk,2
T007570,Sugar,3
T007570,Eggs,4
T007570,Butter,2
T007570,Rice,2
T007570,Milk,4
T007570,Beef,3
T007570,Bananas,2
T007570,Coffee,4
T007570,Bread,2
T007571,Onions,4
T007572,Orange Juice,1
T007573,Apples,3
T007573,Butter,4
T007573,Beef,1
T007574,Flour,4
T007575,Cheese,1
T007575,Butter,3
T007575,Tomatoes,2
T007575,Onions,1
T007576,Butter,2
T007576,Tea,4
T007577,Flour,3
T007577,Sugar,1
T007577,Tea,1
T007577,Onions,1
T007578,Apples,1
T007578,Eggs,4
T007578,Butter,1
T007578,Rice,4
T007578,Beef,1
T007578,Flour,2
T007578,Bananas,3
T007578,Bread,4
T007579,Sugar,4
T007579,Butter,3
T007579,Tea,4
T007579,Rice,2
T007579,Yogurt,1
T007579,Chicken,2
T007579,Bread,3
T007580,Butter,4
T007580,Tea,2
T007580,Milk,2
T007580,Bread,4
T007580,Onions,4
T007581,Butter,4
T007581,Tea,4
T007581,Rice,1
T007581,Milk,4
T007581,Bananas,1
T007581,Onions,2
T007582,Butter,4
T007583,Apples,3
T007583,Cheese,4
T007583,Eggs,2
T007583,Butter,1
T007583,Rice,2
T007583,Chicken,4
T007583,Tomatoes,1
T007583,Bread,3
T007584,Apples,4
T007584,Eggs,3
T007584,Orange Juice,1
T007584,Yogurt,4
T007584,Milk,4
T007584,Bread,4
T007585,Tomatoes,1
T007585,Orange Juice,3
T007586,Apples,3
T007586,Sugar,2
T007586,Eggs,3
T007586,Butter,4
T007586,Yogurt,3
T007586,Milk,3
T007586,Beef,3
T007586,Coffee,1
T007586,Bread,1
T007587,Butter,2
T007587,Tea,3
T007587,Rice,2
T007587,Beef,2
T007587,Bread,2
T007587,Onions,2
T007588,Chicken,3
T007589,Tea,1
T007590,Apples,2
T007590,Sugar,4
T007590,Butter,2
T007590,Pasta,4
T007590,Rice,4
T007590,Bananas,2
T007590,Onions,3
T007591,Apples,2
T007591,Beef,2
T007591,Coffee,3
T007591,Tomatoes,2
T007591,Onions,4
T007592,Eggs,4
T007592,Rice,1
T007592,Yogurt,1
T007592,Pasta,3
T007592,Tomatoes,1
T007592,Onions,3
T007593,Apples,2
T007593,Bananas,1
T007593,Butter,4
T007593,Chicken,1
T007594,Coffee,2
T007594,Yogurt,1
T007594,Milk,4
T007595,Apples,1
T007595,Cheese,1
T007595,Eggs,3
T007595,Sugar,2
T007595,Butter,3
T007595,Milk,2
T007595,Tomatoes,4
T007595,Bread,4
T007596,Chicken,4
T007596,Eggs,4
T007597,Cheese,1
T007597,Eggs,4
T007597,Sugar,3
T007597,Butter,4
T007597,Yogurt,4
T007597,Milk,1
T007597,Pasta,3
T007597,Tomatoes,2
T007597,Bread,1
T007598,Apples,4
T007598,Coffee,4
T007598,Orange Juice,3
T007598,Tea,4
T007598,Chicken,2
T007598,Beef,2
T007598,Tomatoes,2
T007599,Eggs,3
T007599,Butter,1
T007599,Orange Juice,1
T007599,Rice,2
T007599,Milk,3
T007599,Chicken,1
T007599,Beef,1
T007599,Bread,3
T007600,Butter,2
T007600,Tea,2
T007600,Milk,4
T007600,Beef,2
T007600,Flour,4
T007600,Coffee,4
T007600,Tomatoes,1
T007601,Beef,1
T007602,Sugar,4
T007602,Butter,3
T007602,Milk,2
T007602,Chicken,3
T007602,Tomatoes,1
T007602,Bread,1
T007603,Apples,1
T007603,Cheese,1
T007603,Eggs,3
T007603,Butter,1
T007603,Rice,3
T007603,Milk,3
T007603,Bananas,3
T007603,Bread,3
T007603,Onions,1
T007604,Chicken,1
T007605,Sugar,3
T007605,Beef,1
T007605,Flour,4
T007605,Coffee,4
T007605,Onions,1
T007606,Eggs,1
T007606,Butter,3
T007606,Milk,1
T007606,Bread,3
T007606,Onions,4
T007607,Apples,4
T007607,Eggs,3
T007607,Butter,2
T007607,Tea,4
T007607,Milk,2
T007607,Chicken,1
T007607,Bread,3
T007608,Cheese,1
T007608,Eggs,1
T007608,Orange Juice,4
T007608,Milk,4
T007608,Beef,4
T007608,Bananas,1
T007609,Beef,2
T007610,Eggs,1
T007610,Bread,3
T007610,Milk,2
T007611,Tomatoes,3
T007611,Bread,2
T007611,Butter,3
T007611,Milk,4
T007612,Butter,1
T007612,Bread,1
T007612,Onions,4
T007612,Milk,4
T007613,Sugar,3
T007613,Eggs,4
T007613,Orange Juice,3
T007613,Yogurt,2
T007613,Tomatoes,3
T007614,Apples,3
T007614,Cheese,1
T007614,Flour,3
T007615,Butter,4
T007615,Eggs,2
T007615,Bread,3
T007616,Bananas,3
T007616,Orange Juice,4
T007616,Beef,4
T007617,Bananas,4
T007617,Bread,1
T007617,Orange Juice,4
T007617,Rice,2
T007618,Butter,2
T007618,Tea,4
T007619,Sugar,4
T007619,Eggs,4
T007619,Butter,3
T007619,Rice,2
T007619,Milk,1
T007619,Beef,4
T007619,Coffee,1
T007619,Bread,3
T007620,Chicken,3
T007621,Orange Juice,1
T007622,Eggs,2
T007622,Butter,4
T007622,Tea,4
T007622,Yogurt,4
T007622,Milk,1
T007622,Bread,2
T007622,Onions,3
T007623,Sugar,4
T007623,Eggs,2
T007623,Chicken,1
T007623,Bananas,2
T007623,Bread,3
T007624,Cheese,2
T007624,Butter,3
T007624,Tea,2
T007624,Pasta,3
T007624,Milk,2
T007624,Beef,4
T007624,Flour,4
T007624,Tomatoes,2
T007625,Apples,4
T007625,Eggs,1
T007625,Butter,1
T007625,Milk,3
T007626,Rice,2
T007627,Flour,2
T007627,Eggs,4
T007627,Butter,2
T007628,Butter,1
T007628,Eggs,2
T007628,Bread,1
T007628,Rice,3
T007629,Apples,2
T007629,Sugar,2
T007629,Tea,4
T007629,Chicken,3
T007629,Flour,3
T007629,Coffee,4
T007629,Onions,4
T007630,Sugar,1
T007630,Orange Juice,4
T007630,Rice,4
T007630,Milk,3
T007630,Coffee,2
T007630,Tomatoes,4
T007631,Cheese,1
T007631,Eggs,2
T007631,Butter,2
T007631,Milk,3
T007631,Bread,1
T007631,Onions,1
T007632,Sugar,4
T007632,Cheese,1
T007632,Yogurt,2
T007632,Milk,1
T007632,Flour,3
T007632,Coffee,3
T007633,Sugar,2
T007633,Eggs,1
T007633,Butter,3
T007633,Yogurt,3
T007633,Milk,3
T007633,Chicken,1
T007633,Beef,1
T007633,Coffee,4
T007634,Apples,3
T007634,Eggs,2
T007634,Butter,4
T007634,Tomatoes,3
T007634,Bread,1
T007635,Apples,4
T007635,Orange Juice,2
T007635,Pasta,1
T007635,Chicken,3
T007635,Bananas,3
T007635,Onions,2
T007636,Chicken,4
T007636,Apples,2
T007636,Eggs,3
T007637,Cheese,4
T007637,Tea,3
T007637,Pasta,4
T007637,Bananas,1
T007637,Coffee,3
T007638,Butter,4
T007638,Bread,1
T007638,Beef,2
T007638,Milk,1
T007639,Flour,1
T007639,Cheese,3
T007639,Onions,2
T007640,Rice,2
T007641,Flour,3
T007641,Bananas,4
T007641,Chicken,2
T007642,Sugar,2
T007642,Orange Juice,4
T007642,Onions,2
T007643,Flour,3
T007643,Bananas,3
T007643,Coffee,3
T007643,Sugar,3
T007644,Bananas,2
T007644,Cheese,1
T007644,Butter,4
T007644,Yogurt,4
T007645,Orange Juice,2
T007645,Tea,4
T007646,Butter,2
T007646,Tea,1
T007646,Pasta,3
T007646,Onions,1
T007647,Eggs,2
T007647,Tea,3
T007647,Flour,3
T007647,Bananas,4
T007647,Bread,3
T007648,Apples,2
T007648,Tea,2
T007649,Apples,1
T007649,Beef,4
T007649,Onions,4
T007650,Coffee,4
T007650,Sugar,2
T007650,Milk,4
T007651,Apples,2
T007651,Eggs,2
T007651,Orange Juice,3
T007651,Rice,2
T007651,Milk,4
T007651,Bananas,2
T007651,Tomatoes,1
T007651,Bread,4
T007651,Onions,2
T007652,Onions,3
T007653,Coffee,4
T007653,Sugar,3
T007653,Yogurt,1
T007654,Apples,2
T007654,Cheese,4
T007654,Eggs,2
T007654,Butter,2
T007654,Orange Juice,1
T007654,Tea,3
T007654,Milk,1
T007654,Tomatoes,4
T007654,Bread,1
T007655,Eggs,3
T007655,Pasta,1
T007655,Yogurt,3
T007655,Chicken,3
T007655,Onions,4
T007656,Tomatoes,1
T007656,Eggs,1
T007656,Tea,4
T007657,Eggs,3
T007657,Butter,1
T007657,Flour,2
T007657,Tomatoes,1
T007657,Onions,3
T007658,Rice,1
T007659,Sugar,3
T007659,Cheese,3
T007659,Eggs,1
T007659,Butter,2
T007659,Yogurt,4
T007659,Milk,4
T007659,Coffee,2
T007660,Eggs,1
T007660,Butter,2
T007660,Milk,2
T007660,Beef,1
T007660,Bread,2
T007661,Coffee,4
T007661,Sugar,4
T007662,Cheese,2
T007662,Eggs,2
T007662,Butter,1
T007662,Tea,2
T007662,Tomatoes,1
T007662,Bread,4
T007662,Onions,4
T007663,Apples,1
T007663,Sugar,4
T007663,Eggs,4
T007663,Butter,2
T007663,Orange Juice,4
T007663,Yogurt,4
T007663,Milk,1
T007663,Onions,2
T007664,Chicken,3
T007664,Eggs,3
T007664,Onions,3
T007665,Orange Juice,1
T007666,Tomatoes,3
T007666,Eggs,4
T007666,Beef,3
T007667,Sugar,1
T007667,Pasta,1
T007667,Rice,3
T007667,Milk,2
T007667,Coffee,4
T007667,Tomatoes,2
T007667,Onions,3
T007668,Apples,4
T007668,Eggs,4
T007668,Yogurt,2
T007668,Pasta,1
T007668,Flour,3
T007668,Bananas,3
T007668,Tomatoes,1
T007668,Onions,4
T007669,Sugar,2
T007669,Eggs,4
T007669,Cheese,1
T007669,Yogurt,4
T007669,Flour,1
T007669,Onions,4
T007670,Orange Juice,4
T007670,Tea,4
T007670,Pasta,2
T007670,Milk,1
T007670,Chicken,4
T007670,Beef,1
T007670,Bananas,4
T007670,Coffee,1
T007670,Tomatoes,4
T007670,Onions,3
T007671,Rice,1
T007671,Bananas,3
T007671,Coffee,3
T007671,Bread,1
T007671,Tomatoes,1
T007672,Eggs,4
T007672,Butter,1
T007672,Orange Juice,2
T007672,Milk,4
T007672,Chicken,1
T007672,Flour,2
T007672,Bananas,3
T007672,Coffee,2
T007672,Bread,4
T007673,Rice,3
T007673,Tea,2
T007674,Apples,3
T007674,Eggs,4
T007674,Yogurt,1
T007674,Chicken,2
T007674,Bread,3
T007675,Sugar,3
T007675,Eggs,1
T007675,Cheese,2
T007675,Rice,1
T007675,Yogurt,4
T007675,Chicken,2
T007675,Bread,4
T007676,Butter,3
T007676,Eggs,1
T007676,Bread,3
T007677,Sugar,3
T007677,Yogurt,2
T007677,Tomatoes,4
T007677,Beef,2
T007678,Bananas,1
T007678,Eggs,4
T007679,Apples,2
T007679,Eggs,2
T007679,Butter,3
T007679,Rice,2
T007679,Yogurt,3
T007679,Chicken,2
T007679,Tomatoes,4
T007680,Sugar,4
T007680,Tea,1
T007680,Pasta,1
T007680,Milk,4
T007680,Bananas,4
T007680,Coffee,2
T007680,Bread,2
T007680,Tomatoes,1
T007680,Onions,2
T007681,Eggs,4
T007681,Milk,1
T007682,Butter,3
T007682,Pasta,2
T007682,Milk,3
T007682,Tomatoes,1
T007682,Bread,2
T007682,Onions,1
T007683,Sugar,4
T007684,Rice,1
T007684,Tomatoes,4
T007684,Beef,2
T007684,Onions,3
T007685,Coffee,4
T007685,Milk,2
T007686,Yogurt,4
T007687,Sugar,4
T007687,Eggs,2
T007687,Rice,2
T007687,Milk,1
T007687,Chicken,4
T007687,Coffee,4
T007687,Onions,3
T007688,Eggs,2
T007688,Bread,3
T007688,Orange Juice,3
T007689,Beef,3
T007690,Cheese,1
T007690,Sugar,3
T007690,Eggs,3
T007690,Pasta,4
T007690,Bananas,1
T007690,Bread,2
T007690,Onions,2
T007691,Chicken,1
T007691,Bananas,3
T007691,Beef,1
T007692,Sugar,4
T007692,Cheese,3
T007692,Milk,2
T007692,Chicken,1
T007692,Coffee,3
T007693,Chicken,1
T007693,Coffee,2
T007693,Sugar,3
T007693,Onions,3
T007694,Butter,4
T007694,Orange Juice,4
T007694,Tea,3
T007694,Rice,2
T007694,Pasta,4
T007694,Yogurt,4
T007694,Beef,1
T007694,Tomatoes,3
T007695,Bananas,2
T007695,Sugar,2
T007695,Cheese,3
T007696,Chicken,3
T007696,Rice,3
T007697,Sugar,2
T007697,Eggs,2
T007697,Bread,4
T007697,Rice,4
T007698,Cheese,4
T007698,Sugar,1
T007698,Butter,4
T007698,Eggs,4
T007698,Pasta,3
T007698,Tomatoes,4
T007698,Bread,2
T007699,Apples,1
T007699,Orange Juice,1
T007699,Yogurt,4
T007699,Milk,3
T007699,Chicken,2
T007699,Pasta,3
T007699,Tomatoes,4
T007699,Bread,4
T007699,Onions,2
T007700,Butter,3
T007700,Eggs,3
T007700,Bread,3
T007700,Milk,4
T007701,Butter,2
T007701,Bread,4
T007702,Apples,2
T007702,Cheese,1
T007702,Eggs,4
T007702,Tea,2
T007702,Pasta,1
T007702,Bananas,3
T007702,Bread,1
T007702,Onions,3
T007703,Apples,2
T007703,Beef,3
T007704,Sugar,3
T007704,Pasta,1
T007704,Coffee,1
T007704,Tomatoes,4
T007704,Onions,2
T007705,Cheese,1
T007705,Sugar,2
T007705,Butter,1
T007705,Eggs,2
T007705,Milk,1
T007705,Chicken,4
T007705,Coffee,3
T007705,Bread,2
T007706,Apples,4
T007706,Yogurt,4
T007706,Onions,4
T007707,Apples,1
T007707,Orange Juice,3
T007707,Tea,3
T007707,Pasta,2
T007707,Beef,2
T007707,Tomatoes,2
T007707,Onions,4
T007708,Yogurt,3
T007709,Flour,2
T007709,Cheese,3
T007709,Eggs,4
T007710,Butter,4
T007710,Eggs,2
T007710,Bread,2
T007711,Cheese,2
T007711,Orange Juice,2
T007711,Yogurt,3
T007712,Apples,4
T007712,Sugar,2
T007712,Eggs,2
T007712,Pasta,1
T007713,Pasta,3
T007713,Milk,2
T007713,Flour,3
T007713,Tomatoes,1
T007713,Bread,1
T007713,Onions,4
T007714,Flour,1
T007714,Beef,2
T007714,Tomatoes,3
T007714,Pasta,1
T007715,Sugar,2
T007715,Eggs,2
T007715,Yogurt,3
T007715,Chicken,2
T007715,Onions,3
T007716,Sugar,2
T007716,Eggs,1
T007716,Butter,1
T007716,Pasta,4
T007716,Milk,4
T007716,Chicken,2
T007716,Coffee,3
T007716,Bread,4
T007716,Tomatoes,3
T007717,Flour,3
T007717,Cheese,1
T007717,Onions,4
T007718,Sugar,3
T007718,Onions,2
T007719,Apples,1
T007719,Yogurt,4
T007719,Eggs,3
T007719,Beef,1
T007720,Apples,3
T007720,Cheese,1
T007720,Eggs,3
T007720,Sugar,2
T007720,Orange Juice,1
T007720,Tea,4
T007720,Milk,3
T007720,Coffee,1
T007721,Sugar,4
T007721,Cheese,3
T007721,Yogurt,1
T007721,Milk,4
T007721,Flour,4
T007721,Coffee,3
T007722,Cheese,2
T007722,Eggs,2
T007722,Sugar,4
T007722,Orange Juice,3
T007722,Milk,1
T007722,Chicken,4
T007722,Coffee,1
T007722,Tomatoes,3
T007723,Tomatoes,2
T007723,Orange Juice,2
T007723,Pasta,3
T007723,Onions,4
T007724,Apples,3
T007724,Eggs,1
T007724,Tea,1
T007724,Milk,4
T007724,Onions,1
T007725,Sugar,4
T007725,Eggs,2
T007725,Orange Juice,4
T007725,Tea,4
T007725,Pasta,3
T007725,Bananas,3
T007725,Tomatoes,4
T007725,Onions,1
T007726,Apples,3
T007726,Sugar,1
T007726,Butter,1
T007726,Chicken,2
T007726,Beef,3
T007726,Bread,2
T007727,Apples,2
T007727,Sugar,1
T007727,Milk,4
T007727,Chicken,3
T007727,Beef,3
T007727,Coffee,2
T007727,Tomatoes,3
T007728,Coffee,1
T007728,Sugar,1
T007728,Milk,4
T007729,Sugar,3
T007729,Eggs,4
T007729,Butter,1
T007729,Yogurt,4
T007729,Milk,3
T007729,Rice,1
T007729,Coffee,4
T007729,Bread,2
T007729,Tomatoes,4
T007730,Apples,2
T007730,Sugar,4
T007730,Yogurt,4
T007730,Beef,3
T007730,Bread,4
T007731,Tomatoes,1
T007732,Apples,4
T007732,Tomatoes,2
T007732,Yogurt,4
T007732,Flour,4
T007733,Cheese,2
T007733,Eggs,4
T007733,Sugar,3
T007733,Pasta,3
T007733,Milk,2
T007733,Bananas,2
T007733,Coffee,1
T007733,Onions,3
T007734,Sugar,1
T007734,Orange Juice,2
T007734,Pasta,1
T007734,Beef,1
T007734,Onions,4
T007735,Chicken,4
T007735,Flour,4
T007735,Onions,4
T007736,Beef,3
T007737,Coffee,3
T007737,Sugar,3
T007737,Eggs,3
T007737,Butter,1
T007737,Milk,1
T007737,Tomatoes,4
T007737,Bread,2
T007738,Eggs,1
T007738,Butter,3
T007738,Yogurt,1
T007738,Milk,4
T007738,Pasta,4
T007738,Tomatoes,3
T007738,Bread,4
T007739,Sugar,3
T007739,Eggs,3
T007739,Orange Juice,3
T007739,Tea,2
T007739,Yogurt,4
T007739,Rice,4
T007739,Tomatoes,1
T007740,Cheese,3
T007740,Orange Juice,2
T007740,Milk,4
T007740,Chicken,3
T007740,Flour,1
T007740,Bananas,4
T007740,Bread,3
T007741,Apples,2
T007741,Coffee,2
T007741,Sugar,4
T007741,Milk,3
T007741,Chicken,1
T007741,Beef,2
T007741,Flour,4
T007741,Tomatoes,3
T007742,Coffee,3
T007742,Sugar,1
T007742,Eggs,4
T007742,Beef,3
T007742,Bananas,3
T007742,Tomatoes,2
T007742,Bread,1
T007743,Sugar,3
T007743,Pasta,1
T007743,Bananas,3
T007743,Coffee,1
T007743,Onions,4
T007744,Cheese,2
T007744,Sugar,3
T007744,Tea,4
T007744,Yogurt,2
T007744,Beef,2
T007744,Bananas,1
T007744,Onions,1
T007745,Eggs,1
T007745,Butter,2
T007745,Milk,4
T007745,Chicken,1
T007745,Beef,3
T007745,Bananas,3
T007746,Sugar,2
T007746,Eggs,3
T007746,Pasta,2
T007746,Milk,2
T007746,Chicken,3
T007746,Tomatoes,3
T007746,Bread,1
T007747,Flour,1
T007747,Yogurt,3
T007748,Sugar,1
T007748,Eggs,3
T007748,Tea,1
T007748,Rice,4
T007748,Pasta,1
T007748,Flour,1
T007748,Bread,2
T007748,Onions,4
T007749,Orange Juice,4
T007750,Apples,1
T007750,Cheese,1
T007750,Orange Juice,4
T007750,Pasta,1
T007750,Chicken,1
T007750,Beef,4
T007750,Bananas,4
T007751,Tomatoes,1
T007751,Pasta,2
T007752,Cheese,1
T007752,Yogurt,1
T007753,Chicken,4
T007753,Bananas,4
T007753,Cheese,4
T007754,Cheese,4
T007754,Eggs,4
T007754,Tomatoes,3
T007754,Bread,2
T007754,Onions,4
T007755,Sugar,1
T007755,Eggs,4
T007755,Pasta,2
T007755,Bananas,1
T007755,Onions,1
T007756,Flour,3
T007756,Sugar,4
T007756,Yogurt,2
T007757,Eggs,2
T007757,Butter,2
T007757,Tea,4
T007757,Milk,4
T007757,Beef,4
T007757,Flour,2
T007757,Tomatoes,4
T007757,Bread,3
T007758,Cheese,1
T007758,Eggs,3
T007758,Butter,3
T007758,Tea,1
T007758,Pasta,1
T007758,Milk,1
T007758,Beef,4
T007758,Tomatoes,3
T007758,Bread,4
T007758,Onions,3
T007759,Sugar,2
T007759,Butter,1
T007759,Rice,3
T007759,Pasta,3
T007759,Milk,3
T007759,Beef,1
T007759,Flour,4
T007759,Coffee,1
T007759,Bread,1
T007759,Onions,3
T007760,Orange Juice,3
T007761,Sugar,4
T007761,Eggs,2
T007761,Chicken,3
T007761,Bananas,3
T007761,Tomatoes,1
T007761,Bread,4
T007761,Onions,3
T007762,Apples,2
T007762,Sugar,2
T007762,Eggs,4
T007762,Butter,4
T007762,Pasta,1
T007762,Milk,2
T007762,Beef,2
T007762,Tomatoes,2
T007762,Onions,4
T007763,Flour,4
T007763,Tomatoes,2
T007763,Eggs,2
T007763,Yogurt,4
T007764,Butter,1
T007764,Orange Juice,2
T007765,Cheese,4
T007765,Eggs,1
T007765,Butter,2
T007765,Sugar,4
T007765,Yogurt,2
T007765,Milk,1
T007765,Beef,1
T007765,Coffee,3
T007766,Cheese,4
T007766,Pasta,3
T007766,Flour,1
T007766,Tomatoes,1
T007766,Onions,4
T007767,Chicken,4
T007767,Cheese,4
T007767,Tea,1
T007768,Apples,2
T007768,Butter,1
T007768,Tea,3
T007768,Pasta,4
T007768,Chicken,4
T007768,Beef,4
T007768,Tomatoes,1
T007769,Sugar,2
T007769,Eggs,3
T007769,Butter,3
T007769,Beef,2
T007769,Flour,4
T007769,Bananas,1
T007769,Bread,2
T007770,Chicken,3
T007770,Eggs,1
T007770,Bread,1
T007770,Tea,3
T007771,Chicken,3
T007771,Tomatoes,3
T007772,Tomatoes,1
T007773,Apples,2
T007773,Eggs,2
T007773,Butter,2
T007773,Orange Juice,1
T007773,Milk,4
T007773,Chicken,1
T007773,Bananas,4
T007773,Tomatoes,1
T007773,Bread,2
T007774,Cheese,1
T007774,Eggs,1
T007774,Butter,3
T007774,Orange Juice,2
T007774,Pasta,4
T007774,Bread,4
T007774,Onions,2
T007775,Tomatoes,3
T007775,Tea,1
T007776,Cheese,4
T007776,Eggs,4
T007776,Orange Juice,4
T007776,Yogurt,4
T007776,Pasta,4
T007776,Rice,1
T007776,Coffee,1
T007776,Tomatoes,2
T007777,Coffee,1
T007777,Butter,1
T007777,Tea,3
T007778,Butter,3
T007778,Onions,1
T007779,Bananas,4
T007779,Eggs,1
T007779,Orange Juice,2
T007780,Cheese,1
T007780,Butter,1
T007780,Yogurt,1
T007780,Pasta,2
T007780,Chicken,2
T007780,Bananas,1
T007780,Tomatoes,3
T007780,Onions,1
T007781,Flour,1
T007781,Butter,2
T007782,Flour,2
T007782,Coffee,2
T007782,Sugar,4
T007783,Cheese,3
T007783,Tomatoes,2
T007783,Beef,3
T007783,Onions,3
T007784,Bananas,3
T007784,Sugar,2
T007784,Tea,4
T007785,Sugar,3
T007785,Eggs,2
T007785,Butter,3
T007785,Tea,3
T007785,Rice,1
T007785,Milk,3
T007785,Bananas,1
T007785,Bread,1
T007786,Cheese,1
T007786,Eggs,3
T007786,Butter,3
T007786,Tea,3
T007786,Pasta,3
T007786,Milk,1
T007786,Bread,1
T007786,Onions,3
T007787,Rice,2
T007788,Butter,1
T007788,Bread,4
T007789,Beef,4
T007790,Butter,4
T007790,Orange Juice,4
T007790,Tea,4
T007790,Milk,1
T007790,Bread,1
T007791,Flour,3
T007791,Cheese,4
T007791,Chicken,1
T007792,Yogurt,4
T007792,Pasta,1
T007792,Beef,1
T007792,Tomatoes,1
T007792,Onions,2
T007793,Chicken,2
T007793,Beef,3
T007794,Butter,4
T007794,Pasta,1
T007794,Onions,2
T007795,Cheese,1
T007795,Eggs,1
T007795,Butter,1
T007795,Orange Juice,3
T007795,Sugar,2
T007795,Milk,2
T007795,Chicken,2
T007795,Bananas,1
T007795,Coffee,2
T007796,Rice,3
T007797,Eggs,2
T007797,Tea,4
T007797,Rice,2
T007797,Bananas,2
T007797,Tomatoes,4
T007797,Onions,1
T007798,Flour,1
T007798,Tomatoes,2
T007798,Eggs,1
T007798,Bread,4
T007799,Sugar,1
T007800,Eggs,4
T007800,Yogurt,4
T007800,Pasta,2
T007800,Chicken,2
T007800,Beef,3
T007800,Tomatoes,4
T007800,Onions,4
T007801,Sugar,4
T007801,Eggs,4
T007801,Orange Juice,1
T007801,Tea,3
T007801,Beef,2
T007801,Coffee,3
T007802,Onions,3
T007802,Rice,4
T007802,Tea,3
T007803,Chicken,3
T007803,Apples,4
T007803,Tomatoes,3
T007803,Tea,3
T007804,Cheese,3
T007804,Eggs,2
T007804,Milk,3
T007804,Bananas,3
T007804,Coffee,1
T007804,Bread,3
T007805,Chicken,2
T007805,Eggs,1
T007805,Bread,2
T007805,Milk,1
T007806,Eggs,4
T007806,Bread,2
T007806,Tea,3
T007807,Apples,2
T007807,Eggs,3
T007807,Butter,3
T007807,Pasta,4
T007807,Beef,4
T007808,Rice,2
T007808,Onions,4
T007809,Tomatoes,4
T007809,Sugar,4
T007810,Eggs,4
T007810,Pasta,1
T007810,Milk,4
T007810,Chicken,3
T007810,Flour,3
T007810,Tomatoes,4
T007810,Bread,2
T007810,Onions,4
T007811,Sugar,3
T007811,Eggs,2
T007811,Butter,4
T007811,Orange Juice,2
T007811,Rice,4
T007811,Yogurt,2
T007811,Beef,2
T007811,Bread,1
T007812,Eggs,3
T007812,Butter,4
T007812,Orange Juice,2
T007812,Milk,3
T007812,Chicken,3
T007812,Flour,3
T007812,Bananas,1
T007812,Bread,4
T007813,Flour,2
T007813,Cheese,4
T007813,Eggs,3
T007813,Tea,4
T007814,Beef,3
T007814,Cheese,4
T007814,Butter,1
T007814,Rice,3
T007815,Sugar,3
T007815,Eggs,2
T007815,Tea,4
T007815,Milk,2
T007815,Beef,1
T007815,Flour,4
T007815,Coffee,4
T007815,Onions,4
T007816,Apples,4
T007816,Eggs,4
T007816,Butter,4
T007816,Milk,2
T007816,Beef,1
T007816,Tomatoes,2
T007816,Bread,2
T007817,Rice,4
T007817,Onions,4
T007818,Eggs,1
T007819,Eggs,3
T007820,Apples,2
T007820,Butter,3
T007820,Yogurt,4
T007820,Bananas,2
T007820,Tomatoes,1
T007821,Sugar,4
T007821,Eggs,2
T007821,Rice,2
T007821,Tomatoes,3
T007821,Onions,1
T007822,Tomatoes,1
T007822,Orange Juice,3
T007822,Rice,1
T007822,Onions,3
T007823,Apples,4
T007823,Cheese,4
T007823,Sugar,1
T007823,Orange Juice,1
T007823,Rice,2
T007823,Beef,4
T007823,Coffee,3
T007824,Apples,4
T007824,Eggs,3
T007824,Beef,1
T007824,Tea,2
T007825,Cheese,1
T007825,Eggs,2
T007825,Butter,2
T007825,Orange Juice,4
T007825,Milk,1
T007825,Chicken,1
T007825,Tomatoes,4
T007825,Bread,4
T007826,Flour,2
T007827,Orange Juice,4
T007827,Rice,4
T007827,Yogurt,3
T007827,Chicken,4
T007827,Tomatoes,4
T007828,Beef,4
T007829,Orange Juice,2
T007829,Beef,3
T007829,Tea,1
T007830,Butter,1
T007830,Tea,4
T007830,Pasta,3
T007830,Beef,1
T007830,Bananas,1
T007831,Chicken,4
T007831,Cheese,3
T007831,Onions,1
T007832,Sugar,1
T007832,Eggs,1
T007832,Butter,1
T007832,Orange Juice,3
T007832,Beef,4
T007832,Coffee,3
T007832,Bread,1
T007832,Onions,2
T007833,Cheese,1
T007833,Sugar,3
T007833,Pasta,4
T007833,Coffee,2
T007833,Onions,1
T007834,Apples,4
T007834,Cheese,3
T007834,Eggs,4
T007834,Butter,2
T007834,Bananas,1
T007834,Bread,2
T007835,Rice,4
T007835,Chicken,2
T007835,Beef,4
T007835,Flour,1
T007835,Tomatoes,3
T007836,Apples,3
T007836,Coffee,3
T007836,Cheese,3
T007836,Beef,1
T007836,Bananas,1
T007836,Tomatoes,3
T007836,Bread,2
T007837,Cheese,1
T007837,Eggs,4
T007837,Butter,3
T007837,Milk,3
T007837,Flour,1
T007837,Tomatoes,1
T007837,Bread,3
T007837,Onions,1
T007838,Eggs,2
T007838,Butter,2
T007838,Orange Juice,2
T007838,Tea,3
T007838,Pasta,2
T007838,Beef,3
T007838,Tomatoes,2
T007838,Bread,1
T007838,Onions,3
T007839,Butter,4
T007839,Tea,3
T007839,Pasta,3
T007839,Yogurt,1
T007839,Beef,1
T007839,Onions,3
T007840,Cheese,3
T007840,Eggs,2
T007840,Beef,2
T007840,Bananas,1
T007840,Tomatoes,3
T007841,Sugar,3
T007841,Yogurt,3
T007841,Milk,1
T007841,Bananas,2
T007841,Coffee,1
T007842,Tomatoes,1
T007842,Eggs,4
T007842,Pasta,1
T007842,Tea,2
T007843,Sugar,2
T007843,Rice,1
T007844,Apples,3
T007844,Sugar,2
T007844,Eggs,4
T007844,Tea,1
T007844,Beef,2
T007844,Onions,2
T007845,Beef,1
T007846,Sugar,1
T007846,Cheese,4
T007846,Butter,3
T007846,Orange Juice,2
T007846,Eggs,1
T007846,Tea,3
T007846,Bread,1
T007847,Sugar,1
T007847,Eggs,3
T007847,Tea,4
T007847,Rice,2
T007847,Milk,4
T007847,Coffee,1
T007847,Tomatoes,3
T007848,Butter,2
T007848,Tea,3
T007848,Rice,2
T007848,Pasta,3
T007848,Flour,1
T007848,Coffee,4
T007848,Tomatoes,4
T007849,Beef,2
T007849,Cheese,4
T007849,Eggs,2
T007849,Yogurt,1
T007850,Cheese,1
T007850,Eggs,4
T007850,Butter,3
T007850,Pasta,2
T007850,Milk,2
T007850,Bananas,1
T007850,Tomatoes,2
T007850,Bread,4
T007850,Onions,1
T007851,Cheese,1
T007851,Sugar,4
T007851,Orange Juice,4
T007851,Rice,2
T007851,Chicken,3
T007851,Flour,2
T007851,Coffee,3
T007852,Eggs,3
T007852,Butter,4
T007852,Tea,2
T007852,Rice,3
T007852,Beef,4
T007852,Flour,4
T007853,Bananas,4
T007853,Orange Juice,3
T007853,Onions,2
T007854,Cheese,1
T007854,Tea,2
T007855,Sugar,1
T007855,Tomatoes,2
T007856,Sugar,2
T007856,Cheese,1
T007856,Butter,2
T007856,Tea,1
T007856,Beef,3
T007856,Bread,2
T007856,Onions,3
T007857,Chicken,4
T007857,Sugar,4
T007857,Bread,4
T007857,Butter,2
T007858,Butter,3
T007858,Beef,1
T007859,Butter,1
T007859,Bread,3
T007860,Sugar,2
T007860,Cheese,3
T007860,Butter,3
T007860,Orange Juice,2
T007860,Pasta,4
T007860,Yogurt,1
T007860,Rice,4
T007860,Tomatoes,3
T007861,Butter,4
T007861,Milk,1
T007861,Beef,3
T007861,Flour,3
T007861,Bananas,4
T007862,Sugar,2
T007862,Eggs,2
T007862,Butter,4
T007862,Tea,4
T007862,Beef,1
T007862,Bread,4
T007862,Onions,1
T007863,Butter,2
T007863,Rice,4
T007864,Eggs,3
T007864,Butter,2
T007864,Tea,4
T007864,Rice,3
T007864,Pasta,4
T007864,Chicken,1
T007864,Milk,1
T007864,Bread,4
T007864,Onions,1
T007865,Sugar,4
T007865,Eggs,3
T007865,Butter,2
T007865,Orange Juice,3
T007865,Yogurt,2
T007865,Chicken,2
T007865,Beef,1
T007865,Bread,2
T007866,Sugar,3
T007866,Eggs,3
T007866,Milk,4
T007866,Flour,2
T007866,Coffee,2
T007867,Eggs,4
T007867,Butter,4
T007867,Tea,4
T007867,Milk,1
T007867,Chicken,4
T007867,Flour,2
T007867,Tomatoes,4
T007867,Bread,1
T007868,Bananas,1
T007868,Eggs,2
T007868,Rice,1
T007869,Coffee,3
T007869,Sugar,1
T007869,Milk,4
T007870,Butter,3
T007870,Orange Juice,2
T007871,Apples,2
T007871,Cheese,4
T007871,Yogurt,4
T007871,Flour,2
T007871,Tomatoes,3
T007872,Butter,1
T007872,Eggs,2
T007872,Bread,2
T007873,Apples,1
T007873,Eggs,3
T007873,Yogurt,1
T007873,Pasta,1
T007873,Chicken,3
T007873,Coffee,3
T007873,Onions,3
T007874,Sugar,3
T007874,Eggs,4
T007874,Butter,2
T007874,Orange Juice,1
T007874,Tea,3
T007874,Tomatoes,2
T007874,Bread,3
T007875,Chicken,3
T007875,Sugar,1
T007876,Cheese,4
T007876,Eggs,2
T007876,Orange Juice,3
T007876,Yogurt,4
T007876,Rice,1
T007876,Milk,4
T007876,Beef,3
T007877,Eggs,3
T007877,Pasta,3
T007877,Bananas,3
T007877,Tomatoes,3
T007877,Onions,4
T007878,Eggs,1
T007878,Butter,4
T007878,Orange Juice,3
T007878,Rice,4
T007878,Chicken,2
T007878,Bread,1
T007879,Beef,4
T007880,Orange Juice,2
T007881,Beef,3
T007882,Flour,2
T007882,Bananas,3
T007882,Cheese,4
T007883,Apples,3
T007883,Onions,1
T007884,Sugar,3
T007885,Eggs,4
T007885,Butter,3
T007886,Sugar,3
T007886,Butter,1
T007886,Tea,1
T007886,Milk,1
T007886,Coffee,3
T007887,Yogurt,1
T007888,Sugar,4
T007888,Eggs,2
T007888,Butter,1
T007888,Pasta,4
T007888,Yogurt,4
T007888,Milk,2
T007888,Flour,1
T007888,Coffee,3
T007888,Tomatoes,3
T007888,Onions,2
T007889,Apples,1
T007889,Eggs,1
T007889,Pasta,2
T007889,Yogurt,3
T007889,Rice,2
T007889,Milk,3
T007889,Bananas,2
T007889,Tomatoes,1
T007889,Bread,4
T007889,Onions,4
T007890,Eggs,2
T007890,Orange Juice,4
T007890,Tea,2
T007891,Tomatoes,3
T007892,Apples,3
T007892,Bananas,3
T007892,Orange Juice,1
T007892,Beef,3
T007893,Cheese,4
T007894,Apples,4
T007894,Sugar,1
T007894,Tea,1
T007894,Rice,3
T007894,Bananas,2
T007894,Tomatoes,2
T007895,Apples,3
T007895,Bananas,3
T007895,Sugar,1
T007895,Chicken,3
T007896,Eggs,3
T007896,Bread,2
T007896,Yogurt,4
T007896,Tea,4
T007897,Eggs,4
T007897,Butter,3
T007897,Beef,1
T007897,Coffee,3
T007897,Bread,1
T007898,Apples,2
T007898,Cheese,1
T007898,Butter,3
T007898,Beef,4
T007898,Bananas,1
T007899,Tea,1
T007900,Bananas,3
T007900,Cheese,4
T007901,Apples,4
T007901,Eggs,2
T007901,Butter,3
T007901,Tomatoes,2
T007901,Bread,4
T007902,Cheese,2
T007902,Sugar,2
T007902,Eggs,1
T007902,Orange Juice,2
T007902,Butter,1
T007902,Pasta,4
T007902,Tomatoes,4
T007902,Bread,3
T007902,Onions,3
T007903,Sugar,4
T007903,Eggs,1
T007903,Butter,3
T007903,Orange Juice,2
T007903,Tea,2
T007903,Chicken,4
T007903,Flour,3
T007903,Coffee,2
T007904,Beef,4
T007905,Coffee,1
T007905,Milk,3
T007905,Yogurt,1
T007905,Onions,4
T007906,Sugar,4
T007906,Eggs,3
T007906,Butter,2
T007906,Milk,3
T007906,Chicken,3
T007906,Bananas,1
T007906,Tomatoes,3
T007906,Bread,1
T007907,Orange Juice,4
T007907,Rice,1
T007908,Flour,2
T007908,Beef,1
T007909,Flour,2
T007909,Chicken,4
T007910,Tomatoes,4
T007911,Butter,2
T007912,Cheese,2
T007912,Eggs,4
T007913,Apples,4
T007913,Yogurt,1
T007913,Beef,4
T007913,Bananas,4
T007913,Onions,3
T007914,Apples,1
T007914,Sugar,4
T007914,Cheese,2
T007914,Beef,1
T007914,Flour,1
T007914,Onions,3
T007915,Flour,1
T007915,Eggs,4
T007915,Butter,3
T007915,Milk,2
T007916,Beef,3
T007917,Eggs,2
T007917,Orange Juice,1
T007917,Tea,3
T007917,Milk,4
T007917,Bread,3
T007918,Sugar,2
T007919,Apples,1
T007920,Chicken,4
T007920,Orange Juice,3
T007920,Beef,3
T007921,Chicken,3
T007921,Beef,4
T007921,Flour,4
T007921,Bananas,1
T007921,Coffee,3
T007921,Tomatoes,3
T007922,Eggs,2
T007922,Butter,4
T007922,Orange Juice,4
T007922,Yogurt,3
T007922,Milk,1
T007922,Pasta,4
T007922,Tomatoes,2
T007922,Bread,1
T007922,Onions,2
T007923,Eggs,1
T007923,Beef,4
T007923,Flour,2
T007923,Bananas,1
T007923,Onions,3
T007924,Cheese,3
T007924,Sugar,2
T007924,Orange Juice,2
T007924,Yogurt,2
T007924,Pasta,2
T007924,Bananas,1
T007924,Coffee,3
T007924,Onions,4
T007925,Butter,3
T007925,Onions,1
T007926,Apples,3
T007926,Sugar,1
T007926,Eggs,2
T007926,Tea,2
T007926,Pasta,1
T007926,Milk,4
T007926,Chicken,2
T007926,Bananas,2
T007926,Tomatoes,4
T007927,Coffee,3
T007927,Sugar,2
T007927,Eggs,4
T007927,Butter,2
T007927,Milk,1
T007927,Tomatoes,4
T007927,Bread,2
T007928,Apples,3
T007928,Sugar,2
T007928,Butter,4
T007928,Tea,2
T007928,Milk,3
T007928,Flour,1
T007928,Coffee,4
T007928,Bread,1
T007929,Tomatoes,4
T007930,Eggs,3
T007930,Butter,4
T007930,Orange Juice,2
T007930,Milk,1
T007930,Coffee,4
T007930,Bread,2
T007930,Onions,4
T007931,Sugar,1
T007931,Butter,1
T007931,Orange Juice,3
T007931,Pasta,3
T007931,Bananas,2
T007931,Tomatoes,1
T007931,Bread,1
T007932,Tea,4
T007932,Yogurt,1
T007932,Flour,1
T007932,Tomatoes,1
T007932,Onions,4
T007933,Butter,1
T007933,Yogurt,1
T007933,Pasta,4
T007933,Chicken,1
T007933,Onions,1
T007934,Flour,1
T007934,Beef,4
T007935,Chicken,3
T007935,Butter,2
T007935,Beef,4
T007936,Apples,3
T007936,Cheese,1
T007936,Milk,2
T007936,Flour,1
T007936,Bananas,4
T007936,Coffee,1
T007936,Tomatoes,1
T007936,Onions,1
T007937,Sugar,1
T007937,Butter,4
T007937,Pasta,1
T007937,Onions,1
T007938,Tomatoes,2
T007938,Butter,3
T007938,Pasta,1
T007938,Onions,1
T007939,Apples,4
T007939,Bananas,1
T007939,Chicken,4
T007940,Rice,3
T007941,Apples,1
T007941,Cheese,4
T007942,Bananas,4
T007943,Apples,3
T007943,Cheese,1
T007943,Butter,3
T007943,Beef,2
T007944,Onions,1
T007944,Tea,1
T007945,Pasta,3
T007945,Tomatoes,2
T007945,Rice,4
T007945,Onions,3
T007946,Sugar,1
T007946,Eggs,3
T007946,Butter,1
T007946,Orange Juice,2
T007946,Flour,4
T007947,Flour,4
T007947,Butter,1
T007947,Eggs,2
T007947,Bread,2
T007948,Sugar,1
T007948,Butter,3
T007948,Orange Juice,3
T007948,Chicken,2
T007948,Onions,3
T007949,Chicken,4
T007950,Orange Juice,4
T007950,Rice,3
T007951,Chicken,3
T007951,Bananas,3
T007951,Rice,1
T007952,Beef,4
T007953,Orange Juice,1
T007954,Tomatoes,4
T007955,Cheese,4
T007955,Sugar,4
T007955,Orange Juice,3
T007955,Yogurt,4
T007955,Pasta,4
T007955,Beef,1
T007955,Bananas,2
T007955,Tomatoes,1
T007955,Onions,2
T007956,Butter,3
T007956,Bread,3
T007956,Yogurt,4
T007956,Milk,4
T007957,Rice,4
T007957,Milk,2
T007957,Chicken,4
T007957,Coffee,3
T007957,Onions,3
T007958,Apples,1
T007958,Butter,3
T007958,Chicken,4
T007959,Tea,1
T007959,Pasta,3
T007959,Milk,4
T007959,Flour,1
T007959,Bananas,4
T007959,Tomatoes,2
T007959,Bread,2
T007959,Onions,3
T007960,Sugar,2
T007960,Orange Juice,3
T007960,Rice,1
T007960,Milk,4
T007960,Flour,1
T007960,Bananas,2
T007960,Coffee,2
T007961,Butter,3
T007961,Rice,3
T007961,Pasta,2
T007961,Chicken,4
T007961,Onions,3
T007962,Apples,2
T007962,Cheese,1
T007962,Butter,3
T007962,Rice,1
T007962,Pasta,3
T007962,Chicken,3
T007962,Bananas,2
T007962,Tomatoes,4
T007962,Bread,4
T007962,Onions,1
T007963,Apples,2
T007963,Eggs,1
T007963,Butter,2
T007963,Pasta,4
T007963,Rice,2
T007963,Milk,4
T007963,Flour,1
T007963,Bread,1
T007964,Tomatoes,2
T007964,Butter,2
T007964,Cheese,2
T007964,Tea,2
T007965,Sugar,1
T007965,Pasta,3
T007965,Yogurt,4
T007965,Chicken,3
T007965,Milk,3
T007965,Beef,3
T007965,Bananas,1
T007965,Coffee,4
T007965,Tomatoes,4
T007966,Tea,2
T007967,Cheese,3
T007967,Eggs,1
T007967,Pasta,1
T007967,Milk,4
T007967,Chicken,3
T007967,Bananas,3
T007967,Bread,4
T007967,Onions,2
T007968,Butter,1
T007968,Rice,4
T007968,Milk,3
T007968,Tomatoes,4
T007968,Bread,3
T007969,Butter,1
T007969,Bread,4
T007970,Cheese,1
T007971,Apples,4
T007971,Sugar,2
T007971,Eggs,3
T007971,Milk,3
T007971,Tomatoes,3
T007971,Bread,3
T007972,Cheese,2
T007972,Eggs,3
T007972,Pasta,3
T007972,Rice,4
T007972,Flour,2
T007972,Onions,2
T007973,Apples,2
T007973,Sugar,4
T007973,Eggs,2
T007973,Milk,2
T007973,Flour,2
T007973,Coffee,3
T007974,Orange Juice,2
T007974,Rice,1
T007974,Tomatoes,4
T007974,Bread,1
T007974,Onions,1
T007975,Eggs,4
T007975,Butter,1
T007975,Tea,4
T007975,Bananas,4
T007975,Bread,3
T007975,Onions,3
T007976,Beef,4
T007976,Yogurt,2
T007977,Apples,2
T007977,Sugar,4
T007977,Pasta,1
T007977,Yogurt,4
T007977,Chicken,4
T007977,Bananas,3
T007977,Coffee,1
T007977,Tomatoes,3
T007977,Onions,2
T007978,Coffee,2
T007978,Sugar,3
T007978,Milk,4
T007979,Orange Juice,4
T007980,Chicken,1
T007980,Sugar,3
T007981,Apples,4
T007981,Sugar,1
T007981,Eggs,1
T007981,Butter,1
T007981,Rice,4
T007981,Yogurt,4
T007981,Bananas,2
T007982,Apples,3
T007982,Sugar,1
T007982,Eggs,1
T007982,Tea,2
T007982,Beef,4
T007982,Tomatoes,2
T007983,Tomatoes,3
T007983,Sugar,4
T007983,Onions,3
T007984,Cheese,1
T007984,Sugar,2
T007984,Pasta,1
T007984,Chicken,2
T007984,Flour,3
T007984,Onions,4
T007985,Apples,1
T007985,Eggs,3
T007985,Butter,4
T007985,Pasta,2
T007985,Milk,1
T007985,Bananas,4
T007985,Bread,3
T007985,Onions,1
T007986,Cheese,1
T007986,Sugar,4
T007986,Butter,4
T007986,Yogurt,2
T007986,Pasta,4
T007986,Tomatoes,4
T007986,Bread,1
T007986,Onions,4
T007987,Eggs,4
T007987,Butter,1
T007987,Milk,1
T007987,Flour,2
T007987,Bananas,2
T007987,Coffee,3
T007987,Bread,4
T007987,Tomatoes,4
T007988,Coffee,3
T007988,Sugar,3
T007988,Yogurt,2
T007988,Milk,1
T007989,Chicken,1
T007989,Eggs,1
T007990,Bananas,3
T007990,Eggs,3
T007991,Apples,2
T007991,Sugar,1
T007991,Eggs,3
T007991,Butter,2
T007991,Rice,2
T007991,Pasta,1
T007991,Tomatoes,1
T007991,Bread,3
T007992,Butter,2
T007992,Rice,4
T007993,Eggs,1
T007993,Butter,1
T007993,Orange Juice,3
T007993,Rice,2
T007993,Milk,2
T007993,Coffee,2
T007993,Bread,4
T007993,Tomatoes,2
T007993,Onions,3
T007994,Chicken,4
T007994,Bananas,1
T007994,Yogurt,4
T007994,Tea,1
T007995,Eggs,1
T007995,Butter,4
T007995,Orange Juice,2
T007995,Pasta,1
T007995,Milk,1
T007995,Yogurt,3
T007995,Beef,1
T007995,Flour,2
T007995,Tomatoes,1
T007995,Bread,3
T007995,Onions,1
T007996,Apples,2
T007996,Sugar,4
T007996,Tea,1
T007996,Pasta,1
T007996,Beef,4
T007996,Coffee,2
T007996,Tomatoes,1
T007996,Onions,3
T007997,Tomatoes,4
T007998,Sugar,4
T007998,Butter,3
T007998,Orange Juice,2
T007998,Tea,4
T007998,Yogurt,3
T007998,Rice,3
T007999,Sugar,3
T007999,Butter,4
T007999,Milk,1
T007999,Chicken,2
T007999,Beef,2
T007999,Coffee,2
T007999,Bread,1
T007999,Tomatoes,1
T008000,Coffee,2
T008000,Eggs,1
T008001,Apples,1
T008001,Sugar,1
T008001,Eggs,1
T008001,Orange Juice,3
T008001,Milk,2
T008001,Beef,3
T008001,Bread,3
T008001,Onions,3
T008002,Flour,3
T008002,Sugar,2
T008003,Chicken,3
T008003,Butter,4
T008004,Bananas,1
T008004,Coffee,3
T008004,Sugar,2
T008004,Milk,3
T008005,Yogurt,4
T008006,Sugar,2
T008006,Bread,3
T008006,Beef,4
T008006,Milk,2
T008007,Eggs,3
T008008,Apples,1
T008008,Onions,1
T008009,Bananas,2
T008009,Cheese,1
T008009,Tomatoes,1
T008009,Pasta,2
T008010,Cheese,3
T008010,Sugar,1
T008010,Chicken,2
T008010,Flour,4
T008010,Tomatoes,4
T008011,Beef,4
T008012,Apples,2
T008012,Sugar,1
T008012,Orange Juice,4
T008012,Tea,4
T008012,Pasta,4
T008012,Milk,2
T008012,Coffee,4
T008012,Tomatoes,4
T008012,Onions,3
T008013,Cheese,2
T008013,Eggs,2
T008013,Butter,2
T008013,Orange Juice,2
T008013,Sugar,2
T008013,Yogurt,4
T008013,Milk,1
T008013,Coffee,3
T008013,Onions,4
T008014,Apples,3
T008014,Sugar,2
T008014,Eggs,4
T008014,Butter,3
T008014,Pasta,3
T008014,Tomatoes,1
T008014,Bread,3
T008014,Onions,2
T008015,Apples,3
T008015,Eggs,1
T008015,Butter,1
T008015,Rice,3
T008015,Milk,1
T008015,Chicken,4
T008015,Beef,4
T008015,Flour,3
T008015,Bread,2
T008016,Coffee,4
T008016,Sugar,4
T008016,Eggs,3
T008016,Butter,3
T008016,Orange Juice,2
T008016,Pasta,1
T008016,Milk,1
T008016,Chicken,1
T008016,Tomatoes,3
T008016,Bread,1
T008016,Onions,2
T008017,Apples,1
T008017,Butter,4
T008017,Orange Juice,4
T008017,Yogurt,3
T008017,Pasta,4
T008017,Bread,2
T008018,Pasta,2
T008019,Apples,3
T008019,Sugar,3
T008019,Tea,1
T008019,Yogurt,4
T008019,Flour,2
T008019,Bananas,3
T008020,Apples,2
T008020,Eggs,2
T008020,Butter,4
T008020,Tea,3
T008020,Pasta,1
T008020,Tomatoes,3
T008021,Sugar,2
T008021,Eggs,2
T008021,Butter,3
T008021,Chicken,2
T008021,Flour,3
T008021,Bread,1
T008022,Apples,3
T008022,Sugar,4
T008022,Butter,2
T008022,Tea,3
T008022,Milk,3
T008022,Flour,4
T008022,Bread,4
T008023,Apples,1
T008023,Butter,1
T008023,Bread,1
T008023,Tea,2
T008024,Eggs,4
T008024,Butter,2
T008024,Tea,2
T008024,Yogurt,3
T008024,Milk,3
T008024,Bread,4
T008025,Sugar,4
T008025,Orange Juice,3
T008025,Rice,4
T008025,Milk,2
T008025,Coffee,4
T008026,Sugar,3
T008026,Orange Juice,2
T008026,Rice,3
T008026,Milk,2
T008026,Beef,1
T008026,Flour,3
T008026,Bananas,1
T008026,Coffee,1
T008027,Coffee,3
T008027,Cheese,4
T008027,Sugar,3
T008027,Butter,1
T008027,Orange Juice,1
T008027,Milk,2
T008027,Chicken,4
T008027,Flour,3
T008027,Tomatoes,2
T008027,Bread,4
T008028,Apples,4
T008029,Sugar,3
T008029,Eggs,4
T008029,Orange Juice,3
T008029,Yogurt,4
T008029,Flour,1
T008029,Tomatoes,2
T008030,Apples,4
T008030,Eggs,2
T008030,Orange Juice,4
T008030,Milk,3
T008030,Chicken,3
T008030,Flour,3
T008030,Bananas,2
T008030,Bread,4
T008031,Coffee,3
T008031,Apples,2
T008031,Butter,1
T008031,Tea,3
T008031,Milk,3
T008031,Flour,1
T008031,Tomatoes,3
T008032,Rice,1
T008032,Tomatoes,2
T008032,Pasta,1
T008032,Onions,2
T008033,Cheese,2
T008033,Eggs,4
T008033,Butter,3
T008033,Tea,2
T008033,Milk,4
T008033,Onions,4
T008034,Apples,2
T008034,Cheese,4
T008034,Butter,4
T008034,Beef,2
T008034,Flour,2
T008034,Bread,4
T008034,Onions,4
T008035,Apples,2
T008035,Cheese,1
T008035,Eggs,2
T008035,Butter,2
T008035,Pasta,2
T008035,Milk,2
T008035,Bananas,4
T008035,Coffee,3
T008035,Bread,3
T008035,Tomatoes,1
T008035,Onions,4
T008036,Eggs,2
T008037,Sugar,1
T008037,Eggs,3
T008037,Butter,4
T008037,Orange Juice,3
T008037,Rice,3
T008037,Bread,1
T008038,Pasta,1
T008038,Rice,1
T008038,Chicken,3
T008038,Tomatoes,4
T008038,Onions,3
T008039,Eggs,3
T008040,Beef,4
T008041,Beef,4
T008042,Cheese,1
T008042,Onions,4
T008043,Rice,2
T008043,Beef,1
T008043,Yogurt,3
T008043,Tea,4
T008044,Chicken,3
T008044,Apples,2
T008044,Bananas,4
T008044,Butter,3
T008045,Cheese,3
T008045,Eggs,4
T008045,Butter,3
T008045,Yogurt,2
T008045,Milk,2
T008046,Tomatoes,3
T008046,Pasta,1
T008046,Onions,4
T008047,Chicken,3
T008047,Eggs,1
T008047,Butter,2
T008047,Beef,3
T008048,Coffee,2
T008048,Sugar,3
T008048,Milk,2
T008049,Sugar,3
T008049,Eggs,3
T008049,Tea,2
T008049,Flour,2
T008049,Onions,2
T008050,Chicken,2
T008050,Onions,3
T008051,Eggs,1
T008051,Butter,3
T008051,Rice,2
T008051,Flour,4
T008051,Bread,3
T008051,Onions,4
T008052,Coffee,2
T008052,Orange Juice,3
T008053,Apples,3
T008053,Sugar,1
T008053,Pasta,1
T008053,Milk,4
T008053,Coffee,4
T008053,Tomatoes,2
T008053,Onions,4
T008054,Apples,1
T008054,Sugar,2
T008054,Pasta,4
T008054,Milk,3
T008054,Flour,4
T008054,Coffee,2
T008054,Tomatoes,2
T008054,Onions,2
T008055,Apples,4
T008055,Cheese,2
T008055,Sugar,2
T008055,Butter,1
T008055,Pasta,4
T008055,Beef,3
T008055,Bananas,2
T008055,Tomatoes,2
T008055,Onions,3
T008056,Sugar,2
T008057,Sugar,2
T008057,Orange Juice,2
T008057,Chicken,3
T008057,Coffee,4
T008057,Tomatoes,4
T008057,Onions,3
T008058,Apples,1
T008058,Yogurt,3
T008058,Onions,3
T008059,Eggs,4
T008059,Butter,3
T008059,Yogurt,4
T008059,Rice,1
T008059,Milk,1
T008060,Cheese,2
T008060,Eggs,3
T008060,Milk,2
T008060,Beef,3
T008060,Bananas,2
T008060,Tomatoes,4
T008061,Apples,1
T008061,Pasta,1
T008061,Tomatoes,4
T008061,Yogurt,1
T008062,Eggs,4
T008062,Butter,2
T008062,Milk,1
T008062,Tomatoes,4
T008062,Bread,3
T008063,Eggs,3
T008063,Pasta,2
T008063,Milk,1
T008063,Bananas,2
T008063,Coffee,2
T008063,Onions,1
T008064,Orange Juice,4
T008064,Onions,2
T008065,Cheese,1
T008065,Eggs,3
T008065,Butter,4
T008065,Sugar,1
T008065,Pasta,1
T008065,Milk,1
T008065,Flour,4
T008065,Coffee,2
T008065,Bread,1
T008065,Tomatoes,4
T008066,Beef,3
T008067,Bananas,4
T008067,Tomatoes,4
T008067,Butter,2
T008067,Orange Juice,1
T008068,Sugar,4
T008068,Rice,3
T008068,Pasta,1
T008068,Yogurt,4
T008068,Beef,2
T008068,Tomatoes,3
T008069,Orange Juice,3
T008070,Eggs,3
T008070,Pasta,4
T008070,Beef,1
T008070,Tomatoes,3
T008070,Onions,2
T008071,Sugar,3
T008071,Eggs,2
T008071,Orange Juice,3
T008071,Tomatoes,2
T008071,Onions,1
T008072,Tea,3
T008072,Yogurt,4
T008072,Milk,1
T008072,Coffee,4
T008072,Tomatoes,1
T008072,Onions,1
T008073,Chicken,1
T008073,Yogurt,2
T008073,Eggs,1
T008073,Beef,1
T008074,Chicken,1
T008074,Eggs,2
T008074,Butter,3
T008074,Milk,2
T008075,Apples,3
T008075,Sugar,3
T008075,Chicken,4
T008075,Tea,4
T008076,Cheese,2
T008076,Eggs,3
T008076,Butter,3
T008076,Rice,2
T008076,Milk,4
T008076,Beef,4
T008076,Bread,1
T008077,Orange Juice,1
T008077,Tea,2
T008077,Pasta,2
T008077,Rice,3
T008077,Onions,3
T008078,Sugar,3
T008078,Pasta,2
T008078,Beef,1
T008078,Flour,4
T008078,Tomatoes,2
T008078,Onions,1
T008079,Orange Juice,3
T008080,Flour,2
T008080,Yogurt,3
T008080,Beef,2
T008081,Cheese,2
T008081,Eggs,4
T008081,Butter,1
T008081,Orange Juice,1
T008081,Rice,3
T008081,Beef,2
T008081,Bread,2
T008082,Eggs,4
T008082,Butter,3
T008082,Pasta,4
T008082,Tomatoes,1
T008082,Bread,3
T008082,Onions,2
T008083,Chicken,1
T008083,Apples,1
T008083,Tomatoes,3
T008084,Eggs,3
T008084,Pasta,4
T008084,Onions,1
T008085,Butter,1
T008085,Bread,1
T008085,Milk,3
T008086,Chicken,1
T008086,Tomatoes,3
T008086,Orange Juice,3
T008086,Pasta,4
T008087,Eggs,3
T008087,Butter,3
T008087,Milk,1
T008087,Tomatoes,4
T008087,Bread,2
T008088,Sugar,4
T008088,Butter,4
T008088,Tea,3
T008088,Pasta,1
T008088,Milk,3
T008088,Bananas,2
T008088,Coffee,3
T008088,Onions,1
T008089,Tea,4
T008090,Bananas,3
T008090,Onions,3
T008091,Butter,1
T008091,Pasta,3
T008091,Milk,2
T008091,Beef,2
T008091,Tomatoes,2
T008091,Bread,2
T008091,Onions,2
T008092,Cheese,1
T008092,Eggs,4
T008092,Tea,3
T008092,Pasta,3
T008092,Milk,4
T008092,Chicken,4
T008092,Bananas,4
T008092,Coffee,4
T008092,Bread,1
T008092,Tomatoes,1
T008092,Onions,3
T008093,Butter,1
T008094,Apples,4
T008094,Butter,1
T008094,Orange Juice,1
T008094,Yogurt,1
T008094,Chicken,2
T008094,Bananas,1
T008094,Bread,4
T008095,Butter,3
T008095,Bread,4
T008095,Beef,3
T008095,Milk,4
T008096,Apples,3
T008096,Eggs,2
T008096,Butter,1
T008096,Tea,1
T008096,Milk,1
T008096,Flour,1
T008096,Coffee,4
T008096,Bread,2
T008096,Onions,1
T008097,Coffee,2
T008097,Rice,1
T008098,Butter,4
T008098,Tea,3
T008098,Yogurt,3
T008098,Beef,1
T008098,Bananas,1
T008099,Eggs,4
T008099,Orange Juice,2
T008099,Yogurt,2
T008099,Rice,3
T008099,Chicken,3
T008099,Flour,2
T008099,Bananas,1
T008099,Bread,3
T008100,Apples,3
T008100,Cheese,3
T008100,Eggs,4
T008100,Rice,1
T008100,Milk,3
T008100,Beef,2
T008100,Flour,2
T008100,Bread,1
T008101,Cheese,1
T008101,Butter,3
T008101,Pasta,2
T008101,Yogurt,2
T008101,Flour,1
T008101,Tomatoes,1
T008101,Bread,4
T008101,Onions,1
T008102,Beef,4
T008102,Coffee,4
T008102,Yogurt,1
T008102,Tea,4
T008103,Eggs,1
T008103,Tea,4
T008103,Pasta,3
T008103,Tomatoes,1
T008103,Bread,1
T008103,Onions,4
T008104,Cheese,4
T008104,Eggs,4
T008104,Sugar,4
T008104,Yogurt,2
T008104,Pasta,4
T008104,Tomatoes,2
T008104,Onions,1
T008105,Bananas,1
T008105,Orange Juice,2
T008106,Cheese,4
T008106,Orange Juice,3
T008106,Tea,2
T008106,Rice,2
T008106,Beef,4
T008106,Flour,2
T008107,Butter,3
T008107,Orange Juice,3
T008107,Rice,1
T008107,Yogurt,2
T008107,Chicken,1
T008107,Pasta,2
T008107,Tomatoes,3
T008108,Tomatoes,1
T008108,Onions,4
T008108,Pasta,2
T008108,Tea,4
T008109,Apples,4
T008109,Sugar,4
T008109,Eggs,3
T008109,Orange Juice,1
T008109,Yogurt,4
T008109,Milk,1
T008109,Beef,2
T008109,Coffee,3
T008110,Bananas,4
T008110,Tomatoes,1
T008110,Pasta,3
T008110,Onions,2
T008111,Eggs,4
T008111,Butter,3
T008111,Tea,4
T008111,Yogurt,1
T008111,Bread,4
T008112,Cheese,3
T008112,Sugar,3
T008112,Tea,1
T008112,Yogurt,2
T008112,Flour,2
T008112,Coffee,1
T008113,Onions,4
T008113,Orange Juice,4
T008113,Tea,4
T008114,Sugar,2
T008114,Butter,1
T008114,Orange Juice,3
T008115,Eggs,1
T008115,Orange Juice,2
T008115,Beef,3
T008115,Flour,2
T008115,Bread,3
T008116,Butter,4
T008116,Bread,4
T008116,Milk,4
T008117,Tomatoes,4
T008117,Orange Juice,2
T008117,Rice,2
T008118,Apples,1
T008118,Sugar,2
T008118,Butter,1
T008118,Pasta,1
T008118,Milk,2
T008118,Beef,3
T008118,Coffee,4
T008118,Tomatoes,2
T008119,Coffee,1
T008119,Sugar,2
T008119,Yogurt,1
T008119,Milk,3
T008120,Apples,2
T008120,Sugar,3
T008120,Eggs,3
T008120,Tea,4
T008120,Rice,1
T008120,Flour,1
T008120,Bread,3
T008121,Tea,3
T008121,Onions,2
T008122,Apples,3
T008122,Beef,4
T008122,Chicken,3
T008122,Rice,2
T008123,Coffee,3
T008123,Sugar,1
T008123,Tea,2
T008124,Flour,4
T008124,Yogurt,4
T008124,Tea,3
T008125,Apples,1
T008125,Sugar,2
T008125,Butter,2
T008125,Pasta,3
T008125,Flour,1
T008125,Bananas,1
T008125,Onions,1
T008126,Apples,2
T008126,Tea,3
T008126,Rice,2
T008126,Yogurt,3
T008126,Milk,2
T008126,Coffee,4
T008126,Onions,2
T008127,Orange Juice,3
T008128,Apples,1
T008128,Eggs,3
T008128,Butter,2
T008128,Rice,3
T008128,Pasta,2
T008128,Milk,1
T008128,Bread,1
T008128,Onions,2
T008129,Eggs,1
T008129,Pasta,4
T008129,Bananas,4
T008129,Tomatoes,4
T008129,Onions,3
T008130,Sugar,4
T008130,Cheese,1
T008130,Butter,1
T008130,Eggs,2
T008130,Coffee,2
T008130,Bread,1
T008131,Orange Juice,2
T008132,Tomatoes,2
T008133,Flour,4
T008134,Cheese,3
T008134,Eggs,1
T008134,Orange Juice,1
T008134,Milk,1
T008134,Chicken,1
T008134,Beef,3
T008134,Bread,4
T008134,Onions,4
T008135,Coffee,3
T008135,Sugar,2
T008135,Beef,4
T008135,Milk,3
T008136,Sugar,2
T008136,Butter,3
T008136,Orange Juice,3
T008136,Pasta,2
T008136,Milk,4
T008136,Chicken,4
T008136,Flour,1
T008136,Coffee,2
T008136,Bread,4
T008136,Tomatoes,2
T008137,Flour,1
T008137,Tea,3
T008138,Sugar,4
T008138,Orange Juice,3
T008138,Pasta,2
T008138,Beef,1
T008138,Flour,1
T008138,Tomatoes,2
T008138,Onions,4
T008139,Eggs,4
T008139,Butter,4
T008139,Yogurt,1
T008139,Milk,1
T008139,Flour,3
T008139,Bread,4
T008140,Bananas,4
T008140,Orange Juice,4
T008140,Beef,2
T008141,Bananas,3
T008141,Sugar,1
T008142,Cheese,1
T008142,Butter,2
T008142,Orange Juice,4
T008143,Bananas,2
T008143,Tomatoes,2
T008144,Apples,4
T008144,Sugar,1
T008144,Eggs,2
T008144,Rice,2
T008144,Pasta,3
T008144,Coffee,1
T008144,Tomatoes,3
T008145,Apples,4
T008145,Bananas,4
T008145,Eggs,1
T008145,Onions,2
T008146,Cheese,4
T008146,Eggs,1
T008146,Tea,3
T008146,Rice,4
T008146,Yogurt,1
T008146,Beef,4
T008146,Onions,3
T008147,Cheese,3
T008147,Eggs,2
T008147,Butter,3
T008147,Milk,3
T008147,Chicken,4
T008147,Beef,3
T008147,Tomatoes,3
T008147,Bread,3
T008148,Apples,2
T008148,Tomatoes,3
T008148,Eggs,3
T008149,Apples,1
T008149,Eggs,2
T008149,Butter,1
T008149,Orange Juice,1
T008149,Milk,3
T008149,Bananas,3
T008149,Bread,2
T008149,Onions,3
T008150,Cheese,1
T008150,Butter,3
T008150,Beef,2
T008150,Flour,3
T008150,Tomatoes,2
T008151,Eggs,2
T008152,Sugar,1
T008152,Eggs,2
T008152,Butter,4
T008152,Milk,2
T008152,Bread,1
T008153,Butter,4
T008153,Pasta,3
T008153,Rice,2
T008153,Beef,4
T008153,Tomatoes,3
T008153,Bread,3
T008153,Onions,4
T008154,Coffee,4
T008154,Beef,1
T008154,Milk,2
T008155,Eggs,1
T008155,Butter,3
T008155,Rice,2
T008155,Yogurt,3
T008155,Milk,4
T008155,Flour,3
T008155,Bread,4
T008155,Onions,1
T008156,Butter,2
T008157,Cheese,2
T008157,Eggs,1
T008157,Butter,1
T008157,Milk,2
T008157,Chicken,1
T008157,Bananas,3
T008157,Bread,1
T008157,Onions,1
T008158,Butter,4
T008158,Milk,3
T008158,Beef,2
T008158,Flour,1
T008158,Bread,3
T008158,Onions,1
T008159,Tomatoes,4
T008159,Sugar,2
T008159,Tea,2
T008160,Sugar,4
T008160,Cheese,4
T008160,Butter,3
T008160,Eggs,1
T008160,Chicken,4
T008160,Bread,2
T008161,Sugar,4
T008161,Butter,3
T008161,Tea,1
T008161,Rice,4
T008161,Milk,1
T008161,Flour,1
T008161,Bananas,3
T008161,Coffee,4
T008161,Bread,3
T008162,Cheese,3
T008162,Sugar,1
T008162,Butter,2
T008162,Eggs,2
T008162,Tea,2
T008162,Flour,3
T008162,Bananas,4
T008162,Bread,3
T008163,Apples,1
T008163,Butter,2
T008163,Orange Juice,1
T008163,Tea,2
T008163,Pasta,1
T008163,Milk,4
T008163,Beef,2
T008163,Flour,2
T008163,Tomatoes,2
T008163,Onions,2
T008164,Eggs,3
T008164,Butter,2
T008164,Orange Juice,4
T008164,Milk,1
T008164,Coffee,1
T008164,Bread,4
T008164,Onions,2
T008165,Coffee,1
T008165,Cheese,1
T008165,Milk,4
T008165,Flour,1
T008165,Tomatoes,1
T008166,Rice,2
T008166,Yogurt,4
T008166,Pasta,1
T008166,Beef,2
T008166,Tomatoes,2
T008166,Bread,2
T008166,Onions,4
T008167,Cheese,2
T008167,Eggs,3
T008167,Butter,4
T008167,Chicken,2
T008167,Flour,4
T008167,Tomatoes,1
T008167,Bread,2
T008168,Apples,4
T008168,Orange Juice,2
T008168,Milk,1
T008168,Flour,3
T008168,Bananas,1
T008168,Bread,1
T008169,Butter,4
T008170,Butter,2
T008170,Eggs,1
T008170,Bread,3
T008170,Milk,4
T008171,Apples,3
T008171,Orange Juice,2
T008171,Yogurt,4
T008171,Pasta,1
T008171,Rice,3
T008171,Flour,1
T008171,Tomatoes,4
T008171,Onions,1
T008172,Eggs,2
T008172,Butter,3
T008172,Rice,3
T008172,Pasta,3
T008172,Milk,2
T008172,Tomatoes,1
T008172,Bread,1
T008172,Onions,1
T008173,Apples,1
T008173,Cheese,4
T008173,Eggs,4
T008173,Butter,1
T008173,Orange Juice,1
T008173,Tea,1
T008173,Milk,3
T008173,Chicken,4
T008173,Bananas,3
T008174,Eggs,3
T008174,Butter,4
T008174,Orange Juice,1
T008174,Pasta,2
T008174,Yogurt,1
T008174,Chicken,4
T008174,Milk,4
T008174,Flour,2
T008174,Bread,4
T008175,Cheese,2
T008175,Rice,3
T008175,Pasta,2
T008175,Tomatoes,3
T008175,Onions,2
T008176,Sugar,2
T008177,Eggs,2
T008177,Butter,4
T008177,Milk,3
T008177,Chicken,3
T008177,Beef,3
T008177,Tomatoes,2
T008177,Bread,2
T008177,Onions,1
T008178,Butter,2
T008178,Tea,2
T008178,Rice,2
T008178,Milk,1
T008178,Chicken,1
T008178,Bananas,1
T008178,Coffee,4
T008179,Tomatoes,2
T008179,Orange Juice,2
T008179,Pasta,3
T008179,Onions,1
T008180,Eggs,2
T008180,Bread,4
T008181,Sugar,2
T008181,Orange Juice,1
T008181,Chicken,2
T008181,Bananas,1
T008181,Tomatoes,2
T008181,Onions,2
T008182,Orange Juice,3
T008182,Tea,1
T008182,Beef,3
T008182,Flour,2
T008182,Bananas,4
T008182,Tomatoes,2
T008182,Onions,3
T008183,Apples,3
T008183,Eggs,3
T008183,Orange Juice,2
T008183,Yogurt,2
T008183,Tomatoes,3
T008184,Tomatoes,3
T008184,Tea,1
T008185,Eggs,2
T008185,Milk,1
T008185,Chicken,3
T008185,Coffee,3
T008185,Bread,1
T008186,Apples,2
T008186,Cheese,2
T008186,Butter,1
T008186,Pasta,1
T008186,Chicken,3
T008186,Flour,3
T008186,Tomatoes,1
T008186,Onions,4
T008187,Apples,1
T008187,Chicken,1
T008187,Yogurt,2
T008187,Flour,1
T008188,Flour,4
T008188,Cheese,1
T008188,Yogurt,4
T008189,Sugar,1
T008189,Cheese,3
T008189,Eggs,3
T008189,Yogurt,1
T008189,Beef,3
T008189,Flour,3
T008189,Bananas,3
T008189,Bread,4
T008190,Apples,1
T008190,Eggs,3
T008190,Butter,1
T008190,Pasta,2
T008190,Tomatoes,1
T008190,Bread,4
T008190,Onions,3
T008191,Flour,3
T008191,Tomatoes,4
T008191,Pasta,4
T008191,Onions,3
T008192,Sugar,4
T008192,Eggs,4
T008192,Cheese,2
T008192,Pasta,3
T008192,Beef,2
T008192,Tomatoes,1
T008192,Onions,4
T008193,Eggs,4
T008193,Orange Juice,3
T008193,Tea,4
T008193,Rice,1
T008193,Yogurt,4
T008193,Bananas,3
T008193,Coffee,3
T008193,Bread,1
T008194,Yogurt,1
T008194,Rice,3
T008195,Sugar,1
T008195,Beef,1
T008195,Onions,2
T008196,Eggs,1
T008196,Butter,4
T008196,Tea,3
T008196,Milk,4
T008196,Coffee,1
T008196,Bread,1
T008196,Tomatoes,1
T008197,Butter,3
T008197,Rice,2
T008197,Milk,4
T008197,Tomatoes,4
T008197,Onions,3
T008198,Apples,4
T008198,Sugar,1
T008198,Butter,4
T008198,Rice,2
T008198,Milk,2
T008198,Bread,3
T008198,Onions,2
T008199,Cheese,3
T008199,Sugar,4
T008199,Butter,4
T008199,Rice,4
T008199,Milk,2
T008199,Chicken,1
T008199,Beef,1
T008199,Coffee,2
T008199,Bread,1
T008200,Apples,1
T008200,Sugar,2
T008200,Eggs,2
T008200,Butter,1
T008200,Orange Juice,3
T008200,Onions,4
T008201,Tomatoes,4
T008201,Eggs,1
T008201,Pasta,4
T008201,Onions,1
T008202,Sugar,4
T008202,Eggs,1
T008202,Butter,3
T008202,Orange Juice,3
T008202,Pasta,2
T008202,Beef,1
T008202,Onions,4
T008203,Flour,4
T008203,Bananas,1
T008203,Beef,1
T008203,Yogurt,4
T008204,Apples,2
T008204,Butter,1
T008204,Yogurt,2
T008204,Chicken,4
T008204,Onions,1
T008205,Beef,3
T008205,Tomatoes,4
T008205,Butter,4
T008205,Rice,3
T008206,Sugar,3
T008206,Cheese,2
T008206,Butter,4
T008206,Rice,2
T008206,Bread,3
T008207,Butter,2
T008207,Orange Juice,1
T008207,Milk,2
T008207,Tomatoes,1
T008207,Bread,1
T008208,Cheese,3
T008209,Flour,1
T008209,Eggs,1
T008209,Onions,3
T008210,Sugar,3
T008210,Cheese,4
T008210,Orange Juice,1
T008210,Milk,3
T008210,Bread,3
T008211,Coffee,4
T008211,Cheese,2
T008211,Sugar,4
T008211,Orange Juice,2
T008211,Pasta,1
T008211,Yogurt,2
T008211,Tomatoes,2
T008212,Sugar,1
T008212,Orange Juice,2
T008212,Yogurt,2
T008212,Pasta,3
T008212,Milk,4
T008212,Coffee,1
T008212,Tomatoes,1
T008213,Sugar,1
T008213,Eggs,2
T008213,Butter,3
T008213,Milk,3
T008213,Bananas,4
T008214,Sugar,4
T008214,Butter,3
T008214,Milk,1
T008214,Chicken,3
T008214,Beef,3
T008214,Flour,1
T008214,Coffee,3
T008214,Bread,1
T008214,Tomatoes,2
T008215,Eggs,4
T008215,Butter,4
T008215,Orange Juice,1
T008215,Milk,1
T008215,Beef,4
T008215,Bread,1
T008216,Chicken,2
T008216,Yogurt,4
T008216,Pasta,2
T008216,Onions,3
T008217,Bananas,4
T008217,Rice,1
T008218,Sugar,1
T008218,Eggs,1
T008218,Beef,3
T008218,Flour,4
T008218,Tomatoes,2
T008219,Flour,1
T008220,Onions,4
T008220,Beef,4
T008220,Tea,3
T008221,Tomatoes,2
T008221,Bananas,1
T008221,Sugar,2
T008221,Cheese,1
T008222,Tea,1
T008223,Apples,3
T008223,Orange Juice,2
T008223,Pasta,3
T008223,Milk,4
T008223,Chicken,4
T008223,Coffee,2
T008223,Tomatoes,2
T008224,Tomatoes,3
T008224,Orange Juice,3
T008224,Rice,4
T008225,Bananas,2
T008226,Apples,2
T008226,Cheese,2
T008226,Beef,1
T008226,Onions,3
T008227,Coffee,2
T008227,Sugar,4
T008227,Rice,4
T008227,Milk,4
T008228,Apples,4
T008228,Cheese,3
T008228,Eggs,3
T008228,Butter,1
T008228,Flour,3
T008228,Bread,3
T008228,Onions,3
T008229,Sugar,4
T008230,Eggs,4
T008230,Butter,2
T008230,Tea,1
T008230,Pasta,3
T008230,Milk,4
T008230,Rice,4
T008230,Beef,4
T008230,Bananas,3
T008230,Tomatoes,4
T008230,Onions,3
T008231,Eggs,2
T008231,Butter,3
T008231,Tea,2
T008231,Milk,1
T008232,Coffee,4
T008232,Cheese,2
T008232,Sugar,1
T008232,Rice,4
T008233,Butter,4
T008234,Coffee,4
T008234,Butter,1
T008234,Cheese,3
T008234,Sugar,3
T008235,Coffee,1
T008235,Sugar,1
T008235,Pasta,2
T008235,Onions,2
T008236,Butter,4
T008236,Orange Juice,2
T008236,Tea,3
T008236,Milk,3
T008236,Chicken,4
T008236,Beef,3
T008236,Flour,2
T008236,Bread,4
T008236,Onions,3
T008237,Apples,1
T008237,Sugar,1
T008237,Eggs,3
T008237,Butter,2
T008237,Pasta,2
T008237,Milk,4
T008237,Coffee,3
T008237,Bread,4
T008237,Onions,3
T008238,Sugar,1
T008238,Orange Juice,4
T008238,Tea,2
T008238,Yogurt,2
T008238,Milk,3
T008238,Flour,3
T008238,Coffee,3
T008238,Tomatoes,2
T008239,Onions,3
T008240,Tomatoes,3
T008240,Bread,4
T008240,Orange Juice,1
T008240,Milk,1
T008241,Chicken,3
T008241,Apples,3
T008241,Rice,4
T008241,Tea,3
T008242,Apples,1
T008242,Sugar,1
T008242,Butter,1
T008242,Beef,3
T008242,Onions,4
T008243,Eggs,3
T008243,Butter,4
T008243,Rice,3
T008243,Yogurt,3
T008243,Chicken,4
T008243,Flour,1
T008243,Bananas,4
T008243,Bread,4
T008244,Milk,4
T008244,Onions,1
T008245,Apples,2
T008245,Cheese,4
T008245,Eggs,4
T008245,Butter,3
T008245,Rice,3
T008245,Yogurt,1
T008245,Bread,4
T008246,Rice,3
T008247,Sugar,3
T008247,Butter,4
T008248,Yogurt,3
T008248,Tea,1
T008249,Sugar,2
T008249,Orange Juice,1
T008249,Yogurt,4
T008249,Chicken,4
T008249,Bananas,1
T008250,Cheese,4
T008250,Tea,2
T008250,Pasta,1
T008250,Milk,2
T008250,Coffee,2
T008250,Bread,2
T008250,Tomatoes,1
T008250,Onions,1
T008251,Chicken,3
T008252,Cheese,2
T008252,Butter,2
T008252,Tea,1
T008252,Rice,2
T008252,Milk,1
T008252,Flour,4
T008252,Bread,3
T008252,Onions,3
T008253,Beef,3
T008254,Cheese,1
T008254,Eggs,3
T008254,Rice,4
T008254,Chicken,2
T008254,Flour,1
T008254,Bananas,2
T008254,Coffee,4
T008255,Cheese,4
T008255,Orange Juice,4
T008255,Tea,1
T008255,Flour,2
T008255,Bananas,4
T008255,Tomatoes,2
T008256,Apples,2
T008256,Sugar,3
T008256,Butter,4
T008256,Tea,4
T008256,Milk,1
T008256,Beef,1
T008256,Bananas,3
T008256,Coffee,3
T008257,Chicken,3
T008257,Bread,2
T008257,Beef,4
T008257,Tea,4
T008258,Cheese,1
T008258,Eggs,2
T008258,Orange Juice,3
T008258,Tea,2
T008258,Yogurt,3
T008258,Tomatoes,2
T008258,Onions,4
T008259,Eggs,2
T008259,Pasta,2
T008259,Chicken,4
T008259,Beef,1
T008259,Bananas,3
T008259,Tomatoes,1
T008259,Onions,4
T008260,Cheese,4
T008260,Eggs,1
T008260,Beef,3
T008260,Bananas,1
T008260,Bread,1
T008261,Apples,4
T008261,Tomatoes,4
T008261,Pasta,3
T008262,Flour,2
T008262,Milk,3
T008262,Orange Juice,1
T008262,Onions,3
T008263,Chicken,2
T008263,Butter,1
T008264,Butter,4
T008264,Sugar,4
T008264,Bread,4
T008264,Rice,2
T008265,Tomatoes,1
T008265,Cheese,4
T008265,Eggs,4
T008265,Orange Juice,3
T008266,Apples,2
T008266,Cheese,4
T008266,Flour,3
T008266,Tomatoes,1
T008266,Onions,4
T008267,Apples,1
T008267,Cheese,3
T008267,Orange Juice,1
T008267,Pasta,4
T008267,Yogurt,2
T008267,Beef,1
T008267,Bananas,4
T008267,Tomatoes,4
T008267,Onions,4
T008268,Pasta,1
T008269,Sugar,4
T008269,Eggs,1
T008269,Tea,4
T008269,Milk,4
T008269,Bananas,1
T008269,Tomatoes,3
T008269,Bread,3
T008270,Sugar,2
T008271,Apples,3
T008271,Cheese,3
T008271,Sugar,4
T008271,Rice,2
T008271,Yogurt,4
T008271,Pasta,4
T008271,Onions,4
T008272,Apples,2
T008272,Cheese,1
T008272,Yogurt,2
T008272,Milk,4
T008272,Chicken,4
T008272,Flour,4
T008272,Bananas,4
T008272,Coffee,3
T008273,Flour,4
T008274,Flour,1
T008274,Eggs,1
T008274,Tea,2
T008275,Rice,1
T008275,Yogurt,1
T008275,Tea,4
T008276,Tomatoes,4
T008276,Butter,3
T008277,Apples,1
T008277,Eggs,1
T008277,Butter,1
T008277,Orange Juice,2
T008277,Beef,4
T008277,Flour,4
T008277,Bread,2
T008278,Apples,4
T008278,Eggs,4
T008278,Tea,2
T008278,Pasta,2
T008278,Yogurt,1
T008278,Tomatoes,1
T008278,Onions,2
T008279,Sugar,1
T008279,Eggs,2
T008279,Butter,1
T008279,Milk,2
T008279,Beef,4
T008279,Bread,3
T008279,Onions,2
T008280,Eggs,3
T008280,Butter,1
T008280,Rice,1
T008280,Milk,4
T008280,Chicken,1
T008280,Tomatoes,2
T008280,Bread,3
T008280,Onions,3
T008281,Sugar,4
T008281,Eggs,3
T008281,Butter,3
T008281,Orange Juice,4
T008281,Tea,4
T008281,Yogurt,1
T008281,Beef,4
T008281,Bread,3
T008281,Onions,4
T008282,Cheese,2
T008282,Eggs,1
T008282,Butter,3
T008282,Orange Juice,2
T008282,Tea,4
T008282,Milk,2
T008282,Chicken,3
T008282,Beef,2
T008282,Bread,1
T008283,Apples,3
T008283,Sugar,4
T008283,Eggs,3
T008283,Butter,1
T008283,Bananas,4
T008283,Coffee,1
T008283,Bread,2
T008283,Tomatoes,1
T008284,Eggs,1
T008284,Orange Juice,1
T008284,Chicken,1
T008284,Flour,4
T008284,Tomatoes,3
T008285,Bread,1
T008286,Chicken,1
T008286,Cheese,4
T008286,Eggs,4
T008286,Butter,1
T008287,Sugar,2
T008287,Eggs,2
T008287,Butter,1
T008287,Orange Juice,4
T008287,Tea,3
T008287,Yogurt,2
T008287,Coffee,4
T008288,Apples,3
T008288,Orange Juice,1
T008288,Milk,3
T008288,Chicken,1
T008288,Bananas,3
T008288,Bread,3
T008289,Butter,4
T008289,Orange Juice,1
T008289,Yogurt,3
T008289,Milk,4
T008290,Onions,2
T008291,Bananas,1
T008291,Tomatoes,3
T008291,Eggs,1
T008291,Orange Juice,4
T008292,Chicken,4
T008292,Cheese,4
T008292,Coffee,3
T008292,Milk,4
T008293,Cheese,2
T008293,Eggs,1
T008293,Butter,4
T008293,Yogurt,1
T008293,Beef,3
T008293,Bread,2
T008294,Flour,2
T008295,Apples,2
T008295,Butter,3
T008296,Cheese,4
T008296,Eggs,2
T008296,Pasta,2
T008296,Tomatoes,1
T008296,Onions,2
T008297,Tomatoes,3
T008298,Onions,3
T008299,Sugar,3
T008299,Eggs,2
T008299,Butter,4
T008299,Yogurt,3
T008299,Milk,3
T008299,Coffee,1
T008299,Bread,3
T008300,Butter,4
T008300,Bread,1
T008300,Orange Juice,1
T008300,Yogurt,4
T008301,Sugar,4
T008301,Eggs,1
T008301,Rice,4
T008301,Milk,2
T008301,Chicken,4
T008301,Bread,3
T008302,Cheese,3
T008302,Tomatoes,4
T008302,Pasta,4
T008302,Onions,3
T008303,Tomatoes,1
T008303,Onions,3
T008303,Pasta,1
T008303,Tea,4
T008304,Apples,1
T008304,Bananas,2
T008305,Eggs,2
T008305,Orange Juice,1
T008306,Sugar,2
T008306,Cheese,3
T008306,Tea,4
T008306,Beef,4
T008306,Tomatoes,3
T008306,Onions,4
T008307,Beef,4
T008308,Pasta,2
T008309,Bananas,2
T008309,Tomatoes,3
T008309,Eggs,2
T008309,Rice,2
T008310,Tomatoes,2
T008310,Butter,1
T008310,Pasta,1
T008311,Cheese,3
T008311,Butter,1
T008311,Rice,1
T008311,Milk,3
T008311,Bananas,4
T008311,Bread,4
T008311,Onions,1
T008312,Butter,2
T008312,Tea,4
T008312,Pasta,2
T008312,Milk,1
T008312,Beef,1
T008312,Bananas,2
T008312,Tomatoes,4
T008312,Bread,4
T008312,Onions,4
T008313,Cheese,3
T008313,Eggs,2
T008313,Butter,2
T008313,Pasta,3
T008313,Milk,2
T008313,Chicken,3
T008313,Yogurt,3
T008313,Tomatoes,3
T008313,Bread,4
T008313,Onions,2
T008314,Sugar,3
T008314,Eggs,1
T008314,Butter,3
T008314,Rice,2
T008314,Milk,3
T008314,Flour,1
T008314,Coffee,1
T008315,Butter,3
T008315,Tea,4
T008315,Yogurt,1
T008315,Pasta,4
T008315,Onions,3
T008316,Butter,3
T008316,Tea,2
T008316,Pasta,2
T008316,Flour,4
T008316,Onions,2
T008317,Flour,4
T008317,Cheese,1
T008317,Pasta,1
T008318,Flour,4
T008318,Yogurt,3
T008319,Butter,2
T008319,Onions,2
T008319,Pasta,2
T008319,Tea,1
T008320,Apples,1
T008320,Sugar,3
T008320,Butter,3
T008320,Yogurt,2
T008320,Beef,3
T008320,Bananas,2
T008320,Coffee,2
T008320,Tomatoes,1
T008321,Eggs,4
T008321,Butter,2
T008321,Orange Juice,4
T008321,Pasta,1
T008321,Milk,1
T008321,Onions,2
T008322,Tomatoes,4
T008323,Sugar,4
T008323,Eggs,3
T008323,Milk,3
T008323,Beef,4
T008323,Bananas,3
T008323,Coffee,1
T008323,Tomatoes,1
T008324,Sugar,2
T008324,Rice,1
T008324,Onions,4
T008325,Cheese,3
T008325,Bread,4
T008326,Tea,3
T008327,Sugar,4
T008327,Eggs,3
T008327,Tea,4
T008327,Beef,2
T008327,Flour,4
T008327,Coffee,3
T008327,Bread,1
T008328,Orange Juice,2
T008328,Pasta,4
T008328,Onions,3
T008329,Onions,4
T008330,Cheese,3
T008330,Eggs,2
T008330,Butter,1
T008330,Orange Juice,1
T008330,Rice,4
T008330,Milk,1
T008330,Bananas,4
T008330,Bread,4
T008331,Coffee,1
T008331,Orange Juice,1
T008331,Bananas,2
T008331,Tomatoes,1
T008331,Onions,4
T008332,Tomatoes,4
T008333,Apples,2
T008333,Cheese,3
T008333,Eggs,1
T008333,Butter,2
T008333,Milk,2
T008334,Coffee,2
T008334,Eggs,1
T008334,Sugar,3
T008335,Sugar,4
T008335,Eggs,3
T008335,Tea,3
T008335,Yogurt,2
T008335,Pasta,1
T008335,Flour,3
T008335,Tomatoes,2
T008336,Chicken,3
T008336,Beef,3
T008337,Coffee,2
T008337,Cheese,1
T008337,Sugar,3
T008338,Eggs,2
T008338,Butter,2
T008338,Pasta,2
T008338,Rice,3
T008338,Chicken,3
T008338,Bananas,4
T008338,Bread,4
T008339,Sugar,3
T008339,Eggs,2
T008339,Butter,1
T008339,Rice,2
T008339,Tomatoes,3
T008339,Onions,3
T008340,Flour,4
T008340,Sugar,4
T008340,Eggs,1
T008341,Eggs,1
T008341,Butter,3
T008341,Pasta,1
T008341,Beef,2
T008341,Flour,3
T008341,Tomatoes,3
T008341,Bread,4
T008341,Onions,2
T008342,Flour,2
T008342,Bananas,4
T008343,Butter,3
T008343,Tea,2
T008344,Tomatoes,2
T008344,Tea,3
T008345,Apples,2
T008345,Sugar,2
T008345,Eggs,4
T008345,Milk,4
T008345,Chicken,1
T008345,Beef,4
T008345,Coffee,1
T008346,Apples,2
T008346,Eggs,1
T008346,Butter,3
T008346,Bananas,3
T008346,Bread,3
T008346,Onions,4
T008347,Eggs,1
T008347,Tea,1
T008347,Rice,2
T008347,Milk,2
T008347,Beef,1
T008347,Bananas,3
T008347,Tomatoes,3
T008347,Bread,4
T008348,Apples,3
T008348,Eggs,4
T008348,Butter,2
T008348,Milk,2
T008348,Bananas,3
T008348,Bread,2
T008348,Onions,2
T008349,Sugar,3
T008349,Butter,1
T008349,Orange Juice,2
T008349,Tea,1
T008349,Bread,2
T008350,Eggs,4
T008350,Orange Juice,4
T008350,Beef,3
T008351,Cheese,2
T008351,Eggs,1
T008351,Butter,2
T008351,Rice,4
T008351,Milk,4
T008351,Chicken,4
T008351,Bread,2
T008352,Apples,1
T008352,Butter,4
T008352,Tea,2
T008352,Chicken,4
T008352,Bread,3
T008353,Sugar,3
T008353,Orange Juice,1
T008353,Rice,2
T008353,Milk,4
T008353,Bread,1
T008354,Sugar,3
T008354,Butter,3
T008354,Pasta,4
T008354,Rice,4
T008354,Tomatoes,2
T008354,Bread,3
T008354,Onions,4
T008355,Bananas,3
T008355,Tomatoes,1
T008355,Pasta,3
T008355,Tea,4
T008356,Chicken,1
T008357,Butter,4
T008357,Eggs,3
T008357,Bread,1
T008357,Onions,1
T008358,Cheese,2
T008358,Butter,4
T008358,Orange Juice,1
T008358,Milk,2
T008358,Chicken,4
T008358,Beef,1
T008358,Bread,4
T008359,Rice,1
T008359,Pasta,1
T008359,Beef,1
T008359,Tomatoes,4
T008359,Onions,3
T008360,Butter,4
T008360,Beef,2
T008360,Onions,4
T008361,Eggs,2
T008361,Butter,3
T008361,Rice,1
T008361,Milk,4
T008361,Tomatoes,4
T008361,Onions,4
T008362,Cheese,2
T008362,Eggs,2
T008362,Orange Juice,1
T008362,Rice,4
T008362,Chicken,3
T008362,Beef,3
T008363,Eggs,3
T008363,Butter,2
T008363,Yogurt,3
T008363,Milk,4
T008363,Onions,3
T008364,Eggs,2
T008364,Bread,2
T008365,Butter,2
T008365,Orange Juice,1
T008365,Tea,3
T008365,Chicken,2
T008365,Flour,4
T008365,Tomatoes,3
T008366,Butter,2
T008366,Orange Juice,1
T008366,Tea,1
T008366,Rice,4
T008366,Yogurt,3
T008366,Bread,1
T008367,Apples,1
T008367,Sugar,2
T008367,Rice,3
T008367,Yogurt,3
T008367,Bananas,3
T008367,Onions,1
T008368,Rice,4
T008368,Pasta,1
T008368,Milk,4
T008368,Bananas,3
T008368,Coffee,4
T008368,Onions,4
T008369,Cheese,1
T008369,Eggs,2
T008369,Butter,4
T008369,Tea,4
T008369,Milk,3
T008369,Chicken,3
T008369,Flour,1
T008369,Bread,3
T008369,Onions,3
T008370,Cheese,1
T008370,Eggs,2
T008370,Butter,2
T008370,Sugar,2
T008370,Pasta,2
T008370,Milk,3
T008370,Chicken,4
T008370,Beef,2
T008370,Coffee,1
T008370,Bread,3
T008370,Tomatoes,2
T008370,Onions,2
T008371,Flour,2
T008371,Rice,2
T008372,Apples,3
T008372,Sugar,1
T008372,Eggs,2
T008372,Butter,4
T008372,Rice,1
T008372,Milk,4
T008372,Flour,4
T008372,Coffee,4
T008372,Bread,1
T008372,Onions,2
T008373,Orange Juice,2
T008374,Eggs,4
T008375,Sugar,3
T008375,Eggs,3
T008375,Butter,4
T008375,Orange Juice,4
T008375,Yogurt,4
T008375,Milk,4
T008375,Tomatoes,3
T008375,Bread,2
T008376,Sugar,2
T008376,Butter,3
T008376,Orange Juice,1
T008376,Yogurt,2
T008376,Beef,3
T008376,Bananas,2
T008376,Tomatoes,3
T008377,Beef,2
T008378,Yogurt,4
T008379,Apples,1
T008379,Cheese,4
T008379,Butter,2
T008379,Beef,3
T008379,Bananas,3
T008379,Coffee,1
T008379,Bread,2
T008380,Apples,3
T008380,Cheese,4
T008380,Eggs,3
T008380,Pasta,2
T008380,Milk,4
T008380,Tomatoes,3
T008380,Bread,4
T008381,Eggs,1
T008381,Butter,3
T008381,Orange Juice,4
T008381,Tea,2
T008381,Milk,1
T008381,Beef,1
T008381,Flour,3
T008381,Tomatoes,3
T008381,Bread,1
T008382,Tea,4
T008383,Apples,1
T008383,Eggs,3
T008383,Butter,3
T008383,Yogurt,4
T008383,Chicken,2
T008383,Beef,1
T008383,Tomatoes,2
T008383,Bread,3
T008384,Eggs,1
T008384,Butter,4
T008384,Milk,2
T008385,Sugar,2
T008385,Eggs,4
T008385,Butter,3
T008385,Orange Juice,4
T008385,Tea,4
T008385,Milk,2
T008385,Bananas,3
T008385,Coffee,4
T008386,Coffee,4
T008386,Milk,2
T008386,Cheese,2
T008386,Onions,1
T008387,Tomatoes,1
T008387,Bread,3
T008387,Butter,4
T008387,Milk,1
T008388,Bananas,3
T008388,Beef,3
T008389,Butter,1
T008389,Eggs,4
T008389,Bread,4
T008389,Milk,2
T008390,Sugar,3
T008390,Butter,2
T008390,Orange Juice,1
T008390,Yogurt,4
T008390,Chicken,1
T008390,Bread,1
T008391,Apples,1
T008391,Cheese,1
T008391,Eggs,1
T008391,Butter,4
T008391,Pasta,2
T008391,Chicken,1
T008391,Flour,1
T008391,Tomatoes,2
T008391,Bread,1
T008391,Onions,2
T008392,Eggs,1
T008392,Butter,1
T008392,Orange Juice,1
T008392,Beef,3
T008392,Bananas,3
T008392,Bread,3
T008393,Apples,4
T008393,Sugar,3
T008393,Butter,3
T008393,Orange Juice,2
T008393,Milk,1
T008393,Coffee,1
T008394,Butter,4
T008394,Orange Juice,4
T008394,Milk,1
T008394,Chicken,1
T008394,Beef,1
T008394,Flour,1
T008394,Bananas,3
T008394,Bread,3
T008395,Flour,3
T008395,Tea,4
T008396,Cheese,2
T008396,Eggs,2
T008396,Rice,2
T008396,Pasta,1
T008396,Beef,4
T008396,Tomatoes,1
T008397,Flour,1
T008397,Chicken,4
T008398,Onions,3
T008399,Coffee,4
T008399,Sugar,4
T008399,Orange Juice,4
T008399,Pasta,3
T008399,Milk,1
T008399,Chicken,3
T008399,Flour,3
T008399,Tomatoes,1
T008400,Flour,4
T008400,Eggs,1
T008400,Beef,4
T008401,Sugar,3
T008401,Butter,4
T008401,Orange Juice,2
T008401,Pasta,4
T008401,Flour,1
T008401,Tomatoes,1
T008401,Bread,3
T008401,Onions,3
T008402,Apples,3
T008402,Butter,2
T008402,Orange Juice,1
T008402,Rice,2
T008402,Flour,4
T008402,Tomatoes,3
T008403,Sugar,4
T008403,Eggs,2
T008403,Orange Juice,1
T008403,Pasta,2
T008403,Rice,3
T008403,Bananas,3
T008403,Tomatoes,4
T008403,Onions,2
T008404,Bananas,2
T008404,Coffee,1
T008405,Chicken,3
T008405,Cheese,4
T008405,Rice,3
T008406,Eggs,4
T008406,Bread,2
T008407,Apples,4
T008407,Bread,3
T008408,Pasta,1
T008408,Beef,3
T008408,Onions,4
T008409,Sugar,3
T008409,Orange Juice,4
T008409,Rice,3
T008409,Milk,1
T008409,Coffee,1
T008410,Sugar,2
T008410,Butter,2
T008410,Chicken,2
T008410,Coffee,4
T008410,Tomatoes,3
T008411,Tea,4
T008412,Coffee,4
T008412,Sugar,3
T008412,Eggs,3
T008412,Butter,2
T008412,Milk,4
T008412,Bananas,3
T008412,Tomatoes,2
T008413,Cheese,4
T008413,Eggs,1
T008413,Sugar,4
T008413,Rice,1
T008413,Onions,4
T008414,Coffee,2
T008414,Sugar,1
T008415,Tomatoes,2
T008415,Yogurt,3
T008415,Pasta,1
T008415,Onions,3
T008416,Tomatoes,3
T008416,Eggs,1
T008416,Orange Juice,1
T008416,Milk,2
T008417,Chicken,3
T008417,Butter,1
T008417,Bread,3
T008418,Butter,3
T008418,Milk,2
T008419,Orange Juice,1
T008419,Pasta,1
T008419,Yogurt,3
T008419,Beef,1
T008419,Tomatoes,2
T008419,Bread,1
T008420,Sugar,3
T008420,Tea,2
T008420,Yogurt,1
T008420,Beef,1
T008420,Onions,3
T008421,Apples,4
T008421,Eggs,2
T008421,Pasta,3
T008421,Milk,1
T008422,Apples,3
T008422,Eggs,1
T008422,Butter,3
T008422,Tea,2
T008422,Pasta,1
T008422,Tomatoes,2
T008422,Bread,2
T008422,Onions,4
T008423,Sugar,2
T008423,Cheese,1
T008423,Eggs,4
T008423,Butter,2
T008423,Rice,2
T008423,Yogurt,1
T008423,Chicken,4
T008423,Milk,4
T008424,Bananas,4
T008424,Beef,1
T008425,Cheese,3
T008425,Sugar,2
T008425,Butter,4
T008425,Eggs,1
T008425,Beef,2
T008425,Coffee,1
T008425,Bread,3
T008426,Apples,4
T008426,Cheese,2
T008426,Eggs,3
T008426,Butter,1
T008426,Milk,1
T008426,Chicken,4
T008426,Coffee,4
T008426,Bread,2
T008427,Cheese,2
T008427,Pasta,4
T008427,Flour,4
T008427,Bananas,3
T008427,Tomatoes,3
T008427,Bread,1
T008427,Onions,2
T008428,Bread,4
T008428,Milk,4
T008429,Apples,2
T008429,Eggs,2
T008429,Chicken,3
T008429,Flour,1
T008429,Tomatoes,2
T008429,Onions,1
T008430,Flour,2
T008430,Pasta,2
T008430,Onions,4
T008431,Apples,2
T008431,Eggs,4
T008431,Orange Juice,1
T008431,Tea,1
T008431,Chicken,3
T008432,Apples,4
T008432,Eggs,2
T008432,Butter,2
T008432,Orange Juice,3
T008432,Rice,2
T008432,Chicken,3
T008432,Bananas,1
T008433,Chicken,3
T008433,Tomatoes,3
T008433,Eggs,2
T008433,Tea,3
T008434,Eggs,2
T008434,Butter,2
T008434,Tea,4
T008434,Milk,2
T008434,Bananas,3
T008434,Tomatoes,3
T008434,Bread,4
T008435,Sugar,3
T008435,Eggs,3
T008435,Butter,3
T008435,Milk,1
T008435,Beef,2
T008435,Coffee,3
T008435,Bread,4
T008436,Apples,3
T008436,Beef,1
T008436,Tea,3
T008437,Butter,1
T008437,Rice,2
T008437,Chicken,3
T008437,Flour,4
T008437,Onions,4
T008438,Apples,4
T008439,Apples,3
T008439,Sugar,3
T008439,Eggs,2
T008439,Butter,3
T008439,Tea,3
T008439,Pasta,2
T008439,Milk,1
T008439,Flour,3
T008439,Coffee,1
T008439,Bread,3
T008439,Tomatoes,3
T008439,Onions,1
T008440,Apples,3
T008440,Butter,4
T008440,Rice,4
T008440,Milk,1
T008440,Chicken,3
T008440,Coffee,3
T008440,Onions,3
T008441,Apples,2
T008441,Sugar,4
T008441,Tea,3
T008441,Milk,1
T008441,Flour,1
T008441,Bananas,3
T008441,Coffee,2
T008442,Cheese,4
T008442,Eggs,2
T008442,Butter,4
T008442,Milk,2
T008442,Bread,1
T008443,Rice,2
T008444,Chicken,3
T008444,Beef,3
T008444,Flour,2
T008445,Cheese,2
T008445,Sugar,2
T008445,Beef,4
T008445,Onions,1
T008446,Orange Juice,2
T008447,Butter,1
T008447,Sugar,2
T008447,Bread,1
T008447,Rice,2
T008448,Rice,1
T008448,Apples,1
T008448,Orange Juice,1
T008448,Beef,3
T008449,Sugar,2
T008449,Butter,2
T008449,Tea,3
T008449,Yogurt,1
T008449,Milk,4
T008449,Chicken,4
T008449,Coffee,3
T008450,Butter,1
T008450,Orange Juice,3
T008450,Rice,3
T008450,Yogurt,4
T008450,Bananas,1
T008450,Tomatoes,4
T008451,Tomatoes,3
T008451,Sugar,1
T008451,Orange Juice,3
T008452,Apples,3
T008452,Cheese,4
T008452,Sugar,2
T008452,Butter,3
T008452,Milk,4
T008452,Bananas,2
T008452,Bread,1
T008453,Cheese,3
T008453,Eggs,1
T008453,Butter,2
T008453,Rice,1
T008453,Pasta,2
T008453,Flour,4
T008453,Bread,3
T008453,Onions,2
T008454,Bananas,1
T008455,Coffee,1
T008455,Tomatoes,4
T008455,Sugar,4
T008455,Milk,1
T008456,Apples,4
T008456,Butter,4
T008456,Yogurt,3
T008457,Chicken,4
T008457,Pasta,3
T008457,Flour,2
T008458,Eggs,2
T008458,Tea,3
T008458,Yogurt,4
T008458,Milk,4
T008458,Coffee,3
T008459,Cheese,1
T008459,Rice,3
T008459,Milk,4
T008459,Coffee,4
T008459,Tomatoes,4
T008460,Coffee,2
T008460,Butter,3
T008460,Bread,2
T008460,Sugar,4
T008461,Pasta,4
T008461,Milk,1
T008461,Beef,4
T008461,Flour,1
T008461,Coffee,2
T008461,Tomatoes,3
T008461,Onions,1
T008462,Chicken,1
T008462,Butter,2
T008462,Bread,4
T008462,Tea,2
T008463,Tomatoes,2
T008463,Pasta,2
T008463,Onions,4
T008464,Eggs,4
T008464,Rice,1
T008464,Flour,2
T008464,Bananas,3
T008464,Bread,1
T008464,Onions,2
T008465,Bananas,2
T008465,Yogurt,3
T008466,Cheese,4
T008466,Orange Juice,3
T008467,Eggs,4
T008467,Butter,2
T008467,Yogurt,1
T008467,Milk,4
T008467,Chicken,3
T008467,Bread,2
T008468,Cheese,2
T008468,Eggs,2
T008468,Butter,2
T008468,Sugar,2
T008468,Yogurt,4
T008468,Milk,3
T008468,Chicken,1
T008468,Coffee,4
T008468,Bread,4
T008469,Apples,3
T008469,Sugar,4
T008469,Eggs,4
T008469,Tea,2
T008469,Beef,4
T008469,Bananas,1
T008469,Bread,2
T008470,Coffee,2
T008470,Milk,3
T008470,Sugar,4
T008470,Tea,4
T008471,Sugar,4
T008471,Orange Juice,4
T008472,Orange Juice,3
T008472,Rice,4
T008473,Cheese,4
T008473,Eggs,1
T008473,Milk,2
T008474,Cheese,3
T008474,Sugar,4
T008474,Eggs,3
T008474,Butter,2
T008474,Rice,2
T008474,Milk,4
T008474,Flour,3
T008474,Bananas,3
T008474,Tomatoes,1
T008474,Bread,4
T008475,Apples,3
T008475,Butter,4
T008475,Orange Juice,2
T008475,Yogurt,3
T008475,Milk,1
T008475,Coffee,4
T008476,Apples,4
T008476,Cheese,1
T008476,Tomatoes,3
T008476,Onions,4
T008477,Cheese,3
T008477,Eggs,4
T008477,Tea,2
T008477,Milk,1
T008477,Beef,1
T008477,Flour,1
T008477,Coffee,1
T008477,Bread,2
T008478,Bananas,1
T008478,Bread,1
T008478,Milk,2
T008479,Sugar,1
T008479,Butter,3
T008479,Tea,2
T008479,Pasta,3
T008479,Chicken,4
T008479,Flour,4
T008479,Tomatoes,3
T008479,Bread,3
T008479,Onions,1
T008480,Orange Juice,3
T008480,Tea,2
T008480,Beef,3
T008480,Flour,1
T008480,Tomatoes,1
T008481,Eggs,1
T008481,Bread,1
T008481,Orange Juice,4
T008481,Tea,3
T008482,Cheese,3
T008482,Butter,4
T008483,Sugar,3
T008483,Eggs,1
T008483,Butter,1
T008483,Rice,4
T008483,Bread,2
T008484,Rice,3
T008485,Cheese,1
T008485,Eggs,2
T008485,Orange Juice,1
T008485,Beef,4
T008485,Onions,1
T008486,Chicken,1
T008486,Apples,1
T008486,Cheese,2
T008487,Flour,4
T008488,Apples,1
T008488,Sugar,4
T008488,Orange Juice,1
T008488,Tea,2
T008488,Bananas,2
T008488,Coffee,2
T008488,Tomatoes,4
T008489,Sugar,4
T008489,Orange Juice,2
T008489,Tea,4
T008489,Pasta,2
T008489,Milk,2
T008489,Bananas,1
T008489,Coffee,1
T008489,Tomatoes,2
T008489,Onions,4
T008490,Chicken,3
T008490,Sugar,2
T008490,Yogurt,3
T008491,Sugar,2
T008491,Eggs,3
T008491,Butter,3
T008491,Milk,2
T008491,Beef,3
T008491,Bananas,2
T008491,Coffee,3
T008491,Tomatoes,3
T008492,Eggs,3
T008492,Butter,4
T008492,Orange Juice,3
T008492,Milk,3
T008492,Coffee,1
T008492,Bread,2
T008493,Sugar,2
T008493,Pasta,2
T008493,Flour,3
T008493,Coffee,1
T008493,Tomatoes,1
T008494,Apples,2
T008494,Sugar,4
T008494,Orange Juice,1
T008494,Tea,3
T008494,Yogurt,2
T008494,Flour,2
T008495,Apples,3
T008495,Cheese,1
T008495,Eggs,2
T008495,Butter,4
T008495,Orange Juice,4
T008495,Milk,1
T008495,Bread,3
T008495,Onions,2
T008496,Chicken,3
T008496,Beef,1
T008496,Flour,1
T008497,Apples,4
T008497,Sugar,3
T008497,Butter,1
T008497,Tea,4
T008497,Yogurt,3
T008497,Milk,3
T008497,Pasta,2
T008497,Tomatoes,4
T008497,Bread,1
T008497,Onions,2
T008498,Apples,1
T008498,Eggs,2
T008498,Orange Juice,3
T008498,Tea,4
T008498,Flour,4
T008499,Butter,1
T008499,Eggs,1
T008499,Bread,2
T008500,Sugar,3
T008500,Cheese,4
T008500,Butter,2
T008500,Eggs,3
T008500,Rice,4
T008500,Milk,2
T008500,Chicken,2
T008500,Coffee,3
T008501,Pasta,3
T008501,Yogurt,2
T008502,Apples,4
T008502,Sugar,2
T008502,Eggs,3
T008502,Butter,1
T008502,Pasta,4
T008502,Tomatoes,2
T008502,Onions,2
T008503,Cheese,1
T008503,Butter,1
T008503,Yogurt,2
T008503,Flour,2
T008503,Bananas,3
T008503,Tomatoes,1
T008504,Eggs,1
T008504,Butter,2
T008504,Orange Juice,4
T008504,Pasta,3
T008504,Milk,1
T008504,Chicken,1
T008504,Beef,4
T008504,Bread,2
T008505,Apples,1
T008505,Cheese,2
T008505,Butter,2
T008505,Tea,3
T008505,Pasta,2
T008505,Tomatoes,2
T008506,Sugar,2
T008506,Eggs,3
T008506,Yogurt,4
T008506,Pasta,3
T008506,Milk,1
T008506,Bananas,3
T008506,Coffee,1
T008506,Bread,1
T008507,Coffee,3
T008507,Apples,1
T008507,Sugar,2
T008507,Rice,3
T008507,Chicken,4
T008507,Beef,4
T008507,Flour,4
T008507,Tomatoes,2
T008508,Tea,1
T008508,Pasta,4
T008508,Yogurt,1
T008508,Chicken,3
T008508,Beef,4
T008508,Flour,2
T008508,Coffee,1
T008509,Eggs,4
T008509,Butter,1
T008509,Rice,4
T008509,Milk,4
T008509,Chicken,2
T008509,Bananas,4
T008509,Bread,1
T008510,Onions,1
T008511,Cheese,1
T008511,Eggs,4
T008512,Sugar,2
T008512,Cheese,2
T008512,Butter,1
T008512,Milk,3
T008512,Flour,1
T008512,Bananas,1
T008512,Tomatoes,2
T008512,Bread,4
T008513,Tomatoes,4
T008513,Butter,4
T008513,Yogurt,1
T008513,Tea,4
T008514,Eggs,2
T008514,Milk,3
T008515,Coffee,3
T008515,Orange Juice,3
T008515,Rice,4
T008515,Milk,3
T008516,Butter,4
T008516,Pasta,2
T008516,Onions,4
T008517,Apples,4
T008517,Sugar,3
T008517,Eggs,2
T008517,Butter,3
T008517,Yogurt,4
T008517,Rice,2
T008517,Milk,2
T008517,Chicken,3
T008517,Coffee,4
T008517,Bread,1
T008518,Apples,3
T008518,Eggs,4
T008518,Butter,1
T008518,Yogurt,2
T008518,Bread,2
T008519,Sugar,1
T008520,Apples,2
T008520,Eggs,1
T008520,Butter,2
T008520,Orange Juice,1
T008520,Tea,3
T008520,Yogurt,1
T008520,Rice,3
T008520,Bread,3
T008521,Apples,3
T008521,Coffee,4
T008521,Sugar,1
T008521,Butter,3
T008521,Milk,3
T008521,Tomatoes,1
T008521,Bread,4
T008522,Chicken,3
T008522,Coffee,3
T008522,Milk,4
T008523,Apples,3
T008523,Sugar,3
T008523,Eggs,3
T008523,Rice,3
T008523,Milk,4
T008523,Coffee,4
T008523,Onions,2
T008524,Coffee,3
T008524,Sugar,3
T008525,Eggs,3
T008525,Yogurt,3
T008525,Milk,4
T008526,Butter,3
T008526,Orange Juice,3
T008526,Tea,2
T008526,Pasta,2
T008526,Chicken,3
T008526,Beef,1
T008526,Flour,1
T008526,Tomatoes,2
T008526,Onions,4
T008527,Sugar,4
T008527,Eggs,1
T008527,Tea,2
T008527,Pasta,4
T008527,Milk,3
T008527,Beef,1
T008527,Coffee,4
T008527,Tomatoes,3
T008527,Onions,4
T008528,Chicken,3
T008528,Apples,4
T008528,Cheese,1
T008529,Pasta,2
T008529,Bread,2
T008529,Yogurt,1
T008529,Onions,3
T008530,Sugar,3
T008530,Butter,1
T008530,Yogurt,4
T008530,Beef,4
T008530,Coffee,1
T008530,Tomatoes,2
T008531,Cheese,3
T008531,Eggs,2
T008531,Butter,3
T008531,Orange Juice,1
T008531,Pasta,3
T008531,Chicken,2
T008531,Tomatoes,1
T008531,Bread,1
T008531,Onions,1
T008532,Tomatoes,4
T008532,Sugar,4
T008532,Orange Juice,2
T008533,Sugar,1
T008534,Eggs,4
T008534,Orange Juice,4
T008535,Chicken,1
T008536,Eggs,4
T008536,Rice,2
T008536,Onions,1
T008537,Cheese,2
T008537,Eggs,3
T008537,Sugar,2
T008537,Rice,3
T008537,Coffee,3
T008537,Tomatoes,4
T008538,Eggs,1
T008538,Butter,4
T008538,Milk,1
T008538,Chicken,4
T008538,Tomatoes,2
T008538,Bread,2
T008539,Apples,2
T008539,Pasta,1
T008539,Chicken,3
T008539,Beef,1
T008539,Flour,2
T008539,Onions,4
T008540,Sugar,1
T008540,Orange Juice,2
T008540,Tea,2
T008540,Yogurt,1
T008540,Milk,2
T008540,Coffee,4
T008541,Sugar,3
T008541,Pasta,4
T008541,Chicken,2
T008541,Beef,2
T008541,Flour,1
T008541,Bananas,4
T008542,Apples,1
T008542,Eggs,2
T008542,Yogurt,4
T008542,Milk,4
T008542,Beef,4
T008542,Bread,2
T008543,Flour,3
T008543,Apples,1
T008543,Beef,1
T008543,Onions,2
T008544,Orange Juice,2
T008544,Beef,1
T008544,Flour,2
T008544,Tomatoes,3
T008544,Onions,2
T008545,Rice,4
T008546,Orange Juice,3
T008546,Rice,1
T008547,Chicken,2
T008547,Onions,4
T008548,Butter,1
T008548,Yogurt,2
T008548,Milk,2
T008548,Beef,4
T008548,Bananas,4
T008548,Bread,4
T008549,Sugar,2
T008549,Eggs,4
T008549,Butter,2
T008549,Tea,2
T008549,Rice,3
T008549,Bread,2
T008550,Cheese,3
T008551,Apples,4
T008551,Cheese,2
T008551,Flour,2
T008552,Butter,2
T008552,Yogurt,1
T008552,Milk,3
T008552,Chicken,2
T008552,Bananas,1
T008552,Bread,1
T008553,Eggs,1
T008553,Butter,1
T008553,Milk,3
T008553,Chicken,2
T008553,Bananas,1
T008553,Tomatoes,3
T008553,Bread,2
T008554,Butter,2
T008554,Tea,1
T008554,Yogurt,1
T008554,Flour,1
T008554,Bread,4
T008554,Onions,1
T008555,Tomatoes,2
T008555,Sugar,1
T008556,Sugar,4
T008556,Butter,3
T008556,Orange Juice,3
T008556,Rice,1
T008556,Milk,2
T008556,Tomatoes,1
T008557,Bananas,2
T008557,Cheese,1
T008557,Onions,2
T008557,Tea,2
T008558,Eggs,3
T008559,Sugar,1
T008559,Tea,1
T008560,Tea,3
T008560,Rice,2
T008560,Yogurt,2
T008560,Flour,4
T008560,Tomatoes,3
T008561,Butter,4
T008562,Butter,3
T008562,Tea,4
T008562,Beef,3
T008562,Tomatoes,1
T008562,Onions,1
T008563,Cheese,4
T008563,Eggs,3
T008563,Butter,1
T008563,Orange Juice,1
T008563,Tea,4
T008563,Milk,4
T008563,Tomatoes,3
T008563,Bread,4
T008564,Apples,3
T008564,Eggs,4
T008564,Butter,4
T008564,Pasta,1
T008564,Rice,3
T008564,Bananas,2
T008564,Tomatoes,3
T008564,Bread,2
T008564,Onions,4
T008565,Coffee,3
T008565,Tomatoes,3
T008565,Orange Juice,1
T008566,Apples,4
T008566,Eggs,1
T008566,Butter,3
T008566,Tea,1
T008566,Milk,3
T008566,Coffee,4
T008567,Apples,1
T008567,Cheese,2
T008567,Butter,2
T008567,Tea,2
T008567,Milk,4
T008567,Beef,1
T008567,Bananas,3
T008567,Coffee,2
T008567,Bread,3
T008568,Apples,2
T008568,Eggs,2
T008568,Orange Juice,2
T008568,Yogurt,2
T008568,Rice,3
T008568,Flour,2
T008568,Tomatoes,3
T008569,Orange Juice,3
T008569,Rice,3
T008569,Yogurt,3
T008569,Pasta,4
T008569,Flour,4
T008569,Tomatoes,1
T008570,Flour,1
T008570,Onions,2
T008570,Tea,1
T008571,Rice,3
T008572,Eggs,2
T008572,Tea,2
T008572,Milk,1
T008572,Beef,4
T008572,Flour,4
T008572,Bread,4
T008572,Onions,2
T008573,Cheese,3
T008573,Pasta,1
T008573,Yogurt,3
T008573,Flour,2
T008573,Tomatoes,3
T008573,Onions,1
T008574,Apples,1
T008574,Butter,2
T008574,Orange Juice,4
T008574,Chicken,1
T008574,Flour,3
T008574,Tomatoes,1
T008574,Onions,2
T008575,Apples,3
T008575,Eggs,1
T008575,Butter,3
T008575,Tea,4
T008575,Pasta,3
T008575,Milk,3
T008575,Bananas,3
T008575,Tomatoes,1
T008575,Bread,1
T008575,Onions,1
T008576,Eggs,4
T008576,Butter,2
T008576,Milk,2
T008576,Tomatoes,3
T008576,Bread,4
T008577,Flour,3
T008577,Sugar,2
T008577,Butter,1
T008577,Milk,4
T008578,Eggs,1
T008578,Yogurt,1
T008578,Rice,3
T008578,Flour,1
T008578,Bananas,2
T008578,Bread,2
T008579,Sugar,3
T008579,Beef,4
T008579,Tea,2
T008580,Tea,1
T008581,Apples,4
T008581,Eggs,4
T008581,Butter,2
T008581,Tea,2
T008581,Flour,4
T008581,Coffee,2
T008581,Bread,4
T008582,Flour,4
T008582,Butter,4
T008582,Bread,3
T008583,Cheese,4
T008583,Eggs,4
T008583,Chicken,4
T008583,Flour,2
T008583,Bananas,4
T008583,Bread,3
T008584,Tomatoes,2
T008585,Sugar,3
T008585,Eggs,1
T008585,Pasta,3
T008585,Chicken,3
T008585,Tomatoes,1
T008585,Onions,4
T008586,Sugar,3
T008586,Eggs,4
T008586,Tea,4
T008586,Pasta,2
T008586,Milk,3
T008586,Chicken,1
T008586,Bananas,2
T008586,Coffee,4
T008586,Bread,2
T008586,Onions,1
T008587,Eggs,3
T008587,Butter,4
T008587,Tea,2
T008587,Rice,4
T008587,Milk,1
T008587,Chicken,4
T008587,Flour,4
T008587,Tomatoes,3
T008587,Bread,1
T008588,Sugar,4
T008588,Orange Juice,3
T008588,Yogurt,3
T008588,Milk,3
T008588,Coffee,1
T008589,Cheese,3
T008589,Eggs,4
T008589,Butter,2
T008589,Pasta,1
T008590,Cheese,4
T008590,Eggs,4
T008590,Butter,4
T008590,Tea,3
T008590,Milk,3
T008590,Bananas,1
T008590,Bread,1
T008591,Coffee,2
T008591,Tea,4
T008592,Chicken,2
T008593,Sugar,2
T008593,Pasta,3
T008593,Chicken,2
T008593,Beef,3
T008593,Bananas,4
T008593,Tomatoes,4
T008594,Onions,4
T008595,Butter,2
T008595,Tea,3
T008596,Apples,1
T008596,Sugar,2
T008596,Butter,4
T008596,Orange Juice,4
T008596,Milk,1
T008596,Bananas,4
T008596,Coffee,3
T008596,Bread,3
T008597,Apples,2
T008597,Tea,3
T008597,Yogurt,2
T008597,Chicken,2
T008597,Beef,3
T008597,Bread,2
T008598,Bananas,1
T008598,Sugar,2
T008598,Onions,2
T008599,Apples,2
T008599,Cheese,3
T008599,Eggs,3
T008599,Butter,2
T008599,Yogurt,2
T008599,Milk,2
T008599,Flour,4
T008599,Tomatoes,3
T008599,Bread,4
T008600,Eggs,2
T008600,Rice,4
T008600,Onions,3
T008601,Apples,3
T008601,Sugar,3
T008601,Orange Juice,3
T008601,Flour,1
T008601,Bananas,4
T008602,Coffee,1
T008602,Sugar,2
T008602,Beef,2
T008602,Onions,3
T008603,Apples,3
T008603,Tomatoes,4
T008603,Milk,2
T008603,Flour,1
T008604,Flour,4
T008604,Rice,2
T008605,Butter,1
T008605,Orange Juice,4
T008605,Tea,2
T008605,Chicken,1
T008605,Bananas,2
T008605,Tomatoes,3
T008606,Sugar,4
T008606,Eggs,3
T008606,Butter,4
T008606,Milk,2
T008606,Bread,3
T008607,Eggs,1
T008607,Butter,2
T008607,Tea,1
T008607,Chicken,2
T008607,Bread,3
T008608,Cheese,3
T008608,Onions,1
T008609,Eggs,1
T008609,Tea,1
T008609,Milk,1
T008609,Chicken,1
T008609,Coffee,2
T008610,Flour,4
T008610,Pasta,3
T008610,Tomatoes,3
T008610,Yogurt,3
T008611,Flour,3
T008611,Tomatoes,1
T008611,Onions,1
T008612,Flour,2
T008612,Butter,2
T008612,Eggs,4
T008612,Bread,1
T008613,Eggs,1
T008614,Sugar,2
T008614,Eggs,1
T008614,Butter,4
T008614,Milk,1
T008614,Chicken,1
T008614,Bananas,1
T008614,Bread,4
T008615,Sugar,2
T008615,Butter,2
T008615,Tea,2
T008615,Pasta,4
T008615,Milk,2
T008615,Beef,2
T008615,Coffee,1
T008615,Onions,4
T008616,Eggs,4
T008616,Butter,4
T008616,Pasta,3
T008616,Tomatoes,4
T008616,Bread,3
T008616,Onions,2
T008617,Butter,2
T008617,Eggs,3
T008617,Bread,2
T008617,Milk,4
T008618,Sugar,4
T008618,Eggs,4
T008618,Butter,2
T008618,Milk,1
T008618,Coffee,2
T008618,Bread,2
T008618,Tomatoes,2
T008619,Flour,4
T008620,Chicken,3
T008620,Beef,1
T008620,Flour,4
T008620,Tomatoes,1
T008620,Onions,2
T008621,Coffee,2
T008621,Milk,4
T008621,Sugar,1
T008621,Tea,3
T008622,Cheese,3
T008622,Beef,4
T008623,Flour,3
T008623,Cheese,3
T008623,Pasta,1
T008623,Onions,2
T008624,Flour,1
T008624,Bananas,2
T008625,Sugar,1
T008625,Butter,3
T008625,Orange Juice,2
T008625,Pasta,1
T008625,Coffee,1
T008625,Tomatoes,3
T008625,Onions,3
T008626,Bananas,1
T008626,Cheese,2
T008626,Beef,4
T008626,Tea,4
T008627,Coffee,3
T008627,Milk,1
T008628,Chicken,3
T008628,Tomatoes,2
T008628,Onions,1
T008629,Apples,3
T008629,Sugar,3
T008629,Eggs,2
T008629,Butter,3
T008629,Bread,4
T008630,Eggs,1
T008630,Bread,3
T008631,Apples,4
T008631,Pasta,2
T008632,Apples,4
T008632,Sugar,4
T008632,Eggs,2
T008632,Butter,2
T008632,Pasta,2
T008632,Tomatoes,3
T008632,Bread,3
T008633,Orange Juice,4
T008633,Beef,3
T008633,Tea,2
T008634,Sugar,3
T008634,Cheese,1
T008634,Pasta,3
T008634,Chicken,1
T008634,Bananas,4
T008634,Coffee,1
T008634,Onions,4
T008635,Eggs,3
T008635,Orange Juice,3
T008635,Yogurt,3
T008635,Milk,4
T008635,Pasta,1
T008635,Coffee,1
T008635,Bread,4
T008635,Tomatoes,2
T008635,Onions,1
T008636,Apples,3
T008636,Eggs,2
T008636,Pasta,1
T008636,Yogurt,2
T008636,Milk,2
T008636,Bananas,2
T008636,Tomatoes,3
T008636,Onions,3
T008637,Cheese,4
T008637,Eggs,3
T008637,Orange Juice,3
T008637,Milk,2
T008637,Chicken,4
T008637,Bananas,1
T008637,Bread,3
T008638,Butter,4
T008638,Orange Juice,3
T008638,Rice,3
T008639,Cheese,4
T008639,Eggs,2
T008639,Butter,4
T008639,Tea,4
T008639,Milk,4
T008639,Bananas,2
T008639,Bread,1
T008640,Cheese,1
T008640,Eggs,2
T008640,Butter,3
T008640,Flour,2
T008640,Coffee,4
T008640,Tomatoes,4
T008640,Onions,4
T008641,Eggs,1
T008641,Butter,2
T008641,Orange Juice,2
T008641,Yogurt,4
T008641,Chicken,2
T008641,Tomatoes,3
T008641,Bread,2
T008642,Cheese,4
T008642,Orange Juice,2
T008642,Rice,2
T008642,Pasta,4
T008642,Chicken,3
T008642,Bananas,3
T008642,Onions,1
T008643,Cheese,3
T008643,Eggs,1
T008643,Sugar,2
T008643,Butter,2
T008643,Milk,1
T008643,Chicken,3
T008643,Flour,3
T008643,Coffee,4
T008643,Bread,4
T008644,Eggs,4
T008644,Butter,1
T008644,Yogurt,1
T008644,Beef,3
T008644,Bananas,1
T008644,Bread,3
T008644,Onions,4
T008645,Rice,4
T008645,Onions,2
T008646,Apples,3
T008646,Rice,1
T008646,Yogurt,1
T008646,Chicken,1
T008646,Beef,2
T008646,Flour,1
T008647,Apples,3
T008647,Butter,3
T008647,Tea,3
T008647,Chicken,2
T008647,Bananas,1
T008648,Sugar,3
T008648,Orange Juice,1
T008648,Rice,3
T008648,Milk,3
T008648,Chicken,1
T008648,Coffee,4
T008649,Apples,2
T008649,Coffee,3
T008649,Milk,3
T008650,Tea,1
T008650,Rice,1
T008650,Bananas,1
T008650,Coffee,3
T008650,Tomatoes,1
T008651,Tomatoes,2
T008652,Apples,4
T008652,Cheese,4
T008652,Eggs,2
T008652,Butter,2
T008652,Milk,4
T008652,Beef,4
T008652,Bananas,1
T008652,Bread,1
T008653,Sugar,3
T008653,Eggs,2
T008653,Butter,2
T008653,Tea,2
T008653,Pasta,4
T008653,Chicken,4
T008653,Coffee,4
T008653,Bread,3
T008653,Tomatoes,2
T008653,Onions,3
T008654,Cheese,2
T008655,Sugar,3
T008655,Eggs,2
T008655,Bread,3
T008655,Butter,3
T008656,Coffee,4
T008656,Sugar,3
T008656,Milk,4
T008657,Sugar,2
T008657,Eggs,3
T008657,Butter,2
T008657,Milk,1
T008657,Bananas,4
T008657,Bread,4
T008658,Chicken,4
T008658,Bananas,3
T008658,Sugar,4
T008658,Rice,3
T008659,Bananas,4
T008659,Orange Juice,1
T008659,Tea,2
T008660,Apples,2
T008660,Sugar,3
T008660,Eggs,4
T008660,Butter,2
T008660,Milk,2
T008660,Beef,2
T008660,Bananas,1
T008660,Coffee,2
T008660,Bread,2
T008660,Onions,3
T008661,Apples,3
T008661,Sugar,3
T008661,Tea,2
T008661,Milk,4
T008661,Chicken,2
T008661,Beef,4
T008661,Flour,1
T008661,Coffee,2
T008662,Eggs,1
T008662,Butter,3
T008662,Pasta,3
T008662,Yogurt,1
T008662,Bananas,2
T008662,Tomatoes,2
T008662,Bread,4
T008662,Onions,4
T008663,Tea,3
T008663,Pasta,1
T008663,Beef,2
T008663,Tomatoes,2
T008663,Onions,4
T008664,Tomatoes,1
T008665,Yogurt,4
T008665,Beef,4
T008665,Tea,2
T008666,Sugar,1
T008666,Eggs,2
T008666,Milk,4
T008666,Coffee,1
T008666,Onions,2
T008667,Eggs,4
T008667,Butter,1
T008667,Milk,1
T008667,Flour,1
T008667,Bread,2
T008668,Apples,2
T008668,Tea,2
T008668,Beef,4
T008668,Flour,4
T008668,Tomatoes,4
T008668,Bread,3
T008669,Cheese,2
T008669,Sugar,1
T008669,Tea,3
T008669,Yogurt,2
T008669,Chicken,3
T008669,Beef,2
T008669,Tomatoes,3
T008670,Sugar,3
T008670,Tea,4
T008670,Rice,1
T008670,Chicken,1
T008670,Flour,4
T008670,Bananas,3
T008670,Onions,2
T008671,Apples,1
T008671,Eggs,4
T008671,Butter,4
T008671,Tea,2
T008671,Pasta,2
T008671,Bananas,4
T008671,Tomatoes,1
T008671,Onions,2
T008672,Tomatoes,1
T008673,Tomatoes,3
T008674,Sugar,3
T008674,Eggs,3
T008674,Butter,1
T008674,Coffee,2
T008674,Bread,1
T008674,Tomatoes,3
T008674,Onions,2
T008675,Apples,2
T008675,Eggs,3
T008675,Orange Juice,4
T008675,Rice,1
T008675,Bananas,2
T008675,Tomatoes,3
T008675,Onions,4
T008676,Chicken,1
T008676,Tea,4
T008676,Onions,1
T008677,Chicken,4
T008678,Apples,4
T008678,Eggs,2
T008678,Butter,3
T008678,Tea,3
T008678,Milk,4
T008678,Flour,1
T008678,Bread,3
T008679,Butter,4
T008679,Rice,2
T008680,Apples,2
T008680,Eggs,1
T008680,Butter,2
T008680,Bananas,2
T008680,Tomatoes,3
T008680,Onions,4
T008681,Cheese,3
T008681,Eggs,2
T008681,Butter,3
T008681,Beef,3
T008681,Bread,2
T008682,Butter,4
T008682,Bread,3
T008682,Milk,4
T008683,Pasta,3
T008683,Rice,1
T008683,Beef,3
T008683,Tomatoes,1
T008683,Onions,4
T008684,Orange Juice,3
T008684,Tea,4
T008684,Yogurt,4
T008684,Pasta,2
T008684,Beef,2
T008684,Tomatoes,2
T008685,Chicken,4
T008685,Bananas,1
T008685,Cheese,2
T008685,Beef,2
T008686,Eggs,4
T008686,Bread,3
T008686,Milk,2
T008687,Sugar,1
T008687,Cheese,3
T008687,Butter,4
T008687,Eggs,4
T008687,Yogurt,4
T008687,Pasta,4
T008687,Flour,4
T008687,Tomatoes,3
T008687,Bread,4
T008687,Onions,2
T008688,Apples,2
T008688,Sugar,4
T008688,Eggs,2
T008688,Cheese,2
T008688,Tea,2
T008688,Pasta,1
T008688,Chicken,2
T008688,Tomatoes,3
T008689,Chicken,2
T008689,Bananas,2
T008689,Butter,2
T008690,Cheese,2
T008690,Sugar,1
T008690,Tea,4
T008690,Pasta,1
T008690,Coffee,4
T008691,Coffee,4
T008691,Sugar,2
T008691,Milk,1
T008692,Cheese,3
T008692,Sugar,3
T008692,Pasta,4
T008692,Flour,1
T008692,Bananas,1
T008692,Tomatoes,4
T008693,Sugar,4
T008693,Eggs,1
T008693,Butter,3
T008693,Milk,1
T008693,Coffee,4
T008693,Tomatoes,2
T008694,Sugar,3
T008694,Eggs,3
T008694,Cheese,4
T008694,Butter,1
T008694,Milk,1
T008694,Bread,2
T008694,Onions,4
T008695,Butter,4
T008695,Tea,2
T008695,Pasta,4
T008695,Chicken,2
T008695,Beef,3
T008695,Tomatoes,3
T008695,Onions,1
T008696,Flour,3
T008697,Cheese,3
T008697,Sugar,1
T008697,Tea,1
T008697,Milk,4
T008697,Beef,4
T008697,Flour,3
T008697,Coffee,2
T008697,Tomatoes,4
T008698,Apples,4
T008698,Eggs,3
T008698,Tea,1
T008699,Sugar,2
T008699,Rice,1
T008699,Pasta,2
T008699,Beef,2
T008699,Tomatoes,1
T008699,Onions,1
T008700,Sugar,2
T008700,Butter,3
T008700,Orange Juice,1
T008700,Pasta,2
T008700,Milk,2
T008700,Chicken,3
T008700,Tomatoes,2
T008700,Onions,1
T008701,Apples,4
T008701,Tomatoes,1
T008701,Eggs,2
T008702,Apples,3
T008702,Tea,2
T008702,Yogurt,4
T008702,Beef,1
T008702,Flour,1
T008702,Tomatoes,1
T008703,Cheese,2
T008704,Apples,3
T008704,Sugar,1
T008704,Eggs,2
T008704,Rice,3
T008704,Coffee,4
T008704,Tomatoes,3
T008704,Onions,1
T008705,Tomatoes,2
T008705,Onions,1
T008706,Apples,1
T008706,Sugar,1
T008707,Apples,2
T008707,Butter,1
T008707,Yogurt,4
T008707,Milk,1
T008707,Onions,4
T008708,Sugar,2
T008709,Cheese,3
T008709,Eggs,3
T008709,Rice,3
T008710,Eggs,1
T008710,Tea,2
T008710,Yogurt,2
T008710,Milk,2
T008710,Pasta,2
T008710,Bananas,4
T008710,Tomatoes,3
T008710,Bread,4
T008710,Onions,4
T008711,Coffee,1
T008711,Orange Juice,2
T008712,Sugar,3
T008712,Eggs,4
T008712,Butter,1
T008712,Yogurt,2
T008712,Milk,2
T008712,Beef,1
T008712,Coffee,2
T008712,Onions,4
T008713,Sugar,3
T008713,Bread,1
T008713,Onions,3
T008714,Sugar,2
T008714,Cheese,1
T008714,Yogurt,2
T008714,Pasta,2
T008714,Coffee,3
T008714,Tomatoes,2
T008714,Onions,2
T008715,Cheese,1
T008715,Sugar,3
T008715,Chicken,1
T008715,Beef,4
T008715,Tomatoes,3
T008715,Onions,2
T008716,Sugar,4
T008716,Eggs,3
T008716,Orange Juice,3
T008716,Rice,3
T008716,Milk,2
T008716,Chicken,2
T008716,Bananas,4
T008716,Bread,3
T008717,Sugar,4
T008717,Eggs,4
T008717,Butter,3
T008717,Yogurt,4
T008717,Pasta,4
T008717,Beef,4
T008717,Tomatoes,4
T008717,Bread,2
T008717,Onions,3
T008718,Eggs,1
T008718,Rice,2
T008718,Yogurt,3
T008718,Chicken,4
T008718,Pasta,2
T008718,Bananas,1
T008718,Tomatoes,3
T008718,Onions,1
T008719,Apples,4
T008719,Eggs,3
T008719,Butter,4
T008719,Rice,1
T008719,Milk,3
T008719,Flour,2
T008720,Onions,1
T008721,Eggs,4
T008721,Butter,3
T008721,Tea,2
T008721,Pasta,1
T008721,Milk,1
T008721,Flour,3
T008721,Bananas,3
T008721,Coffee,2
T008721,Bread,1
T008721,Onions,2
T008722,Apples,4
T008722,Cheese,1
T008722,Eggs,2
T008722,Butter,4
T008722,Orange Juice,3
T008722,Tomatoes,3
T008722,Bread,4
T008723,Apples,4
T008723,Bananas,4
T008723,Beef,4
T008723,Flour,1
T008724,Sugar,3
T008724,Eggs,1
T008724,Tomatoes,2
T008724,Rice,2
T008725,Apples,3
T008725,Bananas,1
T008726,Eggs,2
T008726,Butter,2
T008726,Pasta,2
T008726,Milk,3
T008726,Onions,4
T008727,Butter,3
T008727,Rice,3
T008728,Rice,4
T008728,Tomatoes,2
T008728,Pasta,4
T008729,Eggs,2
T008729,Butter,1
T008729,Pasta,3
T008729,Rice,3
T008729,Tomatoes,1
T008729,Bread,1
T008729,Onions,4
T008730,Flour,2
T008730,Pasta,2
T008730,Rice,4
T008730,Onions,3
T008731,Orange Juice,1
T008731,Pasta,2
T008731,Yogurt,4
T008731,Rice,3
T008731,Onions,1
T008732,Eggs,3
T008732,Butter,2
T008732,Milk,1
T008732,Chicken,4
T008732,Beef,1
T008732,Coffee,3
T008733,Sugar,2
T008733,Orange Juice,3
T008734,Flour,3
T008734,Tomatoes,3
T008734,Tea,3
T008735,Flour,2
T008735,Rice,4
T008735,Eggs,2
T008735,Yogurt,4
T008736,Beef,3
T008737,Apples,3
T008737,Pasta,2
T008737,Yogurt,4
T008737,Flour,2
T008737,Bananas,1
T008737,Tomatoes,1
T008737,Bread,4
T008737,Onions,2
T008738,Cheese,2
T008738,Sugar,4
T008738,Butter,3
T008738,Beef,3
T008738,Coffee,4
T008738,Onions,3
T008739,Sugar,4
T008739,Eggs,4
T008739,Tea,1
T008739,Yogurt,2
T008739,Pasta,1
T008739,Beef,1
T008739,Tomatoes,4
T008739,Onions,1
T008740,Coffee,3
T008740,Cheese,4
T008740,Pasta,3
T008740,Chicken,1
T008740,Tomatoes,2
T008740,Onions,3
T008741,Sugar,1
T008741,Butter,2
T008741,Tea,3
T008741,Yogurt,1
T008741,Beef,3
T008741,Coffee,3
T008742,Bananas,1
T008742,Rice,2
T008743,Tomatoes,3
T008743,Yogurt,2
T008743,Rice,3
T008744,Eggs,2
T008744,Butter,2
T008744,Tea,3
T008744,Rice,4
T008744,Chicken,1
T008744,Beef,2
T008744,Bread,3
T008744,Onions,1
T008745,Bananas,2
T008745,Rice,4
T008746,Apples,3
T008746,Eggs,1
T008746,Butter,2
T008746,Tea,1
T008746,Milk,4
T008746,Coffee,4
T008746,Bread,4
T008747,Tomatoes,3
T008747,Butter,2
T008747,Beef,3
T008747,Milk,3
T008748,Apples,1
T008748,Sugar,3
T008748,Cheese,1
T008748,Eggs,2
T008748,Butter,2
T008748,Milk,1
T008748,Bananas,1
T008748,Bread,2
T008749,Butter,1
T008749,Pasta,2
T008749,Bananas,4
T008749,Tomatoes,3
T008749,Onions,2
T008750,Sugar,2
T008750,Eggs,1
T008750,Butter,2
T008750,Pasta,2
T008750,Milk,1
T008750,Rice,3
T008750,Tomatoes,1
T008750,Onions,4
T008751,Apples,2
T008751,Cheese,4
T008751,Butter,3
T008751,Orange Juice,4
T008752,Flour,4
T008752,Eggs,1
T008752,Orange Juice,2
T008753,Yogurt,2
T008754,Coffee,2
T008754,Bananas,1
T008754,Sugar,2
T008754,Orange Juice,2
T008755,Butter,2
T008755,Tea,1
T008755,Yogurt,4
T008755,Rice,2
T008755,Flour,4
T008755,Tomatoes,3
T008756,Sugar,2
T008756,Eggs,3
T008756,Butter,4
T008756,Cheese,4
T008756,Coffee,1
T008756,Onions,4
T008757,Sugar,1
T008757,Rice,4
T008757,Milk,3
T008757,Chicken,1
T008757,Beef,2
T008757,Flour,2
T008757,Bananas,4
T008757,Coffee,1
T008758,Sugar,3
T008758,Butter,2
T008758,Flour,2
T008758,Coffee,4
T008758,Tomatoes,4
T008759,Sugar,3
T008759,Eggs,2
T008759,Orange Juice,4
T008759,Rice,4
T008759,Milk,1
T008759,Flour,1
T008759,Onions,3
T008760,Tomatoes,1
T008760,Butter,3
T008760,Cheese,1
T008760,Tea,3
T008761,Apples,2
T008761,Sugar,1
T008761,Orange Juice,2
T008761,Pasta,2
T008761,Tomatoes,1
T008761,Onions,4
T008762,Cheese,4
T008762,Eggs,4
T008762,Sugar,2
T008762,Butter,4
T008762,Milk,3
T008762,Bread,4
T008763,Apples,4
T008763,Tea,2
T008764,Cheese,3
T008764,Eggs,2
T008764,Sugar,3
T008764,Orange Juice,2
T008764,Butter,2
T008764,Tea,3
T008764,Yogurt,2
T008764,Coffee,1
T008764,Bread,4
T008765,Eggs,1
T008765,Tea,3
T008765,Pasta,4
T008765,Yogurt,1
T008765,Tomatoes,3
T008766,Apples,3
T008766,Cheese,2
T008766,Butter,1
T008766,Orange Juice,4
T008766,Yogurt,4
T008766,Beef,1
T008766,Onions,2
T008767,Eggs,3
T008767,Butter,1
T008767,Beef,2
T008767,Bananas,4
T008767,Bread,2
T008768,Sugar,3
T008768,Eggs,3
T008768,Butter,1
T008768,Rice,3
T008768,Flour,4
T008768,Coffee,2
T008769,Apples,3
T008769,Onions,1
T008769,Pasta,2
T008769,Flour,1
T008770,Chicken,3
T008770,Tomatoes,1
T008770,Orange Juice,4
T008770,Cheese,1
T008771,Butter,3
T008771,Pasta,4
T008771,Beef,1
T008771,Tomatoes,4
T008771,Bread,1
T008771,Onions,2
T008772,Apples,2
T008772,Cheese,4
T008772,Eggs,1
T008772,Yogurt,2
T008772,Beef,2
T008772,Bananas,4
T008772,Tomatoes,3
T008773,Eggs,4
T008773,Butter,3
T008773,Bananas,4
T008773,Bread,2
T008773,Onions,4
T008774,Sugar,3
T008774,Yogurt,3
T008774,Milk,1
T008774,Coffee,2
T008774,Tomatoes,3
T008774,Onions,1
T008775,Cheese,2
T008775,Eggs,4
T008775,Butter,1
T008775,Tea,1
T008775,Pasta,2
T008775,Milk,1
T008775,Flour,4
T008775,Bread,2
T008775,Onions,2
T008776,Eggs,4
T008776,Butter,2
T008776,Yogurt,2
T008776,Milk,4
T008776,Coffee,1
T008777,Cheese,1
T008777,Eggs,4
T008777,Orange Juice,4
T008777,Chicken,4
T008777,Flour,2
T008777,Bread,1
T008777,Onions,1
T008778,Sugar,1
T008778,Eggs,2
T008778,Tea,1
T008778,Pasta,3
T008778,Milk,3
T008778,Chicken,1
T008779,Apples,1
T008779,Cheese,4
T008779,Yogurt,3
T008779,Chicken,1
T008779,Tomatoes,1
T008779,Onions,4
T008780,Cheese,2
T008780,Eggs,1
T008780,Orange Juice,3
T008780,Flour,1
T008780,Bananas,1
T008781,Chicken,4
T008782,Sugar,3
T008782,Eggs,1
T008782,Butter,3
T008782,Orange Juice,3
T008782,Yogurt,3
T008782,Milk,2
T008782,Chicken,1
T008782,Bread,3
T008783,Flour,3
T008784,Apples,2
T008784,Beef,3
T008785,Apples,1
T008785,Sugar,4
T008785,Milk,3
T008785,Bananas,2
T008785,Coffee,2
T008785,Tomatoes,4
T008786,Sugar,2
T008786,Orange Juice,4
T008786,Tea,1
T008786,Pasta,2
T008786,Chicken,4
T008786,Tomatoes,3
T008786,Onions,3
T008787,Bananas,4
T008788,Flour,4
T008788,Orange Juice,2
T008788,Milk,4
T008789,Apples,2
T008789,Eggs,2
T008789,Pasta,2
T008789,Beef,3
T008789,Tomatoes,4
T008789,Onions,1
T008790,Sugar,2
T008790,Eggs,4
T008790,Butter,4
T008790,Pasta,4
T008790,Milk,1
T008790,Chicken,1
T008790,Coffee,2
T008790,Bread,2
T008790,Tomatoes,4
T008790,Onions,2
T008791,Butter,2
T008791,Bread,2
T008792,Tomatoes,3
T008792,Yogurt,1
T008793,Eggs,4
T008793,Orange Juice,1
T008793,Rice,2
T008793,Milk,1
T008793,Flour,4
T008793,Bananas,3
T008793,Tomatoes,1
T008794,Butter,3
T008794,Orange Juice,1
T008794,Pasta,3
T008794,Milk,3
T008794,Coffee,2
T008794,Tomatoes,3
T008794,Onions,1
T008795,Apples,3
T008795,Cheese,4
T008795,Butter,4
T008795,Tea,3
T008795,Pasta,3
T008795,Milk,2
T008795,Chicken,1
T008795,Tomatoes,3
T008795,Bread,2
T008795,Onions,4
T008796,Chicken,2
T008796,Bananas,3
T008796,Sugar,1
T008796,Eggs,2
T008797,Sugar,4
T008798,Cheese,4
T008798,Eggs,3
T008798,Butter,3
T008798,Tea,1
T008798,Yogurt,3
T008798,Milk,4
T008798,Bananas,4
T008798,Tomatoes,2
T008798,Bread,3
T008799,Tomatoes,3
T008799,Bread,4
T008799,Yogurt,1
T008799,Milk,1
T008800,Sugar,3
T008800,Eggs,1
T008800,Butter,2
T008800,Rice,3
T008800,Chicken,3
T008800,Tomatoes,4
T008801,Cheese,3
T008801,Eggs,2
T008801,Butter,3
T008801,Orange Juice,4
T008801,Rice,4
T008801,Chicken,4
T008801,Bread,3
T008802,Apples,4
T008802,Sugar,3
T008802,Butter,2
T008802,Orange Juice,1
T008802,Flour,2
T008802,Bananas,4
T008802,Tomatoes,4
T008802,Bread,1
T008803,Eggs,2
T008803,Orange Juice,3
T008803,Pasta,1
T008803,Milk,1
T008803,Onions,1
T008804,Chicken,4
T008805,Apples,4
T008805,Eggs,4
T008805,Butter,4
T008805,Rice,2
T008805,Beef,1
T008805,Bread,2
T008806,Apples,2
T008807,Eggs,1
T008807,Bread,4
T008807,Milk,2
T008808,Cheese,4
T008808,Eggs,4
T008808,Orange Juice,3
T008808,Tea,3
T008808,Bananas,3
T008809,Yogurt,4
T008809,Onions,4
T008810,Sugar,2
T008810,Eggs,1
T008810,Yogurt,1
T008810,Pasta,4
T008810,Bananas,3
T008810,Tomatoes,4
T008811,Chicken,3
T008811,Yogurt,3
T008811,Beef,3
T008812,Apples,3
T008812,Flour,3
T008812,Bread,4
T008812,Tea,3
T008813,Bananas,2
T008813,Butter,2
T008813,Bread,1
T008813,Orange Juice,3
T008814,Bananas,1
T008814,Coffee,3
T008814,Rice,4
T008814,Milk,2
T008815,Eggs,1
T008815,Butter,3
T008815,Rice,4
T008815,Milk,2
T008815,Chicken,1
T008815,Flour,2
T008815,Bread,1
T008815,Onions,1
T008816,Flour,4
T008816,Bananas,3
T008816,Yogurt,2
T008817,Sugar,2
T008817,Tea,2
T008817,Milk,2
T008817,Beef,2
T008817,Coffee,4
T008817,Tomatoes,1
T008817,Onions,3
T008818,Eggs,2
T008818,Butter,3
T008818,Yogurt,2
T008818,Milk,3
T008818,Tomatoes,3
T008818,Bread,4
T008819,Butter,1
T008819,Orange Juice,1
T008819,Chicken,1
T008819,Bananas,3
T008819,Tomatoes,3
T008819,Bread,1
T008819,Onions,2
T008820,Apples,1
T008820,Tomatoes,4
T008820,Cheese,2
T008821,Sugar,2
T008821,Butter,4
T008821,Orange Juice,3
T008821,Cheese,2
T008822,Eggs,1
T008822,Butter,1
T008822,Tea,1
T008822,Yogurt,2
T008822,Chicken,3
T008822,Beef,2
T008823,Chicken,2
T008823,Cheese,3
T008823,Yogurt,3
T008823,Beef,4
T008824,Sugar,1
T008824,Eggs,2
T008824,Yogurt,4
T008824,Milk,2
T008824,Chicken,2
T008824,Flour,4
T008824,Tomatoes,2
T008824,Onions,1
T008825,Pasta,2
T008825,Tomatoes,1
T008825,Rice,4
T008825,Onions,1
T008826,Sugar,4
T008826,Butter,3
T008826,Milk,3
T008826,Beef,4
T008826,Bananas,1
T008826,Coffee,4
T008826,Onions,2
T008827,Apples,4
T008827,Eggs,2
T008827,Orange Juice,2
T008827,Pasta,2
T008827,Flour,3
T008827,Bananas,4
T008827,Onions,2
T008828,Coffee,4
T008828,Sugar,4
T008828,Milk,1
T008829,Apples,1
T008829,Coffee,2
T008829,Sugar,4
T008829,Butter,1
T008829,Yogurt,3
T008829,Bananas,4
T008829,Tomatoes,2
T008830,Orange Juice,2
T008830,Tea,1
T008830,Yogurt,2
T008830,Flour,3
T008830,Tomatoes,2
T008830,Onions,2
T008831,Eggs,1
T008831,Pasta,2
T008831,Flour,2
T008831,Bananas,2
T008831,Tomatoes,4
T008831,Onions,2
T008832,Sugar,1
T008832,Eggs,2
T008832,Butter,3
T008832,Pasta,2
T008832,Milk,3
T008832,Chicken,2
T008832,Tomatoes,2
T008832,Bread,3
T008832,Onions,3
T008833,Tea,2
T008833,Rice,1
T008833,Chicken,2
T008833,Flour,4
T008833,Tomatoes,4
T008833,Onions,1
T008834,Sugar,3
T008834,Eggs,4
T008834,Butter,1
T008834,Yogurt,3
T008834,Milk,2
T008834,Pasta,2
T008834,Bananas,1
T008834,Tomatoes,1
T008834,Bread,4
T008835,Cheese,1
T008835,Eggs,1
T008835,Butter,3
T008835,Rice,1
T008835,Milk,1
T008835,Flour,3
T008835,Bread,1
T008836,Tomatoes,2
T008836,Yogurt,4
T008837,Eggs,4
T008838,Flour,1
T008838,Tomatoes,4
T008838,Onions,1
T008839,Orange Juice,2
T008839,Tea,2
T008839,Flour,1
T008839,Bread,3
T008839,Onions,1
T008840,Flour,1
T008840,Tomatoes,2
T008840,Orange Juice,2
T008840,Pasta,1
T008841,Beef,1
T008842,Orange Juice,1
T008843,Tomatoes,4
T008843,Pasta,4
T008843,Onions,2
T008844,Cheese,1
T008844,Butter,4
T008844,Pasta,2
T008844,Milk,4
T008844,Tomatoes,4
T008844,Onions,4
T008845,Eggs,2
T008845,Butter,3
T008845,Milk,4
T008845,Coffee,2
T008845,Bread,1
T008845,Tomatoes,4
T008845,Onions,3
T008846,Apples,2
T008846,Sugar,1
T008846,Eggs,2
T008846,Cheese,2
T008846,Tea,3
T008846,Beef,4
T008847,Apples,3
T008847,Eggs,4
T008847,Tea,3
T008847,Rice,3
T008847,Milk,2
T008847,Coffee,1
T008847,Onions,1
T008848,Eggs,2
T008848,Butter,3
T008848,Tea,3
T008848,Milk,1
T008848,Bananas,2
T008849,Butter,3
T008849,Yogurt,4
T008850,Apples,1
T008850,Sugar,4
T008850,Butter,1
T008850,Yogurt,3
T008850,Rice,1
T008850,Milk,4
T008850,Flour,2
T008850,Coffee,4
T008851,Beef,1
T008852,Sugar,3
T008852,Eggs,4
T008852,Tea,1
T008852,Pasta,3
T008852,Yogurt,4
T008852,Milk,2
T008852,Beef,4
T008852,Tomatoes,1
T008852,Bread,3
T008852,Onions,2
T008853,Sugar,1
T008853,Butter,1
T008853,Tea,2
T008853,Yogurt,2
T008853,Tomatoes,1
T008854,Eggs,3
T008854,Butter,3
T008854,Rice,3
T008854,Milk,4
T008854,Flour,4
T008854,Onions,3
T008855,Onions,3
T008855,Rice,1
T008855,Tea,4
T008856,Apples,2
T008856,Cheese,3
T008856,Orange Juice,1
T008856,Tea,2
T008856,Yogurt,4
T008856,Tomatoes,3
T008856,Onions,4
T008857,Butter,4
T008857,Rice,1
T008857,Chicken,1
T008857,Flour,3
T008857,Onions,2
T008858,Sugar,1
T008858,Eggs,3
T008858,Yogurt,1
T008858,Pasta,1
T008858,Flour,1
T008858,Coffee,2
T008858,Bread,4
T008858,Tomatoes,4
T008859,Coffee,4
T008860,Sugar,1
T008860,Eggs,3
T008860,Butter,2
T008860,Yogurt,4
T008860,Pasta,2
T008860,Milk,3
T008860,Bread,1
T008861,Beef,1
T008861,Bananas,4
T008861,Rice,3
T008861,Tea,4
T008862,Tomatoes,1
T008862,Pasta,1
T008863,Bananas,4
T008863,Milk,2
T008864,Apples,3
T008864,Tomatoes,1
T008864,Pasta,3
T008864,Tea,2
T008865,Cheese,2
T008865,Butter,1
T008865,Orange Juice,3
T008865,Yogurt,3
T008865,Chicken,2
T008865,Flour,3
T008865,Bananas,3
T008865,Bread,1
T008866,Apples,2
T008866,Sugar,1
T008866,Eggs,1
T008866,Butter,2
T008866,Yogurt,3
T008866,Milk,4
T008867,Cheese,4
T008867,Eggs,3
T008867,Butter,1
T008867,Sugar,4
T008867,Rice,2
T008867,Flour,4
T008867,Bananas,4
T008867,Coffee,3
T008868,Sugar,2
T008868,Orange Juice,4
T008868,Pasta,4
T008868,Milk,3
T008868,Beef,1
T008868,Bananas,2
T008868,Coffee,2
T008868,Tomatoes,2
T008868,Onions,1
T008869,Sugar,4
T008869,Eggs,4
T008869,Butter,1
T008869,Orange Juice,1
T008869,Rice,1
T008869,Coffee,2
T008869,Bread,4
T008869,Onions,3
T008870,Sugar,2
T008870,Beef,4
T008870,Pasta,2
T008871,Coffee,4
T008871,Sugar,1
T008871,Milk,2
T008872,Sugar,2
T008872,Eggs,2
T008872,Tea,1
T008872,Pasta,1
T008872,Milk,1
T008872,Beef,2
T008872,Bananas,4
T008872,Coffee,2
T008872,Tomatoes,4
T008872,Onions,1
T008873,Sugar,1
T008873,Butter,4
T008873,Orange Juice,3
T008873,Tea,3
T008873,Milk,2
T008873,Beef,4
T008873,Coffee,1
T008874,Eggs,1
T008874,Butter,3
T008874,Milk,2
T008874,Beef,1
T008874,Bread,1
T008875,Sugar,3
T008875,Eggs,1
T008875,Rice,4
T008875,Chicken,4
T008875,Beef,4
T008875,Tomatoes,1
T008875,Bread,2
T008875,Onions,3
T008876,Sugar,4
T008876,Eggs,2
T008876,Butter,3
T008876,Tea,3
T008876,Milk,4
T008876,Beef,2
T008876,Bananas,2
T008877,Flour,1
T008878,Cheese,2
T008878,Eggs,1
T008878,Butter,1
T008878,Rice,4
T008878,Tomatoes,2
T008878,Bread,4
T008879,Sugar,2
T008880,Coffee,4
T008880,Sugar,2
T008880,Onions,3
T008881,Apples,4
T008881,Butter,1
T008881,Pasta,1
T008881,Milk,2
T008881,Tomatoes,4
T008882,Butter,4
T008882,Rice,1
T008882,Milk,2
T008883,Flour,2
T008883,Butter,3
T008883,Eggs,2
T008883,Bread,1
T008884,Apples,1
T008884,Cheese,3
T008884,Bread,2
T008884,Chicken,1
T008885,Chicken,2
T008886,Cheese,3
T008886,Sugar,3
T008886,Butter,4
T008886,Bananas,4
T008886,Tomatoes,2
T008886,Bread,1
T008887,Tomatoes,4
T008887,Pasta,4
T008888,Chicken,4
T008888,Sugar,3
T008888,Eggs,4
T008888,Beef,2
T008889,Tomatoes,1
T008890,Tea,3
T008891,Eggs,1
T008891,Butter,2
T008891,Milk,1
T008892,Butter,3
T008892,Tea,1
T008892,Milk,1
T008892,Flour,1
T008892,Bread,2
T008893,Sugar,1
T008893,Eggs,1
T008893,Rice,2
T008893,Yogurt,3
T008893,Pasta,2
T008893,Bananas,1
T008893,Tomatoes,1
T008893,Onions,3
T008894,Cheese,3
T008894,Butter,4
T008894,Tea,2
T008894,Pasta,3
T008894,Tomatoes,3
T008894,Onions,1
T008895,Sugar,2
T008895,Eggs,1
T008895,Butter,3
T008895,Pasta,3
T008895,Milk,1
T008895,Beef,2
T008895,Flour,4
T008895,Bananas,2
T008895,Tomatoes,2
T008895,Bread,3
T008895,Onions,3
T008896,Cheese,1
T008896,Sugar,3
T008896,Eggs,2
T008896,Tea,4
T008896,Pasta,2
T008896,Milk,4
T008896,Coffee,4
T008896,Bread,1
T008896,Onions,1
T008897,Cheese,1
T008897,Onions,1
T008897,Pasta,1
T008897,Tea,1
T008898,Bananas,1
T008898,Coffee,3
T008898,Sugar,3
T008898,Milk,3
T008899,Beef,3
T008900,Chicken,3
T008900,Sugar,3
T008900,Eggs,3
T008900,Rice,4
T008901,Butter,4
T008901,Tea,2
T008901,Pasta,2
T008901,Milk,3
T008901,Flour,3
T008901,Tomatoes,3
T008901,Bread,4
T008901,Onions,4
T008902,Bananas,3
T008903,Apples,1
T008903,Sugar,2
T008903,Butter,1
T008903,Tea,3
T008903,Milk,2
T008903,Beef,1
T008903,Coffee,4
T008903,Bread,3
T008903,Onions,4
T008904,Yogurt,2
T008904,Rice,1
T008905,Eggs,1
T008905,Butter,1
T008905,Milk,3
T008906,Flour,3
T008906,Tomatoes,2
T008907,Sugar,3
T008908,Apples,1
T008908,Sugar,3
T008908,Tea,2
T008908,Flour,2
T008908,Bananas,1
T008908,Tomatoes,2
T008908,Onions,3
T008909,Apples,2
T008909,Eggs,2
T008909,Orange Juice,1
T008909,Pasta,1
T008909,Beef,3
T008909,Bananas,4
T008909,Bread,3
T008909,Onions,2
T008910,Chicken,3
T008910,Apples,1
T008910,Bananas,1
T008910,Cheese,4
T008911,Chicken,3
T008911,Coffee,2
T008911,Eggs,1
T008912,Sugar,3
T008912,Butter,4
T008912,Tea,3
T008912,Bananas,3
T008912,Coffee,1
T008912,Onions,3
T008913,Bananas,1
T008914,Eggs,2
T008914,Yogurt,3
T008914,Milk,2
T008914,Beef,1
T008914,Bananas,3
T008914,Bread,1
T008915,Apples,2
T008915,Eggs,1
T008915,Butter,3
T008915,Tea,1
T008915,Beef,4
T008915,Flour,2
T008915,Bread,2
T008916,Butter,4
T008916,Yogurt,4
T008917,Chicken,1
T008918,Apples,1
T008919,Sugar,3
T008919,Eggs,4
T008919,Butter,1
T008919,Pasta,1
T008919,Milk,4
T008919,Yogurt,3
T008919,Beef,1
T008919,Coffee,4
T008919,Bread,4
T008920,Butter,1
T008920,Eggs,2
T008920,Bread,2
T008921,Sugar,4
T008921,Pasta,3
T008921,Beef,2
T008921,Coffee,2
T008921,Tomatoes,3
T008921,Onions,1
T008922,Cheese,2
T008922,Orange Juice,2
T008922,Pasta,2
T008922,Beef,4
T008922,Flour,3
T008922,Coffee,1
T008922,Tomatoes,3
T008923,Eggs,1
T008923,Butter,1
T008923,Orange Juice,4
T008923,Yogurt,2
T008923,Rice,2
T008923,Milk,2
T008923,Tomatoes,1
T008923,Bread,3
T008924,Cheese,2
T008924,Sugar,3
T008924,Tea,2
T008924,Yogurt,1
T008924,Milk,1
T008924,Coffee,4
T008925,Sugar,2
T008925,Eggs,2
T008925,Butter,4
T008925,Tea,2
T008925,Milk,4
T008925,Coffee,1
T008925,Bread,1
T008926,Cheese,2
T008926,Sugar,1
T008926,Tea,2
T008926,Milk,4
T008926,Coffee,4
T008926,Onions,2
T008927,Apples,4
T008927,Sugar,4
T008927,Eggs,2
T008927,Butter,3
T008927,Beef,3
T008927,Coffee,1
T008927,Bread,4
T008928,Coffee,3
T008928,Sugar,4
T008928,Butter,2
T008928,Flour,2
T008928,Tomatoes,4
T008928,Onions,4
T008929,Sugar,2
T008929,Eggs,3
T008929,Rice,1
T008929,Yogurt,2
T008929,Bananas,4
T008929,Bread,4
T008930,Coffee,4
T008930,Eggs,2
T008930,Butter,2
T008930,Yogurt,1
T008930,Milk,1
T008930,Pasta,1
T008930,Bananas,2
T008930,Tomatoes,4
T008930,Bread,3
T008931,Bananas,2
T008931,Coffee,2
T008931,Eggs,1
T008931,Onions,3
T008932,Chicken,3
T008932,Rice,1
T008933,Flour,2
T008933,Butter,2
T008933,Milk,2
T008934,Cheese,4
T008934,Yogurt,3
T008934,Butter,1
T008934,Beef,4
T008935,Apples,3
T008935,Butter,4
T008935,Orange Juice,3
T008935,Rice,4
T008935,Beef,2
T008935,Flour,1
T008935,Onions,1
T008936,Eggs,2
T008936,Orange Juice,4
T008936,Rice,1
T008936,Pasta,2
T008936,Milk,3
T008936,Beef,1
T008936,Bread,3
T008936,Onions,1
T008937,Eggs,2
T008937,Orange Juice,1
T008937,Yogurt,2
T008937,Flour,2
T008937,Onions,1
T008938,Apples,2
T008938,Cheese,3
T008938,Butter,3
T008938,Yogurt,4
T008938,Milk,3
T008938,Beef,4
T008938,Flour,2
T008938,Coffee,2
T008939,Apples,4
T008939,Tomatoes,3
T008939,Beef,4
T008940,Sugar,1
T008940,Pasta,1
T008940,Yogurt,4
T008940,Rice,2
T008940,Bananas,2
T008940,Onions,2
T008941,Eggs,1
T008941,Butter,4
T008941,Rice,3
T008941,Chicken,4
T008941,Bread,1
T008942,Cheese,1
T008943,Apples,2
T008943,Butter,1
T008943,Yogurt,1
T008943,Chicken,2
T008943,Flour,2
T008943,Onions,1
T008944,Eggs,2
T008944,Orange Juice,3
T008944,Pasta,4
T008944,Beef,3
T008944,Tomatoes,2
T008944,Onions,1
T008945,Apples,3
T008945,Butter,2
T008946,Coffee,3
T008946,Butter,2
T008946,Rice,3
T008946,Milk,3
T008946,Bananas,4
T008946,Tomatoes,3
T008946,Bread,3
T008946,Onions,2
T008947,Apples,1
T008947,Tomatoes,2
T008947,Flour,4
T008948,Orange Juice,2
T008948,Rice,1
T008949,Apples,4
T008949,Eggs,3
T008949,Orange Juice,2
T008949,Pasta,3
T008949,Rice,1
T008949,Chicken,4
T008949,Bananas,2
T008949,Tomatoes,3
T008950,Bananas,3
T008950,Butter,1
T008950,Beef,2
T008951,Butter,4
T008951,Bread,3
T008951,Pasta,2
T008952,Apples,4
T008952,Eggs,2
T008952,Butter,1
T008952,Tea,2
T008952,Pasta,1
T008952,Milk,3
T008952,Flour,4
T008952,Tomatoes,3
T008952,Onions,4
T008953,Flour,2
T008953,Bananas,2
T008953,Rice,4
T008953,Onions,3
T008954,Sugar,4
T008954,Butter,4
T008954,Orange Juice,1
T008954,Pasta,4
T008954,Beef,1
T008954,Tomatoes,1
T008954,Bread,3
T008954,Onions,3
T008955,Eggs,4
T008955,Milk,1
T008955,Chicken,2
T008955,Beef,4
T008955,Bananas,3
T008955,Coffee,3
T008956,Cheese,4
T008956,Butter,3
T008956,Yogurt,2
T008956,Beef,4
T008956,Flour,4
T008956,Bananas,2
T008957,Cheese,2
T008958,Sugar,4
T008958,Eggs,1
T008958,Yogurt,2
T008958,Milk,1
T008958,Flour,3
T008958,Bananas,1
T008959,Tea,3
T008960,Cheese,1
T008960,Eggs,3
T008960,Sugar,4
T008960,Milk,1
T008960,Coffee,3
T008961,Chicken,4
T008961,Tomatoes,4
T008961,Eggs,1
T008961,Pasta,4
T008962,Sugar,3
T008962,Cheese,3
T008962,Yogurt,3
T008962,Flour,2
T008962,Coffee,2
T008963,Sugar,4
T008963,Butter,4
T008963,Rice,2
T008963,Milk,2
T008963,Coffee,4
T008963,Tomatoes,4
T008964,Sugar,3
T008964,Cheese,4
T008964,Butter,3
T008964,Eggs,4
T008964,Milk,3
T008964,Chicken,3
T008964,Coffee,4
T008964,Bread,4
T008964,Tomatoes,4
T008965,Coffee,1
T008965,Tomatoes,4
T008965,Pasta,2
T008965,Onions,4
T008966,Eggs,2
T008966,Butter,2
T008966,Rice,1
T008966,Milk,4
T008966,Tomatoes,4
T008967,Apples,2
T008967,Cheese,2
T008967,Eggs,3
T008967,Beef,1
T008967,Tomatoes,2
T008967,Onions,3
T008968,Eggs,1
T008968,Butter,3
T008968,Milk,4
T008968,Chicken,3
T008968,Flour,3
T008968,Bananas,2
T008968,Coffee,2
T008968,Bread,4
T008969,Chicken,2
T008969,Butter,1
T008969,Beef,3
T008970,Coffee,3
T008970,Cheese,2
T008970,Sugar,1
T008970,Milk,1
T008971,Sugar,1
T008971,Eggs,3
T008971,Yogurt,4
T008971,Milk,4
T008971,Chicken,3
T008971,Bread,4
T008971,Onions,2
T008972,Cheese,3
T008972,Eggs,3
T008972,Sugar,3
T008972,Tea,4
T008972,Pasta,3
T008972,Milk,2
T008972,Beef,2
T008972,Coffee,2
T008973,Sugar,2
T008973,Eggs,4
T008973,Butter,3
T008973,Orange Juice,2
T008973,Beef,1
T008973,Flour,1
T008974,Apples,1
T008974,Chicken,2
T008975,Tomatoes,4
T008975,Sugar,1
T008975,Orange Juice,3
T008976,Sugar,3
T008976,Eggs,1
T008976,Cheese,2
T008976,Milk,1
T008976,Chicken,4
T008976,Coffee,4
T008977,Coffee,3
T008977,Sugar,1
T008977,Orange Juice,1
T008978,Cheese,1
T008978,Eggs,2
T008978,Tea,3
T008978,Yogurt,1
T008978,Milk,1
T008978,Chicken,2
T008978,Tomatoes,4
T008979,Apples,2
T008979,Sugar,4
T008979,Tea,3
T008980,Butter,4
T008980,Milk,4
T008980,Beef,3
T008980,Flour,2
T008980,Bananas,2
T008980,Bread,1
T008981,Apples,3
T008981,Sugar,2
T008981,Butter,4
T008981,Beef,4
T008981,Bread,1
T008982,Tomatoes,1
T008982,Beef,4
T008982,Tea,4
T008983,Butter,1
T008983,Orange Juice,4
T008983,Pasta,2
T008983,Milk,4
T008983,Tomatoes,1
T008983,Bread,3
T008983,Onions,3
T008984,Eggs,2
T008984,Butter,2
T008984,Tea,1
T008984,Onions,2
T008985,Apples,4
T008985,Cheese,2
T008985,Eggs,4
T008985,Butter,3
T008985,Tea,4
T008985,Rice,3
T008985,Onions,4
T008986,Apples,3
T008986,Cheese,4
T008986,Eggs,4
T008986,Butter,2
T008986,Flour,2
T008986,Bananas,1
T008986,Bread,2
T008987,Onions,3
T008987,Rice,2
T008987,Tea,3
T008988,Sugar,1
T008988,Butter,3
T008988,Orange Juice,1
T008988,Tea,4
T008988,Pasta,2
T008988,Milk,2
T008988,Coffee,3
T008988,Tomatoes,4
T008988,Onions,1
T008989,Chicken,1
T008989,Yogurt,4
T008990,Chicken,1
T008990,Beef,3
T008991,Sugar,2
T008991,Eggs,4
T008991,Butter,1
T008991,Tea,1
T008991,Milk,4
T008991,Tomatoes,3
T008992,Sugar,2
T008992,Eggs,2
T008992,Butter,1
T008992,Tea,4
T008993,Chicken,4
T008993,Bananas,2
T008993,Rice,1
T008994,Eggs,4
T008994,Rice,3
T008994,Pasta,2
T008994,Chicken,2
T008994,Beef,1
T008994,Onions,4
T008995,Apples,4
T008995,Sugar,3
T008995,Pasta,2
T008996,Chicken,4
T008996,Eggs,4
T008997,Chicken,3
T008997,Yogurt,2
T008997,Onions,3
T008998,Sugar,3
T008998,Cheese,1
T008998,Butter,1
T008998,Orange Juice,2
T008998,Bread,2
T008999,Sugar,4
T008999,Butter,3
T008999,Pasta,3
T008999,Milk,2
T008999,Bananas,3
T008999,Tomatoes,4
T008999,Bread,2
T009000,Apples,4
T009000,Sugar,4
T009000,Orange Juice,4
T009000,Coffee,1
T009000,Tomatoes,3
T009001,Sugar,1
T009001,Orange Juice,3
T009001,Tea,2
T009001,Rice,1
T009001,Pasta,3
T009001,Onions,3
T009002,Apples,4
T009002,Cheese,4
T009002,Butter,4
T009002,Tea,3
T009002,Beef,3
T009002,Flour,3
T009002,Bananas,2
T009003,Apples,3
T009003,Sugar,3
T009003,Eggs,2
T009003,Cheese,3
T009004,Cheese,4
T009004,Eggs,4
T009004,Butter,4
T009004,Rice,2
T009004,Milk,4
T009004,Pasta,2
T009004,Flour,4
T009004,Tomatoes,2
T009004,Bread,2
T009004,Onions,1
T009005,Eggs,1
T009005,Butter,1
T009005,Tea,2
T009006,Sugar,4
T009006,Eggs,4
T009006,Cheese,1
T009006,Yogurt,4
T009007,Eggs,1
T009007,Butter,4
T009007,Orange Juice,4
T009007,Bananas,3
T009007,Bread,2
T009008,Flour,1
T009008,Orange Juice,4
T009009,Sugar,2
T009009,Orange Juice,1
T009009,Yogurt,1
T009009,Rice,1
T009009,Coffee,3
T009009,Tomatoes,1
T009009,Onions,4
T009010,Eggs,2
T009010,Bread,3
T009010,Tea,1
T009010,Milk,2
T009011,Cheese,2
T009011,Butter,4
T009011,Orange Juice,2
T009011,Chicken,4
T009011,Bananas,4
T009011,Coffee,2
T009011,Tomatoes,4
T009012,Sugar,1
T009012,Eggs,2
T009012,Milk,4
T009012,Coffee,1
T009012,Bread,4
T009012,Onions,4
T009013,Sugar,1
T009013,Eggs,1
T009013,Butter,4
T009013,Rice,2
T009013,Milk,3
T009013,Chicken,3
T009013,Pasta,3
T009013,Beef,2
T009013,Bread,4
T009014,Apples,3
T009014,Eggs,3
T009014,Yogurt,4
T009014,Milk,3
T009014,Chicken,3
T009014,Coffee,1
T009014,Onions,2
T009015,Eggs,4
T009015,Beef,4
T009015,Bananas,2
T009015,Coffee,3
T009015,Tomatoes,3
T009015,Onions,2
T009016,Apples,2
T009017,Tomatoes,1
T009017,Eggs,3
T009018,Flour,2
T009018,Orange Juice,1
T009018,Rice,2
T009018,Tea,2
T009019,Sugar,4
T009019,Eggs,4
T009019,Butter,4
T009019,Yogurt,1
T009019,Chicken,4
T009019,Coffee,4
T009019,Bread,2
T009020,Coffee,1
T009020,Cheese,3
T009020,Yogurt,3
T009020,Milk,2
T009020,Beef,4
T009020,Tomatoes,1
T009020,Onions,3
T009021,Butter,3
T009021,Tea,1
T009022,Tomatoes,1
T009022,Rice,2
T009023,Apples,4
T009023,Eggs,4
T009023,Tea,3
T009023,Pasta,1
T009023,Milk,4
T009023,Bread,4
T009023,Onions,2
T009024,Rice,1
T009024,Orange Juice,4
T009024,Yogurt,2
T009025,Sugar,1
T009026,Sugar,4
T009026,Milk,4
T009026,Flour,3
T009026,Bananas,2
T009026,Coffee,1
T009026,Tomatoes,3
T009026,Onions,1
T009027,Sugar,3
T009027,Rice,2
T009028,Apples,3
T009028,Butter,4
T009028,Rice,3
T009028,Beef,2
T009028,Onions,2
T009029,Apples,4
T009029,Eggs,2
T009029,Orange Juice,4
T009029,Rice,2
T009029,Chicken,3
T009030,Chicken,1
T009031,Chicken,2
T009031,Eggs,1
T009031,Butter,3
T009031,Tea,4
T009032,Butter,1
T009032,Bread,1
T009033,Chicken,3
T009033,Sugar,2
T009033,Pasta,4
T009033,Onions,2
T009034,Eggs,3
T009034,Butter,1
T009034,Tea,3
T009034,Pasta,1
T009034,Milk,4
T009034,Bananas,1
T009034,Coffee,2
T009034,Bread,4
T009034,Tomatoes,3
T009034,Onions,1
T009035,Sugar,2
T009035,Milk,3
T009035,Flour,1
T009035,Bananas,4
T009035,Coffee,1
T009036,Apples,4
T009036,Chicken,4
T009037,Apples,4
T009037,Sugar,4
T009037,Eggs,3
T009037,Tea,2
T009037,Milk,1
T009037,Beef,1
T009037,Coffee,3
T009037,Bread,4
T009038,Apples,2
T009038,Tomatoes,3
T009038,Chicken,1
T009038,Pasta,3
T009039,Apples,3
T009039,Sugar,2
T009039,Eggs,1
T009039,Pasta,4
T009039,Bananas,1
T009039,Tomatoes,4
T009039,Onions,1
T009040,Sugar,4
T009040,Tea,3
T009040,Pasta,2
T009040,Flour,1
T009040,Tomatoes,1
T009040,Onions,2
T009041,Cheese,4
T009041,Sugar,4
T009041,Eggs,2
T009041,Milk,3
T009041,Chicken,2
T009041,Beef,4
T009041,Bread,4
T009041,Onions,2
T009042,Cheese,3
T009042,Rice,4
T009042,Yogurt,2
T009042,Chicken,1
T009042,Beef,4
T009042,Bananas,4
T009042,Onions,3
T009043,Sugar,1
T009043,Orange Juice,3
T009043,Tea,4
T009043,Pasta,3
T009043,Milk,4
T009043,Beef,4
T009043,Coffee,4
T009044,Bananas,2
T009045,Tea,4
T009045,Onions,2
T009046,Butter,4
T009046,Tea,2
T009046,Milk,2
T009046,Coffee,4
T009046,Bread,2
T009046,Onions,1
T009047,Flour,4
T009047,Milk,4
T009047,Tea,3
T009048,Cheese,4
T009048,Orange Juice,1
T009048,Yogurt,3
T009048,Milk,3
T009048,Coffee,3
T009048,Bread,2
T009048,Onions,3
T009049,Sugar,4
T009050,Eggs,1
T009050,Butter,4
T009050,Pasta,3
T009050,Milk,2
T009050,Chicken,2
T009050,Yogurt,1
T009050,Bananas,4
T009050,Tomatoes,3
T009050,Onions,2
T009051,Butter,4
T009051,Tea,1
T009052,Sugar,1
T009052,Pasta,2
T009052,Milk,1
T009052,Coffee,3
T009052,Onions,4
T009053,Apples,3
T009053,Cheese,3
T009053,Orange Juice,2
T009053,Pasta,2
T009053,Milk,3
T009053,Flour,2
T009053,Bread,4
T009053,Onions,3
T009054,Bananas,4
T009054,Orange Juice,2
T009055,Apples,3
T009055,Cheese,4
T009055,Orange Juice,1
T009055,Pasta,1
T009055,Yogurt,1
T009055,Chicken,2
T009055,Beef,1
T009055,Tomatoes,4
T009055,Onions,3
T009056,Apples,1
T009056,Orange Juice,4
T009056,Pasta,3
T009056,Bananas,4
T009056,Tomatoes,2
T009056,Onions,2
T009057,Bananas,3
T009057,Orange Juice,2
T009057,Tea,1
T009058,Sugar,4
T009059,Apples,1
T009059,Pasta,4
T009059,Beef,3
T009059,Tomatoes,4
T009059,Bread,4
T009059,Onions,2
T009060,Sugar,3
T009061,Sugar,3
T009061,Butter,2
T009061,Tea,3
T009061,Rice,1
T009061,Pasta,4
T009061,Chicken,3
T009061,Milk,4
T009061,Coffee,1
T009061,Tomatoes,3
T009061,Onions,1
T009062,Orange Juice,2
T009062,Tea,4
T009062,Bananas,4
T009062,Tomatoes,1
T009062,Bread,4
T009062,Onions,3
T009063,Apples,1
T009063,Bananas,4
T009063,Eggs,2
T009063,Tea,3
T009064,Chicken,4
T009064,Tomatoes,4
T009064,Tea,2
T009065,Chicken,1
T009066,Apples,4
T009066,Sugar,4
T009066,Eggs,4
T009066,Beef,3
T009066,Flour,1
T009066,Tomatoes,2
T009067,Apples,4
T009067,Butter,1
T009067,Rice,2
T009067,Beef,1
T009067,Coffee,3
T009067,Bread,1
T009067,Tomatoes,3
T009067,Onions,4
T009068,Sugar,1
T009068,Cheese,2
T009068,Butter,4
T009068,Orange Juice,1
T009068,Chicken,3
T009068,Tomatoes,3
T009069,Eggs,3
T009069,Butter,2
T009069,Tea,2
T009069,Rice,2
T009069,Milk,2
T009069,Coffee,1
T009070,Butter,1
T009071,Apples,4
T009071,Yogurt,1
T009071,Flour,1
T009071,Bananas,2
T009071,Tomatoes,4
T009072,Tea,2
T009072,Butter,2
T009072,Orange Juice,2
T009072,Milk,2
T009073,Tomatoes,1
T009074,Apples,4
T009074,Sugar,1
T009074,Cheese,1
T009074,Pasta,2
T009074,Beef,1
T009074,Tomatoes,3
T009074,Onions,2
T009075,Cheese,3
T009075,Pasta,4
T009075,Flour,1
T009075,Tomatoes,1
T009075,Onions,1
T009076,Flour,2
T009076,Sugar,2
T009076,Coffee,3
T009077,Eggs,3
T009077,Milk,1
T009077,Beef,1
T009077,Flour,2
T009077,Bread,3
T009078,Sugar,1
T009078,Eggs,2
T009078,Butter,3
T009078,Tea,1
T009078,Pasta,4
T009078,Milk,4
T009078,Bread,3
T009078,Onions,3
T009079,Eggs,1
T009079,Butter,1
T009079,Rice,3
T009079,Milk,3
T009079,Chicken,3
T009079,Beef,3
T009079,Bananas,4
T009080,Apples,1
T009080,Bananas,2
T009080,Sugar,1
T009081,Sugar,2
T009081,Bread,2
T009081,Cheese,1
T009082,Eggs,1
T009082,Butter,4
T009082,Orange Juice,4
T009082,Yogurt,2
T009082,Chicken,3
T009082,Bread,4
T009083,Tomatoes,1
T009083,Beef,3
T009084,Sugar,3
T009084,Eggs,2
T009084,Milk,1
T009084,Chicken,3
T009084,Flour,4
T009084,Bananas,2
T009084,Coffee,3
T009084,Tomatoes,1
T009085,Sugar,4
T009085,Eggs,3
T009085,Butter,2
T009085,Orange Juice,4
T009085,Rice,3
T009085,Milk,3
T009085,Beef,3
T009085,Coffee,2
T009085,Bread,3
T009085,Tomatoes,3
T009086,Tomatoes,4
T009086,Bread,3
T009086,Yogurt,4
T009086,Milk,2
T009087,Eggs,3
T009087,Beef,4
T009087,Onions,4
T009088,Eggs,4
T009088,Butter,4
T009088,Pasta,3
T009088,Milk,2
T009088,Bread,4
T009089,Eggs,3
T009089,Butter,2
T009089,Milk,1
T009089,Chicken,2
T009089,Beef,2
T009089,Bananas,1
T009089,Tomatoes,1
T009089,Bread,1
T009090,Eggs,2
T009090,Butter,3
T009090,Pasta,1
T009090,Milk,3
T009090,Beef,1
T009090,Tomatoes,3
T009090,Bread,4
T009091,Bananas,4
T009091,Coffee,1
T009091,Onions,1
T009092,Eggs,3
T009092,Yogurt,4
T009092,Onions,4
T009093,Bananas,4
T009094,Sugar,3
T009094,Eggs,4
T009094,Pasta,2
T009094,Milk,2
T009094,Chicken,2
T009094,Coffee,3
T009095,Rice,3
T009095,Cheese,1
T009095,Pasta,3
T009095,Onions,3
T009096,Eggs,2
T009096,Rice,4
T009096,Tea,3
T009097,Yogurt,4
T009098,Cheese,1
T009098,Pasta,4
T009098,Rice,3
T009098,Chicken,4
T009098,Tomatoes,4
T009099,Apples,4
T009099,Eggs,4
T009099,Orange Juice,2
T009099,Flour,2
T009099,Bread,3
T009100,Butter,2
T009100,Beef,4
T009101,Apples,3
T009101,Sugar,4
T009101,Eggs,1
T009101,Butter,4
T009101,Orange Juice,3
T009101,Milk,4
T009101,Bananas,2
T009101,Coffee,1
T009101,Bread,2
T009102,Butter,4
T009102,Onions,3
T009103,Cheese,4
T009103,Yogurt,4
T009104,Eggs,1
T009104,Butter,1
T009104,Rice,4
T009104,Milk,4
T009104,Beef,2
T009104,Bananas,4
T009104,Bread,1
T009105,Coffee,3
T009105,Cheese,2
T009105,Sugar,3
T009105,Butter,2
T009105,Tea,1
T009105,Rice,2
T009105,Milk,4
T009105,Tomatoes,1
T009105,Bread,4
T009105,Onions,3
T009106,Cheese,1
T009106,Sugar,1
T009106,Eggs,3
T009106,Rice,2
T009106,Milk,1
T009106,Chicken,4
T009106,Coffee,2
T009106,Bread,1
T009106,Onions,4
T009107,Apples,3
T009107,Eggs,4
T009107,Orange Juice,2
T009107,Rice,1
T009107,Chicken,4
T009107,Bread,2
T009108,Sugar,3
T009108,Eggs,3
T009108,Butter,2
T009108,Milk,2
T009108,Chicken,2
T009108,Bananas,3
T009108,Bread,3
T009109,Chicken,1
T009109,Bananas,1
T009109,Sugar,1
T009109,Cheese,2
T009110,Sugar,2
T009110,Eggs,1
T009110,Butter,1
T009110,Milk,4
T009110,Coffee,4
T009110,Bread,1
T009110,Onions,1
T009111,Apples,1
T009111,Cheese,3
T009111,Butter,4
T009111,Tomatoes,4
T009111,Bread,2
T009111,Onions,4
T009112,Sugar,1
T009112,Eggs,3
T009112,Butter,2
T009112,Tea,3
T009112,Milk,3
T009112,Chicken,1
T009112,Flour,3
T009112,Coffee,2
T009113,Apples,2
T009113,Eggs,3
T009113,Butter,1
T009113,Beef,4
T009113,Tomatoes,3
T009113,Bread,2
T009114,Pasta,2
T009114,Tomatoes,4
T009114,Yogurt,4
T009115,Bananas,3
T009115,Tomatoes,4
T009115,Butter,3
T009115,Tea,1
T009116,Cheese,1
T009116,Eggs,2
T009116,Orange Juice,1
T009116,Pasta,3
T009116,Bananas,2
T009117,Cheese,4
T009117,Eggs,3
T009117,Beef,1
T009118,Sugar,2
T009118,Orange Juice,2
T009118,Beef,2
T009118,Milk,1
T009119,Apples,2
T009119,Butter,2
T009119,Onions,3
T009120,Flour,2
T009120,Apples,4
T009120,Orange Juice,2
T009121,Tomatoes,1
T009121,Yogurt,4
T009122,Eggs,3
T009122,Orange Juice,4
T009123,Flour,2
T009123,Butter,1
T009124,Tea,4
T009124,Rice,2
T009124,Pasta,3
T009124,Chicken,2
T009124,Yogurt,3
T009124,Tomatoes,2
T009124,Onions,4
T009125,Apples,4
T009125,Cheese,2
T009125,Eggs,3
T009125,Rice,1
T009125,Milk,1
T009125,Beef,3
T009125,Coffee,3
T009126,Tomatoes,4
T009127,Eggs,2
T009128,Beef,3
T009129,Apples,3
T009129,Butter,1
T009129,Orange Juice,1
T009129,Rice,3
T009129,Pasta,3
T009129,Milk,3
T009129,Coffee,4
T009129,Tomatoes,1
T009130,Tomatoes,4
T009130,Butter,4
T009131,Apples,1
T009131,Sugar,3
T009131,Eggs,3
T009131,Butter,1
T009131,Pasta,3
T009131,Milk,2
T009131,Coffee,1
T009131,Bread,2
T009131,Tomatoes,3
T009132,Orange Juice,4
T009132,Beef,1
T009133,Butter,3
T009133,Orange Juice,4
T009133,Yogurt,1
T009133,Milk,4
T009133,Tomatoes,3
T009133,Bread,2
T009133,Onions,4
T009134,Eggs,1
T009134,Milk,1
T009134,Chicken,2
T009134,Beef,4
T009134,Bread,2
T009135,Eggs,3
T009136,Orange Juice,2
T009136,Rice,4
T009136,Onions,1
T009137,Tea,2
T009138,Apples,3
T009138,Sugar,3
T009138,Eggs,3
T009138,Milk,2
T009138,Chicken,4
T009138,Coffee,1
T009138,Bread,2
T009139,Yogurt,1
T009139,Tea,1
T009140,Cheese,2
T009140,Eggs,1
T009140,Butter,2
T009140,Orange Juice,2
T009140,Rice,3
T009140,Bread,4
T009140,Onions,3
T009141,Apples,3
T009141,Orange Juice,2
T009141,Tea,4
T009141,Milk,2
T009141,Flour,1
T009141,Bananas,3
T009141,Coffee,3
T009141,Onions,1
T009142,Sugar,2
T009142,Orange Juice,3
T009142,Beef,3
T009142,Flour,3
T009142,Bananas,4
T009143,Cheese,4
T009143,Yogurt,4
T009144,Sugar,2
T009144,Cheese,1
T009144,Butter,3
T009144,Milk,2
T009144,Onions,2
T009145,Butter,4
T009145,Milk,3
T009146,Pasta,3
T009146,Yogurt,4
T009146,Chicken,3
T009146,Rice,1
T009146,Tomatoes,3
T009146,Onions,3
T009147,Bananas,3
T009147,Sugar,1
T009147,Butter,3
T009147,Rice,1
T009148,Onions,3
T009149,Coffee,3
T009149,Sugar,1
T009149,Rice,4
T009149,Milk,3
T009150,Flour,4
T009150,Sugar,2
T009150,Tea,4
T009151,Coffee,2
T009151,Tomatoes,3
T009152,Cheese,1
T009152,Eggs,3
T009152,Butter,3
T009152,Pasta,1
T009152,Milk,3
T009152,Chicken,4
T009152,Coffee,2
T009152,Onions,4
T009153,Sugar,2
T009154,Apples,1
T009154,Cheese,3
T009154,Eggs,4
T009154,Butter,3
T009154,Milk,3
T009154,Bananas,1
T009154,Bread,1
T009155,Sugar,3
T009155,Tea,3
T009155,Yogurt,2
T009155,Chicken,3
T009155,Coffee,3
T009155,Tomatoes,2
T009156,Cheese,2
T009156,Eggs,3
T009156,Sugar,2
T009156,Tea,4
T009156,Flour,2
T009156,Coffee,2
T009157,Sugar,2
T009157,Butter,1
T009157,Orange Juice,4
T009157,Milk,3
T009157,Chicken,4
T009157,Beef,2
T009157,Coffee,4
T009158,Chicken,3
T009159,Flour,1
T009159,Onions,3
T009160,Sugar,3
T009160,Eggs,2
T009160,Yogurt,2
T009160,Milk,3
T009160,Chicken,4
T009160,Bananas,1
T009160,Coffee,4
T009160,Onions,2
T009161,Orange Juice,4
T009161,Rice,3
T009162,Flour,2
T009162,Sugar,4
T009162,Cheese,3
T009163,Eggs,4
T009164,Sugar,3
T009164,Tea,1
T009164,Pasta,4
T009164,Milk,3
T009164,Chicken,2
T009164,Coffee,4
T009164,Tomatoes,4
T009164,Onions,3
T009165,Cheese,1
T009165,Eggs,4
T009165,Orange Juice,2
T009165,Milk,3
T009165,Flour,4
T009165,Bananas,4
T009165,Coffee,3
T009165,Bread,1
T009166,Sugar,2
T009166,Orange Juice,2
T009167,Pasta,1
T009167,Butter,2
T009167,Orange Juice,3
T009167,Yogurt,2
T009168,Yogurt,2
T009168,Tea,1
T009169,Eggs,1
T009169,Tea,4
T009169,Pasta,1
T009169,Milk,3
T009169,Tomatoes,3
T009169,Onions,3
T009170,Apples,3
T009170,Sugar,2
T009170,Yogurt,1
T009170,Tea,1
T009171,Eggs,2
T009171,Butter,4
T009171,Orange Juice,4
T009171,Tea,1
T009171,Rice,3
T009171,Milk,2
T009171,Pasta,2
T009171,Tomatoes,1
T009171,Onions,4
T009172,Tea,1
T009173,Flour,3
T009173,Yogurt,3
T009174,Eggs,1
T009175,Rice,2
T009175,Bananas,2
T009175,Yogurt,2
T009176,Apples,3
T009176,Eggs,4
T009176,Butter,4
T009176,Bread,4
T009177,Apples,4
T009177,Cheese,1
T009177,Eggs,1
T009177,Rice,4
T009177,Bananas,1
T009178,Rice,2
T009179,Beef,3
T009179,Onions,1
T009180,Tomatoes,3
T009180,Eggs,3
T009180,Butter,1
T009180,Milk,3
T009181,Eggs,1
T009181,Bread,4
T009181,Beef,4
T009181,Onions,1
T009182,Eggs,4
T009182,Butter,1
T009182,Yogurt,2
T009182,Milk,3
T009182,Coffee,4
T009182,Bread,3
T009183,Chicken,3
T009183,Yogurt,3
T009183,Onions,3
T009184,Orange Juice,4
T009184,Yogurt,3
T009184,Rice,1
T009184,Beef,4
T009184,Bananas,1
T009184,Coffee,4
T009185,Tea,3
T009186,Flour,1
T009186,Tomatoes,4
T009186,Orange Juice,3
T009187,Sugar,4
T009187,Orange Juice,2
T009187,Yogurt,4
T009187,Beef,3
T009187,Bananas,4
T009187,Coffee,1
T009187,Onions,3
T009188,Flour,2
T009188,Apples,2
T009188,Sugar,1
T009189,Sugar,1
T009189,Cheese,3
T009189,Tea,2
T009189,Milk,4
T009189,Flour,1
T009189,Coffee,3
T009190,Bananas,4
T009191,Flour,2
T009191,Bananas,4
T009191,Cheese,1
T009192,Onions,2
T009193,Butter,2
T009193,Yogurt,2
T009193,Milk,3
T009194,Apples,2
T009194,Bananas,2
T009194,Cheese,1
T009194,Tomatoes,1
T009195,Sugar,4
T009195,Butter,4
T009195,Tea,2
T009195,Beef,2
T009195,Flour,4
T009196,Rice,2
T009197,Onions,2
T009198,Sugar,4
T009198,Tea,3
T009198,Rice,3
T009198,Beef,4
T009198,Tomatoes,3
T009198,Onions,1
T009199,Eggs,2
T009199,Butter,3
T009199,Orange Juice,3
T009199,Pasta,1
T009199,Yogurt,3
T009199,Bananas,3
T009199,Tomatoes,4
T009199,Onions,3
T009200,Apples,4
T009200,Sugar,3
T009200,Yogurt,4
T009200,Milk,1
T009200,Chicken,3
T009200,Beef,4
T009200,Coffee,1
T009200,Onions,4
T009201,Flour,2
T009201,Tomatoes,1
T009202,Apples,4
T009203,Bananas,3
T009203,Butter,1
T009204,Cheese,1
T009204,Sugar,2
T009204,Rice,2
T009204,Milk,2
T009204,Beef,2
T009204,Bananas,4
T009204,Coffee,4
T009205,Coffee,2
T009205,Sugar,4
T009205,Onions,4
T009206,Sugar,2
T009206,Eggs,3
T009206,Butter,2
T009206,Milk,1
T009206,Chicken,4
T009206,Coffee,4
T009207,Apples,3
T009207,Rice,1
T009207,Beef,2
T009208,Apples,4
T009208,Sugar,4
T009208,Eggs,4
T009208,Butter,1
T009208,Tea,2
T009208,Milk,1
T009208,Bread,3
T009209,Rice,2
T009209,Orange Juice,3
T009209,Pasta,3
T009209,Onions,3
T009210,Apples,2
T009210,Orange Juice,3
T009210,Pasta,1
T009210,Flour,4
T009210,Bananas,2
T009210,Onions,1
T009211,Eggs,4
T009211,Milk,1
T009211,Chicken,1
T009211,Beef,2
T009211,Coffee,3
T009212,Yogurt,2
T009212,Onions,1
T009213,Apples,3
T009213,Cheese,2
T009213,Eggs,3
T009213,Orange Juice,2
T009213,Milk,2
T009213,Beef,2
T009213,Tomatoes,4
T009214,Flour,1
T009214,Cheese,2
T009214,Butter,2
T009215,Chicken,4
T009215,Orange Juice,3
T009215,Yogurt,4
T009216,Apples,1
T009216,Sugar,2
T009217,Butter,2
T009217,Tea,3
T009217,Rice,3
T009217,Milk,3
T009217,Beef,3
T009217,Tomatoes,1
T009217,Bread,3
T009217,Onions,1
T009218,Orange Juice,1
T009218,Rice,4
T009218,Yogurt,3
T009218,Chicken,1
T009218,Pasta,2
T009218,Beef,2
T009218,Bananas,3
T009218,Onions,4
T009219,Orange Juice,3
T009219,Rice,1
T009220,Sugar,3
T009220,Orange Juice,3
T009220,Tea,3
T009220,Yogurt,2
T009220,Milk,4
T009220,Coffee,1
T009221,Apples,2
T009221,Bananas,4
T009221,Tea,4
T009222,Butter,2
T009222,Yogurt,4
T009223,Flour,1
T009224,Sugar,2
T009224,Yogurt,2
T009224,Tea,3
T009225,Eggs,4
T009225,Onions,2
T009226,Apples,3
T009226,Tea,2
T009226,Flour,1
T009226,Tomatoes,4
T009226,Bread,2
T009227,Apples,1
T009227,Eggs,3
T009227,Orange Juice,4
T009227,Tea,1
T009227,Beef,1
T009227,Flour,4
T009227,Onions,2
T009228,Flour,3
T009228,Eggs,4
T009229,Sugar,4
T009229,Eggs,2
T009229,Butter,1
T009229,Tea,2
T009229,Milk,4
T009229,Beef,3
T009229,Coffee,1
T009230,Apples,4
T009231,Pasta,2
T009231,Eggs,1
T009231,Rice,2
T009232,Apples,2
T009232,Sugar,4
T009232,Eggs,3
T009232,Rice,3
T009232,Milk,4
T009232,Chicken,1
T009232,Flour,2
T009232,Bananas,2
T009233,Rice,3
T009234,Tomatoes,1
T009235,Orange Juice,3
T009235,Rice,4
T009235,Yogurt,4
T009235,Chicken,3
T009235,Onions,3
T009236,Cheese,2
T009236,Orange Juice,3
T009236,Pasta,4
T009237,Tomatoes,4
T009237,Eggs,1
T009237,Milk,4
T009238,Flour,4
T009239,Cheese,2
T009239,Butter,1
T009239,Tea,4
T009239,Milk,2
T009239,Beef,4
T009239,Bananas,2
T009239,Bread,4
T009240,Sugar,1
T009240,Eggs,4
T009240,Butter,2
T009240,Orange Juice,2
T009240,Yogurt,1
T009240,Milk,4
T009240,Flour,4
T009240,Coffee,2
T009241,Apples,4
T009241,Eggs,1
T009241,Butter,2
T009241,Yogurt,1
T009241,Pasta,3
T009241,Milk,3
T009241,Tomatoes,4
T009241,Bread,4
T009241,Onions,3
T009242,Pasta,3
T009242,Milk,1
T009242,Coffee,1
T009242,Tomatoes,2
T009242,Onions,1
T009243,Flour,3
T009243,Cheese,1
T009244,Cheese,4
T009244,Eggs,4
T009244,Butter,2
T009244,Milk,2
T009244,Bread,2
T009245,Apples,4
T009245,Eggs,4
T009245,Butter,3
T009245,Orange Juice,1
T009245,Beef,2
T009245,Tomatoes,3
T009245,Bread,4
T009246,Sugar,2
T009246,Butter,3
T009246,Orange Juice,1
T009246,Yogurt,4
T009246,Bananas,1
T009246,Coffee,3
T009247,Apples,1
T009247,Orange Juice,3
T009247,Yogurt,3
T009248,Bananas,3
T009248,Butter,4
T009249,Apples,1
T009249,Cheese,1
T009249,Orange Juice,4
T009249,Chicken,4
T009249,Onions,1
T009250,Bananas,2
T009250,Yogurt,1
T009250,Pasta,3
T009250,Tea,4
T009251,Coffee,3
T009251,Sugar,4
T009251,Milk,1
T009252,Apples,2
T009252,Sugar,4
T009252,Butter,3
T009252,Rice,2
T009252,Bread,1
T009253,Flour,1
T009254,Eggs,4
T009254,Tomatoes,2
T009254,Yogurt,4
T009254,Beef,2
T009255,Rice,4
T009256,Bananas,4
T009256,Tomatoes,4
T009256,Sugar,1
T009256,Orange Juice,3
T009257,Cheese,4
T009257,Eggs,4
T009257,Rice,1
T009257,Beef,3
T009257,Bananas,3
T009257,Onions,3
T009258,Sugar,3
T009258,Eggs,2
T009258,Milk,3
T009258,Coffee,2
T009258,Bread,1
T009259,Apples,2
T009259,Sugar,3
T009259,Cheese,2
T009259,Butter,1
T009259,Eggs,1
T009259,Rice,1
T009259,Flour,1
T009259,Bread,1
T009260,Butter,4
T009260,Orange Juice,4
T009260,Pasta,3
T009260,Beef,2
T009260,Flour,3
T009260,Bananas,2
T009260,Onions,3
T009261,Chicken,4
T009261,Pasta,2
T009261,Onions,1
T009262,Flour,1
T009262,Eggs,1
T009262,Orange Juice,3
T009263,Sugar,3
T009263,Cheese,1
T009263,Yogurt,3
T009263,Milk,3
T009263,Coffee,1
T009263,Onions,3
T009264,Eggs,2
T009264,Yogurt,3
T009264,Beef,3
T009264,Flour,2
T009264,Bananas,3
T009264,Bread,4
T009265,Flour,3
T009265,Butter,2
T009265,Bread,2
T009266,Yogurt,4
T009266,Butter,1
T009266,Pasta,2
T009266,Onions,4
T009267,Apples,4
T009267,Butter,4
T009267,Pasta,1
T009267,Milk,4
T009267,Coffee,4
T009267,Tomatoes,2
T009267,Onions,1
T009268,Sugar,3
T009268,Cheese,2
T009268,Milk,3
T009268,Coffee,3
T009268,Tomatoes,1
T009268,Onions,2
T009269,Bananas,4
T009269,Yogurt,4
T009269,Beef,4
T009269,Onions,4
T009270,Sugar,2
T009270,Eggs,3
T009270,Orange Juice,3
T009270,Tea,3
T009270,Coffee,2
T009270,Bread,1
T009270,Onions,3
T009271,Apples,3
T009271,Sugar,4
T009271,Rice,4
T009271,Milk,4
T009271,Coffee,4
T009272,Eggs,3
T009272,Butter,3
T009272,Rice,3
T009272,Beef,1
T009272,Flour,1
T009272,Bread,4
T009273,Coffee,3
T009273,Sugar,1
T009273,Eggs,1
T009273,Rice,1
T009273,Milk,4
T009273,Chicken,1
T009273,Flour,3
T009273,Tomatoes,4
T009274,Apples,3
T009274,Sugar,1
T009274,Eggs,3
T009274,Chicken,2
T009274,Coffee,1
T009274,Tomatoes,1
T009275,Sugar,4
T009275,Orange Juice,4
T009275,Chicken,2
T009275,Bananas,1
T009275,Coffee,2
T009275,Onions,3
T009276,Orange Juice,3
T009276,Pasta,4
T009276,Milk,4
T009276,Yogurt,4
T009276,Beef,1
T009276,Tomatoes,3
T009276,Bread,3
T009276,Onions,4
T009277,Chicken,1
T009277,Flour,4
T009277,Eggs,1
T009277,Tea,1
T009278,Apples,3
T009279,Cheese,1
T009279,Butter,2
T009279,Pasta,2
T009279,Milk,2
T009279,Bread,1
T009279,Onions,4
T009280,Yogurt,4
T009280,Onions,3
T009281,Orange Juice,1
T009281,Tea,3
T009281,Chicken,3
T009281,Coffee,3
T009281,Onions,2
T009282,Eggs,4
T009282,Butter,4
T009282,Tea,2
T009282,Rice,2
T009282,Bread,3
T009282,Onions,2
T009283,Sugar,2
T009284,Sugar,3
T009284,Rice,3
T009285,Sugar,1
T009285,Orange Juice,3
T009285,Milk,4
T009285,Chicken,2
T009285,Beef,1
T009285,Coffee,4
T009286,Apples,2
T009286,Butter,1
T009286,Orange Juice,4
T009286,Tea,3
T009286,Chicken,4
T009286,Bananas,1
T009287,Chicken,2
T009287,Coffee,2
T009287,Yogurt,3
T009287,Milk,4
T009288,Orange Juice,4
T009289,Beef,4
T009289,Sugar,3
T009289,Yogurt,2
T009289,Rice,4
T009290,Apples,4
T009290,Sugar,4
T009290,Yogurt,4
T009291,Apples,3
T009291,Bananas,2
T009291,Cheese,1
T009291,Sugar,2
T009292,Bananas,4
T009292,Coffee,4
T009292,Milk,3
T009293,Orange Juice,1
T009294,Apples,1
T009294,Coffee,1
T009294,Sugar,3
T009294,Tea,4
T009294,Milk,3
T009294,Flour,4
T009294,Tomatoes,2
T009294,Onions,1
T009295,Beef,3
T009296,Eggs,3
T009296,Butter,4
T009296,Rice,3
T009296,Bananas,4
T009296,Bread,2
T009297,Sugar,2
T009297,Eggs,1
T009297,Butter,4
T009297,Orange Juice,3
T009297,Milk,1
T009297,Bread,3
T009297,Onions,1
T009298,Rice,3
T009298,Chicken,2
T009298,Flour,3
T009298,Tomatoes,2
T009298,Bread,1
T009299,Cheese,1
T009299,Eggs,1
T009299,Yogurt,1
T009299,Milk,2
T009299,Onions,3
T009300,Tomatoes,3
T009300,Cheese,4
T009300,Yogurt,1
T009300,Tea,1
T009301,Chicken,3
T009301,Cheese,4
T009301,Tomatoes,1
T009302,Apples,4
T009302,Eggs,4
T009302,Butter,3
T009302,Orange Juice,1
T009302,Yogurt,3
T009302,Flour,1
T009302,Bread,2
T009303,Cheese,4
T009303,Tea,2
T009304,Sugar,1
T009304,Eggs,3
T009304,Butter,4
T009304,Yogurt,1
T009304,Milk,2
T009304,Coffee,1
T009304,Bread,2
T009304,Tomatoes,4
T009305,Flour,4
T009305,Coffee,4
T009305,Sugar,2
T009305,Milk,1
T009306,Eggs,1
T009306,Butter,4
T009306,Bread,1
T009307,Apples,1
T009307,Cheese,3
T009307,Butter,2
T009307,Pasta,1
T009307,Rice,2
T009307,Yogurt,3
T009307,Chicken,3
T009307,Tomatoes,2
T009308,Cheese,1
T009308,Sugar,3
T009308,Yogurt,1
T009308,Pasta,1
T009308,Tomatoes,4
T009308,Onions,4
T009309,Milk,3
T009309,Butter,1
T009309,Tea,2
T009310,Flour,2
T009311,Bananas,4
T009311,Butter,3
T009311,Orange Juice,2
T009312,Tomatoes,2
T009312,Eggs,3
T009312,Rice,4
T009313,Sugar,4
T009313,Tea,4
T009313,Yogurt,1
T009313,Coffee,3
T009313,Onions,1
T009314,Eggs,3
T009314,Butter,1
T009314,Yogurt,3
T009314,Bananas,4
T009314,Bread,2
T009315,Cheese,3
T009315,Bread,2
T009315,Butter,3
T009316,Apples,2
T009316,Orange Juice,1
T009316,Yogurt,2
T009316,Milk,1
T009316,Beef,4
T009316,Bananas,4
T009316,Coffee,4
T009317,Apples,4
T009317,Tea,4
T009317,Pasta,1
T009317,Tomatoes,4
T009317,Onions,1
T009318,Coffee,2
T009318,Milk,4
T009318,Tea,3
T009319,Sugar,4
T009319,Butter,3
T009319,Milk,1
T009319,Chicken,2
T009319,Coffee,3
T009319,Onions,3
T009320,Apples,3
T009320,Butter,2
T009320,Pasta,3
T009320,Rice,1
T009320,Chicken,4
T009320,Beef,1
T009320,Bananas,1
T009320,Onions,4
T009321,Apples,2
T009321,Tomatoes,4
T009321,Beef,3
T009322,Sugar,2
T009322,Butter,1
T009322,Orange Juice,1
T009322,Rice,2
T009322,Milk,1
T009322,Chicken,2
T009322,Onions,1
T009323,Sugar,2
T009323,Cheese,4
T009323,Butter,1
T009323,Eggs,1
T009323,Yogurt,4
T009323,Pasta,4
T009323,Chicken,4
T009323,Tomatoes,3
T009323,Bread,2
T009323,Onions,1
T009324,Tea,2
T009325,Coffee,4
T009325,Sugar,4
T009325,Milk,1
T009326,Apples,3
T009326,Sugar,4
T009326,Butter,2
T009326,Orange Juice,3
T009326,Milk,1
T009326,Flour,4
T009326,Coffee,1
T009327,Chicken,2
T009327,Beef,2
T009327,Rice,4
T009327,Yogurt,1
T009328,Sugar,3
T009328,Eggs,1
T009328,Orange Juice,2
T009328,Pasta,2
T009328,Tomatoes,4
T009328,Onions,1
T009329,Sugar,3
T009329,Eggs,3
T009329,Butter,4
T009329,Orange Juice,2
T009329,Milk,3
T009329,Bananas,3
T009329,Bread,4
T009330,Flour,4
T009330,Eggs,4
T009330,Butter,4
T009330,Orange Juice,3
T009331,Chicken,3
T009331,Tomatoes,4
T009331,Eggs,1
T009332,Sugar,2
T009332,Eggs,2
T009332,Bread,2
T009332,Milk,1
T009333,Eggs,3
T009333,Butter,1
T009333,Yogurt,2
T009333,Milk,3
T009333,Bread,2
T009334,Sugar,2
T009334,Eggs,2
T009334,Rice,4
T009334,Pasta,1
T009334,Milk,3
T009334,Beef,4
T009334,Coffee,2
T009334,Bread,3
T009334,Tomatoes,2
T009335,Apples,4
T009335,Pasta,2
T009335,Chicken,3
T009335,Beef,2
T009335,Tomatoes,1
T009335,Onions,1
T009336,Rice,3
T009337,Sugar,3
T009337,Eggs,4
T009337,Butter,2
T009337,Tea,2
T009337,Pasta,4
T009337,Beef,1
T009337,Flour,1
T009337,Coffee,4
T009337,Tomatoes,4
T009337,Onions,1
T009338,Eggs,2
T009338,Pasta,3
T009338,Chicken,2
T009338,Tomatoes,3
T009338,Onions,2
T009339,Orange Juice,4
T009339,Beef,2
T009339,Tea,2
T009340,Apples,3
T009340,Eggs,3
T009340,Butter,2
T009340,Tea,4
T009340,Flour,4
T009340,Bananas,2
T009340,Bread,3
T009341,Bananas,1
T009342,Eggs,2
T009342,Butter,2
T009342,Tea,4
T009342,Yogurt,3
T009342,Bananas,3
T009342,Bread,1
T009342,Onions,1
T009343,Bread,3
T009343,Yogurt,2
T009343,Milk,2
T009344,Apples,1
T009344,Sugar,3
T009344,Beef,3
T009344,Onions,4
T009345,Chicken,1
T009345,Eggs,3
T009346,Apples,4
T009346,Eggs,4
T009346,Chicken,3
T009346,Tomatoes,2
T009346,Bread,3
T009347,Coffee,3
T009347,Yogurt,1
T009347,Milk,1
T009347,Flour,2
T009347,Tomatoes,2
T009348,Tea,2
T009348,Rice,4
T009348,Beef,2
T009348,Flour,2
T009348,Tomatoes,1
T009349,Tomatoes,1
T009349,Cheese,1
T009349,Orange Juice,4
T009350,Bananas,3
T009350,Rice,1
T009351,Apples,1
T009351,Sugar,2
T009351,Eggs,3
T009351,Butter,1
T009351,Milk,1
T009351,Coffee,4
T009351,Bread,2
T009352,Sugar,2
T009352,Butter,4
T009352,Orange Juice,2
T009352,Yogurt,1
T009352,Milk,2
T009352,Coffee,2
T009352,Tomatoes,1
T009352,Onions,3
T009353,Butter,3
T009353,Eggs,2
T009353,Bread,2
T009353,Beef,2
T009354,Apples,1
T009354,Sugar,3
T009354,Butter,3
T009354,Yogurt,1
T009354,Beef,4
T009354,Coffee,3
T009354,Bread,1
T009354,Tomatoes,4
T009355,Cheese,1
T009355,Butter,1
T009355,Pasta,2
T009356,Coffee,1
T009356,Orange Juice,3
T009356,Milk,1
T009357,Tomatoes,2
T009357,Butter,3
T009357,Pasta,4
T009358,Eggs,2
T009358,Rice,1
T009359,Apples,4
T009359,Cheese,3
T009359,Sugar,2
T009359,Beef,3
T009359,Flour,1
T009359,Coffee,1
T009360,Cheese,4
T009360,Butter,2
T009360,Orange Juice,2
T009360,Yogurt,2
T009360,Chicken,2
T009360,Coffee,4
T009360,Onions,4
T009361,Bananas,4
T009361,Cheese,1
T009361,Eggs,1
T009361,Tea,4
T009362,Cheese,4
T009362,Sugar,2
T009362,Orange Juice,1
T009362,Chicken,1
T009362,Onions,1
T009363,Chicken,4
T009363,Cheese,1
T009363,Sugar,2
T009364,Flour,1
T009364,Eggs,1
T009364,Chicken,3
T009365,Flour,4
T009365,Apples,4
T009365,Butter,4
T009365,Tea,2
T009366,Tomatoes,1
T009366,Sugar,2
T009366,Rice,2
T009367,Sugar,4
T009367,Orange Juice,2
T009367,Yogurt,1
T009367,Milk,4
T009367,Flour,1
T009367,Coffee,3
T009368,Sugar,4
T009368,Butter,2
T009368,Pasta,1
T009368,Rice,1
T009368,Tomatoes,4
T009368,Bread,1
T009368,Onions,4
T009369,Cheese,2
T009369,Eggs,1
T009369,Butter,4
T009369,Orange Juice,4
T009369,Rice,4
T009369,Milk,3
T009369,Bread,1
T009369,Onions,1
T009370,Sugar,1
T009370,Eggs,3
T009370,Butter,1
T009370,Tea,2
T009370,Pasta,2
T009370,Yogurt,3
T009370,Beef,3
T009370,Tomatoes,3
T009370,Bread,1
T009370,Onions,3
T009371,Sugar,2
T009371,Chicken,4
T009371,Beef,4
T009371,Flour,3
T009371,Bananas,3
T009371,Bread,3
T009372,Butter,2
T009372,Eggs,3
T009372,Bread,4
T009372,Orange Juice,1
T009373,Chicken,1
T009373,Eggs,4
T009373,Butter,4
T009373,Milk,4
T009374,Cheese,4
T009375,Butter,2
T009375,Milk,2
T009375,Chicken,3
T009375,Bread,4
T009375,Onions,4
T009376,Coffee,3
T009377,Sugar,3
T009377,Eggs,3
T009377,Tea,4
T009377,Pasta,2
T009377,Flour,4
T009377,Onions,1
T009378,Eggs,3
T009378,Butter,2
T009378,Pasta,1
T009378,Tomatoes,1
T009378,Bread,4
T009378,Onions,2
T009379,Cheese,4
T009379,Eggs,2
T009379,Milk,2
T009379,Beef,3
T009379,Bananas,2
T009379,Coffee,3
T009380,Sugar,4
T009380,Rice,1
T009380,Onions,1
T009381,Coffee,3
T009381,Sugar,1
T009381,Milk,4
T009381,Tea,3
T009382,Apples,3
T009382,Eggs,2
T009382,Butter,2
T009382,Chicken,4
T009382,Bananas,3
T009382,Bread,2
T009382,Onions,4
T009383,Sugar,1
T009383,Eggs,2
T009383,Butter,1
T009383,Beef,4
T009383,Flour,3
T009383,Bread,4
T009384,Apples,3
T009384,Bananas,1
T009384,Tomatoes,1
T009384,Cheese,3
T009385,Tomatoes,1
T009385,Butter,4
T009385,Onions,2
T009386,Eggs,2
T009386,Chicken,2
T009386,Beef,2
T009386,Flour,2
T009386,Coffee,4
T009387,Sugar,3
T009387,Orange Juice,2
T009387,Milk,3
T009387,Flour,3
T009387,Bananas,4
T009387,Coffee,3
T009387,Bread,2
T009387,Onions,2
T009388,Cheese,2
T009388,Butter,2
T009388,Yogurt,2
T009388,Pasta,4
T009388,Chicken,4
T009388,Flour,1
T009388,Tomatoes,1
T009388,Bread,4
T009388,Onions,2
T009389,Apples,3
T009389,Eggs,1
T009389,Butter,3
T009389,Chicken,3
T009389,Bananas,3
T009389,Tomatoes,4
T009389,Bread,3
T009390,Cheese,1
T009390,Bread,2
T009390,Butter,4
T009390,Milk,3
T009391,Yogurt,1
T009392,Tea,4
T009393,Sugar,3
T009393,Orange Juice,1
T009393,Cheese,2
T009394,Coffee,4
T009394,Sugar,1
T009394,Cheese,3
T009394,Yogurt,3
T009395,Apples,4
T009395,Cheese,1
T009395,Eggs,1
T009395,Beef,3
T009395,Bananas,2
T009396,Cheese,4
T009397,Butter,2
T009397,Eggs,2
T009397,Bread,4
T009397,Orange Juice,1
T009398,Apples,3
T009398,Sugar,2
T009398,Yogurt,1
T009398,Rice,3
T009398,Pasta,4
T009398,Beef,4
T009398,Tomatoes,3
T009398,Onions,1
T009399,Apples,2
T009399,Butter,1
T009399,Rice,4
T009399,Yogurt,1
T009399,Onions,2
T009400,Flour,4
T009400,Bananas,1
T009401,Bananas,1
T009401,Butter,3
T009401,Rice,4
T009402,Apples,4
T009402,Orange Juice,3
T009402,Tea,3
T009402,Flour,4
T009402,Bananas,4
T009402,Tomatoes,3
T009403,Apples,2
T009403,Cheese,1
T009403,Orange Juice,3
T009403,Tea,1
T009403,Pasta,3
T009403,Chicken,2
T009403,Bananas,1
T009404,Butter,1
T009404,Milk,3
T009405,Apples,2
T009405,Eggs,1
T009405,Orange Juice,3
T009406,Cheese,4
T009406,Yogurt,1
T009406,Rice,2
T009406,Tomatoes,1
T009406,Onions,4
T009407,Eggs,2
T009407,Butter,2
T009407,Orange Juice,2
T009407,Yogurt,4
T009407,Beef,2
T009407,Flour,2
T009407,Tomatoes,1
T009407,Bread,2
T009408,Chicken,4
T009408,Sugar,1
T009408,Tomatoes,1
T009408,Yogurt,4
T009409,Tea,3
T009409,Pasta,4
T009409,Rice,2
T009409,Bananas,1
T009409,Onions,3
T009410,Eggs,3
T009410,Butter,4
T009410,Yogurt,2
T009410,Milk,2
T009410,Coffee,1
T009410,Bread,4
T009410,Tomatoes,3
T009411,Cheese,3
T009411,Eggs,1
T009411,Orange Juice,1
T009411,Pasta,1
T009411,Flour,2
T009411,Tomatoes,1
T009411,Onions,2
T009412,Bananas,1
T009412,Orange Juice,4
T009413,Butter,1
T009413,Yogurt,3
T009413,Onions,4
T009414,Apples,3
T009414,Butter,1
T009414,Rice,4
T009414,Yogurt,2
T009414,Bread,2
T009415,Apples,4
T009415,Cheese,2
T009415,Pasta,1
T009415,Chicken,4
T009415,Beef,1
T009415,Bananas,1
T009415,Tomatoes,3
T009415,Onions,2
T009416,Cheese,1
T009416,Yogurt,1
T009416,Milk,1
T009416,Coffee,2
T009416,Onions,4
T009417,Eggs,1
T009417,Orange Juice,2
T009417,Rice,3
T009417,Bananas,1
T009417,Onions,3
T009418,Cheese,2
T009418,Eggs,1
T009418,Butter,2
T009418,Yogurt,4
T009418,Pasta,1
T009418,Milk,2
T009418,Beef,4
T009418,Bread,2
T009418,Onions,4
T009419,Sugar,4
T009419,Orange Juice,3
T009420,Eggs,1
T009420,Butter,1
T009420,Orange Juice,2
T009420,Pasta,4
T009420,Milk,4
T009420,Chicken,3
T009420,Tomatoes,3
T009420,Bread,4
T009420,Onions,4
T009421,Apples,3
T009421,Sugar,2
T009421,Butter,3
T009421,Tea,4
T009421,Milk,4
T009421,Coffee,1
T009422,Apples,1
T009422,Eggs,4
T009422,Butter,1
T009422,Rice,3
T009422,Milk,2
T009422,Chicken,1
T009422,Beef,2
T009422,Bread,2
T009423,Flour,1
T009423,Cheese,2
T009423,Onions,1
T009424,Sugar,3
T009424,Eggs,3
T009424,Rice,2
T009424,Yogurt,2
T009424,Chicken,2
T009424,Beef,1
T009424,Flour,1
T009425,Sugar,4
T009425,Eggs,4
T009425,Milk,1
T009425,Bananas,3
T009425,Coffee,2
T009426,Cheese,3
T009426,Eggs,2
T009426,Butter,2
T009426,Pasta,3
T009426,Bananas,2
T009426,Bread,3
T009426,Onions,4
T009427,Butter,3
T009427,Bread,1
T009427,Milk,4
T009428,Eggs,1
T009428,Butter,2
T009428,Tea,2
T009428,Milk,2
T009428,Bread,1
T009429,Cheese,1
T009429,Butter,4
T009429,Sugar,3
T009429,Milk,2
T009430,Beef,3
T009430,Tomatoes,1
T009430,Pasta,1
T009430,Onions,2
T009431,Cheese,3
T009431,Eggs,1
T009431,Butter,3
T009431,Tea,3
T009431,Beef,4
T009431,Onions,2
T009432,Coffee,1
T009432,Sugar,3
T009432,Orange Juice,4
T009432,Milk,3
T009433,Sugar,4
T009433,Beef,1
T009433,Tea,4
T009434,Cheese,3
T009434,Eggs,1
T009434,Butter,2
T009434,Yogurt,1
T009434,Bananas,1
T009434,Bread,3
T009435,Sugar,4
T009435,Eggs,2
T009435,Milk,4
T009435,Chicken,2
T009435,Tomatoes,3
T009435,Bread,2
T009436,Apples,1
T009436,Cheese,1
T009436,Orange Juice,1
T009436,Chicken,3
T009436,Beef,4
T009436,Flour,3
T009436,Onions,2
T009437,Sugar,4
T009437,Eggs,4
T009437,Butter,1
T009437,Pasta,3
T009437,Rice,3
T009437,Milk,1
T009437,Beef,2
T009437,Flour,1
T009437,Coffee,2
T009437,Bread,4
T009437,Tomatoes,4
T009437,Onions,3
T009438,Cheese,2
T009439,Flour,1
T009439,Eggs,4
T009440,Bananas,4
T009440,Cheese,4
T009440,Eggs,2
T009441,Beef,4
T009442,Apples,1
T009442,Eggs,4
T009442,Butter,4
T009442,Yogurt,2
T009442,Chicken,4
T009442,Flour,3
T009442,Tomatoes,1
T009443,Eggs,3
T009443,Bread,2
T009443,Rice,3
T009443,Milk,4
T009444,Yogurt,2
T009444,Beef,2
T009444,Flour,3
T009444,Bananas,1
T009444,Onions,4
T009445,Sugar,4
T009445,Eggs,3
T009445,Butter,2
T009445,Orange Juice,4
T009445,Rice,1
T009445,Milk,3
T009445,Tomatoes,3
T009446,Chicken,1
T009446,Orange Juice,2
T009447,Orange Juice,4
T009447,Yogurt,4
T009448,Sugar,4
T009448,Butter,1
T009448,Rice,2
T009448,Milk,1
T009448,Coffee,2
T009449,Flour,2
T009449,Bread,1
T009449,Orange Juice,2
T009449,Rice,4
T009450,Apples,4
T009450,Eggs,4
T009450,Butter,3
T009450,Pasta,1
T009450,Tomatoes,1
T009450,Bread,1
T009450,Onions,1
T009451,Coffee,4
T009451,Eggs,2
T009451,Beef,2
T009451,Milk,2
T009452,Eggs,3
T009452,Milk,4
T009452,Chicken,2
T009452,Flour,3
T009452,Bananas,3
T009452,Bread,4
T009452,Onions,4
T009453,Apples,2
T009453,Butter,2
T009453,Rice,3
T009453,Milk,4
T009453,Flour,3
T009453,Tomatoes,1
T009453,Bread,2
T009454,Apples,2
T009454,Pasta,3
T009454,Onions,3
T009455,Coffee,4
T009455,Sugar,1
T009455,Eggs,4
T009455,Butter,2
T009455,Milk,2
T009455,Beef,4
T009455,Tomatoes,1
T009455,Bread,4
T009456,Bananas,4
T009457,Beef,3
T009458,Apples,3
T009458,Sugar,1
T009458,Butter,4
T009458,Tea,3
T009458,Onions,1
T009459,Sugar,3
T009459,Orange Juice,4
T009459,Yogurt,2
T009459,Chicken,2
T009459,Flour,1
T009459,Coffee,1
T009459,Onions,3
T009460,Cheese,3
T009460,Butter,4
T009460,Yogurt,3
T009461,Apples,3
T009461,Sugar,1
T009461,Tea,4
T009461,Coffee,3
T009461,Tomatoes,3
T009462,Onions,4
T009463,Apples,1
T009463,Eggs,2
T009463,Orange Juice,2
T009463,Beef,1
T009464,Coffee,1
T009464,Sugar,4
T009465,Flour,3
T009466,Cheese,1
T009466,Sugar,3
T009466,Butter,1
T009466,Tea,4
T009466,Milk,4
T009466,Bananas,2
T009466,Coffee,2
T009466,Bread,1
T009466,Onions,4
T009467,Apples,3
T009467,Sugar,2
T009467,Cheese,4
T009467,Butter,1
T009467,Orange Juice,3
T009467,Eggs,1
T009467,Bananas,2
T009467,Bread,4
T009468,Rice,3
T009469,Coffee,1
T009469,Butter,3
T009469,Sugar,1
T009469,Milk,3
T009470,Tomatoes,1
T009470,Yogurt,1
T009470,Pasta,2
T009471,Beef,2
T009472,Eggs,1
T009472,Butter,3
T009472,Tea,1
T009472,Milk,2
T009472,Chicken,3
T009472,Bananas,2
T009473,Yogurt,4
T009473,Rice,1
T009474,Cheese,4
T009474,Orange Juice,2
T009475,Sugar,4
T009475,Eggs,3
T009475,Butter,2
T009475,Orange Juice,2
T009475,Yogurt,3
T009475,Milk,4
T009475,Chicken,2
T009475,Coffee,4
T009475,Bread,2
T009476,Cheese,2
T009476,Eggs,3
T009476,Pasta,3
T009476,Tomatoes,3
T009476,Onions,1
T009477,Apples,1
T009477,Sugar,2
T009477,Eggs,3
T009477,Cheese,2
T009477,Butter,3
T009477,Tea,1
T009477,Bread,3
T009478,Flour,4
T009479,Apples,1
T009479,Chicken,4
T009479,Rice,2
T009479,Onions,2
T009480,Coffee,2
T009480,Sugar,2
T009480,Milk,4
T009480,Beef,3
T009480,Flour,4
T009480,Tomatoes,3
T009481,Cheese,1
T009481,Beef,1
T009481,Bananas,3
T009481,Tomatoes,4
T009481,Onions,2
T009482,Apples,3
T009482,Butter,2
T009482,Tea,4
T009482,Milk,1
T009482,Beef,3
T009482,Bananas,4
T009482,Coffee,1
T009483,Tea,3
T009484,Apples,4
T009484,Tomatoes,4
T009484,Chicken,3
T009484,Pasta,2
T009485,Eggs,4
T009485,Butter,3
T009485,Tea,2
T009485,Flour,2
T009485,Bananas,3
T009485,Bread,4
T009486,Coffee,4
T009486,Yogurt,4
T009486,Milk,1
T009487,Apples,4
T009488,Sugar,1
T009488,Eggs,1
T009488,Chicken,2
T009488,Flour,2
T009488,Bananas,4
T009488,Coffee,4
T009489,Apples,2
T009489,Sugar,2
T009489,Eggs,4
T009489,Butter,2
T009489,Yogurt,4
T009489,Milk,1
T009489,Bananas,1
T009489,Coffee,3
T009489,Bread,3
T009490,Sugar,3
T009490,Eggs,3
T009490,Orange Juice,4
T009490,Beef,3
T009491,Milk,3
T009491,Eggs,2
T009491,Bread,4
T009491,Onions,1
T009492,Apples,3
T009492,Cheese,2
T009492,Butter,4
T009492,Orange Juice,3
T009492,Milk,4
T009492,Beef,4
T009492,Bread,4
T009493,Orange Juice,1
T009493,Yogurt,4
T009493,Rice,3
T009493,Milk,2
T009493,Flour,1
T009493,Coffee,1
T009493,Onions,4
T009494,Rice,2
T009495,Sugar,2
T009495,Eggs,2
T009495,Orange Juice,3
T009495,Milk,3
T009495,Coffee,3
T009496,Sugar,1
T009496,Cheese,1
T009496,Butter,3
T009496,Pasta,2
T009496,Milk,1
T009496,Chicken,3
T009496,Coffee,1
T009496,Tomatoes,4
T009496,Onions,2
T009497,Flour,3
T009497,Tomatoes,1
T009497,Butter,2
T009497,Rice,2
T009498,Sugar,2
T009498,Eggs,3
T009498,Rice,2
T009498,Yogurt,2
T009498,Flour,2
T009498,Bananas,3
T009498,Bread,1
T009499,Cheese,1
T009499,Eggs,3
T009499,Butter,3
T009499,Pasta,4
T009499,Milk,4
T009499,Beef,2
T009499,Flour,1
T009499,Tomatoes,3
T009500,Cheese,2
T009500,Bread,2
T009500,Orange Juice,4
T009500,Milk,3
T009501,Apples,4
T009501,Cheese,1
T009501,Eggs,1
T009501,Tea,2
T009501,Beef,1
T009502,Cheese,3
T009502,Eggs,4
T009502,Butter,4
T009502,Orange Juice,1
T009502,Yogurt,1
T009502,Pasta,1
T009502,Tomatoes,1
T009502,Bread,3
T009503,Orange Juice,4
T009503,Pasta,3
T009504,Apples,4
T009504,Bananas,3
T009504,Sugar,2
T009505,Sugar,2
T009505,Eggs,1
T009505,Butter,1
T009505,Tea,2
T009505,Milk,3
T009505,Chicken,3
T009505,Bananas,2
T009505,Coffee,1
T009505,Bread,2
T009505,Onions,4
T009506,Tomatoes,3
T009506,Pasta,4
T009506,Cheese,3
T009506,Yogurt,1
T009507,Cheese,3
T009507,Sugar,2
T009507,Butter,3
T009507,Flour,3
T009507,Tomatoes,3
T009508,Eggs,2
T009508,Butter,4
T009508,Yogurt,2
T009508,Rice,2
T009508,Tomatoes,2
T009508,Bread,2
T009509,Bananas,2
T009510,Apples,3
T009510,Tea,4
T009511,Apples,2
T009511,Cheese,3
T009511,Orange Juice,1
T009511,Tea,1
T009511,Yogurt,1
T009511,Flour,2
T009511,Bananas,4
T009512,Cheese,3
T009512,Rice,2
T009512,Pasta,3
T009512,Chicken,3
T009512,Tomatoes,3
T009513,Onions,1
T009514,Chicken,3
T009515,Cheese,3
T009515,Sugar,4
T009515,Tea,4
T009515,Yogurt,1
T009515,Pasta,1
T009515,Chicken,3
T009515,Bananas,4
T009515,Coffee,3
T009515,Tomatoes,1
T009516,Sugar,3
T009516,Cheese,1
T009516,Tea,4
T009516,Bananas,1
T009516,Tomatoes,4
T009517,Apples,3
T009517,Tea,3
T009517,Beef,1
T009517,Coffee,4
T009517,Tomatoes,3
T009518,Apples,4
T009518,Sugar,1
T009518,Eggs,4
T009518,Orange Juice,4
T009518,Milk,3
T009518,Bananas,2
T009518,Coffee,3
T009518,Bread,2
T009519,Tomatoes,4
T009520,Coffee,2
T009520,Butter,3
T009520,Sugar,3
T009520,Rice,1
T009521,Beef,4
T009521,Yogurt,3
T009522,Eggs,4
T009522,Orange Juice,1
T009522,Tea,1
T009522,Coffee,2
T009522,Bread,2
T009522,Tomatoes,2
T009523,Tomatoes,3
T009523,Butter,1
T009523,Tea,2
T009524,Sugar,2
T009524,Butter,2
T009524,Orange Juice,2
T009524,Rice,2
T009525,Cheese,1
T009525,Eggs,1
T009525,Orange Juice,4
T009525,Rice,1
T009525,Milk,1
T009525,Pasta,3
T009525,Coffee,2
T009525,Bread,4
T009525,Tomatoes,2
T009525,Onions,1
T009526,Sugar,1
T009527,Butter,3
T009527,Eggs,3
T009527,Bread,2
T009528,Cheese,3
T009528,Eggs,2
T009528,Butter,1
T009528,Sugar,2
T009528,Milk,4
T009528,Chicken,1
T009528,Bananas,1
T009528,Coffee,2
T009529,Cheese,4
T009529,Yogurt,2
T009530,Apples,3
T009530,Cheese,2
T009530,Beef,2
T009530,Bananas,2
T009530,Onions,1
T009531,Apples,3
T009531,Sugar,3
T009531,Rice,1
T009531,Milk,2
T009531,Coffee,2
T009532,Beef,1
T009533,Sugar,1
T009534,Apples,1
T009534,Coffee,2
T009534,Sugar,4
T009534,Tea,4
T009534,Tomatoes,2
T009534,Onions,2
T009535,Tomatoes,3
T009535,Bread,1
T009535,Butter,3
T009535,Milk,1
T009536,Chicken,2
T009536,Bananas,4
T009536,Tomatoes,3
T009536,Onions,1
T009537,Butter,2
T009537,Beef,3
T009538,Apples,1
T009538,Eggs,1
T009538,Butter,1
T009538,Tea,2
T009538,Milk,1
T009538,Chicken,1
T009539,Eggs,2
T009539,Butter,4
T009539,Yogurt,3
T009539,Milk,4
T009539,Beef,1
T009539,Tomatoes,2
T009539,Bread,1
T009540,Flour,3
T009540,Orange Juice,3
T009541,Apples,1
T009541,Pasta,2
T009541,Rice,2
T009541,Flour,2
T009541,Onions,1
T009542,Onions,4
T009543,Cheese,3
T009543,Sugar,4
T009543,Butter,4
T009543,Rice,4
T009543,Yogurt,1
T009543,Chicken,1
T009543,Bananas,3
T009544,Apples,2
T009544,Cheese,4
T009544,Tea,4
T009544,Pasta,1
T009544,Rice,3
T009544,Tomatoes,4
T009544,Bread,3
T009544,Onions,1
T009545,Apples,3
T009545,Eggs,2
T009545,Tea,3
T009545,Rice,4
T009545,Beef,2
T009545,Bananas,2
T009546,Eggs,1
T009546,Butter,3
T009546,Orange Juice,1
T009546,Pasta,4
T009546,Tomatoes,3
T009546,Bread,2
T009546,Onions,4
T009547,Sugar,3
T009547,Eggs,1
T009547,Yogurt,2
T009547,Milk,1
T009547,Coffee,3
T009547,Onions,2
T009548,Apples,1
T009548,Coffee,1
T009548,Sugar,1
T009548,Eggs,3
T009548,Yogurt,4
T009548,Milk,4
T009548,Bananas,1
T009548,Tomatoes,3
T009549,Apples,4
T009549,Eggs,3
T009549,Butter,4
T009549,Yogurt,2
T009549,Milk,4
T009549,Beef,1
T009549,Bread,4
T009549,Onions,1
T009550,Apples,2
T009550,Cheese,2
T009550,Butter,3
T009550,Milk,1
T009550,Bananas,3
T009550,Bread,4
T009550,Onions,2
T009551,Eggs,4
T009551,Butter,1
T009551,Rice,1
T009551,Yogurt,1
T009551,Milk,4
T009551,Bananas,3
T009551,Tomatoes,3
T009552,Milk,3
T009553,Rice,2
T009554,Apples,3
T009554,Tomatoes,4
T009554,Flour,4
T009554,Tea,3
T009555,Sugar,1
T009555,Cheese,1
T009555,Eggs,4
T009555,Milk,2
T009555,Coffee,1
T009555,Onions,1
T009556,Chicken,1
T009556,Yogurt,3
T009557,Cheese,3
T009557,Butter,3
T009557,Orange Juice,2
T009557,Yogurt,3
T009557,Milk,3
T009557,Chicken,3
T009557,Bananas,4
T009557,Coffee,3
T009557,Bread,3
T009558,Chicken,4
T009558,Coffee,3
T009558,Milk,1
T009558,Tea,4
T009559,Eggs,2
T009559,Butter,1
T009559,Pasta,4
T009559,Yogurt,4
T009559,Milk,1
T009559,Flour,2
T009559,Bananas,2
T009559,Bread,3
T009559,Onions,1
T009560,Cheese,3
T009560,Eggs,3
T009560,Orange Juice,3
T009560,Milk,4
T009560,Chicken,2
T009560,Coffee,2
T009560,Bread,1
T009561,Apples,1
T009561,Butter,4
T009561,Yogurt,3
T009561,Chicken,3
T009561,Bread,3
T009561,Onions,4
T009562,Tea,3
T009562,Pasta,2
T009562,Yogurt,1
T009562,Chicken,4
T009562,Beef,1
T009562,Tomatoes,3
T009563,Cheese,4
T009563,Sugar,3
T009563,Rice,2
T009563,Yogurt,4
T009563,Beef,1
T009563,Flour,3
T009563,Coffee,4
T009564,Eggs,2
T009564,Orange Juice,1
T009564,Pasta,2
T009564,Flour,1
T009564,Tomatoes,2
T009564,Onions,3
T009565,Cheese,1
T009565,Eggs,4
T009565,Butter,2
T009565,Yogurt,1
T009565,Milk,3
T009565,Flour,4
T009565,Bread,1
T009566,Eggs,4
T009566,Bread,4
T009566,Yogurt,1
T009567,Butter,4
T009567,Eggs,4
T009567,Bread,1
T009567,Milk,4
T009568,Apples,3
T009568,Eggs,4
T009568,Orange Juice,4
T009568,Pasta,1
T009568,Tomatoes,1
T009568,Onions,2
T009569,Butter,3
T009569,Tea,4
T009569,Rice,4
T009569,Yogurt,3
T009569,Milk,3
T009569,Bananas,2
T009569,Coffee,1
T009570,Apples,1
T009570,Butter,4
T009570,Pasta,4
T009570,Flour,1
T009570,Tomatoes,4
T009570,Bread,3
T009570,Onions,3
T009571,Pasta,3
T009571,Tomatoes,3
T009571,Rice,4
T009572,Cheese,4
T009572,Sugar,3
T009572,Orange Juice,1
T009572,Milk,4
T009572,Bread,3
T009573,Apples,2
T009573,Rice,1
T009573,Sugar,1
T009573,Yogurt,1
T009574,Apples,4
T009574,Cheese,4
T009574,Pasta,1
T009574,Chicken,3
T009574,Bananas,4
T009574,Coffee,4
T009574,Tomatoes,4
T009574,Onions,2
T009575,Eggs,3
T009575,Butter,2
T009575,Rice,4
T009575,Chicken,1
T009575,Bread,3
T009576,Butter,2
T009576,Milk,3
T009576,Bread,2
T009576,Tea,1
T009577,Chicken,1
T009577,Cheese,1
T009578,Chicken,4
T009578,Butter,4
T009578,Orange Juice,1
T009578,Rice,4
T009579,Apples,2
T009579,Pasta,1
T009579,Flour,3
T009579,Tomatoes,1
T009579,Bread,2
T009580,Sugar,4
T009580,Butter,4
T009580,Tea,3
T009580,Rice,4
T009580,Yogurt,1
T009580,Chicken,3
T009580,Flour,1
T009581,Eggs,2
T009581,Bread,1
T009582,Chicken,3
T009582,Cheese,3
T009582,Yogurt,4
T009582,Onions,1
T009583,Sugar,1
T009584,Apples,4
T009584,Butter,4
T009585,Apples,1
T009585,Cheese,2
T009585,Eggs,1
T009585,Butter,3
T009585,Pasta,1
T009585,Milk,1
T009585,Tomatoes,2
T009585,Bread,1
T009585,Onions,1
T009586,Tomatoes,2
T009587,Sugar,4
T009587,Eggs,4
T009587,Butter,3
T009587,Pasta,2
T009587,Chicken,3
T009587,Beef,2
T009587,Coffee,4
T009587,Bread,4
T009587,Onions,4
T009588,Apples,2
T009588,Cheese,3
T009588,Sugar,3
T009588,Yogurt,1
T009588,Pasta,4
T009588,Tomatoes,2
T009588,Onions,4
T009589,Eggs,1
T009589,Milk,2
T009589,Flour,2
T009589,Tomatoes,4
T009589,Bread,3
T009590,Eggs,1
T009590,Butter,1
T009590,Yogurt,4
T009590,Rice,4
T009590,Bananas,1
T009590,Bread,4
T009590,Onions,4
T009591,Cheese,4
T009591,Eggs,4
T009591,Butter,2
T009591,Milk,4
T009591,Beef,3
T009591,Bread,1
T009592,Orange Juice,1
T009593,Apples,2
T009593,Sugar,3
T009593,Butter,3
T009593,Orange Juice,1
T009593,Yogurt,1
T009593,Coffee,4
T009594,Sugar,1
T009595,Flour,1
T009595,Pasta,2
T009595,Onions,1
T009596,Eggs,4
T009596,Onions,2
T009597,Bananas,3
T009597,Butter,2
T009597,Onions,1
T009598,Apples,2
T009598,Eggs,2
T009598,Butter,4
T009598,Rice,1
T009598,Milk,1
T009599,Cheese,1
T009599,Butter,4
T009599,Tea,1
T009599,Pasta,4
T009599,Bread,4
T009599,Onions,4
T009600,Rice,4
T009601,Apples,2
T009601,Sugar,4
T009601,Eggs,1
T009601,Butter,3
T009601,Yogurt,1
T009601,Rice,4
T009601,Beef,2
T009602,Sugar,3
T009603,Eggs,2
T009603,Butter,3
T009603,Pasta,2
T009603,Yogurt,1
T009603,Chicken,1
T009603,Milk,3
T009603,Tomatoes,1
T009603,Bread,2
T009603,Onions,3
T009604,Apples,3
T009604,Sugar,3
T009604,Butter,3
T009604,Tea,4
T009604,Milk,1
T009604,Flour,2
T009604,Bananas,3
T009604,Coffee,2
T009604,Tomatoes,4
T009605,Cheese,2
T009605,Butter,1
T009605,Tea,2
T009605,Chicken,4
T009605,Flour,2
T009605,Tomatoes,4
T009605,Bread,3
T009606,Bananas,1
T009606,Bread,1
T009606,Orange Juice,2
T009607,Orange Juice,3
T009608,Apples,2
T009608,Orange Juice,1
T009608,Tea,2
T009608,Yogurt,2
T009608,Flour,3
T009608,Onions,1
T009609,Apples,1
T009609,Cheese,4
T009609,Butter,4
T009609,Pasta,4
T009609,Beef,2
T009609,Flour,1
T009609,Bananas,3
T009609,Tomatoes,3
T009610,Apples,3
T009610,Sugar,1
T009610,Rice,3
T009610,Chicken,2
T009610,Coffee,4
T009611,Apples,1
T009611,Eggs,3
T009611,Butter,3
T009611,Orange Juice,3
T009611,Rice,2
T009611,Pasta,3
T009611,Milk,1
T009611,Tomatoes,2
T009611,Bread,2
T009611,Onions,4
T009612,Apples,2
T009612,Cheese,3
T009612,Eggs,1
T009612,Butter,2
T009612,Orange Juice,3
T009612,Tea,4
T009612,Pasta,1
T009612,Bananas,3
T009612,Bread,4
T009612,Onions,2
T009613,Sugar,1
T009613,Orange Juice,2
T009613,Pasta,3
T009613,Milk,4
T009613,Beef,4
T009613,Coffee,1
T009613,Tomatoes,2
T009613,Onions,4
T009614,Apples,4
T009614,Yogurt,1
T009614,Rice,1
T009614,Chicken,1
T009614,Beef,3
T009614,Flour,2
T009615,Butter,3
T009615,Eggs,1
T009615,Bread,2
T009615,Tea,3
T009616,Chicken,4
T009616,Bananas,4
T009616,Pasta,2
T009616,Onions,4
T009617,Apples,4
T009617,Chicken,4
T009617,Rice,2
T009617,Tea,1
T009618,Cheese,2
T009618,Eggs,2
T009618,Tea,2
T009618,Rice,2
T009618,Milk,4
T009618,Flour,3
T009618,Onions,2
T009619,Flour,2
T009619,Tea,3
T009620,Sugar,4
T009620,Eggs,4
T009620,Orange Juice,3
T009620,Milk,2
T009620,Coffee,2
T009621,Butter,3
T009621,Pasta,2
T009621,Yogurt,3
T009621,Milk,1
T009621,Tomatoes,2
T009621,Bread,3
T009621,Onions,1
T009622,Flour,2
T009622,Cheese,3
T009622,Chicken,3
T009622,Onions,1
T009623,Coffee,1
T009623,Sugar,3
T009623,Cheese,4
T009623,Milk,2
T009624,Sugar,3
T009625,Cheese,2
T009625,Eggs,4
T009625,Butter,1
T009625,Pasta,4
T009625,Rice,4
T009625,Milk,2
T009625,Beef,2
T009625,Bananas,3
T009625,Tomatoes,4
T009625,Bread,4
T009626,Apples,3
T009626,Sugar,4
T009626,Eggs,4
T009626,Yogurt,4
T009626,Pasta,1
T009626,Milk,4
T009626,Coffee,2
T009626,Tomatoes,3
T009627,Tomatoes,1
T009627,Eggs,1
T009627,Butter,4
T009628,Cheese,2
T009628,Eggs,3
T009628,Butter,1
T009628,Orange Juice,3
T009629,Flour,2
T009629,Coffee,3
T009629,Cheese,1
T009629,Milk,1
T009630,Apples,2
T009631,Bananas,1
T009631,Coffee,4
T009631,Bread,1
T009631,Butter,1
T009632,Apples,2
T009632,Cheese,4
T009632,Orange Juice,1
T009632,Rice,4
T009632,Yogurt,2
T009632,Chicken,2
T009633,Cheese,2
T009633,Orange Juice,4
T009633,Yogurt,2
T009633,Milk,2
T009633,Chicken,3
T009633,Bread,1
T009634,Eggs,4
T009634,Bread,3
T009635,Cheese,2
T009635,Eggs,2
T009635,Butter,3
T009635,Milk,2
T009635,Chicken,1
T009635,Coffee,1
T009635,Onions,4
T009636,Tomatoes,1
T009637,Tomatoes,4
T009638,Bread,4
T009638,Orange Juice,4
T009639,Butter,3
T009639,Orange Juice,4
T009639,Tea,2
T009639,Milk,3
T009639,Flour,2
T009639,Bread,2
T009640,Yogurt,1
T009640,Orange Juice,4
T009640,Beef,4
T009641,Eggs,4
T009641,Butter,3
T009641,Pasta,1
T009641,Milk,2
T009641,Chicken,4
T009641,Onions,4
T009642,Sugar,4
T009642,Pasta,1
T009642,Yogurt,2
T009642,Rice,4
T009642,Bananas,2
T009642,Tomatoes,1
T009642,Onions,2
T009643,Apples,4
T009643,Eggs,4
T009643,Butter,4
T009643,Tea,3
T009643,Chicken,2
T009643,Flour,2
T009643,Bananas,1
T009643,Bread,1
T009644,Tea,2
T009645,Flour,4
T009645,Rice,4
T009646,Rice,3
T009646,Beef,1
T009647,Eggs,2
T009647,Butter,2
T009647,Pasta,2
T009647,Milk,2
T009647,Beef,3
T009647,Tomatoes,4
T009647,Onions,1
T009648,Butter,4
T009648,Tea,2
T009648,Milk,4
T009648,Chicken,1
T009648,Bananas,1
T009649,Chicken,1
T009650,Cheese,2
T009650,Eggs,4
T009650,Butter,4
T009650,Sugar,2
T009650,Milk,4
T009650,Coffee,2
T009650,Bread,4
T009650,Tomatoes,2
T009651,Rice,3
T009651,Onions,4
T009652,Apples,3
T009652,Sugar,1
T009652,Pasta,1
T009652,Bananas,4
T009652,Onions,3
T009653,Flour,4
T009653,Sugar,1
T009654,Apples,2
T009654,Sugar,2
T009654,Eggs,2
T009654,Cheese,1
T009654,Beef,2
T009654,Bananas,1
T009655,Sugar,2
T009655,Eggs,3
T009655,Butter,3
T009655,Beef,1
T009655,Flour,2
T009655,Tomatoes,2
T009655,Bread,3
T009656,Sugar,3
T009656,Orange Juice,1
T009656,Milk,1
T009656,Coffee,1
T009656,Bread,3
T009656,Tomatoes,4
T009657,Cheese,2
T009657,Sugar,3
T009657,Butter,2
T009657,Eggs,3
T009657,Yogurt,1
T009657,Flour,2
T009657,Bread,4
T009657,Onions,4
T009658,Chicken,1
T009659,Coffee,4
T009659,Sugar,2
T009659,Milk,4
T009660,Chicken,2
T009660,Bananas,1
T009660,Yogurt,4
T009660,Apples,3
T009661,Cheese,2
T009661,Orange Juice,1
T009661,Rice,4
T009661,Yogurt,1
T009661,Chicken,2
T009661,Beef,1
T009662,Eggs,4
T009662,Butter,2
T009662,Rice,4
T009662,Milk,2
T009662,Beef,2
T009662,Bananas,3
T009662,Tomatoes,1
T009662,Bread,1
T009663,Chicken,3
T009663,Eggs,3
T009663,Butter,2
T009663,Bread,4
T009664,Butter,3
T009664,Cheese,2
T009664,Bread,1
T009664,Yogurt,2
T009665,Tomatoes,1
T009666,Apples,4
T009666,Sugar,2
T009666,Cheese,1
T009666,Butter,1
T009666,Eggs,1
T009666,Tea,2
T009666,Bread,1
T009667,Flour,3
T009667,Butter,4
T009668,Tomatoes,2
T009668,Butter,2
T009668,Bread,3
T009669,Apples,2
T009669,Sugar,1
T009669,Eggs,3
T009669,Tea,2
T009669,Milk,3
T009669,Chicken,4
T009669,Coffee,2
T009669,Bread,4
T009670,Bananas,1
T009671,Coffee,3
T009671,Pasta,3
T009671,Onions,3
T009672,Flour,4
T009672,Sugar,4
T009672,Tea,2
T009673,Apples,4
T009673,Eggs,3
T009673,Butter,1
T009673,Orange Juice,2
T009673,Yogurt,2
T009673,Bread,3
T009673,Onions,4
T009674,Orange Juice,3
T009674,Pasta,1
T009674,Flour,2
T009674,Tomatoes,4
T009674,Onions,4
T009675,Eggs,3
T009675,Yogurt,1
T009675,Pasta,1
T009675,Milk,1
T009675,Bananas,4
T009675,Bread,2
T009675,Onions,1
T009676,Cheese,4
T009676,Sugar,4
T009676,Milk,1
T009676,Flour,4
T009676,Bananas,4
T009676,Coffee,3
T009677,Butter,4
T009677,Rice,1
T009678,Butter,3
T009678,Tea,4
T009678,Milk,2
T009678,Chicken,3
T009678,Beef,2
T009678,Coffee,1
T009678,Bread,3
T009678,Onions,3
T009679,Apples,1
T009679,Cheese,2
T009679,Tea,3
T009679,Pasta,4
T009679,Bananas,2
T009679,Tomatoes,4
T009679,Onions,4
T009680,Sugar,4
T009680,Butter,4
T009680,Pasta,2
T009680,Milk,1
T009680,Chicken,3
T009680,Coffee,3
T009680,Bread,4
T009680,Tomatoes,2
T009681,Cheese,2
T009681,Sugar,1
T009681,Butter,2
T009681,Milk,3
T009681,Chicken,3
T009681,Flour,2
T009681,Coffee,2
T009681,Bread,3
T009682,Apples,2
T009682,Sugar,1
T009682,Beef,1
T009682,Onions,3
T009683,Tea,4
T009684,Sugar,4
T009684,Eggs,4
T009684,Butter,3
T009684,Pasta,3
T009684,Rice,3
T009684,Milk,4
T009684,Beef,1
T009684,Coffee,4
T009684,Bread,4
T009684,Onions,4
T009685,Chicken,1
T009685,Eggs,4
T009685,Butter,3
T009685,Yogurt,1
T009686,Butter,3
T009686,Onions,1
T009687,Coffee,3
T009687,Sugar,1
T009687,Beef,4
T009688,Sugar,3
T009688,Cheese,4
T009688,Butter,4
T009688,Eggs,1
T009688,Tea,2
T009688,Onions,2
T009689,Apples,3
T009689,Tomatoes,4
T009689,Bread,1
T009690,Butter,1
T009690,Bread,2
T009690,Orange Juice,4
T009690,Milk,4
T009691,Cheese,1
T009691,Eggs,4
T009691,Butter,2
T009691,Tea,3
T009691,Flour,2
T009691,Bananas,1
T009692,Butter,1
T009693,Sugar,2
T009693,Eggs,2
T009693,Butter,1
T009693,Pasta,2
T009693,Milk,2
T009693,Beef,1
T009693,Coffee,4
T009693,Bread,4
T009693,Tomatoes,4
T009693,Onions,3
T009694,Eggs,1
T009694,Tea,1
T009694,Pasta,4
T009694,Yogurt,3
T009694,Onions,1
T009695,Sugar,3
T009695,Eggs,3
T009695,Butter,2
T009695,Tea,2
T009695,Milk,1
T009695,Beef,3
T009695,Flour,3
T009695,Coffee,1
T009695,Tomatoes,1
T009696,Sugar,1
T009696,Butter,4
T009696,Milk,3
T009696,Chicken,3
T009696,Flour,1
T009696,Coffee,3
T009696,Onions,3
T009697,Apples,4
T009697,Cheese,1
T009697,Rice,2
T009697,Milk,4
T009697,Beef,2
T009697,Coffee,2
T009697,Bread,4
T009697,Onions,4
T009698,Apples,4
T009698,Cheese,3
T009698,Butter,1
T009698,Chicken,3
T009698,Beef,3
T009698,Tomatoes,4
T009698,Bread,4
T009698,Onions,1
T009699,Sugar,2
T009699,Butter,3
T009699,Orange Juice,2
T009699,Pasta,1
T009700,Cheese,3
T009701,Apples,3
T009701,Sugar,1
T009701,Eggs,3
T009701,Yogurt,2
T009701,Milk,3
T009701,Chicken,3
T009701,Bananas,3
T009701,Bread,1
T009701,Onions,4
T009702,Cheese,3
T009702,Orange Juice,4
T009702,Tea,3
T009703,Flour,3
T009703,Apples,2
T009703,Eggs,3
T009703,Beef,1
T009704,Sugar,4
T009704,Cheese,1
T009704,Orange Juice,3
T009704,Milk,3
T009704,Coffee,2
T009705,Apples,4
T009705,Tomatoes,3
T009706,Sugar,3
T009706,Eggs,1
T009706,Yogurt,3
T009706,Coffee,4
T009706,Onions,1
T009707,Orange Juice,2
T009707,Beef,1
T009708,Apples,3
T009708,Butter,2
T009708,Tea,1
T009708,Bananas,4
T009708,Onions,3
T009709,Apples,2
T009709,Butter,3
T009709,Rice,4
T009709,Milk,4
T009709,Beef,4
T009709,Tomatoes,1
T009709,Bread,4
T009710,Apples,4
T009710,Tea,1
T009710,Beef,4
T009710,Flour,3
T009711,Cheese,1
T009711,Butter,4
T009711,Yogurt,4
T009711,Onions,2
T009712,Sugar,4
T009712,Eggs,2
T009712,Butter,3
T009712,Yogurt,3
T009712,Milk,2
T009712,Coffee,2
T009713,Butter,2
T009713,Tea,2
T009713,Rice,2
T009713,Chicken,3
T009713,Bananas,1
T009714,Sugar,4
T009714,Eggs,2
T009714,Butter,3
T009714,Bread,1
T009714,Onions,3
T009715,Coffee,4
T009715,Eggs,1
T009715,Rice,2
T009715,Yogurt,2
T009715,Beef,2
T009715,Tomatoes,2
T009716,Coffee,2
T009716,Sugar,2
T009716,Tomatoes,4
T009716,Rice,2
T009717,Cheese,4
T009717,Yogurt,2
T009718,Apples,3
T009718,Orange Juice,4
T009718,Rice,4
T009718,Onions,2
T009719,Eggs,3
T009719,Butter,3
T009719,Pasta,1
T009719,Milk,4
T009719,Beef,1
T009719,Flour,3
T009719,Bananas,1
T009719,Tomatoes,2
T009719,Bread,1
T009720,Coffee,3
T009720,Sugar,1
T009721,Butter,1
T009721,Eggs,3
T009721,Bread,4
T009721,Yogurt,3
T009722,Sugar,2
T009722,Cheese,3
T009722,Tea,1
T009722,Rice,3
T009722,Yogurt,2
T009722,Flour,4
T009722,Onions,4
T009723,Butter,4
T009723,Rice,3
T009723,Beef,2
T009723,Bananas,3
T009723,Bread,3
T009723,Onions,3
T009724,Flour,2
T009725,Apples,1
T009725,Eggs,3
T009725,Butter,2
T009725,Orange Juice,1
T009725,Yogurt,4
T009725,Flour,3
T009725,Bread,4
T009725,Onions,3
T009726,Apples,1
T009726,Cheese,3
T009726,Tea,2
T009726,Pasta,3
T009726,Milk,4
T009726,Chicken,2
T009726,Coffee,1
T009727,Apples,2
T009727,Cheese,4
T009727,Pasta,2
T009727,Tomatoes,3
T009727,Onions,4
T009728,Cheese,4
T009728,Yogurt,3
T009729,Sugar,1
T009729,Butter,1
T009729,Rice,1
T009729,Pasta,2
T009729,Flour,4
T009729,Bananas,3
T009729,Tomatoes,1
T009729,Onions,2
T009730,Flour,3
T009731,Sugar,3
T009731,Pasta,2
T009731,Milk,4
T009731,Chicken,1
T009731,Beef,1
T009731,Coffee,1
T009731,Tomatoes,4
T009731,Onions,3
T009732,Sugar,1
T009732,Eggs,4
T009732,Butter,2
T009732,Flour,4
T009732,Bread,2
T009733,Cheese,4
T009733,Eggs,1
T009733,Orange Juice,3
T009734,Eggs,1
T009734,Butter,1
T009734,Orange Juice,1
T009734,Rice,4
T009734,Yogurt,4
T009734,Flour,4
T009734,Tomatoes,2
T009734,Bread,3
T009735,Eggs,1
T009735,Butter,4
T009735,Orange Juice,3
T009735,Tea,1
T009735,Rice,2
T009735,Milk,2
T009735,Bananas,2
T009735,Bread,3
T009736,Pasta,4
T009736,Milk,2
T009736,Chicken,3
T009736,Beef,1
T009736,Tomatoes,2
T009736,Bread,3
T009736,Onions,4
T009737,Sugar,2
T009737,Eggs,4
T009737,Tea,1
T009737,Rice,4
T009737,Pasta,1
T009737,Milk,2
T009737,Beef,4
T009737,Coffee,1
T009737,Tomatoes,1
T009737,Onions,1
T009738,Eggs,3
T009738,Butter,2
T009738,Rice,2
T009738,Beef,4
T009738,Onions,3
T009739,Tea,3
T009739,Milk,3
T009740,Cheese,4
T009741,Eggs,2
T009741,Butter,2
T009741,Orange Juice,2
T009741,Milk,2
T009741,Chicken,2
T009741,Beef,4
T009741,Flour,1
T009741,Bread,1
T009742,Apples,1
T009742,Eggs,2
T009742,Butter,3
T009742,Milk,1
T009742,Bread,3
T009743,Sugar,3
T009743,Eggs,1
T009743,Butter,1
T009743,Tea,1
T009743,Milk,1
T009743,Coffee,4
T009744,Apples,2
T009744,Orange Juice,2
T009744,Beef,1
T009744,Tea,4
T009745,Sugar,1
T009745,Orange Juice,2
T009745,Yogurt,1
T009746,Chicken,4
T009746,Coffee,4
T009746,Bread,4
T009746,Milk,2
T009747,Bananas,2
T009747,Coffee,2
T009747,Tomatoes,3
T009747,Rice,2
T009748,Chicken,1
T009748,Flour,1
T009749,Apples,1
T009749,Eggs,2
T009749,Butter,2
T009749,Tea,3
T009749,Flour,3
T009750,Apples,2
T009750,Rice,4
T009750,Milk,3
T009750,Chicken,1
T009750,Beef,3
T009750,Coffee,3
T009751,Sugar,1
T009751,Eggs,1
T009751,Bread,3
T009751,Onions,2
T009752,Sugar,1
T009752,Eggs,1
T009752,Butter,3
T009752,Rice,4
T009752,Milk,2
T009752,Bread,2
T009753,Onions,3
T009754,Sugar,2
T009754,Orange Juice,4
T009754,Pasta,1
T009754,Milk,3
T009754,Coffee,4
T009754,Tomatoes,2
T009754,Onions,3
T009755,Butter,4
T009756,Apples,2
T009756,Butter,2
T009756,Tea,1
T009756,Pasta,3
T009756,Beef,2
T009756,Flour,1
T009756,Tomatoes,3
T009756,Onions,4
T009757,Sugar,3
T009758,Tomatoes,1
T009759,Flour,3
T009759,Bread,1
T009760,Apples,4
T009760,Cheese,3
T009760,Sugar,4
T009760,Butter,1
T009760,Eggs,3
T009760,Tea,4
T009760,Rice,2
T009760,Beef,2
T009760,Bread,4
T009761,Eggs,3
T009761,Butter,3
T009761,Tea,3
T009761,Milk,1
T009761,Beef,4
T009761,Bread,2
T009762,Apples,2
T009762,Tea,1
T009762,Rice,2
T009762,Yogurt,1
T009762,Milk,4
T009762,Bread,1
T009763,Sugar,4
T009763,Tea,2
T009763,Rice,1
T009763,Flour,4
T009763,Bananas,1
T009763,Onions,4
T009764,Eggs,3
T009764,Butter,4
T009764,Orange Juice,1
T009764,Tea,3
T009764,Milk,1
T009764,Beef,2
T009764,Bread,1
T009765,Apples,1
T009766,Orange Juice,1
T009766,Rice,2
T009766,Yogurt,2
T009766,Chicken,3
T009766,Flour,1
T009766,Tomatoes,2
T009766,Onions,3
T009767,Eggs,3
T009767,Butter,2
T009767,Onions,3
T009767,Milk,3
T009768,Eggs,4
T009768,Rice,1
T009768,Milk,4
T009768,Beef,2
T009768,Flour,4
T009768,Bananas,2
T009768,Coffee,2
T009768,Tomatoes,4
T009769,Butter,1
T009769,Cheese,2
T009769,Sugar,3
T009769,Rice,3
T009770,Tomatoes,3
T009770,Pasta,4
T009770,Onions,3
T009771,Apples,2
T009771,Bananas,4
T009771,Sugar,3
T009771,Pasta,4
T009772,Flour,4
T009772,Eggs,3
T009772,Beef,1
T009773,Flour,3
T009773,Rice,3
T009774,Sugar,1
T009775,Apples,3
T009775,Butter,1
T009775,Rice,1
T009775,Milk,2
T009775,Tomatoes,3
T009775,Bread,4
T009776,Sugar,2
T009776,Orange Juice,1
T009776,Tea,3
T009776,Rice,1
T009776,Flour,2
T009777,Yogurt,2
T009778,Cheese,1
T009778,Sugar,1
T009778,Butter,3
T009778,Eggs,2
T009778,Tea,3
T009778,Yogurt,4
T009778,Flour,3
T009778,Bread,2
T009779,Beef,2
T009780,Sugar,2
T009780,Cheese,2
T009780,Eggs,4
T009780,Butter,1
T009780,Tea,1
T009780,Yogurt,4
T009780,Milk,2
T009780,Chicken,1
T009780,Coffee,1
T009780,Bread,3
T009781,Cheese,3
T009781,Pasta,4
T009781,Coffee,1
T009781,Tomatoes,4
T009781,Onions,3
T009782,Butter,4
T009783,Beef,4
T009783,Tomatoes,2
T009783,Pasta,3
T009784,Butter,1
T009784,Orange Juice,2
T009784,Tea,2
T009784,Milk,3
T009784,Onions,1
T009785,Cheese,2
T009785,Eggs,2
T009785,Butter,2
T009785,Orange Juice,1
T009785,Yogurt,4
T009785,Milk,3
T009786,Apples,1
T009786,Chicken,3
T009786,Beef,4
T009786,Tomatoes,4
T009786,Onions,4
T009787,Butter,1
T009787,Chicken,4
T009787,Beef,4
T009787,Flour,1
T009787,Onions,4
T009788,Orange Juice,2
T009788,Pasta,4
T009788,Chicken,2
T009788,Tomatoes,3
T009788,Onions,4
T009789,Sugar,4
T009789,Eggs,4
T009789,Butter,2
T009789,Tea,2
T009789,Yogurt,1
T009789,Milk,4
T009789,Chicken,2
T009789,Coffee,3
T009789,Bread,1
T009789,Onions,1
T009790,Sugar,1
T009790,Cheese,2
T009790,Butter,1
T009790,Eggs,1
T009790,Rice,2
T009790,Bread,3
T009791,Flour,3
T009791,Sugar,4
T009791,Butter,1
T009791,Tea,1
T009792,Beef,2
T009792,Tea,2
T009793,Sugar,4
T009793,Orange Juice,4
T009793,Tea,3
T009793,Chicken,3
T009793,Coffee,3
T009794,Apples,2
T009794,Eggs,2
T009794,Butter,4
T009794,Tea,1
T009794,Milk,2
T009794,Chicken,2
T009794,Flour,4
T009794,Bread,1
T009795,Butter,4
T009795,Orange Juice,3
T009795,Milk,1
T009795,Bananas,3
T009795,Onions,1
T009796,Bananas,2
T009796,Coffee,2
T009796,Sugar,1
T009796,Tomatoes,4
T009797,Eggs,3
T009797,Pasta,2
T009798,Bananas,1
T009798,Tomatoes,4
T009798,Eggs,2
T009799,Apples,2
T009799,Sugar,3
T009799,Butter,2
T009799,Pasta,1
T009799,Chicken,2
T009799,Bananas,4
T009799,Coffee,3
T009799,Tomatoes,3
T009800,Butter,1
T009800,Orange Juice,2
T009800,Tea,4
T009800,Beef,2
T009800,Flour,3
T009801,Apples,4
T009801,Eggs,4
T009801,Butter,4
T009801,Tea,2
T009801,Yogurt,3
T009801,Bread,4
T009801,Onions,4
T009802,Tomatoes,4
T009802,Pasta,3
T009802,Onions,1
T009803,Cheese,3
T009803,Sugar,3
T009803,Butter,2
T009803,Tea,3
T009803,Rice,3
T009803,Chicken,3
T009803,Bread,2
T009804,Beef,1
T009805,Apples,4
T009805,Tomatoes,4
T009805,Chicken,2
T009805,Butter,1
T009806,Sugar,3
T009806,Eggs,2
T009806,Orange Juice,2
T009806,Rice,3
T009806,Pasta,3
T009806,Tomatoes,4
T009806,Bread,1
T009807,Rice,2
T009807,Yogurt,2
T009808,Bananas,1
T009808,Coffee,2
T009808,Eggs,1
T009809,Eggs,2
T009809,Tea,2
T009809,Yogurt,3
T009809,Milk,1
T009809,Chicken,4
T009809,Bread,1
T009809,Onions,4
T009810,Coffee,4
T009810,Milk,2
T009810,Cheese,4
T009810,Onions,3
T009811,Sugar,4
T009811,Cheese,1
T009811,Butter,2
T009811,Pasta,3
T009811,Milk,1
T009811,Chicken,4
T009811,Bananas,1
T009811,Coffee,3
T009811,Onions,4
T009812,Bananas,1
T009812,Eggs,4
T009812,Butter,2
T009812,Rice,1
T009813,Apples,3
T009813,Sugar,1
T009813,Eggs,1
T009813,Pasta,2
T009813,Tomatoes,3
T009813,Bread,4
T009814,Cheese,4
T009814,Sugar,1
T009814,Yogurt,3
T009814,Chicken,1
T009814,Flour,2
T009814,Bananas,4
T009814,Coffee,1
T009815,Flour,4
T009815,Cheese,2
T009815,Yogurt,1
T009816,Flour,2
T009816,Yogurt,1
T009816,Rice,4
T009817,Apples,2
T009817,Eggs,1
T009817,Orange Juice,3
T009817,Beef,4
T009817,Bananas,3
T009818,Sugar,3
T009818,Orange Juice,3
T009818,Pasta,4
T009818,Milk,1
T009818,Flour,4
T009818,Coffee,3
T009818,Onions,1
T009819,Apples,1
T009819,Sugar,4
T009819,Rice,4
T009819,Milk,3
T009819,Coffee,1
T009820,Chicken,4
T009820,Butter,2
T009820,Eggs,2
T009820,Bread,4
T009821,Tomatoes,3
T009821,Cheese,4
T009821,Yogurt,4
T009822,Sugar,2
T009822,Eggs,4
T009822,Tea,3
T009822,Yogurt,3
T009822,Bananas,2
T009823,Eggs,4
T009824,Rice,1
T009825,Eggs,4
T009825,Butter,2
T009825,Chicken,3
T009825,Tomatoes,3
T009825,Bread,1
T009826,Cheese,1
T009826,Eggs,4
T009826,Butter,2
T009826,Orange Juice,1
T009826,Rice,4
T009826,Tomatoes,2
T009826,Bread,4
T009827,Bananas,2
T009827,Yogurt,1
T009828,Cheese,2
T009828,Sugar,1
T009828,Butter,1
T009828,Milk,3
T009828,Chicken,1
T009828,Bread,2
T009829,Eggs,1
T009829,Butter,1
T009829,Milk,2
T009829,Beef,1
T009829,Flour,1
T009829,Bread,1
T009829,Onions,4
T009830,Coffee,1
T009830,Eggs,2
T009830,Tea,2
T009831,Cheese,3
T009831,Eggs,3
T009831,Orange Juice,3
T009831,Pasta,4
T009831,Milk,2
T009831,Chicken,3
T009831,Bread,1
T009831,Onions,4
T009832,Cheese,1
T009832,Eggs,4
T009832,Tea,3
T009832,Yogurt,3
T009832,Rice,1
T009833,Coffee,4
T009833,Cheese,4
T009833,Eggs,1
T009833,Tea,3
T009833,Rice,1
T009833,Milk,2
T009833,Bananas,1
T009833,Tomatoes,4
T009833,Bread,1
T009834,Apples,4
T009834,Eggs,2
T009834,Butter,4
T009834,Pasta,1
T009834,Chicken,2
T009834,Bread,3
T009835,Eggs,4
T009835,Chicken,2
T009835,Beef,3
T009835,Flour,4
T009835,Bananas,3
T009836,Apples,4
T009836,Yogurt,2
T009836,Orange Juice,1
T009836,Pasta,2
T009837,Sugar,2
T009837,Orange Juice,3
T009837,Tea,3
T009837,Rice,4
T009837,Coffee,2
T009837,Bread,1
T009837,Tomatoes,4
T009838,Eggs,2
T009838,Tea,2
T009838,Flour,1
T009838,Bread,3
T009838,Onions,1
T009839,Sugar,3
T009839,Eggs,3
T009839,Butter,2
T009839,Tea,4
T009839,Milk,1
T009839,Coffee,3
T009839,Bread,2
T009840,Cheese,2
T009840,Tea,1
T009840,Rice,1
T009840,Milk,3
T009840,Chicken,1
T009840,Flour,1
T009840,Bread,3
T009841,Apples,1
T009841,Sugar,2
T009841,Eggs,2
T009841,Butter,2
T009841,Milk,4
T009841,Flour,3
T009841,Bananas,2
T009841,Bread,3
T009841,Onions,2
T009842,Chicken,3
T009842,Tea,4
T009843,Tea,1
T009844,Coffee,4
T009844,Butter,3
T009844,Rice,2
T009844,Pasta,1
T009844,Milk,2
T009844,Flour,2
T009844,Tomatoes,4
T009844,Onions,1
T009845,Chicken,2
T009845,Cheese,1
T009845,Rice,2
T009845,Flour,1
T009846,Eggs,1
T009846,Bread,2
T009847,Bananas,1
T009847,Eggs,3
T009847,Orange Juice,4
T009847,Tea,4
T009848,Sugar,2
T009848,Eggs,3
T009848,Tea,1
T009848,Rice,1
T009848,Milk,1
T009848,Coffee,3
T009848,Bread,4
T009849,Sugar,3
T009849,Butter,2
T009849,Tea,2
T009849,Yogurt,1
T009849,Chicken,3
T009849,Bread,4
T009849,Onions,3
T009850,Tomatoes,4
T009850,Rice,4
T009851,Apples,3
T009851,Beef,4
T009851,Onions,3
T009852,Cheese,3
T009852,Pasta,2
T009852,Beef,4
T009852,Tomatoes,1
T009852,Onions,3
T009853,Apples,4
T009853,Cheese,1
T009853,Eggs,2
T009853,Orange Juice,2
T009853,Milk,1
T009853,Bananas,3
T009854,Butter,1
T009855,Sugar,4
T009855,Cheese,2
T009855,Butter,3
T009855,Bananas,2
T009855,Bread,4
T009855,Onions,1
T009856,Tomatoes,4
T009856,Sugar,1
T009856,Tea,2
T009857,Chicken,3
T009857,Apples,2
T009858,Sugar,3
T009858,Butter,4
T009858,Cheese,3
T009858,Milk,2
T009859,Apples,3
T009859,Eggs,4
T009859,Tea,1
T009859,Rice,2
T009859,Beef,1
T009860,Apples,4
T009860,Cheese,3
T009860,Beef,3
T009860,Bananas,1
T009860,Coffee,4
T009860,Onions,4
T009861,Beef,1
T009862,Butter,4
T009862,Pasta,3
T009862,Milk,1
T009862,Chicken,2
T009862,Beef,3
T009862,Tomatoes,4
T009862,Bread,2
T009862,Onions,2
T009863,Butter,4
T009863,Eggs,3
T009863,Bread,3
T009863,Milk,2
T009864,Eggs,4
T009864,Bread,2
T009864,Beef,1
T009864,Milk,1
T009865,Apples,1
T009865,Sugar,3
T009865,Tomatoes,1
T009866,Flour,3
T009867,Orange Juice,2
T009867,Onions,4
T009868,Eggs,3
T009868,Orange Juice,3
T009868,Flour,1
T009868,Bananas,3
T009868,Bread,2
T009869,Yogurt,2
T009870,Apples,4
T009870,Sugar,2
T009870,Eggs,1
T009870,Butter,1
T009870,Milk,4
T009870,Beef,2
T009870,Flour,1
T009870,Coffee,1
T009870,Bread,1
T009870,Onions,3
T009871,Beef,1
T009872,Apples,1
T009872,Sugar,2
T009872,Tea,2
T009872,Milk,1
T009872,Coffee,1
T009873,Sugar,2
T009873,Orange Juice,4
T009874,Pasta,1
T009874,Onions,2
T009875,Eggs,4
T009876,Sugar,3
T009876,Butter,2
T009876,Pasta,2
T009876,Chicken,4
T009876,Bread,1
T009877,Sugar,4
T009877,Butter,3
T009877,Tea,4
T009877,Milk,3
T009877,Bananas,2
T009877,Coffee,1
T009877,Bread,1
T009878,Butter,4
T009878,Orange Juice,1
T009879,Eggs,3
T009879,Bread,3
T009879,Milk,3
T009880,Flour,3
T009880,Cheese,4
T009881,Apples,4
T009881,Eggs,2
T009881,Rice,4
T009881,Pasta,1
T009881,Chicken,3
T009881,Milk,4
T009881,Tomatoes,2
T009881,Onions,1
T009882,Sugar,3
T009882,Butter,2
T009882,Tea,4
T009882,Rice,4
T009882,Tomatoes,2
T009883,Cheese,4
T009883,Eggs,4
T009883,Sugar,4
T009883,Yogurt,1
T009883,Milk,4
T009883,Rice,1
T009883,Bananas,3
T009883,Coffee,3
T009884,Sugar,1
T009884,Bread,1
T009884,Tea,2
T009885,Sugar,1
T009885,Onions,3
T009886,Chicken,3
T009886,Tomatoes,3
T009886,Orange Juice,1
T009886,Rice,2
T009887,Coffee,3
T009888,Pasta,3
T009888,Onions,3
T009889,Sugar,4
T009889,Milk,3
T009889,Flour,2
T009889,Bananas,3
T009889,Coffee,2
T009889,Bread,4
T009890,Orange Juice,3
T009890,Yogurt,2
T009891,Apples,1
T009891,Cheese,4
T009891,Sugar,1
T009891,Butter,1
T009891,Eggs,1
T009891,Milk,1
T009891,Beef,3
T009891,Coffee,2
T009891,Bread,2
T009891,Tomatoes,4
T009891,Onions,2
T009892,Chicken,3
T009892,Butter,1
T009892,Eggs,1
T009892,Bread,2
T009893,Cheese,4
T009893,Sugar,4
T009893,Butter,3
T009893,Tea,4
T009893,Flour,4
T009894,Sugar,3
T009894,Rice,2
T009894,Milk,4
T009894,Coffee,3
T009894,Tomatoes,2
T009894,Onions,2
T009895,Sugar,3
T009895,Butter,2
T009895,Tea,3
T009895,Flour,3
T009895,Tomatoes,4
T009895,Onions,1
T009896,Apples,4
T009896,Coffee,3
T009896,Orange Juice,3
T009896,Yogurt,1
T009896,Tomatoes,1
T009896,Onions,4
T009897,Cheese,2
T009897,Sugar,4
T009897,Butter,1
T009897,Tea,3
T009897,Milk,3
T009897,Coffee,2
T009898,Eggs,3
T009898,Butter,2
T009898,Yogurt,1
T009898,Milk,3
T009898,Coffee,4
T009898,Bread,2
T009899,Eggs,1
T009899,Butter,2
T009899,Pasta,4
T009899,Chicken,3
T009899,Beef,1
T009899,Bananas,1
T009899,Bread,3
T009900,Flour,2
T009900,Orange Juice,3
T009900,Yogurt,3
T009900,Tea,1
T009901,Apples,1
T009901,Sugar,4
T009901,Cheese,2
T009901,Rice,2
T009901,Chicken,4
T009902,Apples,4
T009902,Sugar,3
T009902,Eggs,1
T009902,Coffee,1
T009902,Bread,2
T009903,Eggs,2
T009903,Tea,2
T009903,Pasta,2
T009903,Milk,4
T009903,Flour,3
T009903,Bread,2
T009903,Onions,4
T009904,Eggs,2
T009904,Butter,3
T009904,Orange Juice,1
T009904,Rice,1
T009904,Chicken,4
T009904,Beef,4
T009904,Flour,1
T009904,Tomatoes,3
T009904,Bread,1
T009905,Sugar,1
T009905,Tea,1
T009905,Rice,2
T009905,Beef,1
T009905,Flour,2
T009905,Bananas,3
T009905,Coffee,1
T009906,Orange Juice,2
T009906,Yogurt,3
T009906,Rice,3
T009906,Beef,2
T009906,Tomatoes,2
T009906,Onions,1
T009907,Apples,2
T009907,Sugar,1
T009907,Butter,1
T009907,Yogurt,1
T009907,Beef,2
T009908,Tomatoes,4
T009908,Yogurt,2
T009908,Tea,3
T009909,Bananas,1
T009909,Tomatoes,1
T009909,Yogurt,2
T009909,Beef,2
T009910,Sugar,3
T009910,Cheese,4
T009910,Rice,2
T009910,Bananas,3
T009910,Tomatoes,1
T009910,Bread,1
T009911,Onions,2
T009912,Flour,1
T009912,Eggs,1
T009913,Sugar,4
T009914,Sugar,2
T009914,Eggs,4
T009914,Tea,4
T009915,Apples,3
T009915,Sugar,2
T009915,Eggs,3
T009915,Tea,4
T009915,Pasta,4
T009915,Milk,3
T009915,Flour,2
T009915,Tomatoes,3
T009915,Bread,4
T009915,Onions,1
T009916,Sugar,2
T009916,Cheese,1
T009916,Rice,4
T009916,Chicken,4
T009916,Flour,3
T009916,Bananas,2
T009916,Tomatoes,4
T009917,Sugar,3
T009917,Eggs,1
T009917,Tea,4
T009917,Bananas,2
T009917,Tomatoes,2
T009917,Onions,3
T009918,Apples,3
T009918,Orange Juice,2
T009918,Flour,3
T009918,Tomatoes,3
T009918,Onions,3
T009919,Cheese,1
T009919,Eggs,1
T009919,Butter,4
T009919,Beef,4
T009919,Bread,1
T009920,Apples,3
T009920,Sugar,3
T009920,Pasta,3
T009920,Milk,3
T009920,Chicken,3
T009920,Flour,2
T009920,Coffee,3
T009920,Tomatoes,4
T009920,Onions,3
T009921,Coffee,4
T009921,Sugar,2
T009922,Butter,4
T009922,Milk,2
T009922,Bananas,1
T009922,Tomatoes,4
T009922,Bread,4
T009923,Rice,2
T009923,Pasta,1
T009923,Onions,2
T009924,Sugar,4
T009924,Tea,4
T009924,Yogurt,4
T009924,Beef,1
T009924,Bananas,2
T009924,Coffee,4
T009924,Tomatoes,2
T009925,Cheese,2
T009926,Tomatoes,4
T009927,Eggs,3
T009927,Orange Juice,2
T009927,Tea,2
T009927,Pasta,1
T009927,Milk,4
T009927,Tomatoes,4
T009928,Chicken,3
T009928,Yogurt,4
T009929,Cheese,1
T009929,Eggs,2
T009929,Rice,1
T009929,Yogurt,4
T009929,Pasta,2
T009929,Bananas,2
T009929,Onions,4
T009930,Cheese,2
T009930,Butter,3
T009930,Tea,1
T009930,Milk,2
T009930,Chicken,3
T009930,Flour,2
T009930,Coffee,4
T009931,Apples,2
T009931,Eggs,3
T009931,Yogurt,4
T009931,Chicken,1
T009931,Beef,3
T009931,Bananas,4
T009931,Onions,3
T009932,Sugar,1
T009932,Pasta,3
T009932,Milk,3
T009932,Beef,1
T009932,Coffee,4
T009932,Tomatoes,1
T009933,Sugar,1
T009933,Eggs,2
T009933,Cheese,2
T009933,Orange Juice,2
T009933,Yogurt,2
T009933,Tomatoes,1
T009934,Cheese,4
T009934,Eggs,2
T009934,Pasta,4
T009934,Chicken,3
T009934,Flour,2
T009934,Bananas,2
T009934,Tomatoes,1
T009934,Onions,3
T009935,Sugar,4
T009935,Eggs,2
T009935,Butter,4
T009935,Orange Juice,3
T009935,Rice,2
T009935,Pasta,1
T009935,Bread,4
T009935,Onions,2
T009936,Chicken,3
T009937,Cheese,4
T009937,Sugar,1
T009937,Eggs,1
T009937,Yogurt,1
T009937,Rice,1
T009937,Milk,2
T009937,Coffee,1
T009937,Onions,3
T009938,Eggs,1
T009938,Butter,4
T009938,Milk,3
T009938,Chicken,3
T009938,Beef,3
T009938,Flour,4
T009938,Bread,4
T009938,Onions,1
T009939,Rice,3
T009940,Apples,1
T009940,Eggs,2
T009940,Rice,1
T009940,Beef,3
T009940,Tomatoes,4
T009941,Flour,2
T009941,Sugar,3
T009941,Tomatoes,2
T009941,Pasta,1
T009942,Bananas,3
T009942,Eggs,4
T009942,Bread,1
T009943,Sugar,1
T009943,Eggs,1
T009943,Milk,1
T009943,Chicken,1
T009943,Bananas,3
T009943,Coffee,4
T009943,Bread,3
T009944,Apples,1
T009944,Eggs,4
T009944,Butter,3
T009944,Milk,4
T009944,Bananas,1
T009945,Butter,3
T009945,Eggs,3
T009945,Bread,4
T009946,Apples,4
T009946,Butter,3
T009946,Tea,1
T009946,Yogurt,1
T009946,Milk,4
T009946,Coffee,2
T009946,Onions,3
T009947,Cheese,2
T009947,Butter,1
T009947,Orange Juice,1
T009947,Bananas,3
T009947,Onions,2
T009948,Eggs,4
T009948,Butter,2
T009948,Rice,1
T009948,Pasta,1
T009948,Milk,1
T009948,Beef,1
T009949,Onions,2
T009949,Pasta,3
T009949,Tea,2
T009950,Bananas,1
T009950,Tomatoes,1
T009951,Sugar,1
T009951,Butter,1
T009951,Orange Juice,4
T009951,Yogurt,3
T009951,Pasta,4
T009951,Tomatoes,2
T009952,Orange Juice,3
T009952,Rice,3
T009952,Tea,3
T009953,Apples,2
T009953,Sugar,4
T009953,Eggs,1
T009953,Milk,3
T009953,Beef,3
T009953,Coffee,1
T009954,Eggs,3
T009954,Butter,4
T009954,Yogurt,4
T009954,Milk,3
T009954,Chicken,3
T009954,Flour,2
T009954,Bread,2
T009954,Onions,4
T009955,Apples,4
T009955,Cheese,3
T009955,Eggs,1
T009955,Tea,4
T009956,Apples,4
T009956,Sugar,2
T009956,Eggs,2
T009956,Yogurt,2
T009956,Beef,2
T009956,Coffee,1
T009957,Orange Juice,1
T009957,Pasta,2
T009957,Chicken,2
T009957,Beef,1
T009957,Tomatoes,4
T009957,Onions,3
T009958,Rice,2
T009959,Beef,2
T009959,Tomatoes,2
T009959,Orange Juice,3
T009959,Rice,3
T009960,Apples,2
T009961,Sugar,1
T009962,Tomatoes,3
T009963,Sugar,4
T009963,Eggs,2
T009963,Bananas,1
T009963,Coffee,4
T009963,Tomatoes,1
T009963,Onions,4
T009964,Apples,1
T009964,Eggs,4
T009965,Cheese,2
T009965,Butter,3
T009965,Bread,3
T009966,Sugar,4
T009966,Yogurt,2
T009966,Rice,1
T009966,Chicken,4
T009966,Beef,1
T009966,Flour,4
T009966,Bananas,2
T009967,Cheese,3
T009967,Eggs,3
T009967,Butter,3
T009967,Rice,4
T009967,Beef,1
T009967,Coffee,4
T009967,Bread,1
T009968,Orange Juice,1
T009968,Beef,3
T009969,Sugar,3
T009969,Eggs,3
T009969,Butter,4
T009969,Orange Juice,4
T009969,Flour,3
T009969,Onions,4
T009970,Eggs,4
T009970,Bread,1
T009971,Sugar,1
T009971,Eggs,2
T009971,Tea,4
T009971,Yogurt,3
T009971,Beef,4
T009971,Tomatoes,2
T009971,Bread,4
T009972,Eggs,1
T009972,Butter,4
T009972,Orange Juice,4
T009972,Tea,2
T009972,Yogurt,4
T009972,Milk,4
T009972,Tomatoes,4
T009972,Bread,2
T009973,Cheese,2
T009973,Butter,3
T009973,Yogurt,2
T009974,Rice,1
T009975,Sugar,2
T009975,Eggs,3
T009975,Pasta,2
T009975,Milk,3
T009975,Tomatoes,3
T009975,Bread,2
T009975,Onions,2
T009976,Tomatoes,2
T009976,Bread,4
T009976,Beef,4
T009977,Apples,1
T009978,Eggs,1
T009979,Cheese,1
T009979,Orange Juice,4
T009979,Flour,2
T009979,Bananas,4
T009979,Tomatoes,1
T009980,Tomatoes,2
T009980,Orange Juice,2
T009981,Tomatoes,2
T009981,Pasta,1
T009982,Cheese,1
T009982,Sugar,2
T009982,Tea,2
T009982,Rice,3
T009982,Bananas,1
T009982,Coffee,1
T009982,Onions,3
T009983,Apples,4
T009983,Sugar,1
T009983,Butter,1
T009983,Bananas,2
T009983,Coffee,1
T009983,Bread,1
T009983,Onions,3
T009984,Butter,4
T009984,Pasta,2
T009984,Tomatoes,1
T009984,Bread,2
T009984,Onions,4
T009985,Orange Juice,1
T009986,Butter,1
T009986,Eggs,2
T009986,Bread,2
T009987,Sugar,4
T009987,Eggs,1
T009987,Rice,2
T009987,Flour,4
T009987,Coffee,3
T009987,Onions,2
T009988,Apples,1
T009988,Rice,3
T009988,Beef,2
T009989,Eggs,1
T009989,Bread,4
T009989,Yogurt,1
T009989,Milk,2
T009990,Flour,2
T009990,Tomatoes,2
T009990,Beef,4
T009990,Onions,4
T009991,Eggs,4
T009991,Butter,2
T009991,Orange Juice,3
T009991,Milk,2
T009991,Coffee,4
T009991,Bread,3
T009992,Sugar,3
T009992,Cheese,1
T009992,Tea,3
T009992,Chicken,3
T009992,Bananas,2
T009992,Tomatoes,2
T009992,Onions,2
T009993,Sugar,1
T009993,Butter,1
T009993,Tea,3
T009994,Cheese,2
T009994,Sugar,3
T009994,Tea,2
T009994,Yogurt,4
T009994,Coffee,1
T009995,Beef,1
T009996,Sugar,2
T009996,Eggs,4
T009996,Orange Juice,2
T009996,Milk,4
T009996,Beef,2
T009996,Bread,4
T009997,Apples,4
T009997,Sugar,3
T009997,Eggs,3
T009997,Beef,1
T009997,Bread,4
T009998,Eggs,3
T009998,Butter,1
T009998,Orange Juice,1
T009998,Milk,4
T009998,Chicken,3
T009998,Flour,2
T009998,Coffee,4
T009998,Bread,2
T009998,Tomatoes,1
T009999,Bananas,3
T009999,Milk,2
T009999,Butter,3
T009999,Tea,3
